# vtk DataFile Version 2.0
power statistics in cartesians Number_Parameters=  6    1    0   -3    3    1    1                                                                                                                                                                              
ASCII
           
DATASET UNSTRUCTURED_GRID
POINTS        884 float
  3311.7937       28.901587      -1083.1600    
  3317.2737       28.949408      -1076.4867    
  3322.7534       28.997229      -1069.8134    
  3328.2332       29.045053      -1063.1400    
  3336.2595       29.115095      -1054.9834    
  3344.2859       29.185141      -1046.8267    
  3352.3125       29.255188      -1038.6699    
  3359.2419       29.315662      -1031.5133    
  3366.1719       29.376139      -1024.3567    
  3373.1016       29.436611      -1017.2000    
  3389.7876       29.582228      -998.10663    
  3406.4736       29.727844      -979.01331    
  3423.1597       29.873463      -959.91998    
  3431.1560       29.943245      -950.71002    
  3439.1526       30.013029      -941.50000    
  3447.1487       30.082811      -932.29004    
  3462.8315       30.219673      -912.14667    
  3478.5142       30.356533      -892.00336    
  3494.1968       30.493393      -871.86005    
  3501.6868       30.558758      -862.18665    
  3509.1765       30.624117      -852.51331    
  3516.6660       30.689480      -842.84003    
  3530.7688       30.812551      -822.40997    
  3544.8718       30.935627      -801.98004    
  3558.9746       31.058699      -781.54999    
  3566.1143       31.121008      -771.08337    
  3573.2539       31.183313      -760.61664    
  3580.3936       31.245621      -750.15002    
  3593.3066       31.358313      -729.03003    
  3606.2192       31.470999      -707.90997    
  3619.1323       31.583689      -686.78998    
  3625.7185       31.641167      -675.82666    
  3632.3052       31.698648      -664.86334    
  3638.8914       31.756124      -653.90002    
  3650.4275       31.856798      -631.82996    
  3661.9639       31.957474      -609.76001    
  3673.5000       32.058151      -587.69000    
  3678.2734       32.099804      -578.75336    
  3683.0466       32.141457      -569.81665    
  3687.8196       32.183113      -560.88000    
  3699.2656       32.283005      -535.57330    
  3710.7119       32.382893      -510.26666    
  3722.1584       32.482784      -484.95999    
  3726.3816       32.519638      -475.84000    
  3730.6047       32.556492      -466.72000    
  3734.8279       32.593346      -457.60001    
  3747.1790       32.701134      -425.69333    
  3759.5303       32.808922      -393.78668    
  3771.8816       32.916710      -361.88000    
  3782.0662       33.005592      -330.98666    
  3792.2507       33.094471      -300.09332    
  3802.4353       33.183350      -269.20001    
  3805.1816       33.207321      -260.99332    
  3807.9282       33.231289      -252.78667    
  3810.6748       33.255257      -244.58000    
  3819.2263       33.329884      -211.85001    
  3827.7776       33.404507      -179.12001    
  3836.3289       33.479134      -146.39000    
  3843.0103       33.537445      -114.51000    
  3849.6917       33.595749      -82.629997    
  3856.3730       33.654057      -50.750000    
  3858.2231       33.670200      -41.923332    
  3860.0728       33.686348      -33.096668    
  3861.9231       33.702492      -24.270000    
  3866.8228       33.745251       10.048333    
  3871.7227       33.788010       44.366665    
  3876.6226       33.830769       78.684998    
  3879.9656       33.859947       114.54833    
  3883.3088       33.889122       150.41167    
  3886.6521       33.918301       186.27501    
  3888.0354       33.930370       224.82333    
  3889.4187       33.942444       263.37167    
  3890.8020       33.954514       301.91998    
  3889.9902       33.947430       340.33002    
  3889.1785       33.940346       378.74002    
  3888.3669       33.933262       417.14999    
  3885.4036       33.907406       454.68500    
  3882.4407       33.881546       492.22000    
  3879.4773       33.855682       529.75500    
  3874.4441       33.811760       566.83496    
  3869.4109       33.767838       603.91498    
  3864.3779       33.723915       640.99500    
  3857.1030       33.660427       678.36334    
  3849.8284       33.596943       715.73169    
  3842.5537       33.533459       753.09998    
  3833.3506       33.453144       789.36334    
  3824.1477       33.372829       825.62665    
  3814.9448       33.292519       861.89001    
  3803.6968       33.194359       897.63330    
  3792.4487       33.096199       933.37665    
  3781.2009       32.998039       969.12000    
  3767.8015       32.881107       1004.5134    
  3754.4019       32.764172       1039.9066    
  3741.0024       32.647232       1075.2999    
  3725.6948       32.513649       1109.7083    
  3710.3870       32.380054       1144.1167    
  3695.0793       32.246468       1178.5250    
  3687.0564       32.176453       1194.8800    
  3679.0330       32.106438       1211.2351    
  3671.0103       32.036419       1227.5900    
  3659.7271       31.937958       1263.0200    
  3648.4443       31.839493       1298.4500    
  3637.1614       31.741026       1333.8800    
  3638.7649       31.755018       1358.4800    
  3640.3682       31.769011       1383.0800    
  3641.9714       31.783003       1407.6801    
  3634.9548       31.721771       1414.0634    
  3627.9385       31.660538       1420.4467    
  3620.9221       31.599310       1426.8301    
  3611.8274       31.519938       1435.1033    
  3602.7329       31.440571       1443.3767    
  3593.6382       31.361204       1451.6500    
  3584.5454       31.281851       1459.9233    
  3575.4521       31.202497       1468.1967    
  3566.3591       31.123144       1476.4700    
  3557.2661       31.043793       1484.7434    
  3548.1731       30.964437       1493.0167    
  3539.0803       30.885086       1501.2899    
  3529.9871       30.805731       1509.5634    
  3520.8943       30.726379       1517.8367    
  3511.8013       30.647024       1526.1101    
  3502.7085       30.567673       1534.3816    
  3493.6155       30.488319       1542.6533    
  3484.5222       30.408964       1550.9250    
  3475.4292       30.329611       1559.1967    
  3466.3362       30.250259       1567.4683    
  3457.2434       30.170906       1575.7400    
  3448.1504       30.091555       1584.0133    
  3439.0574       30.012197       1592.2867    
  3429.9644       29.932846       1600.5599    
  3420.8716       29.853493       1608.8333    
  3411.7786       29.774139       1617.1067    
  3402.6855       29.694786       1625.3800    
  3395.6675       29.633541       1631.7633    
  3388.6494       29.572294       1638.1466    
  3381.6311       29.511047       1644.5300    
  3364.8921       29.364965       1664.3933    
  3348.1523       29.218884       1684.2567    
  3331.4133       29.072802       1704.1200    
  3314.8406       28.928173       1715.6533    
  3298.2676       28.783545       1727.1866    
  3281.6951       28.638920       1738.7201    
  3249.8696       28.361183       1764.9900    
  3218.0439       28.083445       1791.2600    
  3186.2188       27.805710       1817.5300    
  3169.6560       27.661169       1829.0599    
  3153.0930       27.516628       1840.5900    
  3136.5305       27.372087       1852.1200    
  3091.3088       26.977444       1862.5500    
  3046.0874       26.582802       1872.9800    
  3000.8657       26.188158       1883.4100    
  2954.0942       25.779989       1903.0767    
  2907.3228       25.371820       1922.7433    
  2860.5510       24.963652       1942.4100    
  2829.2073       24.690117       1951.5950    
  2797.8635       24.416584       1960.7800    
  2766.5195       24.143051       1969.9650    
  2733.9492       23.858814       1974.4567    
  2701.3789       23.574574       1978.9484    
  2668.8083       23.290339       1983.4401    
  2635.5796       23.000355       1982.9634    
  2602.3508       22.710371       1982.4867    
  2569.1223       22.420389       1982.0100    
  2537.0618       22.140602       1976.6600    
  2505.0012       21.860815       1971.3101    
  2472.9409       21.581028       1965.9601    
  2442.3738       21.314272       1955.9701    
  2411.8066       21.047516       1945.9800    
  2381.2395       20.780762       1935.9900    
  2351.7305       20.523241       1921.1816    
  2322.2214       20.265720       1906.3734    
  2292.7126       20.008202       1891.5649    
  2258.0806       19.705971       1868.8033    
  2223.4487       19.403742       1846.0416    
  2188.8167       19.101513       1823.2800    
  2181.0220       19.033489       1812.3400    
  2173.2273       18.965467       1801.3999    
  2165.4324       18.897442       1790.4600    
  2159.8645       18.848852       1779.5000    
  2154.2964       18.800259       1768.5400    
  2148.7280       18.751665       1757.5801    
  2143.1619       18.703089       1746.6201    
  2137.5955       18.654512       1735.6599    
  2132.0288       18.605934       1724.7000    
  2126.4590       18.557327       1713.7383    
  2120.8892       18.508718       1702.7766    
  2115.3196       18.460114       1691.8151    
  2109.7529       18.411533       1680.8550    
  2104.1865       18.362959       1669.8950    
  2098.6201       18.314381       1658.9349    
  2093.0522       18.265789       1647.9750    
  2087.4839       18.217196       1637.0150    
  2081.9155       18.168604       1626.0551    
  2077.2043       18.127485       1616.8717    
  2072.4929       18.086370       1607.6884    
  2067.7812       18.045252       1598.5050    
  2063.3364       18.006464       1587.0449    
  2058.8916       17.967674       1575.5850    
  2054.4468       17.928883       1564.1250    
  2050.0520       17.890532       1552.6433    
  2045.6569       17.852179       1541.1616    
  2041.2623       17.813826       1529.6801    
  2036.8677       17.775475       1518.1984    
  2032.4727       17.737120       1506.7166    
  2028.0779       17.698767       1495.2350    
  2023.6847       17.660427       1483.7550    
  2019.2914       17.622091       1472.2750    
  2014.8983       17.583752       1460.7950    
  2010.5018       17.545383       1449.3116    
  2006.1055       17.507017       1437.8282    
  2001.7087       17.468649       1426.3450    
  1997.3157       17.430309       1414.8650    
  1992.9225       17.391970       1403.3850    
  1988.5293       17.353632       1391.9049    
  1984.1344       17.315279       1380.4233    
  1979.7396       17.276926       1368.9417    
  1975.3447       17.238573       1357.4600    
  1970.6384       17.197500       1345.1666    
  1965.9318       17.156425       1332.8733    
  1961.2253       17.115355       1320.5800    
  1949.5441       17.013414       1301.5583    
  1937.8629       16.911472       1282.5366    
  1926.1816       16.809532       1263.5150    
  1931.5831       16.856670       1253.8667    
  1936.9845       16.903809       1244.2184    
  1942.3860       16.950947       1234.5701    
  1936.9380       16.903402       1205.7683    
  1931.4899       16.855856       1176.9667    
  1926.0417       16.808311       1148.1650    
  1921.0201       16.764490       1115.5533    
  1915.9987       16.720667       1082.9417    
  1910.9773       16.676846       1050.3301    
  1906.3157       16.636166       1017.2467    
  1901.6544       16.595486       984.16333    
  1896.9928       16.554804       951.08002    
  1892.7662       16.517920       917.89502    
  1888.5398       16.481037       884.71002    
  1884.3132       16.444153       851.52502    
  1880.0967       16.407356       818.45667    
  1875.8802       16.370560       785.38837    
  1871.6637       16.333761       752.32001    
  1867.5588       16.297939       719.37170    
  1863.4541       16.262117       686.42334    
  1859.3491       16.226294       653.47498    
  1855.8810       16.196028       620.76996    
  1852.4128       16.165762       588.06500    
  1848.9446       16.135494       555.36005    
  1846.4047       16.113329       522.44995    
  1843.8647       16.091164       489.54001    
  1841.3250       16.068998       456.63000    
  1839.9066       16.056622       423.70334    
  1838.4883       16.044245       390.77667    
  1837.0699       16.031866       357.84998    
  1836.7467       16.029045       324.98666    
  1836.4233       16.026224       292.12335    
  1836.1001       16.023403       259.26001    
  1836.8667       16.030094       226.28333    
  1837.6334       16.036785       193.30667    
  1838.4000       16.043472       160.33000    
  1840.2683       16.059778       127.22500    
  1842.1366       16.076082       94.120003    
  1844.0048       16.092386       61.014999    
  1846.9664       16.118233       28.125000    
  1849.9279       16.144077      -4.7650003    
  1852.8894       16.169920      -37.654999    
  1856.9076       16.204987      -70.166672    
  1860.9259       16.240055      -102.67834    
  1864.9440       16.275120      -135.19000    
  1870.0771       16.319916      -167.84000    
  1875.2103       16.364712      -200.48999    
  1880.3433       16.409508      -233.14000    
  1886.5398       16.463583      -265.50000    
  1892.7362       16.517660      -297.85999    
  1898.9327       16.571733      -330.22000    
  1906.2024       16.635176      -362.37332    
  1913.4722       16.698618      -394.52667    
  1920.7418       16.762058      -426.67999    
  1929.0366       16.834448      -458.43500    
  1937.3312       16.906834      -490.19000    
  1945.6260       16.979221      -521.94501    
  1952.1073       17.035782      -553.53833    
  1958.5887       17.092346      -585.13165    
  1965.0701       17.148909      -616.72504    
  1963.9386       17.139032      -630.33667    
  1962.8069       17.129156      -643.94830    
  1961.6753       17.119282      -657.56000    
  1977.4613       17.257044      -699.70331    
  1993.2474       17.394808      -741.84668    
  2009.0334       17.532570      -783.99005    
  2012.8551       17.565920      -793.21667    
  2016.6766       17.599270      -802.44330    
  2020.4980       17.632620      -811.66998    
  2025.2030       17.673677      -823.02832    
  2029.9077       17.714735      -834.38666    
  2034.6124       17.755793      -845.74506    
  2039.3174       17.796854      -857.10333    
  2044.0223       17.837912      -868.46167    
  2048.7271       17.878969      -879.82001    
  2053.4302       17.920013      -891.17664    
  2058.1331       17.961058      -902.53333    
  2062.8367       18.002102      -913.89001    
  2067.5413       18.043159      -925.25000    
  2072.2461       18.084217      -936.60999    
  2076.9507       18.125275      -947.96997    
  2081.6558       18.166334      -959.32666    
  2086.3606       18.207394      -970.68335    
  2091.0654       18.248451      -982.03998    
  2095.7834       18.289625      -993.42834    
  2100.5017       18.330799      -1004.8167    
  2105.2197       18.371975      -1016.2050    
  2109.9363       18.413134      -1027.5934    
  2114.6526       18.454294      -1038.9817    
  2119.3696       18.495457      -1050.3700    
  2124.0742       18.536514      -1061.7284    
  2128.7791       18.577572      -1073.0867    
  2133.4836       18.618629      -1084.4449    
  2138.1870       18.659674      -1095.8033    
  2142.8901       18.700718      -1107.1616    
  2147.5933       18.741762      -1118.5200    
  2152.2979       18.782820      -1129.8766    
  2157.0029       18.823879      -1141.2333    
  2161.7075       18.864935      -1152.5901    
  2166.4126       18.905996      -1163.9500    
  2171.1172       18.947054      -1175.3101    
  2175.8220       18.988111      -1186.6699    
  2180.5254       19.029156      -1198.0266    
  2185.2283       19.070198      -1209.3834    
  2189.9316       19.111244      -1220.7400    
  2193.7566       19.144623      -1229.9667    
  2197.5813       19.178001      -1239.1934    
  2201.4060       19.211380      -1248.4200    
  2182.4534       19.045982      -1257.2600    
  2163.5007       18.880585      -1266.1001    
  2144.5481       18.715189      -1274.9401    
  2194.5134       19.151226      -1291.5033    
  2244.4780       19.587261      -1308.0668    
  2294.4426       20.023298      -1324.6300    
  2316.2417       20.213535      -1327.8967    
  2338.0410       20.403774      -1331.1633    
  2359.8401       20.594013      -1334.4299    
  2371.9263       20.699488      -1347.3634    
  2384.0125       20.804962      -1360.2968    
  2396.0986       20.910437      -1373.2300    
  2401.0486       20.953632      -1387.4500    
  2405.9985       20.996830      -1401.6699    
  2410.9482       21.040026      -1415.8900    
  2411.4634       21.044521      -1434.8134    
  2411.9783       21.049015      -1453.7367    
  2412.4932       21.053509      -1472.6599    
  2409.2363       21.025087      -1485.2433    
  2405.9802       20.996670      -1497.8267    
  2402.7236       20.968250      -1510.4099    
  2408.5149       21.018791      -1540.6818    
  2414.3064       21.069332      -1570.9534    
  2420.0979       21.119873      -1601.2250    
  2419.2148       21.112165      -1617.3051    
  2418.3313       21.104456      -1633.3849    
  2417.4480       21.096748      -1649.4650    
  2413.5115       21.062395      -1662.8799    
  2409.5750       21.028042      -1676.2950    
  2405.6384       20.993689      -1689.7100    
  2375.3896       20.729710      -1706.0400    
  2345.1406       20.465733      -1722.3700    
  2314.8918       20.201756      -1738.7001    
  2331.1929       20.344011      -1738.0901    
  2347.4939       20.486269      -1737.4801    
  2363.7949       20.628525      -1736.8700    
  2388.1108       20.840727      -1728.4667    
  2412.4265       21.052927      -1720.0634    
  2436.7422       21.265127      -1711.6600    
  2465.8428       21.519083      -1709.4066    
  2494.9434       21.773041      -1707.1533    
  2524.0437       22.026995      -1704.9000    
  2534.6750       22.119776      -1685.4283    
  2545.3062       22.212551      -1665.9567    
  2555.9377       22.305330      -1646.4850    
  2561.8958       22.357327      -1631.5900    
  2567.8540       22.409321      -1616.6951    
  2573.8120       22.461317      -1601.7999    
  2593.6213       22.634190      -1607.3717    
  2613.4304       22.807062      -1612.9432    
  2633.2395       22.979935      -1618.5150    
  2653.4822       23.156590      -1624.6283    
  2673.7249       23.333244      -1630.7417    
  2693.9675       23.509897      -1636.8550    
  2714.2100       23.686550      -1643.1350    
  2734.4524       23.863205      -1649.4150    
  2754.6951       24.039862      -1655.6949    
  2774.6643       24.214128      -1661.1400    
  2794.6335       24.388397      -1666.5850    
  2814.6025       24.562666      -1672.0300    
  2812.8528       24.547394      -1684.5967    
  2811.1028       24.532122      -1697.1633    
  2809.3528       24.516851      -1709.7300    
  2828.7808       24.686394      -1711.0867    
  2848.2083       24.855936      -1712.4434    
  2867.6357       25.025478      -1713.7999    
  2894.0132       25.255669      -1723.7567    
  2920.3906       25.485863      -1733.7134    
  2946.7678       25.716053      -1743.6700    
  2960.1338       25.832695      -1744.4299    
  2973.5000       25.949343      -1745.1901    
  2986.8662       26.065987      -1745.9500    
  2957.1008       25.806229      -1724.7434    
  2927.3350       25.546467      -1703.5366    
  2897.5696       25.286709      -1682.3300    
  2892.3398       25.241068      -1662.4934    
  2887.1101       25.195427      -1642.6567    
  2881.8804       25.149786      -1622.8201    
  2881.7603       25.148741      -1612.4133    
  2881.6404       25.147696      -1602.0067    
  2881.5203       25.146646      -1591.6000    
  2885.3701       25.180243      -1558.4634    
  2889.2200       25.213839      -1525.3267    
  2893.0698       25.247437      -1492.1901    
  2891.2383       25.231455      -1470.2600    
  2889.4067       25.215469      -1448.3301    
  2887.5752       25.199486      -1426.3999    
  2894.0415       25.255917      -1412.4368    
  2900.5078       25.312349      -1398.4734    
  2906.9744       25.368780      -1384.5100    
  2925.7720       25.532825      -1367.9432    
  2944.5696       25.696869      -1351.3767    
  2963.3672       25.860912      -1334.8101    
  2978.7898       25.995506      -1334.8101    
  2994.2126       26.130096      -1334.8101    
  3009.6353       26.264690      -1334.8101    
  3026.4016       26.411005      -1322.4633    
  3043.1672       26.557320      -1310.1167    
  3059.9333       26.703636      -1297.7700    
  3105.9634       27.105331      -1269.0049    
  3151.9934       27.507029      -1240.2400    
  3198.0232       27.908726      -1211.4750    
  3234.0867       28.223448      -1210.6200    
  3270.1506       28.538172      -1209.7650    
  3306.2141       28.852894      -1208.9100    
  3298.4844       28.785437      -1180.7367    
  3290.7546       28.717979      -1152.5634    
  3283.0251       28.650524      -1124.3900    
  3292.6147       28.734213      -1110.6467    
  3302.2043       28.817900      -1096.9033    
  3311.7937       28.901587      -1083.1600    
  3311.7937      -28.901587      -1083.1600    
  3317.2737      -28.949408      -1076.4867    
  3322.7534      -28.997229      -1069.8134    
  3328.2332      -29.045053      -1063.1400    
  3336.2595      -29.115095      -1054.9834    
  3344.2859      -29.185141      -1046.8267    
  3352.3125      -29.255188      -1038.6699    
  3359.2419      -29.315662      -1031.5133    
  3366.1719      -29.376139      -1024.3567    
  3373.1016      -29.436611      -1017.2000    
  3389.7876      -29.582228      -998.10663    
  3406.4736      -29.727844      -979.01331    
  3423.1597      -29.873463      -959.91998    
  3431.1560      -29.943245      -950.71002    
  3439.1526      -30.013029      -941.50000    
  3447.1487      -30.082811      -932.29004    
  3462.8315      -30.219673      -912.14667    
  3478.5142      -30.356533      -892.00336    
  3494.1968      -30.493393      -871.86005    
  3501.6868      -30.558758      -862.18665    
  3509.1765      -30.624117      -852.51331    
  3516.6660      -30.689480      -842.84003    
  3530.7688      -30.812551      -822.40997    
  3544.8718      -30.935627      -801.98004    
  3558.9746      -31.058699      -781.54999    
  3566.1143      -31.121008      -771.08337    
  3573.2539      -31.183313      -760.61664    
  3580.3936      -31.245621      -750.15002    
  3593.3066      -31.358313      -729.03003    
  3606.2192      -31.470999      -707.90997    
  3619.1323      -31.583689      -686.78998    
  3625.7185      -31.641167      -675.82666    
  3632.3052      -31.698648      -664.86334    
  3638.8914      -31.756124      -653.90002    
  3650.4275      -31.856798      -631.82996    
  3661.9639      -31.957474      -609.76001    
  3673.5000      -32.058151      -587.69000    
  3678.2734      -32.099804      -578.75336    
  3683.0466      -32.141457      -569.81665    
  3687.8196      -32.183113      -560.88000    
  3699.2656      -32.283005      -535.57330    
  3710.7119      -32.382893      -510.26666    
  3722.1584      -32.482784      -484.95999    
  3726.3816      -32.519638      -475.84000    
  3730.6047      -32.556492      -466.72000    
  3734.8279      -32.593346      -457.60001    
  3747.1790      -32.701134      -425.69333    
  3759.5303      -32.808922      -393.78668    
  3771.8816      -32.916710      -361.88000    
  3782.0662      -33.005592      -330.98666    
  3792.2507      -33.094471      -300.09332    
  3802.4353      -33.183350      -269.20001    
  3805.1816      -33.207321      -260.99332    
  3807.9282      -33.231289      -252.78667    
  3810.6748      -33.255257      -244.58000    
  3819.2263      -33.329884      -211.85001    
  3827.7776      -33.404507      -179.12001    
  3836.3289      -33.479134      -146.39000    
  3843.0103      -33.537445      -114.51000    
  3849.6917      -33.595749      -82.629997    
  3856.3730      -33.654057      -50.750000    
  3858.2231      -33.670200      -41.923332    
  3860.0728      -33.686348      -33.096668    
  3861.9231      -33.702492      -24.270000    
  3866.8228      -33.745251       10.048333    
  3871.7227      -33.788010       44.366665    
  3876.6226      -33.830769       78.684998    
  3879.9656      -33.859947       114.54833    
  3883.3088      -33.889122       150.41167    
  3886.6521      -33.918301       186.27501    
  3888.0354      -33.930370       224.82333    
  3889.4187      -33.942444       263.37167    
  3890.8020      -33.954514       301.91998    
  3889.9902      -33.947430       340.33002    
  3889.1785      -33.940346       378.74002    
  3888.3669      -33.933262       417.14999    
  3885.4036      -33.907406       454.68500    
  3882.4407      -33.881546       492.22000    
  3879.4773      -33.855682       529.75500    
  3874.4441      -33.811760       566.83496    
  3869.4109      -33.767838       603.91498    
  3864.3779      -33.723915       640.99500    
  3857.1030      -33.660427       678.36334    
  3849.8284      -33.596943       715.73169    
  3842.5537      -33.533459       753.09998    
  3833.3506      -33.453144       789.36334    
  3824.1477      -33.372829       825.62665    
  3814.9448      -33.292519       861.89001    
  3803.6968      -33.194359       897.63330    
  3792.4487      -33.096199       933.37665    
  3781.2009      -32.998039       969.12000    
  3767.8015      -32.881107       1004.5134    
  3754.4019      -32.764172       1039.9066    
  3741.0024      -32.647232       1075.2999    
  3725.6948      -32.513649       1109.7083    
  3710.3870      -32.380054       1144.1167    
  3695.0793      -32.246468       1178.5250    
  3687.0564      -32.176453       1194.8800    
  3679.0330      -32.106438       1211.2351    
  3671.0103      -32.036419       1227.5900    
  3659.7271      -31.937958       1263.0200    
  3648.4443      -31.839493       1298.4500    
  3637.1614      -31.741026       1333.8800    
  3638.7649      -31.755018       1358.4800    
  3640.3682      -31.769011       1383.0800    
  3641.9714      -31.783003       1407.6801    
  3634.9548      -31.721771       1414.0634    
  3627.9385      -31.660538       1420.4467    
  3620.9221      -31.599310       1426.8301    
  3611.8274      -31.519938       1435.1033    
  3602.7329      -31.440571       1443.3767    
  3593.6382      -31.361204       1451.6500    
  3584.5454      -31.281851       1459.9233    
  3575.4521      -31.202497       1468.1967    
  3566.3591      -31.123144       1476.4700    
  3557.2661      -31.043793       1484.7434    
  3548.1731      -30.964437       1493.0167    
  3539.0803      -30.885086       1501.2899    
  3529.9871      -30.805731       1509.5634    
  3520.8943      -30.726379       1517.8367    
  3511.8013      -30.647024       1526.1101    
  3502.7085      -30.567673       1534.3816    
  3493.6155      -30.488319       1542.6533    
  3484.5222      -30.408964       1550.9250    
  3475.4292      -30.329611       1559.1967    
  3466.3362      -30.250259       1567.4683    
  3457.2434      -30.170906       1575.7400    
  3448.1504      -30.091555       1584.0133    
  3439.0574      -30.012197       1592.2867    
  3429.9644      -29.932846       1600.5599    
  3420.8716      -29.853493       1608.8333    
  3411.7786      -29.774139       1617.1067    
  3402.6855      -29.694786       1625.3800    
  3395.6675      -29.633541       1631.7633    
  3388.6494      -29.572294       1638.1466    
  3381.6311      -29.511047       1644.5300    
  3364.8921      -29.364965       1664.3933    
  3348.1523      -29.218884       1684.2567    
  3331.4133      -29.072802       1704.1200    
  3314.8406      -28.928173       1715.6533    
  3298.2676      -28.783545       1727.1866    
  3281.6951      -28.638920       1738.7201    
  3249.8696      -28.361183       1764.9900    
  3218.0439      -28.083445       1791.2600    
  3186.2188      -27.805710       1817.5300    
  3169.6560      -27.661169       1829.0599    
  3153.0930      -27.516628       1840.5900    
  3136.5305      -27.372087       1852.1200    
  3091.3088      -26.977444       1862.5500    
  3046.0874      -26.582802       1872.9800    
  3000.8657      -26.188158       1883.4100    
  2954.0942      -25.779989       1903.0767    
  2907.3228      -25.371820       1922.7433    
  2860.5510      -24.963652       1942.4100    
  2829.2073      -24.690117       1951.5950    
  2797.8635      -24.416584       1960.7800    
  2766.5195      -24.143051       1969.9650    
  2733.9492      -23.858814       1974.4567    
  2701.3789      -23.574574       1978.9484    
  2668.8083      -23.290339       1983.4401    
  2635.5796      -23.000355       1982.9634    
  2602.3508      -22.710371       1982.4867    
  2569.1223      -22.420389       1982.0100    
  2537.0618      -22.140602       1976.6600    
  2505.0012      -21.860815       1971.3101    
  2472.9409      -21.581028       1965.9601    
  2442.3738      -21.314272       1955.9701    
  2411.8066      -21.047516       1945.9800    
  2381.2395      -20.780762       1935.9900    
  2351.7305      -20.523241       1921.1816    
  2322.2214      -20.265720       1906.3734    
  2292.7126      -20.008202       1891.5649    
  2258.0806      -19.705971       1868.8033    
  2223.4487      -19.403742       1846.0416    
  2188.8167      -19.101513       1823.2800    
  2181.0220      -19.033489       1812.3400    
  2173.2273      -18.965467       1801.3999    
  2165.4324      -18.897442       1790.4600    
  2159.8645      -18.848852       1779.5000    
  2154.2964      -18.800259       1768.5400    
  2148.7280      -18.751665       1757.5801    
  2143.1619      -18.703089       1746.6201    
  2137.5955      -18.654512       1735.6599    
  2132.0288      -18.605934       1724.7000    
  2126.4590      -18.557327       1713.7383    
  2120.8892      -18.508718       1702.7766    
  2115.3196      -18.460114       1691.8151    
  2109.7529      -18.411533       1680.8550    
  2104.1865      -18.362959       1669.8950    
  2098.6201      -18.314381       1658.9349    
  2093.0522      -18.265789       1647.9750    
  2087.4839      -18.217196       1637.0150    
  2081.9155      -18.168604       1626.0551    
  2077.2043      -18.127485       1616.8717    
  2072.4929      -18.086370       1607.6884    
  2067.7812      -18.045252       1598.5050    
  2063.3364      -18.006464       1587.0449    
  2058.8916      -17.967674       1575.5850    
  2054.4468      -17.928883       1564.1250    
  2050.0520      -17.890532       1552.6433    
  2045.6569      -17.852179       1541.1616    
  2041.2623      -17.813826       1529.6801    
  2036.8677      -17.775475       1518.1984    
  2032.4727      -17.737120       1506.7166    
  2028.0779      -17.698767       1495.2350    
  2023.6847      -17.660427       1483.7550    
  2019.2914      -17.622091       1472.2750    
  2014.8983      -17.583752       1460.7950    
  2010.5018      -17.545383       1449.3116    
  2006.1055      -17.507017       1437.8282    
  2001.7087      -17.468649       1426.3450    
  1997.3157      -17.430309       1414.8650    
  1992.9225      -17.391970       1403.3850    
  1988.5293      -17.353632       1391.9049    
  1984.1344      -17.315279       1380.4233    
  1979.7396      -17.276926       1368.9417    
  1975.3447      -17.238573       1357.4600    
  1970.6384      -17.197500       1345.1666    
  1965.9318      -17.156425       1332.8733    
  1961.2253      -17.115355       1320.5800    
  1949.5441      -17.013414       1301.5583    
  1937.8629      -16.911472       1282.5366    
  1926.1816      -16.809532       1263.5150    
  1931.5831      -16.856670       1253.8667    
  1936.9845      -16.903809       1244.2184    
  1942.3860      -16.950947       1234.5701    
  1936.9380      -16.903402       1205.7683    
  1931.4899      -16.855856       1176.9667    
  1926.0417      -16.808311       1148.1650    
  1921.0201      -16.764490       1115.5533    
  1915.9987      -16.720667       1082.9417    
  1910.9773      -16.676846       1050.3301    
  1906.3157      -16.636166       1017.2467    
  1901.6544      -16.595486       984.16333    
  1896.9928      -16.554804       951.08002    
  1892.7662      -16.517920       917.89502    
  1888.5398      -16.481037       884.71002    
  1884.3132      -16.444153       851.52502    
  1880.0967      -16.407356       818.45667    
  1875.8802      -16.370560       785.38837    
  1871.6637      -16.333761       752.32001    
  1867.5588      -16.297939       719.37170    
  1863.4541      -16.262117       686.42334    
  1859.3491      -16.226294       653.47498    
  1855.8810      -16.196028       620.76996    
  1852.4128      -16.165762       588.06500    
  1848.9446      -16.135494       555.36005    
  1846.4047      -16.113329       522.44995    
  1843.8647      -16.091164       489.54001    
  1841.3250      -16.068998       456.63000    
  1839.9066      -16.056622       423.70334    
  1838.4883      -16.044245       390.77667    
  1837.0699      -16.031866       357.84998    
  1836.7467      -16.029045       324.98666    
  1836.4233      -16.026224       292.12335    
  1836.1001      -16.023403       259.26001    
  1836.8667      -16.030094       226.28333    
  1837.6334      -16.036785       193.30667    
  1838.4000      -16.043472       160.33000    
  1840.2683      -16.059778       127.22500    
  1842.1366      -16.076082       94.120003    
  1844.0048      -16.092386       61.014999    
  1846.9664      -16.118233       28.125000    
  1849.9279      -16.144077      -4.7650003    
  1852.8894      -16.169920      -37.654999    
  1856.9076      -16.204987      -70.166672    
  1860.9259      -16.240055      -102.67834    
  1864.9440      -16.275120      -135.19000    
  1870.0771      -16.319916      -167.84000    
  1875.2103      -16.364712      -200.48999    
  1880.3433      -16.409508      -233.14000    
  1886.5398      -16.463583      -265.50000    
  1892.7362      -16.517660      -297.85999    
  1898.9327      -16.571733      -330.22000    
  1906.2024      -16.635176      -362.37332    
  1913.4722      -16.698618      -394.52667    
  1920.7418      -16.762058      -426.67999    
  1929.0366      -16.834448      -458.43500    
  1937.3312      -16.906834      -490.19000    
  1945.6260      -16.979221      -521.94501    
  1952.1073      -17.035782      -553.53833    
  1958.5887      -17.092346      -585.13165    
  1965.0701      -17.148909      -616.72504    
  1963.9386      -17.139032      -630.33667    
  1962.8069      -17.129156      -643.94830    
  1961.6753      -17.119282      -657.56000    
  1977.4613      -17.257044      -699.70331    
  1993.2474      -17.394808      -741.84668    
  2009.0334      -17.532570      -783.99005    
  2012.8551      -17.565920      -793.21667    
  2016.6766      -17.599270      -802.44330    
  2020.4980      -17.632620      -811.66998    
  2025.2030      -17.673677      -823.02832    
  2029.9077      -17.714735      -834.38666    
  2034.6124      -17.755793      -845.74506    
  2039.3174      -17.796854      -857.10333    
  2044.0223      -17.837912      -868.46167    
  2048.7271      -17.878969      -879.82001    
  2053.4302      -17.920013      -891.17664    
  2058.1331      -17.961058      -902.53333    
  2062.8367      -18.002102      -913.89001    
  2067.5413      -18.043159      -925.25000    
  2072.2461      -18.084217      -936.60999    
  2076.9507      -18.125275      -947.96997    
  2081.6558      -18.166334      -959.32666    
  2086.3606      -18.207394      -970.68335    
  2091.0654      -18.248451      -982.03998    
  2095.7834      -18.289625      -993.42834    
  2100.5017      -18.330799      -1004.8167    
  2105.2197      -18.371975      -1016.2050    
  2109.9363      -18.413134      -1027.5934    
  2114.6526      -18.454294      -1038.9817    
  2119.3696      -18.495457      -1050.3700    
  2124.0742      -18.536514      -1061.7284    
  2128.7791      -18.577572      -1073.0867    
  2133.4836      -18.618629      -1084.4449    
  2138.1870      -18.659674      -1095.8033    
  2142.8901      -18.700718      -1107.1616    
  2147.5933      -18.741762      -1118.5200    
  2152.2979      -18.782820      -1129.8766    
  2157.0029      -18.823879      -1141.2333    
  2161.7075      -18.864935      -1152.5901    
  2166.4126      -18.905996      -1163.9500    
  2171.1172      -18.947054      -1175.3101    
  2175.8220      -18.988111      -1186.6699    
  2180.5254      -19.029156      -1198.0266    
  2185.2283      -19.070198      -1209.3834    
  2189.9316      -19.111244      -1220.7400    
  2193.7566      -19.144623      -1229.9667    
  2197.5813      -19.178001      -1239.1934    
  2201.4060      -19.211380      -1248.4200    
  2182.4534      -19.045982      -1257.2600    
  2163.5007      -18.880585      -1266.1001    
  2144.5481      -18.715189      -1274.9401    
  2194.5134      -19.151226      -1291.5033    
  2244.4780      -19.587261      -1308.0668    
  2294.4426      -20.023298      -1324.6300    
  2316.2417      -20.213535      -1327.8967    
  2338.0410      -20.403774      -1331.1633    
  2359.8401      -20.594013      -1334.4299    
  2371.9263      -20.699488      -1347.3634    
  2384.0125      -20.804962      -1360.2968    
  2396.0986      -20.910437      -1373.2300    
  2401.0486      -20.953632      -1387.4500    
  2405.9985      -20.996830      -1401.6699    
  2410.9482      -21.040026      -1415.8900    
  2411.4634      -21.044521      -1434.8134    
  2411.9783      -21.049015      -1453.7367    
  2412.4932      -21.053509      -1472.6599    
  2409.2363      -21.025087      -1485.2433    
  2405.9802      -20.996670      -1497.8267    
  2402.7236      -20.968250      -1510.4099    
  2408.5149      -21.018791      -1540.6818    
  2414.3064      -21.069332      -1570.9534    
  2420.0979      -21.119873      -1601.2250    
  2419.2148      -21.112165      -1617.3051    
  2418.3313      -21.104456      -1633.3849    
  2417.4480      -21.096748      -1649.4650    
  2413.5115      -21.062395      -1662.8799    
  2409.5750      -21.028042      -1676.2950    
  2405.6384      -20.993689      -1689.7100    
  2375.3896      -20.729710      -1706.0400    
  2345.1406      -20.465733      -1722.3700    
  2314.8918      -20.201756      -1738.7001    
  2331.1929      -20.344011      -1738.0901    
  2347.4939      -20.486269      -1737.4801    
  2363.7949      -20.628525      -1736.8700    
  2388.1108      -20.840727      -1728.4667    
  2412.4265      -21.052927      -1720.0634    
  2436.7422      -21.265127      -1711.6600    
  2465.8428      -21.519083      -1709.4066    
  2494.9434      -21.773041      -1707.1533    
  2524.0437      -22.026995      -1704.9000    
  2534.6750      -22.119776      -1685.4283    
  2545.3062      -22.212551      -1665.9567    
  2555.9377      -22.305330      -1646.4850    
  2561.8958      -22.357327      -1631.5900    
  2567.8540      -22.409321      -1616.6951    
  2573.8120      -22.461317      -1601.7999    
  2593.6213      -22.634190      -1607.3717    
  2613.4304      -22.807062      -1612.9432    
  2633.2395      -22.979935      -1618.5150    
  2653.4822      -23.156590      -1624.6283    
  2673.7249      -23.333244      -1630.7417    
  2693.9675      -23.509897      -1636.8550    
  2714.2100      -23.686550      -1643.1350    
  2734.4524      -23.863205      -1649.4150    
  2754.6951      -24.039862      -1655.6949    
  2774.6643      -24.214128      -1661.1400    
  2794.6335      -24.388397      -1666.5850    
  2814.6025      -24.562666      -1672.0300    
  2812.8528      -24.547394      -1684.5967    
  2811.1028      -24.532122      -1697.1633    
  2809.3528      -24.516851      -1709.7300    
  2828.7808      -24.686394      -1711.0867    
  2848.2083      -24.855936      -1712.4434    
  2867.6357      -25.025478      -1713.7999    
  2894.0132      -25.255669      -1723.7567    
  2920.3906      -25.485863      -1733.7134    
  2946.7678      -25.716053      -1743.6700    
  2960.1338      -25.832695      -1744.4299    
  2973.5000      -25.949343      -1745.1901    
  2986.8662      -26.065987      -1745.9500    
  2957.1008      -25.806229      -1724.7434    
  2927.3350      -25.546467      -1703.5366    
  2897.5696      -25.286709      -1682.3300    
  2892.3398      -25.241068      -1662.4934    
  2887.1101      -25.195427      -1642.6567    
  2881.8804      -25.149786      -1622.8201    
  2881.7603      -25.148741      -1612.4133    
  2881.6404      -25.147696      -1602.0067    
  2881.5203      -25.146646      -1591.6000    
  2885.3701      -25.180243      -1558.4634    
  2889.2200      -25.213839      -1525.3267    
  2893.0698      -25.247437      -1492.1901    
  2891.2383      -25.231455      -1470.2600    
  2889.4067      -25.215469      -1448.3301    
  2887.5752      -25.199486      -1426.3999    
  2894.0415      -25.255917      -1412.4368    
  2900.5078      -25.312349      -1398.4734    
  2906.9744      -25.368780      -1384.5100    
  2925.7720      -25.532825      -1367.9432    
  2944.5696      -25.696869      -1351.3767    
  2963.3672      -25.860912      -1334.8101    
  2978.7898      -25.995506      -1334.8101    
  2994.2126      -26.130096      -1334.8101    
  3009.6353      -26.264690      -1334.8101    
  3026.4016      -26.411005      -1322.4633    
  3043.1672      -26.557320      -1310.1167    
  3059.9333      -26.703636      -1297.7700    
  3105.9634      -27.105331      -1269.0049    
  3151.9934      -27.507029      -1240.2400    
  3198.0232      -27.908726      -1211.4750    
  3234.0867      -28.223448      -1210.6200    
  3270.1506      -28.538172      -1209.7650    
  3306.2141      -28.852894      -1208.9100    
  3298.4844      -28.785437      -1180.7367    
  3290.7546      -28.717979      -1152.5634    
  3283.0251      -28.650524      -1124.3900    
  3292.6147      -28.734213      -1110.6467    
  3302.2043      -28.817900      -1096.9033    
  3311.7937      -28.901587      -1083.1600    
 
CELLS        441       2205
          4          0          1        443        442
          4          1          2        444        443
          4          2          3        445        444
          4          3          4        446        445
          4          4          5        447        446
          4          5          6        448        447
          4          6          7        449        448
          4          7          8        450        449
          4          8          9        451        450
          4          9         10        452        451
          4         10         11        453        452
          4         11         12        454        453
          4         12         13        455        454
          4         13         14        456        455
          4         14         15        457        456
          4         15         16        458        457
          4         16         17        459        458
          4         17         18        460        459
          4         18         19        461        460
          4         19         20        462        461
          4         20         21        463        462
          4         21         22        464        463
          4         22         23        465        464
          4         23         24        466        465
          4         24         25        467        466
          4         25         26        468        467
          4         26         27        469        468
          4         27         28        470        469
          4         28         29        471        470
          4         29         30        472        471
          4         30         31        473        472
          4         31         32        474        473
          4         32         33        475        474
          4         33         34        476        475
          4         34         35        477        476
          4         35         36        478        477
          4         36         37        479        478
          4         37         38        480        479
          4         38         39        481        480
          4         39         40        482        481
          4         40         41        483        482
          4         41         42        484        483
          4         42         43        485        484
          4         43         44        486        485
          4         44         45        487        486
          4         45         46        488        487
          4         46         47        489        488
          4         47         48        490        489
          4         48         49        491        490
          4         49         50        492        491
          4         50         51        493        492
          4         51         52        494        493
          4         52         53        495        494
          4         53         54        496        495
          4         54         55        497        496
          4         55         56        498        497
          4         56         57        499        498
          4         57         58        500        499
          4         58         59        501        500
          4         59         60        502        501
          4         60         61        503        502
          4         61         62        504        503
          4         62         63        505        504
          4         63         64        506        505
          4         64         65        507        506
          4         65         66        508        507
          4         66         67        509        508
          4         67         68        510        509
          4         68         69        511        510
          4         69         70        512        511
          4         70         71        513        512
          4         71         72        514        513
          4         72         73        515        514
          4         73         74        516        515
          4         74         75        517        516
          4         75         76        518        517
          4         76         77        519        518
          4         77         78        520        519
          4         78         79        521        520
          4         79         80        522        521
          4         80         81        523        522
          4         81         82        524        523
          4         82         83        525        524
          4         83         84        526        525
          4         84         85        527        526
          4         85         86        528        527
          4         86         87        529        528
          4         87         88        530        529
          4         88         89        531        530
          4         89         90        532        531
          4         90         91        533        532
          4         91         92        534        533
          4         92         93        535        534
          4         93         94        536        535
          4         94         95        537        536
          4         95         96        538        537
          4         96         97        539        538
          4         97         98        540        539
          4         98         99        541        540
          4         99        100        542        541
          4        100        101        543        542
          4        101        102        544        543
          4        102        103        545        544
          4        103        104        546        545
          4        104        105        547        546
          4        105        106        548        547
          4        106        107        549        548
          4        107        108        550        549
          4        108        109        551        550
          4        109        110        552        551
          4        110        111        553        552
          4        111        112        554        553
          4        112        113        555        554
          4        113        114        556        555
          4        114        115        557        556
          4        115        116        558        557
          4        116        117        559        558
          4        117        118        560        559
          4        118        119        561        560
          4        119        120        562        561
          4        120        121        563        562
          4        121        122        564        563
          4        122        123        565        564
          4        123        124        566        565
          4        124        125        567        566
          4        125        126        568        567
          4        126        127        569        568
          4        127        128        570        569
          4        128        129        571        570
          4        129        130        572        571
          4        130        131        573        572
          4        131        132        574        573
          4        132        133        575        574
          4        133        134        576        575
          4        134        135        577        576
          4        135        136        578        577
          4        136        137        579        578
          4        137        138        580        579
          4        138        139        581        580
          4        139        140        582        581
          4        140        141        583        582
          4        141        142        584        583
          4        142        143        585        584
          4        143        144        586        585
          4        144        145        587        586
          4        145        146        588        587
          4        146        147        589        588
          4        147        148        590        589
          4        148        149        591        590
          4        149        150        592        591
          4        150        151        593        592
          4        151        152        594        593
          4        152        153        595        594
          4        153        154        596        595
          4        154        155        597        596
          4        155        156        598        597
          4        156        157        599        598
          4        157        158        600        599
          4        158        159        601        600
          4        159        160        602        601
          4        160        161        603        602
          4        161        162        604        603
          4        162        163        605        604
          4        163        164        606        605
          4        164        165        607        606
          4        165        166        608        607
          4        166        167        609        608
          4        167        168        610        609
          4        168        169        611        610
          4        169        170        612        611
          4        170        171        613        612
          4        171        172        614        613
          4        172        173        615        614
          4        173        174        616        615
          4        174        175        617        616
          4        175        176        618        617
          4        176        177        619        618
          4        177        178        620        619
          4        178        179        621        620
          4        179        180        622        621
          4        180        181        623        622
          4        181        182        624        623
          4        182        183        625        624
          4        183        184        626        625
          4        184        185        627        626
          4        185        186        628        627
          4        186        187        629        628
          4        187        188        630        629
          4        188        189        631        630
          4        189        190        632        631
          4        190        191        633        632
          4        191        192        634        633
          4        192        193        635        634
          4        193        194        636        635
          4        194        195        637        636
          4        195        196        638        637
          4        196        197        639        638
          4        197        198        640        639
          4        198        199        641        640
          4        199        200        642        641
          4        200        201        643        642
          4        201        202        644        643
          4        202        203        645        644
          4        203        204        646        645
          4        204        205        647        646
          4        205        206        648        647
          4        206        207        649        648
          4        207        208        650        649
          4        208        209        651        650
          4        209        210        652        651
          4        210        211        653        652
          4        211        212        654        653
          4        212        213        655        654
          4        213        214        656        655
          4        214        215        657        656
          4        215        216        658        657
          4        216        217        659        658
          4        217        218        660        659
          4        218        219        661        660
          4        219        220        662        661
          4        220        221        663        662
          4        221        222        664        663
          4        222        223        665        664
          4        223        224        666        665
          4        224        225        667        666
          4        225        226        668        667
          4        226        227        669        668
          4        227        228        670        669
          4        228        229        671        670
          4        229        230        672        671
          4        230        231        673        672
          4        231        232        674        673
          4        232        233        675        674
          4        233        234        676        675
          4        234        235        677        676
          4        235        236        678        677
          4        236        237        679        678
          4        237        238        680        679
          4        238        239        681        680
          4        239        240        682        681
          4        240        241        683        682
          4        241        242        684        683
          4        242        243        685        684
          4        243        244        686        685
          4        244        245        687        686
          4        245        246        688        687
          4        246        247        689        688
          4        247        248        690        689
          4        248        249        691        690
          4        249        250        692        691
          4        250        251        693        692
          4        251        252        694        693
          4        252        253        695        694
          4        253        254        696        695
          4        254        255        697        696
          4        255        256        698        697
          4        256        257        699        698
          4        257        258        700        699
          4        258        259        701        700
          4        259        260        702        701
          4        260        261        703        702
          4        261        262        704        703
          4        262        263        705        704
          4        263        264        706        705
          4        264        265        707        706
          4        265        266        708        707
          4        266        267        709        708
          4        267        268        710        709
          4        268        269        711        710
          4        269        270        712        711
          4        270        271        713        712
          4        271        272        714        713
          4        272        273        715        714
          4        273        274        716        715
          4        274        275        717        716
          4        275        276        718        717
          4        276        277        719        718
          4        277        278        720        719
          4        278        279        721        720
          4        279        280        722        721
          4        280        281        723        722
          4        281        282        724        723
          4        282        283        725        724
          4        283        284        726        725
          4        284        285        727        726
          4        285        286        728        727
          4        286        287        729        728
          4        287        288        730        729
          4        288        289        731        730
          4        289        290        732        731
          4        290        291        733        732
          4        291        292        734        733
          4        292        293        735        734
          4        293        294        736        735
          4        294        295        737        736
          4        295        296        738        737
          4        296        297        739        738
          4        297        298        740        739
          4        298        299        741        740
          4        299        300        742        741
          4        300        301        743        742
          4        301        302        744        743
          4        302        303        745        744
          4        303        304        746        745
          4        304        305        747        746
          4        305        306        748        747
          4        306        307        749        748
          4        307        308        750        749
          4        308        309        751        750
          4        309        310        752        751
          4        310        311        753        752
          4        311        312        754        753
          4        312        313        755        754
          4        313        314        756        755
          4        314        315        757        756
          4        315        316        758        757
          4        316        317        759        758
          4        317        318        760        759
          4        318        319        761        760
          4        319        320        762        761
          4        320        321        763        762
          4        321        322        764        763
          4        322        323        765        764
          4        323        324        766        765
          4        324        325        767        766
          4        325        326        768        767
          4        326        327        769        768
          4        327        328        770        769
          4        328        329        771        770
          4        329        330        772        771
          4        330        331        773        772
          4        331        332        774        773
          4        332        333        775        774
          4        333        334        776        775
          4        334        335        777        776
          4        335        336        778        777
          4        336        337        779        778
          4        337        338        780        779
          4        338        339        781        780
          4        339        340        782        781
          4        340        341        783        782
          4        341        342        784        783
          4        342        343        785        784
          4        343        344        786        785
          4        344        345        787        786
          4        345        346        788        787
          4        346        347        789        788
          4        347        348        790        789
          4        348        349        791        790
          4        349        350        792        791
          4        350        351        793        792
          4        351        352        794        793
          4        352        353        795        794
          4        353        354        796        795
          4        354        355        797        796
          4        355        356        798        797
          4        356        357        799        798
          4        357        358        800        799
          4        358        359        801        800
          4        359        360        802        801
          4        360        361        803        802
          4        361        362        804        803
          4        362        363        805        804
          4        363        364        806        805
          4        364        365        807        806
          4        365        366        808        807
          4        366        367        809        808
          4        367        368        810        809
          4        368        369        811        810
          4        369        370        812        811
          4        370        371        813        812
          4        371        372        814        813
          4        372        373        815        814
          4        373        374        816        815
          4        374        375        817        816
          4        375        376        818        817
          4        376        377        819        818
          4        377        378        820        819
          4        378        379        821        820
          4        379        380        822        821
          4        380        381        823        822
          4        381        382        824        823
          4        382        383        825        824
          4        383        384        826        825
          4        384        385        827        826
          4        385        386        828        827
          4        386        387        829        828
          4        387        388        830        829
          4        388        389        831        830
          4        389        390        832        831
          4        390        391        833        832
          4        391        392        834        833
          4        392        393        835        834
          4        393        394        836        835
          4        394        395        837        836
          4        395        396        838        837
          4        396        397        839        838
          4        397        398        840        839
          4        398        399        841        840
          4        399        400        842        841
          4        400        401        843        842
          4        401        402        844        843
          4        402        403        845        844
          4        403        404        846        845
          4        404        405        847        846
          4        405        406        848        847
          4        406        407        849        848
          4        407        408        850        849
          4        408        409        851        850
          4        409        410        852        851
          4        410        411        853        852
          4        411        412        854        853
          4        412        413        855        854
          4        413        414        856        855
          4        414        415        857        856
          4        415        416        858        857
          4        416        417        859        858
          4        417        418        860        859
          4        418        419        861        860
          4        419        420        862        861
          4        420        421        863        862
          4        421        422        864        863
          4        422        423        865        864
          4        423        424        866        865
          4        424        425        867        866
          4        425        426        868        867
          4        426        427        869        868
          4        427        428        870        869
          4        428        429        871        870
          4        429        430        872        871
          4        430        431        873        872
          4        431        432        874        873
          4        432        433        875        874
          4        433        434        876        875
          4        434        435        877        876
          4        435        436        878        877
          4        436        437        879        878
          4        437        438        880        879
          4        438        439        881        880
          4        439        440        882        881
          4        440        441        883        882
 
CELL_TYPES        441
          9
          9
          9
          9
          9
          9
          9
          9
          9
          9
          9
          9
          9
          9
          9
          9
          9
          9
          9
          9
          9
          9
          9
          9
          9
          9
          9
          9
          9
          9
          9
          9
          9
          9
          9
          9
          9
          9
          9
          9
          9
          9
          9
          9
          9
          9
          9
          9
          9
          9
          9
          9
          9
          9
          9
          9
          9
          9
          9
          9
          9
          9
          9
          9
          9
          9
          9
          9
          9
          9
          9
          9
          9
          9
          9
          9
          9
          9
          9
          9
          9
          9
          9
          9
          9
          9
          9
          9
          9
          9
          9
          9
          9
          9
          9
          9
          9
          9
          9
          9
          9
          9
          9
          9
          9
          9
          9
          9
          9
          9
          9
          9
          9
          9
          9
          9
          9
          9
          9
          9
          9
          9
          9
          9
          9
          9
          9
          9
          9
          9
          9
          9
          9
          9
          9
          9
          9
          9
          9
          9
          9
          9
          9
          9
          9
          9
          9
          9
          9
          9
          9
          9
          9
          9
          9
          9
          9
          9
          9
          9
          9
          9
          9
          9
          9
          9
          9
          9
          9
          9
          9
          9
          9
          9
          9
          9
          9
          9
          9
          9
          9
          9
          9
          9
          9
          9
          9
          9
          9
          9
          9
          9
          9
          9
          9
          9
          9
          9
          9
          9
          9
          9
          9
          9
          9
          9
          9
          9
          9
          9
          9
          9
          9
          9
          9
          9
          9
          9
          9
          9
          9
          9
          9
          9
          9
          9
          9
          9
          9
          9
          9
          9
          9
          9
          9
          9
          9
          9
          9
          9
          9
          9
          9
          9
          9
          9
          9
          9
          9
          9
          9
          9
          9
          9
          9
          9
          9
          9
          9
          9
          9
          9
          9
          9
          9
          9
          9
          9
          9
          9
          9
          9
          9
          9
          9
          9
          9
          9
          9
          9
          9
          9
          9
          9
          9
          9
          9
          9
          9
          9
          9
          9
          9
          9
          9
          9
          9
          9
          9
          9
          9
          9
          9
          9
          9
          9
          9
          9
          9
          9
          9
          9
          9
          9
          9
          9
          9
          9
          9
          9
          9
          9
          9
          9
          9
          9
          9
          9
          9
          9
          9
          9
          9
          9
          9
          9
          9
          9
          9
          9
          9
          9
          9
          9
          9
          9
          9
          9
          9
          9
          9
          9
          9
          9
          9
          9
          9
          9
          9
          9
          9
          9
          9
          9
          9
          9
          9
          9
          9
          9
          9
          9
          9
          9
          9
          9
          9
          9
          9
          9
          9
          9
          9
          9
          9
          9
          9
          9
          9
          9
          9
          9
          9
          9
          9
          9
          9
          9
          9
          9
          9
          9
          9
          9
          9
          9
          9
          9
          9
          9
          9
          9
          9
          9
          9
          9
          9
          9
          9
          9
          9
          9
          9
          9
          9
          9
          9
          9
          9
          9
          9
          9
          9
          9
          9
          9
          9
          9
          9
          9
          9
CELL_DATA       441
SCALARS Q float 1
LOOKUP_TABLE default
  0.0000000    
  0.0000000    
  0.0000000    
  0.0000000    
  0.0000000    
  0.0000000    
  0.0000000    
  0.0000000    
  0.0000000    
  0.0000000    
  0.0000000    
  0.0000000    
  0.0000000    
  0.0000000    
  0.0000000    
  0.0000000    
  0.0000000    
  0.0000000    
  0.0000000    
  0.0000000    
  0.0000000    
  0.0000000    
  0.0000000    
  0.0000000    
  0.0000000    
  0.0000000    
  0.0000000    
  0.0000000    
  0.0000000    
  0.0000000    
  0.0000000    
  0.0000000    
  0.0000000    
  0.0000000    
  0.0000000    
  0.0000000    
  0.0000000    
  0.0000000    
  0.0000000    
  0.0000000    
  0.0000000    
  0.0000000    
  0.0000000    
  0.0000000    
  0.0000000    
  0.0000000    
  0.0000000    
  0.0000000    
  0.0000000    
  0.0000000    
  0.0000000    
  0.0000000    
  0.0000000    
  0.0000000    
  0.0000000    
  0.0000000    
  0.0000000    
  0.0000000    
  0.0000000    
  0.0000000    
  0.0000000    
  0.0000000    
  0.0000000    
  0.0000000    
  0.0000000    
  0.0000000    
  0.0000000    
  0.0000000    
  0.0000000    
  0.0000000    
  0.0000000    
  0.0000000    
  0.0000000    
  0.0000000    
  0.0000000    
  0.0000000    
  0.0000000    
  0.0000000    
  0.0000000    
  0.0000000    
  0.0000000    
  0.0000000    
  0.0000000    
  0.0000000    
  0.0000000    
  0.0000000    
  0.0000000    
  0.0000000    
  0.0000000    
  0.0000000    
  0.0000000    
  0.0000000    
  0.0000000    
  0.0000000    
  0.0000000    
  0.0000000    
  0.0000000    
  0.0000000    
  0.0000000    
  0.0000000    
  0.0000000    
  0.0000000    
  0.0000000    
  0.0000000    
  0.0000000    
  0.0000000    
  0.0000000    
  0.0000000    
  0.0000000    
  0.0000000    
  0.0000000    
  0.0000000    
  0.0000000    
  0.0000000    
  0.0000000    
  0.0000000    
  0.0000000    
  0.0000000    
  0.0000000    
  0.0000000    
  0.0000000    
  0.0000000    
  0.0000000    
  0.0000000    
  0.0000000    
  0.0000000    
  0.0000000    
  0.0000000    
  0.0000000    
  0.0000000    
  0.0000000    
  0.0000000    
  0.0000000    
  0.0000000    
  0.0000000    
  0.0000000    
  0.0000000    
  0.0000000    
  0.0000000    
  0.0000000    
  0.0000000    
  0.0000000    
  0.0000000    
  0.0000000    
  0.0000000    
  0.0000000    
  0.0000000    
  0.0000000    
  0.0000000    
  0.0000000    
  0.0000000    
  0.0000000    
  0.0000000    
  0.0000000    
  0.0000000    
  0.0000000    
  0.0000000    
  0.0000000    
  0.0000000    
  0.0000000    
  0.0000000    
  0.0000000    
  0.0000000    
  0.0000000    
  0.0000000    
  0.0000000    
  0.0000000    
  0.0000000    
  0.0000000    
  0.0000000    
  0.0000000    
  0.0000000    
  0.0000000    
  0.0000000    
  0.0000000    
  0.0000000    
  0.0000000    
  0.0000000    
  0.0000000    
  0.0000000    
  0.0000000    
  0.0000000    
  0.0000000    
  0.0000000    
  0.0000000    
  0.0000000    
  0.0000000    
  0.0000000    
  0.0000000    
  0.0000000    
  0.0000000    
  0.0000000    
  0.0000000    
  0.0000000    
  0.0000000    
  0.0000000    
  0.0000000    
  0.0000000    
  0.0000000    
  0.0000000    
  0.0000000    
  0.0000000    
  0.0000000    
  0.0000000    
  0.0000000    
  0.0000000    
  0.0000000    
  0.0000000    
  0.0000000    
  0.0000000    
  0.0000000    
  0.0000000    
  0.0000000    
  0.0000000    
  0.0000000    
  0.0000000    
  0.0000000    
  0.0000000    
  0.0000000    
  0.0000000    
  0.0000000    
  0.0000000    
  0.0000000    
  0.0000000    
  0.0000000    
  0.0000000    
  0.0000000    
  0.0000000    
  0.0000000    
  0.0000000    
  0.0000000    
  0.0000000    
  0.0000000    
  0.0000000    
  0.0000000    
  0.0000000    
  0.0000000    
  0.0000000    
  0.0000000    
  0.0000000    
  0.0000000    
  0.0000000    
  0.0000000    
  0.0000000    
  0.0000000    
  0.0000000    
  0.0000000    
  0.0000000    
  0.0000000    
  0.0000000    
  0.0000000    
  0.0000000    
  0.0000000    
  0.0000000    
  0.0000000    
  0.0000000    
  0.0000000    
  0.0000000    
  0.0000000    
  0.0000000    
  0.0000000    
  0.0000000    
  0.0000000    
  0.0000000    
  0.0000000    
  0.0000000    
  0.0000000    
  0.0000000    
  0.0000000    
  0.0000000    
  0.0000000    
  0.0000000    
  0.0000000    
  0.0000000    
  0.0000000    
  0.0000000    
  0.0000000    
  0.0000000    
  0.0000000    
  0.0000000    
  0.0000000    
  0.0000000    
  0.0000000    
  0.0000000    
  0.0000000    
  0.0000000    
  0.0000000    
  0.0000000    
  0.0000000    
  0.0000000    
  0.0000000    
  0.0000000    
  0.0000000    
  0.0000000    
  0.0000000    
  0.0000000    
  0.0000000    
  0.0000000    
  0.0000000    
  0.0000000    
  0.0000000    
  0.0000000    
  0.0000000    
  0.0000000    
  0.0000000    
  0.0000000    
  0.0000000    
  0.0000000    
  0.0000000    
  0.0000000    
  0.0000000    
  0.0000000    
  0.0000000    
  0.0000000    
  0.0000000    
  0.0000000    
  0.0000000    
  0.0000000    
  0.0000000    
  0.0000000    
  0.0000000    
  0.0000000    
  0.0000000    
  0.0000000    
  0.0000000    
  0.0000000    
  0.0000000    
  0.0000000    
  0.0000000    
  0.0000000    
  0.0000000    
  0.0000000    
  0.0000000    
  0.0000000    
  0.0000000    
  0.0000000    
  0.0000000    
  0.0000000    
  0.0000000    
  0.0000000    
  0.0000000    
  0.0000000    
  0.0000000    
  0.0000000    
  0.0000000    
  0.0000000    
  0.0000000    
  0.0000000    
  0.0000000    
  0.0000000    
  0.0000000    
  0.0000000    
  0.0000000    
  0.0000000    
  0.0000000    
  0.0000000    
  0.0000000    
  0.0000000    
  0.0000000    
  0.0000000    
  0.0000000    
  0.0000000    
  0.0000000    
  0.0000000    
  0.0000000    
  0.0000000    
  0.0000000    
  0.0000000    
  0.0000000    
  0.0000000    
  0.0000000    
  0.0000000    
  0.0000000    
  0.0000000    
  0.0000000    
  0.0000000    
  0.0000000    
  0.0000000    
  0.0000000    
  0.0000000    
  0.0000000    
  0.0000000    
  0.0000000    
  0.0000000    
  0.0000000    
  0.0000000    
  0.0000000    
  0.0000000    
  0.0000000    
  0.0000000    
  0.0000000    
  0.0000000    
  0.0000000    
  0.0000000    
  0.0000000    
  0.0000000    
  0.0000000    
  0.0000000    
  0.0000000    
  0.0000000    
  0.0000000    
  0.0000000    
  0.0000000    
  0.0000000    
  0.0000000    
  0.0000000    
  0.0000000    
  0.0000000    
  0.0000000    
  0.0000000    
  0.0000000    
  0.0000000    
  0.0000000    
  0.0000000    
  0.0000000    
  0.0000000    
  0.0000000    
  0.0000000    
  0.0000000    
  0.0000000    
  0.0000000    
  0.0000000    
  0.0000000    
  0.0000000    
  0.0000000    
  0.0000000    
  0.0000000    
  0.0000000    
  0.0000000    
  0.0000000    
  0.0000000    
  0.0000000    
  0.0000000    
  0.0000000    
  0.0000000    
  0.0000000    
  0.0000000    
  0.0000000    
  0.0000000    
  0.0000000    
  0.0000000    
SCALARS radn float 1
LOOKUP_TABLE default
  5755.0278    
  5778.8682    
  5803.1650    
  5865.7676    
  5886.9937    
  5907.2979    
  5929.0186    
  5945.4351    
  5963.1128    
  5997.3096    
  6047.7349    
  6095.1030    
  6129.1855    
  6150.7690    
  6171.7788    
  6208.3813    
  6262.6143    
  6318.7617    
  6351.3794    
  6370.7637    
  6389.3354    
  6414.4106    
  6464.7720    
  6512.9507    
  6544.5986    
  6566.8745    
  6588.4922    
  6610.0620    
  6657.8291    
  6702.2866    
  6731.0615    
  6751.7290    
  6772.1299    
  6792.7803    
  6841.7388    
  6885.7959    
  6914.4966    
  6927.4102    
  6941.7720    
  6957.6631    
  7009.2334    
  7055.9888    
  7085.8945    
  7099.0654    
  7110.9292    
  7126.9844    
  7183.4272    
  7231.6943    
  7264.2793    
  7312.2612    
  7351.7280    
  7371.1162    
  7377.9053    
  7383.9243    
  7401.4043    
  7438.6343    
  7468.1187    
  7496.9141    
  7524.9072    
  7542.0654    
  7546.8442    
  7548.1455    
  7547.8574    
  7570.6689    
  7585.1240    
  7587.6074    
  7603.7168    
  7604.2349    
  7594.2476    
  7615.2769    
  7604.1572    
  7579.2642    
  7631.2539    
  7624.5933    
  7603.0161    
  7590.6865    
  7574.1802    
  7543.6909    
  7522.3628    
  7494.5674    
  7451.4600    
  7423.4062    
  7383.2471    
  7328.8291    
  7288.8330    
  7238.6318    
  7176.5093    
  7134.5449    
  7078.3491    
  7008.7690    
  6956.1128    
  6890.1812    
  6814.1001    
  6754.3823    
  6683.3301    
  6602.7681    
  6551.2314    
  6512.9028    
  6471.9443    
  6185.6851    
  6030.1953    
  5872.0488    
  4545.2222    
  4415.0376    
  4286.5913    
  6180.0469    
  6246.8511    
  6245.5288    
  6243.6816    
  6239.5195    
  6237.0122    
  6233.4624    
  6229.8306    
  6224.7402    
  6218.3022    
  6211.3657    
  6203.2739    
  6194.2266    
  6184.2163    
  6173.6938    
  6162.8403    
  6151.0781    
  6138.4180    
  6125.3984    
  6111.4580    
  6097.1035    
  6078.9282    
  6062.8682    
  5930.4492    
  5481.8188    
  5466.3115    
  5449.6387    
  5434.9653    
  5421.4834    
  5406.9824    
  5347.5537    
  5279.2778    
  5210.2593    
  5769.0474    
  5625.0771    
  5145.9312    
  5123.9360    
  5051.3789    
  4972.5449    
  4917.0234    
  4886.3921    
  4854.4492    
  5377.1934    
  5356.8633    
  5332.9346    
  4989.3960    
  4679.4673    
  4619.3418    
  4532.4487    
  4507.8521    
  4480.3335    
  4952.3887    
  4938.0474    
  4448.1899    
  4757.4292    
  4759.6138    
  4755.2417    
  4573.6528    
  4600.8267    
  4620.8604    
  4375.4736    
  4416.0938    
  4455.4956    
  4224.3633    
  4270.0518    
  4312.1763    
  4167.8813    
  4231.5015    
  4289.2861    
  3634.0017    
  3664.5789    
  3697.1252    
  3347.6086    
  3381.1853    
  3413.9409    
  3444.9336    
  3477.6958    
  3510.0884    
  3545.9607    
  3579.4568    
  3612.8181    
  3644.8672    
  3677.5999    
  3710.8257    
  3743.9895    
  3779.3926    
  3812.5894    
  3856.7014    
  3887.5583    
  3915.4927    
  3673.9927    
  3708.8093    
  3743.6072    
  3768.0640    
  3803.3928    
  3838.7256    
  3875.6965    
  3911.9297    
  3948.4460    
  3984.3484    
  4020.4807    
  4056.3730    
  4093.0828    
  4129.0391    
  4167.3506    
  4201.8691    
  4237.1099    
  4271.7759    
  4307.2837    
  4341.8481    
  4376.1855    
  4410.4966    
  4445.6216    
  4479.8555    
  4878.2695    
  4724.1948    
  4626.7295    
  1892.4180    
  1929.2206    
  1966.6736    
  4375.2773    
  4466.5356    
  4554.2598    
  4563.4141    
  4664.2637    
  4762.1255    
  4827.7158    
  4923.0200    
  5015.2046    
  5072.6060    
  5151.0195    
  5227.8765    
  5301.5664    
  5367.8374    
  5429.1016    
  5483.4819    
  5534.3931    
  5577.7856    
  5598.6104    
  5636.6729    
  5669.4424    
  5670.4419    
  5697.3755    
  5719.3296    
  5715.5303    
  5732.0483    
  5742.6064    
  5741.2031    
  5751.2114    
  5754.6846    
  5760.7563    
  5764.1860    
  5763.6831    
  5765.3467    
  5756.9834    
  5746.1841    
  5746.3765    
  5725.6030    
  5706.3540    
  5707.4341    
  5684.5210    
  5652.9126    
  5654.3726    
  5619.7212    
  5574.8491    
  5581.1729    
  5528.5962    
  5481.1289    
  5481.6934    
  5430.9004    
  5374.3516    
  5372.0415    
  5311.5435    
  5246.6689    
  5060.3252    
  4977.2354    
  4891.4536    
  3997.3906    
  3942.1350    
  3887.2119    
  4998.4966    
  4895.6665    
  4786.4170    
  4794.3667    
  4771.0210    
  4746.1719    
  4719.2236    
  4688.1958    
  4656.2056    
  4621.6987    
  4589.9692    
  4555.9331    
  4523.3091    
  4489.4277    
  4453.8472    
  4419.4814    
  4384.2534    
  4348.2700    
  4313.1484    
  4277.8501    
  4242.1680    
  4206.0444    
  4167.6831    
  4131.4053    
  4093.2275    
  4056.6050    
  4019.0579    
  3981.3250    
  3944.6282    
  3906.8943    
  3869.1265    
  3830.6594    
  3791.0342    
  3753.3567    
  3715.4773    
  3675.7690    
  3637.5779    
  3600.1309    
  3560.0598    
  3521.9390    
  3482.0093    
  3444.2524    
  3411.7041    
  3380.4678    
  3349.8386    
  19.185432    
  17.611481    
  16.246138    
  691.38611    
  4206.7524    
  4763.3232    
  4923.2822    
  4950.0654    
  4975.1509    
  3932.8845    
  3885.9124    
  3838.7261    
  2514.0854    
  2462.8701    
  2411.5608    
  1298.5596    
  1257.8442    
  1219.0420    
  493.94604    
  483.60962    
  472.87808    
  1359.3585    
  1289.0215    
  1424.5204    
  758.37225    
  736.03809    
  716.67102    
  267.36880    
  259.94113    
  253.10435    
 0.26417443    
 0.11431322    
 0.28769463    
 0.42059523    
  2.0912697    
  2.6450646    
  55.742950    
  965.05853    
  2297.6016    
  2651.7007    
  3701.0847    
  3635.9214    
  1654.3403    
  1689.5634    
  1724.2158    
  1547.0222    
  1562.7006    
  1582.0341    
  4058.9822    
  4030.3440    
  4001.6382    
  3931.4700    
  3895.1987    
  3857.0464    
  3800.3469    
  3754.2151    
  3714.7681    
  3736.3152    
  3565.5710    
  3178.8677    
  1.7283760    
  3.1695621    
  3.5946944    
  1440.9896    
  2683.9084    
  2787.3638    
  2312.1787    
  971.98865    
  56.044895    
  7.0195742    
  6.2208581    
  4.9100490    
  3.2947843    
  2.8722794    
  3.2625439    
  915.80103    
  920.94678    
  926.83429    
  1201.6432    
  1205.4246    
  1209.8588    
  2118.9995    
  2172.6079    
  2137.6165    
  1211.3925    
  1227.1260    
  1244.3236    
  3115.3848    
  3500.2915    
  3553.2085    
  4776.1733    
  4852.7041    
  4930.6709    
  9261.4150    
  9235.7490    
  9206.2178    
  5058.3452    
  5101.1396    
  5141.7925    
  5189.0000    
  5256.8701    
  5389.6865    
  5427.7905    
  5282.1987    
  4519.6489    
  1784.2899    
  1833.2952    
  1889.0182    
  5491.5327    
  5548.4487    
  5606.0811    
SCALARS psista float 1
LOOKUP_TABLE default
  0.0000000    
  0.0000000    
  0.0000000    
  0.0000000    
  0.0000000    
  0.0000000    
  0.0000000    
  0.0000000    
  0.0000000    
  0.0000000    
  0.0000000    
  0.0000000    
  0.0000000    
  0.0000000    
  0.0000000    
  0.0000000    
  0.0000000    
  0.0000000    
  0.0000000    
  0.0000000    
  0.0000000    
  0.0000000    
  0.0000000    
  0.0000000    
  0.0000000    
  0.0000000    
  0.0000000    
  0.0000000    
  0.0000000    
  0.0000000    
  0.0000000    
  0.0000000    
  0.0000000    
  0.0000000    
  0.0000000    
  0.0000000    
  0.0000000    
  0.0000000    
  0.0000000    
  0.0000000    
  0.0000000    
  0.0000000    
  0.0000000    
  0.0000000    
  0.0000000    
  0.0000000    
  0.0000000    
  0.0000000    
  0.0000000    
  0.0000000    
  0.0000000    
  0.0000000    
  0.0000000    
  0.0000000    
  0.0000000    
  0.0000000    
  0.0000000    
  0.0000000    
  0.0000000    
  0.0000000    
  0.0000000    
  0.0000000    
  0.0000000    
  0.0000000    
  0.0000000    
  0.0000000    
  0.0000000    
  0.0000000    
  0.0000000    
  0.0000000    
  0.0000000    
  0.0000000    
  0.0000000    
  0.0000000    
  0.0000000    
  0.0000000    
  0.0000000    
  0.0000000    
  0.0000000    
  0.0000000    
  0.0000000    
  0.0000000    
  0.0000000    
  0.0000000    
  0.0000000    
  0.0000000    
  0.0000000    
  0.0000000    
  0.0000000    
  0.0000000    
  0.0000000    
  0.0000000    
  0.0000000    
  0.0000000    
  0.0000000    
  0.0000000    
  0.0000000    
  0.0000000    
  0.0000000    
  0.0000000    
  0.0000000    
  0.0000000    
  0.0000000    
  0.0000000    
  0.0000000    
  0.0000000    
  0.0000000    
  0.0000000    
  0.0000000    
  0.0000000    
  0.0000000    
  0.0000000    
  0.0000000    
  0.0000000    
  0.0000000    
  0.0000000    
  0.0000000    
  0.0000000    
  0.0000000    
  0.0000000    
  0.0000000    
  0.0000000    
  0.0000000    
  0.0000000    
  0.0000000    
  0.0000000    
  0.0000000    
  0.0000000    
  0.0000000    
  0.0000000    
  0.0000000    
  0.0000000    
  0.0000000    
  0.0000000    
  0.0000000    
  0.0000000    
  0.0000000    
  0.0000000    
  0.0000000    
  0.0000000    
  0.0000000    
  0.0000000    
  0.0000000    
  0.0000000    
  0.0000000    
  0.0000000    
  0.0000000    
  0.0000000    
  0.0000000    
  0.0000000    
  0.0000000    
  0.0000000    
  0.0000000    
  0.0000000    
  0.0000000    
  0.0000000    
  0.0000000    
  0.0000000    
  0.0000000    
  0.0000000    
  0.0000000    
  0.0000000    
  0.0000000    
  0.0000000    
  0.0000000    
  0.0000000    
  0.0000000    
  0.0000000    
  0.0000000    
  0.0000000    
  0.0000000    
  0.0000000    
  0.0000000    
  0.0000000    
  0.0000000    
  0.0000000    
  0.0000000    
  0.0000000    
  0.0000000    
  0.0000000    
  0.0000000    
  0.0000000    
  0.0000000    
  0.0000000    
  0.0000000    
  0.0000000    
  0.0000000    
  0.0000000    
  0.0000000    
  0.0000000    
  0.0000000    
  0.0000000    
  0.0000000    
  0.0000000    
  0.0000000    
  0.0000000    
  0.0000000    
  0.0000000    
  0.0000000    
  0.0000000    
  0.0000000    
  0.0000000    
  0.0000000    
  0.0000000    
  0.0000000    
  0.0000000    
  0.0000000    
  0.0000000    
  0.0000000    
  0.0000000    
  0.0000000    
  0.0000000    
  0.0000000    
  0.0000000    
  0.0000000    
  0.0000000    
  0.0000000    
  0.0000000    
  0.0000000    
  0.0000000    
  0.0000000    
  0.0000000    
  0.0000000    
  0.0000000    
  0.0000000    
  0.0000000    
  0.0000000    
  0.0000000    
  0.0000000    
  0.0000000    
  0.0000000    
  0.0000000    
  0.0000000    
  0.0000000    
  0.0000000    
  0.0000000    
  0.0000000    
  0.0000000    
  0.0000000    
  0.0000000    
  0.0000000    
  0.0000000    
  0.0000000    
  0.0000000    
  0.0000000    
  0.0000000    
  0.0000000    
  0.0000000    
  0.0000000    
  0.0000000    
  0.0000000    
  0.0000000    
  0.0000000    
  0.0000000    
  0.0000000    
  0.0000000    
  0.0000000    
  0.0000000    
  0.0000000    
  0.0000000    
  0.0000000    
  0.0000000    
  0.0000000    
  0.0000000    
  0.0000000    
  0.0000000    
  0.0000000    
  0.0000000    
  0.0000000    
  0.0000000    
  0.0000000    
  0.0000000    
  0.0000000    
  0.0000000    
  0.0000000    
  0.0000000    
  0.0000000    
  0.0000000    
  0.0000000    
  0.0000000    
  0.0000000    
  0.0000000    
  0.0000000    
  0.0000000    
  0.0000000    
  0.0000000    
  0.0000000    
  0.0000000    
  0.0000000    
  0.0000000    
  0.0000000    
  0.0000000    
  0.0000000    
  0.0000000    
  0.0000000    
  0.0000000    
  0.0000000    
  0.0000000    
  0.0000000    
  0.0000000    
  0.0000000    
  0.0000000    
  0.0000000    
  0.0000000    
  0.0000000    
  0.0000000    
  0.0000000    
  0.0000000    
  0.0000000    
  0.0000000    
  0.0000000    
  0.0000000    
  0.0000000    
  0.0000000    
  0.0000000    
  0.0000000    
  0.0000000    
  0.0000000    
  0.0000000    
  0.0000000    
  0.0000000    
  0.0000000    
  0.0000000    
  0.0000000    
  0.0000000    
  0.0000000    
  0.0000000    
  0.0000000    
  0.0000000    
  0.0000000    
  0.0000000    
  0.0000000    
  0.0000000    
  0.0000000    
  0.0000000    
  0.0000000    
  0.0000000    
  0.0000000    
  0.0000000    
  0.0000000    
  0.0000000    
  0.0000000    
  0.0000000    
  0.0000000    
  0.0000000    
  0.0000000    
  0.0000000    
  0.0000000    
  0.0000000    
  0.0000000    
  0.0000000    
  0.0000000    
  0.0000000    
  0.0000000    
  0.0000000    
  0.0000000    
  0.0000000    
  0.0000000    
  0.0000000    
  0.0000000    
  0.0000000    
  0.0000000    
  0.0000000    
  0.0000000    
  0.0000000    
  0.0000000    
  0.0000000    
  0.0000000    
  0.0000000    
  0.0000000    
  0.0000000    
  0.0000000    
  0.0000000    
  0.0000000    
  0.0000000    
  0.0000000    
  0.0000000    
  0.0000000    
  0.0000000    
  0.0000000    
  0.0000000    
  0.0000000    
  0.0000000    
  0.0000000    
  0.0000000    
  0.0000000    
  0.0000000    
  0.0000000    
  0.0000000    
  0.0000000    
  0.0000000    
  0.0000000    
  0.0000000    
  0.0000000    
  0.0000000    
  0.0000000    
  0.0000000    
  0.0000000    
  0.0000000    
  0.0000000    
  0.0000000    
  0.0000000    
  0.0000000    
  0.0000000    
  0.0000000    
  0.0000000    
  0.0000000    
  0.0000000    
  0.0000000    
  0.0000000    
  0.0000000    
  0.0000000    
  0.0000000    
  0.0000000    
  0.0000000    
  0.0000000    
  0.0000000    
  0.0000000    
  0.0000000    
  0.0000000    
  0.0000000    
  0.0000000    
  0.0000000    
  0.0000000    
  0.0000000    
  0.0000000    
  0.0000000    
  0.0000000    
  0.0000000    
  0.0000000    
  0.0000000    
  0.0000000    
  0.0000000    
  0.0000000    
  0.0000000    
  0.0000000    
  0.0000000    
  0.0000000    
  0.0000000    
  0.0000000    
  0.0000000    
SCALARS angle float 1
LOOKUP_TABLE default
  0.0000000    
  0.0000000    
  0.0000000    
  0.0000000    
  0.0000000    
  0.0000000    
  0.0000000    
  0.0000000    
  0.0000000    
  0.0000000    
  0.0000000    
  0.0000000    
  0.0000000    
  0.0000000    
  0.0000000    
  0.0000000    
  0.0000000    
  0.0000000    
  0.0000000    
  0.0000000    
  0.0000000    
  0.0000000    
  0.0000000    
  0.0000000    
  0.0000000    
  0.0000000    
  0.0000000    
  0.0000000    
  0.0000000    
  0.0000000    
  0.0000000    
  0.0000000    
  0.0000000    
  0.0000000    
  0.0000000    
  0.0000000    
  0.0000000    
  0.0000000    
  0.0000000    
  0.0000000    
  0.0000000    
  0.0000000    
  0.0000000    
  0.0000000    
  0.0000000    
  0.0000000    
  0.0000000    
  0.0000000    
  0.0000000    
  0.0000000    
  0.0000000    
  0.0000000    
  0.0000000    
  0.0000000    
  0.0000000    
  0.0000000    
  0.0000000    
  0.0000000    
  0.0000000    
  0.0000000    
  0.0000000    
  0.0000000    
  0.0000000    
  0.0000000    
  0.0000000    
  0.0000000    
  0.0000000    
  0.0000000    
  0.0000000    
  0.0000000    
  0.0000000    
  0.0000000    
  0.0000000    
  0.0000000    
  0.0000000    
  0.0000000    
  0.0000000    
  0.0000000    
  0.0000000    
  0.0000000    
  0.0000000    
  0.0000000    
  0.0000000    
  0.0000000    
  0.0000000    
  0.0000000    
  0.0000000    
  0.0000000    
  0.0000000    
  0.0000000    
  0.0000000    
  0.0000000    
  0.0000000    
  0.0000000    
  0.0000000    
  0.0000000    
  0.0000000    
  0.0000000    
  0.0000000    
  0.0000000    
  0.0000000    
  0.0000000    
  0.0000000    
  0.0000000    
  0.0000000    
  0.0000000    
  0.0000000    
  0.0000000    
  0.0000000    
  0.0000000    
  0.0000000    
  0.0000000    
  0.0000000    
  0.0000000    
  0.0000000    
  0.0000000    
  0.0000000    
  0.0000000    
  0.0000000    
  0.0000000    
  0.0000000    
  0.0000000    
  0.0000000    
  0.0000000    
  0.0000000    
  0.0000000    
  0.0000000    
  0.0000000    
  0.0000000    
  0.0000000    
  0.0000000    
  0.0000000    
  0.0000000    
  0.0000000    
  0.0000000    
  0.0000000    
  0.0000000    
  0.0000000    
  0.0000000    
  0.0000000    
  0.0000000    
  0.0000000    
  0.0000000    
  0.0000000    
  0.0000000    
  0.0000000    
  0.0000000    
  0.0000000    
  0.0000000    
  0.0000000    
  0.0000000    
  0.0000000    
  0.0000000    
  0.0000000    
  0.0000000    
  0.0000000    
  0.0000000    
  0.0000000    
  0.0000000    
  0.0000000    
  0.0000000    
  0.0000000    
  0.0000000    
  0.0000000    
  0.0000000    
  0.0000000    
  0.0000000    
  0.0000000    
  0.0000000    
  0.0000000    
  0.0000000    
  0.0000000    
  0.0000000    
  0.0000000    
  0.0000000    
  0.0000000    
  0.0000000    
  0.0000000    
  0.0000000    
  0.0000000    
  0.0000000    
  0.0000000    
  0.0000000    
  0.0000000    
  0.0000000    
  0.0000000    
  0.0000000    
  0.0000000    
  0.0000000    
  0.0000000    
  0.0000000    
  0.0000000    
  0.0000000    
  0.0000000    
  0.0000000    
  0.0000000    
  0.0000000    
  0.0000000    
  0.0000000    
  0.0000000    
  0.0000000    
  0.0000000    
  0.0000000    
  0.0000000    
  0.0000000    
  0.0000000    
  0.0000000    
  0.0000000    
  0.0000000    
  0.0000000    
  0.0000000    
  0.0000000    
  0.0000000    
  0.0000000    
  0.0000000    
  0.0000000    
  0.0000000    
  0.0000000    
  0.0000000    
  0.0000000    
  0.0000000    
  0.0000000    
  0.0000000    
  0.0000000    
  0.0000000    
  0.0000000    
  0.0000000    
  0.0000000    
  0.0000000    
  0.0000000    
  0.0000000    
  0.0000000    
  0.0000000    
  0.0000000    
  0.0000000    
  0.0000000    
  0.0000000    
  0.0000000    
  0.0000000    
  0.0000000    
  0.0000000    
  0.0000000    
  0.0000000    
  0.0000000    
  0.0000000    
  0.0000000    
  0.0000000    
  0.0000000    
  0.0000000    
  0.0000000    
  0.0000000    
  0.0000000    
  0.0000000    
  0.0000000    
  0.0000000    
  0.0000000    
  0.0000000    
  0.0000000    
  0.0000000    
  0.0000000    
  0.0000000    
  0.0000000    
  0.0000000    
  0.0000000    
  0.0000000    
  0.0000000    
  0.0000000    
  0.0000000    
  0.0000000    
  0.0000000    
  0.0000000    
  0.0000000    
  0.0000000    
  0.0000000    
  0.0000000    
  0.0000000    
  0.0000000    
  0.0000000    
  0.0000000    
  0.0000000    
  0.0000000    
  0.0000000    
  0.0000000    
  0.0000000    
  0.0000000    
  0.0000000    
  0.0000000    
  0.0000000    
  0.0000000    
  0.0000000    
  0.0000000    
  0.0000000    
  0.0000000    
  0.0000000    
  0.0000000    
  0.0000000    
  0.0000000    
  0.0000000    
  0.0000000    
  0.0000000    
  0.0000000    
  0.0000000    
  0.0000000    
  0.0000000    
  0.0000000    
  0.0000000    
  0.0000000    
  0.0000000    
  0.0000000    
  0.0000000    
  0.0000000    
  0.0000000    
  0.0000000    
  0.0000000    
  0.0000000    
  0.0000000    
  0.0000000    
  0.0000000    
  0.0000000    
  0.0000000    
  0.0000000    
  0.0000000    
  0.0000000    
  0.0000000    
  0.0000000    
  0.0000000    
  0.0000000    
  0.0000000    
  0.0000000    
  0.0000000    
  0.0000000    
  0.0000000    
  0.0000000    
  0.0000000    
  0.0000000    
  0.0000000    
  0.0000000    
  0.0000000    
  0.0000000    
  0.0000000    
  0.0000000    
  0.0000000    
  0.0000000    
  0.0000000    
  0.0000000    
  0.0000000    
  0.0000000    
  0.0000000    
  0.0000000    
  0.0000000    
  0.0000000    
  0.0000000    
  0.0000000    
  0.0000000    
  0.0000000    
  0.0000000    
  0.0000000    
  0.0000000    
  0.0000000    
  0.0000000    
  0.0000000    
  0.0000000    
  0.0000000    
  0.0000000    
  0.0000000    
  0.0000000    
  0.0000000    
  0.0000000    
  0.0000000    
  0.0000000    
  0.0000000    
  0.0000000    
  0.0000000    
  0.0000000    
  0.0000000    
  0.0000000    
  0.0000000    
  0.0000000    
  0.0000000    
  0.0000000    
  0.0000000    
  0.0000000    
  0.0000000    
  0.0000000    
  0.0000000    
  0.0000000    
  0.0000000    
  0.0000000    
  0.0000000    
  0.0000000    
  0.0000000    
  0.0000000    
  0.0000000    
  0.0000000    
  0.0000000    
  0.0000000    
  0.0000000    
  0.0000000    
  0.0000000    
  0.0000000    
  0.0000000    
  0.0000000    
  0.0000000    
  0.0000000    
  0.0000000    
  0.0000000    
  0.0000000    
  0.0000000    
  0.0000000    
  0.0000000    
  0.0000000    
  0.0000000    
  0.0000000    
  0.0000000    
  0.0000000    
  0.0000000    
  0.0000000    
  0.0000000    
  0.0000000    
  0.0000000    
  0.0000000    
  0.0000000    
  0.0000000    
  0.0000000    
  0.0000000    
  0.0000000    
  0.0000000    
  0.0000000    
  0.0000000    
  0.0000000    
  0.0000000    
  0.0000000    
  0.0000000    
  0.0000000    
  0.0000000    
  0.0000000    
  0.0000000    
  0.0000000    
  0.0000000    
  0.0000000    
  0.0000000    
SCALARS lenpath float 1
LOOKUP_TABLE default
  0.0000000    
  0.0000000    
  0.0000000    
  0.0000000    
  0.0000000    
  0.0000000    
  0.0000000    
  0.0000000    
  0.0000000    
  0.0000000    
  0.0000000    
  0.0000000    
  0.0000000    
  0.0000000    
  0.0000000    
  0.0000000    
  0.0000000    
  0.0000000    
  0.0000000    
  0.0000000    
  0.0000000    
  0.0000000    
  0.0000000    
  0.0000000    
  0.0000000    
  0.0000000    
  0.0000000    
  0.0000000    
  0.0000000    
  0.0000000    
  0.0000000    
  0.0000000    
  0.0000000    
  0.0000000    
  0.0000000    
  0.0000000    
  0.0000000    
  0.0000000    
  0.0000000    
  0.0000000    
  0.0000000    
  0.0000000    
  0.0000000    
  0.0000000    
  0.0000000    
  0.0000000    
  0.0000000    
  0.0000000    
  0.0000000    
  0.0000000    
  0.0000000    
  0.0000000    
  0.0000000    
  0.0000000    
  0.0000000    
  0.0000000    
  0.0000000    
  0.0000000    
  0.0000000    
  0.0000000    
  0.0000000    
  0.0000000    
  0.0000000    
  0.0000000    
  0.0000000    
  0.0000000    
  0.0000000    
  0.0000000    
  0.0000000    
  0.0000000    
  0.0000000    
  0.0000000    
  0.0000000    
  0.0000000    
  0.0000000    
  0.0000000    
  0.0000000    
  0.0000000    
  0.0000000    
  0.0000000    
  0.0000000    
  0.0000000    
  0.0000000    
  0.0000000    
  0.0000000    
  0.0000000    
  0.0000000    
  0.0000000    
  0.0000000    
  0.0000000    
  0.0000000    
  0.0000000    
  0.0000000    
  0.0000000    
  0.0000000    
  0.0000000    
  0.0000000    
  0.0000000    
  0.0000000    
  0.0000000    
  0.0000000    
  0.0000000    
  0.0000000    
  0.0000000    
  0.0000000    
  0.0000000    
  0.0000000    
  0.0000000    
  0.0000000    
  0.0000000    
  0.0000000    
  0.0000000    
  0.0000000    
  0.0000000    
  0.0000000    
  0.0000000    
  0.0000000    
  0.0000000    
  0.0000000    
  0.0000000    
  0.0000000    
  0.0000000    
  0.0000000    
  0.0000000    
  0.0000000    
  0.0000000    
  0.0000000    
  0.0000000    
  0.0000000    
  0.0000000    
  0.0000000    
  0.0000000    
  0.0000000    
  0.0000000    
  0.0000000    
  0.0000000    
  0.0000000    
  0.0000000    
  0.0000000    
  0.0000000    
  0.0000000    
  0.0000000    
  0.0000000    
  0.0000000    
  0.0000000    
  0.0000000    
  0.0000000    
  0.0000000    
  0.0000000    
  0.0000000    
  0.0000000    
  0.0000000    
  0.0000000    
  0.0000000    
  0.0000000    
  0.0000000    
  0.0000000    
  0.0000000    
  0.0000000    
  0.0000000    
  0.0000000    
  0.0000000    
  0.0000000    
  0.0000000    
  0.0000000    
  0.0000000    
  0.0000000    
  0.0000000    
  0.0000000    
  0.0000000    
  0.0000000    
  0.0000000    
  0.0000000    
  0.0000000    
  0.0000000    
  0.0000000    
  0.0000000    
  0.0000000    
  0.0000000    
  0.0000000    
  0.0000000    
  0.0000000    
  0.0000000    
  0.0000000    
  0.0000000    
  0.0000000    
  0.0000000    
  0.0000000    
  0.0000000    
  0.0000000    
  0.0000000    
  0.0000000    
  0.0000000    
  0.0000000    
  0.0000000    
  0.0000000    
  0.0000000    
  0.0000000    
  0.0000000    
  0.0000000    
  0.0000000    
  0.0000000    
  0.0000000    
  0.0000000    
  0.0000000    
  0.0000000    
  0.0000000    
  0.0000000    
  0.0000000    
  0.0000000    
  0.0000000    
  0.0000000    
  0.0000000    
  0.0000000    
  0.0000000    
  0.0000000    
  0.0000000    
  0.0000000    
  0.0000000    
  0.0000000    
  0.0000000    
  0.0000000    
  0.0000000    
  0.0000000    
  0.0000000    
  0.0000000    
  0.0000000    
  0.0000000    
  0.0000000    
  0.0000000    
  0.0000000    
  0.0000000    
  0.0000000    
  0.0000000    
  0.0000000    
  0.0000000    
  0.0000000    
  0.0000000    
  0.0000000    
  0.0000000    
  0.0000000    
  0.0000000    
  0.0000000    
  0.0000000    
  0.0000000    
  0.0000000    
  0.0000000    
  0.0000000    
  0.0000000    
  0.0000000    
  0.0000000    
  0.0000000    
  0.0000000    
  0.0000000    
  0.0000000    
  0.0000000    
  0.0000000    
  0.0000000    
  0.0000000    
  0.0000000    
  0.0000000    
  0.0000000    
  0.0000000    
  0.0000000    
  0.0000000    
  0.0000000    
  0.0000000    
  0.0000000    
  0.0000000    
  0.0000000    
  0.0000000    
  0.0000000    
  0.0000000    
  0.0000000    
  0.0000000    
  0.0000000    
  0.0000000    
  0.0000000    
  0.0000000    
  0.0000000    
  0.0000000    
  0.0000000    
  0.0000000    
  0.0000000    
  0.0000000    
  0.0000000    
  0.0000000    
  0.0000000    
  0.0000000    
  0.0000000    
  0.0000000    
  0.0000000    
  0.0000000    
  0.0000000    
  0.0000000    
  0.0000000    
  0.0000000    
  0.0000000    
  0.0000000    
  0.0000000    
  0.0000000    
  0.0000000    
  0.0000000    
  0.0000000    
  0.0000000    
  0.0000000    
  0.0000000    
  0.0000000    
  0.0000000    
  0.0000000    
  0.0000000    
  0.0000000    
  0.0000000    
  0.0000000    
  0.0000000    
  0.0000000    
  0.0000000    
  0.0000000    
  0.0000000    
  0.0000000    
  0.0000000    
  0.0000000    
  0.0000000    
  0.0000000    
  0.0000000    
  0.0000000    
  0.0000000    
  0.0000000    
  0.0000000    
  0.0000000    
  0.0000000    
  0.0000000    
  0.0000000    
  0.0000000    
  0.0000000    
  0.0000000    
  0.0000000    
  0.0000000    
  0.0000000    
  0.0000000    
  0.0000000    
  0.0000000    
  0.0000000    
  0.0000000    
  0.0000000    
  0.0000000    
  0.0000000    
  0.0000000    
  0.0000000    
  0.0000000    
  0.0000000    
  0.0000000    
  0.0000000    
  0.0000000    
  0.0000000    
  0.0000000    
  0.0000000    
  0.0000000    
  0.0000000    
  0.0000000    
  0.0000000    
  0.0000000    
  0.0000000    
  0.0000000    
  0.0000000    
  0.0000000    
  0.0000000    
  0.0000000    
  0.0000000    
  0.0000000    
  0.0000000    
  0.0000000    
  0.0000000    
  0.0000000    
  0.0000000    
  0.0000000    
  0.0000000    
  0.0000000    
  0.0000000    
  0.0000000    
  0.0000000    
  0.0000000    
  0.0000000    
  0.0000000    
  0.0000000    
  0.0000000    
  0.0000000    
  0.0000000    
  0.0000000    
  0.0000000    
  0.0000000    
  0.0000000    
  0.0000000    
  0.0000000    
  0.0000000    
  0.0000000    
  0.0000000    
  0.0000000    
  0.0000000    
  0.0000000    
  0.0000000    
  0.0000000    
  0.0000000    
  0.0000000    
  0.0000000    
  0.0000000    
  0.0000000    
  0.0000000    
  0.0000000    
  0.0000000    
  0.0000000    
  0.0000000    
  0.0000000    
  0.0000000    
  0.0000000    
  0.0000000    
  0.0000000    
  0.0000000    
  0.0000000    
  0.0000000    
  0.0000000    
  0.0000000    
  0.0000000    
  0.0000000    
  0.0000000    
  0.0000000    
  0.0000000    
  0.0000000    
  0.0000000    
  0.0000000    
  0.0000000    
  0.0000000    
  0.0000000    
  0.0000000    
  0.0000000    
  0.0000000    
  0.0000000    
  0.0000000    
  0.0000000    
  0.0000000    
  0.0000000    
SCALARS zbdotn float 1
LOOKUP_TABLE default
  0.0000000    
  0.0000000    
  0.0000000    
  0.0000000    
  0.0000000    
  0.0000000    
  0.0000000    
  0.0000000    
  0.0000000    
  0.0000000    
  0.0000000    
  0.0000000    
  0.0000000    
  0.0000000    
  0.0000000    
  0.0000000    
  0.0000000    
  0.0000000    
  0.0000000    
  0.0000000    
  0.0000000    
  0.0000000    
  0.0000000    
  0.0000000    
  0.0000000    
  0.0000000    
  0.0000000    
  0.0000000    
  0.0000000    
  0.0000000    
  0.0000000    
  0.0000000    
  0.0000000    
  0.0000000    
  0.0000000    
  0.0000000    
  0.0000000    
  0.0000000    
  0.0000000    
  0.0000000    
  0.0000000    
  0.0000000    
  0.0000000    
  0.0000000    
  0.0000000    
  0.0000000    
  0.0000000    
  0.0000000    
  0.0000000    
  0.0000000    
  0.0000000    
  0.0000000    
  0.0000000    
  0.0000000    
  0.0000000    
  0.0000000    
  0.0000000    
  0.0000000    
  0.0000000    
  0.0000000    
  0.0000000    
  0.0000000    
  0.0000000    
  0.0000000    
  0.0000000    
  0.0000000    
  0.0000000    
  0.0000000    
  0.0000000    
  0.0000000    
  0.0000000    
  0.0000000    
  0.0000000    
  0.0000000    
  0.0000000    
  0.0000000    
  0.0000000    
  0.0000000    
  0.0000000    
  0.0000000    
  0.0000000    
  0.0000000    
  0.0000000    
  0.0000000    
  0.0000000    
  0.0000000    
  0.0000000    
  0.0000000    
  0.0000000    
  0.0000000    
  0.0000000    
  0.0000000    
  0.0000000    
  0.0000000    
  0.0000000    
  0.0000000    
  0.0000000    
  0.0000000    
  0.0000000    
  0.0000000    
  0.0000000    
  0.0000000    
  0.0000000    
  0.0000000    
  0.0000000    
  0.0000000    
  0.0000000    
  0.0000000    
  0.0000000    
  0.0000000    
  0.0000000    
  0.0000000    
  0.0000000    
  0.0000000    
  0.0000000    
  0.0000000    
  0.0000000    
  0.0000000    
  0.0000000    
  0.0000000    
  0.0000000    
  0.0000000    
  0.0000000    
  0.0000000    
  0.0000000    
  0.0000000    
  0.0000000    
  0.0000000    
  0.0000000    
  0.0000000    
  0.0000000    
  0.0000000    
  0.0000000    
  0.0000000    
  0.0000000    
  0.0000000    
  0.0000000    
  0.0000000    
  0.0000000    
  0.0000000    
  0.0000000    
  0.0000000    
  0.0000000    
  0.0000000    
  0.0000000    
  0.0000000    
  0.0000000    
  0.0000000    
  0.0000000    
  0.0000000    
  0.0000000    
  0.0000000    
  0.0000000    
  0.0000000    
  0.0000000    
  0.0000000    
  0.0000000    
  0.0000000    
  0.0000000    
  0.0000000    
  0.0000000    
  0.0000000    
  0.0000000    
  0.0000000    
  0.0000000    
  0.0000000    
  0.0000000    
  0.0000000    
  0.0000000    
  0.0000000    
  0.0000000    
  0.0000000    
  0.0000000    
  0.0000000    
  0.0000000    
  0.0000000    
  0.0000000    
  0.0000000    
  0.0000000    
  0.0000000    
  0.0000000    
  0.0000000    
  0.0000000    
  0.0000000    
  0.0000000    
  0.0000000    
  0.0000000    
  0.0000000    
  0.0000000    
  0.0000000    
  0.0000000    
  0.0000000    
  0.0000000    
  0.0000000    
  0.0000000    
  0.0000000    
  0.0000000    
  0.0000000    
  0.0000000    
  0.0000000    
  0.0000000    
  0.0000000    
  0.0000000    
  0.0000000    
  0.0000000    
  0.0000000    
  0.0000000    
  0.0000000    
  0.0000000    
  0.0000000    
  0.0000000    
  0.0000000    
  0.0000000    
  0.0000000    
  0.0000000    
  0.0000000    
  0.0000000    
  0.0000000    
  0.0000000    
  0.0000000    
  0.0000000    
  0.0000000    
  0.0000000    
  0.0000000    
  0.0000000    
  0.0000000    
  0.0000000    
  0.0000000    
  0.0000000    
  0.0000000    
  0.0000000    
  0.0000000    
  0.0000000    
  0.0000000    
  0.0000000    
  0.0000000    
  0.0000000    
  0.0000000    
  0.0000000    
  0.0000000    
  0.0000000    
  0.0000000    
  0.0000000    
  0.0000000    
  0.0000000    
  0.0000000    
  0.0000000    
  0.0000000    
  0.0000000    
  0.0000000    
  0.0000000    
  0.0000000    
  0.0000000    
  0.0000000    
  0.0000000    
  0.0000000    
  0.0000000    
  0.0000000    
  0.0000000    
  0.0000000    
  0.0000000    
  0.0000000    
  0.0000000    
  0.0000000    
  0.0000000    
  0.0000000    
  0.0000000    
  0.0000000    
  0.0000000    
  0.0000000    
  0.0000000    
  0.0000000    
  0.0000000    
  0.0000000    
  0.0000000    
  0.0000000    
  0.0000000    
  0.0000000    
  0.0000000    
  0.0000000    
  0.0000000    
  0.0000000    
  0.0000000    
  0.0000000    
  0.0000000    
  0.0000000    
  0.0000000    
  0.0000000    
  0.0000000    
  0.0000000    
  0.0000000    
  0.0000000    
  0.0000000    
  0.0000000    
  0.0000000    
  0.0000000    
  0.0000000    
  0.0000000    
  0.0000000    
  0.0000000    
  0.0000000    
  0.0000000    
  0.0000000    
  0.0000000    
  0.0000000    
  0.0000000    
  0.0000000    
  0.0000000    
  0.0000000    
  0.0000000    
  0.0000000    
  0.0000000    
  0.0000000    
  0.0000000    
  0.0000000    
  0.0000000    
  0.0000000    
  0.0000000    
  0.0000000    
  0.0000000    
  0.0000000    
  0.0000000    
  0.0000000    
  0.0000000    
  0.0000000    
  0.0000000    
  0.0000000    
  0.0000000    
  0.0000000    
  0.0000000    
  0.0000000    
  0.0000000    
  0.0000000    
  0.0000000    
  0.0000000    
  0.0000000    
  0.0000000    
  0.0000000    
  0.0000000    
  0.0000000    
  0.0000000    
  0.0000000    
  0.0000000    
  0.0000000    
  0.0000000    
  0.0000000    
  0.0000000    
  0.0000000    
  0.0000000    
  0.0000000    
  0.0000000    
  0.0000000    
  0.0000000    
  0.0000000    
  0.0000000    
  0.0000000    
  0.0000000    
  0.0000000    
  0.0000000    
  0.0000000    
  0.0000000    
  0.0000000    
  0.0000000    
  0.0000000    
  0.0000000    
  0.0000000    
  0.0000000    
  0.0000000    
  0.0000000    
  0.0000000    
  0.0000000    
  0.0000000    
  0.0000000    
  0.0000000    
  0.0000000    
  0.0000000    
  0.0000000    
  0.0000000    
  0.0000000    
  0.0000000    
  0.0000000    
  0.0000000    
  0.0000000    
  0.0000000    
  0.0000000    
  0.0000000    
  0.0000000    
  0.0000000    
  0.0000000    
  0.0000000    
  0.0000000    
  0.0000000    
  0.0000000    
  0.0000000    
  0.0000000    
  0.0000000    
  0.0000000    
  0.0000000    
  0.0000000    
  0.0000000    
  0.0000000    
  0.0000000    
  0.0000000    
  0.0000000    
  0.0000000    
  0.0000000    
  0.0000000    
  0.0000000    
  0.0000000    
  0.0000000    
  0.0000000    
  0.0000000    
  0.0000000    
  0.0000000    
  0.0000000    
  0.0000000    
  0.0000000    
  0.0000000    
  0.0000000    
  0.0000000    
  0.0000000    
  0.0000000    
  0.0000000    
  0.0000000    
  0.0000000    
  0.0000000    
  0.0000000    
  0.0000000    
  0.0000000    
  0.0000000    
  0.0000000    
  0.0000000    
  0.0000000    
  0.0000000    
  0.0000000    
  0.0000000    
  0.0000000    
  0.0000000    
  0.0000000    
  0.0000000    
  0.0000000    
VECTORS bfield float
  0.0000000       0.0000000       0.0000000    
  0.0000000       0.0000000       0.0000000    
  0.0000000       0.0000000       0.0000000    
  0.0000000       0.0000000       0.0000000    
  0.0000000       0.0000000       0.0000000    
  0.0000000       0.0000000       0.0000000    
  0.0000000       0.0000000       0.0000000    
  0.0000000       0.0000000       0.0000000    
  0.0000000       0.0000000       0.0000000    
  0.0000000       0.0000000       0.0000000    
  0.0000000       0.0000000       0.0000000    
  0.0000000       0.0000000       0.0000000    
  0.0000000       0.0000000       0.0000000    
  0.0000000       0.0000000       0.0000000    
  0.0000000       0.0000000       0.0000000    
  0.0000000       0.0000000       0.0000000    
  0.0000000       0.0000000       0.0000000    
  0.0000000       0.0000000       0.0000000    
  0.0000000       0.0000000       0.0000000    
  0.0000000       0.0000000       0.0000000    
  0.0000000       0.0000000       0.0000000    
  0.0000000       0.0000000       0.0000000    
  0.0000000       0.0000000       0.0000000    
  0.0000000       0.0000000       0.0000000    
  0.0000000       0.0000000       0.0000000    
  0.0000000       0.0000000       0.0000000    
  0.0000000       0.0000000       0.0000000    
  0.0000000       0.0000000       0.0000000    
  0.0000000       0.0000000       0.0000000    
  0.0000000       0.0000000       0.0000000    
  0.0000000       0.0000000       0.0000000    
  0.0000000       0.0000000       0.0000000    
  0.0000000       0.0000000       0.0000000    
  0.0000000       0.0000000       0.0000000    
  0.0000000       0.0000000       0.0000000    
  0.0000000       0.0000000       0.0000000    
  0.0000000       0.0000000       0.0000000    
  0.0000000       0.0000000       0.0000000    
  0.0000000       0.0000000       0.0000000    
  0.0000000       0.0000000       0.0000000    
  0.0000000       0.0000000       0.0000000    
  0.0000000       0.0000000       0.0000000    
  0.0000000       0.0000000       0.0000000    
  0.0000000       0.0000000       0.0000000    
  0.0000000       0.0000000       0.0000000    
  0.0000000       0.0000000       0.0000000    
  0.0000000       0.0000000       0.0000000    
  0.0000000       0.0000000       0.0000000    
  0.0000000       0.0000000       0.0000000    
  0.0000000       0.0000000       0.0000000    
  0.0000000       0.0000000       0.0000000    
  0.0000000       0.0000000       0.0000000    
  0.0000000       0.0000000       0.0000000    
  0.0000000       0.0000000       0.0000000    
  0.0000000       0.0000000       0.0000000    
  0.0000000       0.0000000       0.0000000    
  0.0000000       0.0000000       0.0000000    
  0.0000000       0.0000000       0.0000000    
  0.0000000       0.0000000       0.0000000    
  0.0000000       0.0000000       0.0000000    
  0.0000000       0.0000000       0.0000000    
  0.0000000       0.0000000       0.0000000    
  0.0000000       0.0000000       0.0000000    
  0.0000000       0.0000000       0.0000000    
  0.0000000       0.0000000       0.0000000    
  0.0000000       0.0000000       0.0000000    
  0.0000000       0.0000000       0.0000000    
  0.0000000       0.0000000       0.0000000    
  0.0000000       0.0000000       0.0000000    
  0.0000000       0.0000000       0.0000000    
  0.0000000       0.0000000       0.0000000    
  0.0000000       0.0000000       0.0000000    
  0.0000000       0.0000000       0.0000000    
  0.0000000       0.0000000       0.0000000    
  0.0000000       0.0000000       0.0000000    
  0.0000000       0.0000000       0.0000000    
  0.0000000       0.0000000       0.0000000    
  0.0000000       0.0000000       0.0000000    
  0.0000000       0.0000000       0.0000000    
  0.0000000       0.0000000       0.0000000    
  0.0000000       0.0000000       0.0000000    
  0.0000000       0.0000000       0.0000000    
  0.0000000       0.0000000       0.0000000    
  0.0000000       0.0000000       0.0000000    
  0.0000000       0.0000000       0.0000000    
  0.0000000       0.0000000       0.0000000    
  0.0000000       0.0000000       0.0000000    
  0.0000000       0.0000000       0.0000000    
  0.0000000       0.0000000       0.0000000    
  0.0000000       0.0000000       0.0000000    
  0.0000000       0.0000000       0.0000000    
  0.0000000       0.0000000       0.0000000    
  0.0000000       0.0000000       0.0000000    
  0.0000000       0.0000000       0.0000000    
  0.0000000       0.0000000       0.0000000    
  0.0000000       0.0000000       0.0000000    
  0.0000000       0.0000000       0.0000000    
  0.0000000       0.0000000       0.0000000    
  0.0000000       0.0000000       0.0000000    
  0.0000000       0.0000000       0.0000000    
  0.0000000       0.0000000       0.0000000    
  0.0000000       0.0000000       0.0000000    
  0.0000000       0.0000000       0.0000000    
  0.0000000       0.0000000       0.0000000    
  0.0000000       0.0000000       0.0000000    
  0.0000000       0.0000000       0.0000000    
  0.0000000       0.0000000       0.0000000    
  0.0000000       0.0000000       0.0000000    
  0.0000000       0.0000000       0.0000000    
  0.0000000       0.0000000       0.0000000    
  0.0000000       0.0000000       0.0000000    
  0.0000000       0.0000000       0.0000000    
  0.0000000       0.0000000       0.0000000    
  0.0000000       0.0000000       0.0000000    
  0.0000000       0.0000000       0.0000000    
  0.0000000       0.0000000       0.0000000    
  0.0000000       0.0000000       0.0000000    
  0.0000000       0.0000000       0.0000000    
  0.0000000       0.0000000       0.0000000    
  0.0000000       0.0000000       0.0000000    
  0.0000000       0.0000000       0.0000000    
  0.0000000       0.0000000       0.0000000    
  0.0000000       0.0000000       0.0000000    
  0.0000000       0.0000000       0.0000000    
  0.0000000       0.0000000       0.0000000    
  0.0000000       0.0000000       0.0000000    
  0.0000000       0.0000000       0.0000000    
  0.0000000       0.0000000       0.0000000    
  0.0000000       0.0000000       0.0000000    
  0.0000000       0.0000000       0.0000000    
  0.0000000       0.0000000       0.0000000    
  0.0000000       0.0000000       0.0000000    
  0.0000000       0.0000000       0.0000000    
  0.0000000       0.0000000       0.0000000    
  0.0000000       0.0000000       0.0000000    
  0.0000000       0.0000000       0.0000000    
  0.0000000       0.0000000       0.0000000    
  0.0000000       0.0000000       0.0000000    
  0.0000000       0.0000000       0.0000000    
  0.0000000       0.0000000       0.0000000    
  0.0000000       0.0000000       0.0000000    
  0.0000000       0.0000000       0.0000000    
  0.0000000       0.0000000       0.0000000    
  0.0000000       0.0000000       0.0000000    
  0.0000000       0.0000000       0.0000000    
  0.0000000       0.0000000       0.0000000    
  0.0000000       0.0000000       0.0000000    
  0.0000000       0.0000000       0.0000000    
  0.0000000       0.0000000       0.0000000    
  0.0000000       0.0000000       0.0000000    
  0.0000000       0.0000000       0.0000000    
  0.0000000       0.0000000       0.0000000    
  0.0000000       0.0000000       0.0000000    
  0.0000000       0.0000000       0.0000000    
  0.0000000       0.0000000       0.0000000    
  0.0000000       0.0000000       0.0000000    
  0.0000000       0.0000000       0.0000000    
  0.0000000       0.0000000       0.0000000    
  0.0000000       0.0000000       0.0000000    
  0.0000000       0.0000000       0.0000000    
  0.0000000       0.0000000       0.0000000    
  0.0000000       0.0000000       0.0000000    
  0.0000000       0.0000000       0.0000000    
  0.0000000       0.0000000       0.0000000    
  0.0000000       0.0000000       0.0000000    
  0.0000000       0.0000000       0.0000000    
  0.0000000       0.0000000       0.0000000    
  0.0000000       0.0000000       0.0000000    
  0.0000000       0.0000000       0.0000000    
  0.0000000       0.0000000       0.0000000    
  0.0000000       0.0000000       0.0000000    
  0.0000000       0.0000000       0.0000000    
  0.0000000       0.0000000       0.0000000    
  0.0000000       0.0000000       0.0000000    
  0.0000000       0.0000000       0.0000000    
  0.0000000       0.0000000       0.0000000    
  0.0000000       0.0000000       0.0000000    
  0.0000000       0.0000000       0.0000000    
  0.0000000       0.0000000       0.0000000    
  0.0000000       0.0000000       0.0000000    
  0.0000000       0.0000000       0.0000000    
  0.0000000       0.0000000       0.0000000    
  0.0000000       0.0000000       0.0000000    
  0.0000000       0.0000000       0.0000000    
  0.0000000       0.0000000       0.0000000    
  0.0000000       0.0000000       0.0000000    
  0.0000000       0.0000000       0.0000000    
  0.0000000       0.0000000       0.0000000    
  0.0000000       0.0000000       0.0000000    
  0.0000000       0.0000000       0.0000000    
  0.0000000       0.0000000       0.0000000    
  0.0000000       0.0000000       0.0000000    
  0.0000000       0.0000000       0.0000000    
  0.0000000       0.0000000       0.0000000    
  0.0000000       0.0000000       0.0000000    
  0.0000000       0.0000000       0.0000000    
  0.0000000       0.0000000       0.0000000    
  0.0000000       0.0000000       0.0000000    
  0.0000000       0.0000000       0.0000000    
  0.0000000       0.0000000       0.0000000    
  0.0000000       0.0000000       0.0000000    
  0.0000000       0.0000000       0.0000000    
  0.0000000       0.0000000       0.0000000    
  0.0000000       0.0000000       0.0000000    
  0.0000000       0.0000000       0.0000000    
  0.0000000       0.0000000       0.0000000    
  0.0000000       0.0000000       0.0000000    
  0.0000000       0.0000000       0.0000000    
  0.0000000       0.0000000       0.0000000    
  0.0000000       0.0000000       0.0000000    
  0.0000000       0.0000000       0.0000000    
  0.0000000       0.0000000       0.0000000    
  0.0000000       0.0000000       0.0000000    
  0.0000000       0.0000000       0.0000000    
  0.0000000       0.0000000       0.0000000    
  0.0000000       0.0000000       0.0000000    
  0.0000000       0.0000000       0.0000000    
  0.0000000       0.0000000       0.0000000    
  0.0000000       0.0000000       0.0000000    
  0.0000000       0.0000000       0.0000000    
  0.0000000       0.0000000       0.0000000    
  0.0000000       0.0000000       0.0000000    
  0.0000000       0.0000000       0.0000000    
  0.0000000       0.0000000       0.0000000    
  0.0000000       0.0000000       0.0000000    
  0.0000000       0.0000000       0.0000000    
  0.0000000       0.0000000       0.0000000    
  0.0000000       0.0000000       0.0000000    
  0.0000000       0.0000000       0.0000000    
  0.0000000       0.0000000       0.0000000    
  0.0000000       0.0000000       0.0000000    
  0.0000000       0.0000000       0.0000000    
  0.0000000       0.0000000       0.0000000    
  0.0000000       0.0000000       0.0000000    
  0.0000000       0.0000000       0.0000000    
  0.0000000       0.0000000       0.0000000    
  0.0000000       0.0000000       0.0000000    
  0.0000000       0.0000000       0.0000000    
  0.0000000       0.0000000       0.0000000    
  0.0000000       0.0000000       0.0000000    
  0.0000000       0.0000000       0.0000000    
  0.0000000       0.0000000       0.0000000    
  0.0000000       0.0000000       0.0000000    
  0.0000000       0.0000000       0.0000000    
  0.0000000       0.0000000       0.0000000    
  0.0000000       0.0000000       0.0000000    
  0.0000000       0.0000000       0.0000000    
  0.0000000       0.0000000       0.0000000    
  0.0000000       0.0000000       0.0000000    
  0.0000000       0.0000000       0.0000000    
  0.0000000       0.0000000       0.0000000    
  0.0000000       0.0000000       0.0000000    
  0.0000000       0.0000000       0.0000000    
  0.0000000       0.0000000       0.0000000    
  0.0000000       0.0000000       0.0000000    
  0.0000000       0.0000000       0.0000000    
  0.0000000       0.0000000       0.0000000    
  0.0000000       0.0000000       0.0000000    
  0.0000000       0.0000000       0.0000000    
  0.0000000       0.0000000       0.0000000    
  0.0000000       0.0000000       0.0000000    
  0.0000000       0.0000000       0.0000000    
  0.0000000       0.0000000       0.0000000    
  0.0000000       0.0000000       0.0000000    
  0.0000000       0.0000000       0.0000000    
  0.0000000       0.0000000       0.0000000    
  0.0000000       0.0000000       0.0000000    
  0.0000000       0.0000000       0.0000000    
  0.0000000       0.0000000       0.0000000    
  0.0000000       0.0000000       0.0000000    
  0.0000000       0.0000000       0.0000000    
  0.0000000       0.0000000       0.0000000    
  0.0000000       0.0000000       0.0000000    
  0.0000000       0.0000000       0.0000000    
  0.0000000       0.0000000       0.0000000    
  0.0000000       0.0000000       0.0000000    
  0.0000000       0.0000000       0.0000000    
  0.0000000       0.0000000       0.0000000    
  0.0000000       0.0000000       0.0000000    
  0.0000000       0.0000000       0.0000000    
  0.0000000       0.0000000       0.0000000    
  0.0000000       0.0000000       0.0000000    
  0.0000000       0.0000000       0.0000000    
  0.0000000       0.0000000       0.0000000    
  0.0000000       0.0000000       0.0000000    
  0.0000000       0.0000000       0.0000000    
  0.0000000       0.0000000       0.0000000    
  0.0000000       0.0000000       0.0000000    
  0.0000000       0.0000000       0.0000000    
  0.0000000       0.0000000       0.0000000    
  0.0000000       0.0000000       0.0000000    
  0.0000000       0.0000000       0.0000000    
  0.0000000       0.0000000       0.0000000    
  0.0000000       0.0000000       0.0000000    
  0.0000000       0.0000000       0.0000000    
  0.0000000       0.0000000       0.0000000    
  0.0000000       0.0000000       0.0000000    
  0.0000000       0.0000000       0.0000000    
  0.0000000       0.0000000       0.0000000    
  0.0000000       0.0000000       0.0000000    
  0.0000000       0.0000000       0.0000000    
  0.0000000       0.0000000       0.0000000    
  0.0000000       0.0000000       0.0000000    
  0.0000000       0.0000000       0.0000000    
  0.0000000       0.0000000       0.0000000    
  0.0000000       0.0000000       0.0000000    
  0.0000000       0.0000000       0.0000000    
  0.0000000       0.0000000       0.0000000    
  0.0000000       0.0000000       0.0000000    
  0.0000000       0.0000000       0.0000000    
  0.0000000       0.0000000       0.0000000    
  0.0000000       0.0000000       0.0000000    
  0.0000000       0.0000000       0.0000000    
  0.0000000       0.0000000       0.0000000    
  0.0000000       0.0000000       0.0000000    
  0.0000000       0.0000000       0.0000000    
  0.0000000       0.0000000       0.0000000    
  0.0000000       0.0000000       0.0000000    
  0.0000000       0.0000000       0.0000000    
  0.0000000       0.0000000       0.0000000    
  0.0000000       0.0000000       0.0000000    
  0.0000000       0.0000000       0.0000000    
  0.0000000       0.0000000       0.0000000    
  0.0000000       0.0000000       0.0000000    
  0.0000000       0.0000000       0.0000000    
  0.0000000       0.0000000       0.0000000    
  0.0000000       0.0000000       0.0000000    
  0.0000000       0.0000000       0.0000000    
  0.0000000       0.0000000       0.0000000    
  0.0000000       0.0000000       0.0000000    
  0.0000000       0.0000000       0.0000000    
  0.0000000       0.0000000       0.0000000    
  0.0000000       0.0000000       0.0000000    
  0.0000000       0.0000000       0.0000000    
  0.0000000       0.0000000       0.0000000    
  0.0000000       0.0000000       0.0000000    
  0.0000000       0.0000000       0.0000000    
  0.0000000       0.0000000       0.0000000    
  0.0000000       0.0000000       0.0000000    
  0.0000000       0.0000000       0.0000000    
  0.0000000       0.0000000       0.0000000    
  0.0000000       0.0000000       0.0000000    
  0.0000000       0.0000000       0.0000000    
  0.0000000       0.0000000       0.0000000    
  0.0000000       0.0000000       0.0000000    
  0.0000000       0.0000000       0.0000000    
  0.0000000       0.0000000       0.0000000    
  0.0000000       0.0000000       0.0000000    
  0.0000000       0.0000000       0.0000000    
  0.0000000       0.0000000       0.0000000    
  0.0000000       0.0000000       0.0000000    
  0.0000000       0.0000000       0.0000000    
  0.0000000       0.0000000       0.0000000    
  0.0000000       0.0000000       0.0000000    
  0.0000000       0.0000000       0.0000000    
  0.0000000       0.0000000       0.0000000    
  0.0000000       0.0000000       0.0000000    
  0.0000000       0.0000000       0.0000000    
  0.0000000       0.0000000       0.0000000    
  0.0000000       0.0000000       0.0000000    
  0.0000000       0.0000000       0.0000000    
  0.0000000       0.0000000       0.0000000    
  0.0000000       0.0000000       0.0000000    
  0.0000000       0.0000000       0.0000000    
  0.0000000       0.0000000       0.0000000    
  0.0000000       0.0000000       0.0000000    
  0.0000000       0.0000000       0.0000000    
  0.0000000       0.0000000       0.0000000    
  0.0000000       0.0000000       0.0000000    
  0.0000000       0.0000000       0.0000000    
  0.0000000       0.0000000       0.0000000    
  0.0000000       0.0000000       0.0000000    
  0.0000000       0.0000000       0.0000000    
  0.0000000       0.0000000       0.0000000    
  0.0000000       0.0000000       0.0000000    
  0.0000000       0.0000000       0.0000000    
  0.0000000       0.0000000       0.0000000    
  0.0000000       0.0000000       0.0000000    
  0.0000000       0.0000000       0.0000000    
  0.0000000       0.0000000       0.0000000    
  0.0000000       0.0000000       0.0000000    
  0.0000000       0.0000000       0.0000000    
  0.0000000       0.0000000       0.0000000    
  0.0000000       0.0000000       0.0000000    
  0.0000000       0.0000000       0.0000000    
  0.0000000       0.0000000       0.0000000    
  0.0000000       0.0000000       0.0000000    
  0.0000000       0.0000000       0.0000000    
  0.0000000       0.0000000       0.0000000    
  0.0000000       0.0000000       0.0000000    
  0.0000000       0.0000000       0.0000000    
  0.0000000       0.0000000       0.0000000    
  0.0000000       0.0000000       0.0000000    
  0.0000000       0.0000000       0.0000000    
  0.0000000       0.0000000       0.0000000    
  0.0000000       0.0000000       0.0000000    
  0.0000000       0.0000000       0.0000000    
  0.0000000       0.0000000       0.0000000    
  0.0000000       0.0000000       0.0000000    
  0.0000000       0.0000000       0.0000000    
  0.0000000       0.0000000       0.0000000    
  0.0000000       0.0000000       0.0000000    
  0.0000000       0.0000000       0.0000000    
  0.0000000       0.0000000       0.0000000    
  0.0000000       0.0000000       0.0000000    
  0.0000000       0.0000000       0.0000000    
  0.0000000       0.0000000       0.0000000    
  0.0000000       0.0000000       0.0000000    
  0.0000000       0.0000000       0.0000000    
  0.0000000       0.0000000       0.0000000    
  0.0000000       0.0000000       0.0000000    
  0.0000000       0.0000000       0.0000000    
  0.0000000       0.0000000       0.0000000    
  0.0000000       0.0000000       0.0000000    
  0.0000000       0.0000000       0.0000000    
  0.0000000       0.0000000       0.0000000    
  0.0000000       0.0000000       0.0000000    
  0.0000000       0.0000000       0.0000000    
  0.0000000       0.0000000       0.0000000    
  0.0000000       0.0000000       0.0000000    
  0.0000000       0.0000000       0.0000000    
  0.0000000       0.0000000       0.0000000    
  0.0000000       0.0000000       0.0000000    
  0.0000000       0.0000000       0.0000000    
  0.0000000       0.0000000       0.0000000    
  0.0000000       0.0000000       0.0000000    
  0.0000000       0.0000000       0.0000000    
  0.0000000       0.0000000       0.0000000    
  0.0000000       0.0000000       0.0000000    
  0.0000000       0.0000000       0.0000000    
  0.0000000       0.0000000       0.0000000    
  0.0000000       0.0000000       0.0000000    
  0.0000000       0.0000000       0.0000000    
  0.0000000       0.0000000       0.0000000    
  0.0000000       0.0000000       0.0000000    
  0.0000000       0.0000000       0.0000000    
  0.0000000       0.0000000       0.0000000    
  0.0000000       0.0000000       0.0000000    
  0.0000000       0.0000000       0.0000000    
  0.0000000       0.0000000       0.0000000    
  0.0000000       0.0000000       0.0000000    
VECTORS normal float
  0.0000000       0.0000000       0.0000000    
  0.0000000       0.0000000       0.0000000    
  0.0000000       0.0000000       0.0000000    
  0.0000000       0.0000000       0.0000000    
  0.0000000       0.0000000       0.0000000    
  0.0000000       0.0000000       0.0000000    
  0.0000000       0.0000000       0.0000000    
  0.0000000       0.0000000       0.0000000    
  0.0000000       0.0000000       0.0000000    
  0.0000000       0.0000000       0.0000000    
  0.0000000       0.0000000       0.0000000    
  0.0000000       0.0000000       0.0000000    
  0.0000000       0.0000000       0.0000000    
  0.0000000       0.0000000       0.0000000    
  0.0000000       0.0000000       0.0000000    
  0.0000000       0.0000000       0.0000000    
  0.0000000       0.0000000       0.0000000    
  0.0000000       0.0000000       0.0000000    
  0.0000000       0.0000000       0.0000000    
  0.0000000       0.0000000       0.0000000    
  0.0000000       0.0000000       0.0000000    
  0.0000000       0.0000000       0.0000000    
  0.0000000       0.0000000       0.0000000    
  0.0000000       0.0000000       0.0000000    
  0.0000000       0.0000000       0.0000000    
  0.0000000       0.0000000       0.0000000    
  0.0000000       0.0000000       0.0000000    
  0.0000000       0.0000000       0.0000000    
  0.0000000       0.0000000       0.0000000    
  0.0000000       0.0000000       0.0000000    
  0.0000000       0.0000000       0.0000000    
  0.0000000       0.0000000       0.0000000    
  0.0000000       0.0000000       0.0000000    
  0.0000000       0.0000000       0.0000000    
  0.0000000       0.0000000       0.0000000    
  0.0000000       0.0000000       0.0000000    
  0.0000000       0.0000000       0.0000000    
  0.0000000       0.0000000       0.0000000    
  0.0000000       0.0000000       0.0000000    
  0.0000000       0.0000000       0.0000000    
  0.0000000       0.0000000       0.0000000    
  0.0000000       0.0000000       0.0000000    
  0.0000000       0.0000000       0.0000000    
  0.0000000       0.0000000       0.0000000    
  0.0000000       0.0000000       0.0000000    
  0.0000000       0.0000000       0.0000000    
  0.0000000       0.0000000       0.0000000    
  0.0000000       0.0000000       0.0000000    
  0.0000000       0.0000000       0.0000000    
  0.0000000       0.0000000       0.0000000    
  0.0000000       0.0000000       0.0000000    
  0.0000000       0.0000000       0.0000000    
  0.0000000       0.0000000       0.0000000    
  0.0000000       0.0000000       0.0000000    
  0.0000000       0.0000000       0.0000000    
  0.0000000       0.0000000       0.0000000    
  0.0000000       0.0000000       0.0000000    
  0.0000000       0.0000000       0.0000000    
  0.0000000       0.0000000       0.0000000    
  0.0000000       0.0000000       0.0000000    
  0.0000000       0.0000000       0.0000000    
  0.0000000       0.0000000       0.0000000    
  0.0000000       0.0000000       0.0000000    
  0.0000000       0.0000000       0.0000000    
  0.0000000       0.0000000       0.0000000    
  0.0000000       0.0000000       0.0000000    
  0.0000000       0.0000000       0.0000000    
  0.0000000       0.0000000       0.0000000    
  0.0000000       0.0000000       0.0000000    
  0.0000000       0.0000000       0.0000000    
  0.0000000       0.0000000       0.0000000    
  0.0000000       0.0000000       0.0000000    
  0.0000000       0.0000000       0.0000000    
  0.0000000       0.0000000       0.0000000    
  0.0000000       0.0000000       0.0000000    
  0.0000000       0.0000000       0.0000000    
  0.0000000       0.0000000       0.0000000    
  0.0000000       0.0000000       0.0000000    
  0.0000000       0.0000000       0.0000000    
  0.0000000       0.0000000       0.0000000    
  0.0000000       0.0000000       0.0000000    
  0.0000000       0.0000000       0.0000000    
  0.0000000       0.0000000       0.0000000    
  0.0000000       0.0000000       0.0000000    
  0.0000000       0.0000000       0.0000000    
  0.0000000       0.0000000       0.0000000    
  0.0000000       0.0000000       0.0000000    
  0.0000000       0.0000000       0.0000000    
  0.0000000       0.0000000       0.0000000    
  0.0000000       0.0000000       0.0000000    
  0.0000000       0.0000000       0.0000000    
  0.0000000       0.0000000       0.0000000    
  0.0000000       0.0000000       0.0000000    
  0.0000000       0.0000000       0.0000000    
  0.0000000       0.0000000       0.0000000    
  0.0000000       0.0000000       0.0000000    
  0.0000000       0.0000000       0.0000000    
  0.0000000       0.0000000       0.0000000    
  0.0000000       0.0000000       0.0000000    
  0.0000000       0.0000000       0.0000000    
  0.0000000       0.0000000       0.0000000    
  0.0000000       0.0000000       0.0000000    
  0.0000000       0.0000000       0.0000000    
  0.0000000       0.0000000       0.0000000    
  0.0000000       0.0000000       0.0000000    
  0.0000000       0.0000000       0.0000000    
  0.0000000       0.0000000       0.0000000    
  0.0000000       0.0000000       0.0000000    
  0.0000000       0.0000000       0.0000000    
  0.0000000       0.0000000       0.0000000    
  0.0000000       0.0000000       0.0000000    
  0.0000000       0.0000000       0.0000000    
  0.0000000       0.0000000       0.0000000    
  0.0000000       0.0000000       0.0000000    
  0.0000000       0.0000000       0.0000000    
  0.0000000       0.0000000       0.0000000    
  0.0000000       0.0000000       0.0000000    
  0.0000000       0.0000000       0.0000000    
  0.0000000       0.0000000       0.0000000    
  0.0000000       0.0000000       0.0000000    
  0.0000000       0.0000000       0.0000000    
  0.0000000       0.0000000       0.0000000    
  0.0000000       0.0000000       0.0000000    
  0.0000000       0.0000000       0.0000000    
  0.0000000       0.0000000       0.0000000    
  0.0000000       0.0000000       0.0000000    
  0.0000000       0.0000000       0.0000000    
  0.0000000       0.0000000       0.0000000    
  0.0000000       0.0000000       0.0000000    
  0.0000000       0.0000000       0.0000000    
  0.0000000       0.0000000       0.0000000    
  0.0000000       0.0000000       0.0000000    
  0.0000000       0.0000000       0.0000000    
  0.0000000       0.0000000       0.0000000    
  0.0000000       0.0000000       0.0000000    
  0.0000000       0.0000000       0.0000000    
  0.0000000       0.0000000       0.0000000    
  0.0000000       0.0000000       0.0000000    
  0.0000000       0.0000000       0.0000000    
  0.0000000       0.0000000       0.0000000    
  0.0000000       0.0000000       0.0000000    
  0.0000000       0.0000000       0.0000000    
  0.0000000       0.0000000       0.0000000    
  0.0000000       0.0000000       0.0000000    
  0.0000000       0.0000000       0.0000000    
  0.0000000       0.0000000       0.0000000    
  0.0000000       0.0000000       0.0000000    
  0.0000000       0.0000000       0.0000000    
  0.0000000       0.0000000       0.0000000    
  0.0000000       0.0000000       0.0000000    
  0.0000000       0.0000000       0.0000000    
  0.0000000       0.0000000       0.0000000    
  0.0000000       0.0000000       0.0000000    
  0.0000000       0.0000000       0.0000000    
  0.0000000       0.0000000       0.0000000    
  0.0000000       0.0000000       0.0000000    
  0.0000000       0.0000000       0.0000000    
  0.0000000       0.0000000       0.0000000    
  0.0000000       0.0000000       0.0000000    
  0.0000000       0.0000000       0.0000000    
  0.0000000       0.0000000       0.0000000    
  0.0000000       0.0000000       0.0000000    
  0.0000000       0.0000000       0.0000000    
  0.0000000       0.0000000       0.0000000    
  0.0000000       0.0000000       0.0000000    
  0.0000000       0.0000000       0.0000000    
  0.0000000       0.0000000       0.0000000    
  0.0000000       0.0000000       0.0000000    
  0.0000000       0.0000000       0.0000000    
  0.0000000       0.0000000       0.0000000    
  0.0000000       0.0000000       0.0000000    
  0.0000000       0.0000000       0.0000000    
  0.0000000       0.0000000       0.0000000    
  0.0000000       0.0000000       0.0000000    
  0.0000000       0.0000000       0.0000000    
  0.0000000       0.0000000       0.0000000    
  0.0000000       0.0000000       0.0000000    
  0.0000000       0.0000000       0.0000000    
  0.0000000       0.0000000       0.0000000    
  0.0000000       0.0000000       0.0000000    
  0.0000000       0.0000000       0.0000000    
  0.0000000       0.0000000       0.0000000    
  0.0000000       0.0000000       0.0000000    
  0.0000000       0.0000000       0.0000000    
  0.0000000       0.0000000       0.0000000    
  0.0000000       0.0000000       0.0000000    
  0.0000000       0.0000000       0.0000000    
  0.0000000       0.0000000       0.0000000    
  0.0000000       0.0000000       0.0000000    
  0.0000000       0.0000000       0.0000000    
  0.0000000       0.0000000       0.0000000    
  0.0000000       0.0000000       0.0000000    
  0.0000000       0.0000000       0.0000000    
  0.0000000       0.0000000       0.0000000    
  0.0000000       0.0000000       0.0000000    
  0.0000000       0.0000000       0.0000000    
  0.0000000       0.0000000       0.0000000    
  0.0000000       0.0000000       0.0000000    
  0.0000000       0.0000000       0.0000000    
  0.0000000       0.0000000       0.0000000    
  0.0000000       0.0000000       0.0000000    
  0.0000000       0.0000000       0.0000000    
  0.0000000       0.0000000       0.0000000    
  0.0000000       0.0000000       0.0000000    
  0.0000000       0.0000000       0.0000000    
  0.0000000       0.0000000       0.0000000    
  0.0000000       0.0000000       0.0000000    
  0.0000000       0.0000000       0.0000000    
  0.0000000       0.0000000       0.0000000    
  0.0000000       0.0000000       0.0000000    
  0.0000000       0.0000000       0.0000000    
  0.0000000       0.0000000       0.0000000    
  0.0000000       0.0000000       0.0000000    
  0.0000000       0.0000000       0.0000000    
  0.0000000       0.0000000       0.0000000    
  0.0000000       0.0000000       0.0000000    
  0.0000000       0.0000000       0.0000000    
  0.0000000       0.0000000       0.0000000    
  0.0000000       0.0000000       0.0000000    
  0.0000000       0.0000000       0.0000000    
  0.0000000       0.0000000       0.0000000    
  0.0000000       0.0000000       0.0000000    
  0.0000000       0.0000000       0.0000000    
  0.0000000       0.0000000       0.0000000    
  0.0000000       0.0000000       0.0000000    
  0.0000000       0.0000000       0.0000000    
  0.0000000       0.0000000       0.0000000    
  0.0000000       0.0000000       0.0000000    
  0.0000000       0.0000000       0.0000000    
  0.0000000       0.0000000       0.0000000    
  0.0000000       0.0000000       0.0000000    
  0.0000000       0.0000000       0.0000000    
  0.0000000       0.0000000       0.0000000    
  0.0000000       0.0000000       0.0000000    
  0.0000000       0.0000000       0.0000000    
  0.0000000       0.0000000       0.0000000    
  0.0000000       0.0000000       0.0000000    
  0.0000000       0.0000000       0.0000000    
  0.0000000       0.0000000       0.0000000    
  0.0000000       0.0000000       0.0000000    
  0.0000000       0.0000000       0.0000000    
  0.0000000       0.0000000       0.0000000    
  0.0000000       0.0000000       0.0000000    
  0.0000000       0.0000000       0.0000000    
  0.0000000       0.0000000       0.0000000    
  0.0000000       0.0000000       0.0000000    
  0.0000000       0.0000000       0.0000000    
  0.0000000       0.0000000       0.0000000    
  0.0000000       0.0000000       0.0000000    
  0.0000000       0.0000000       0.0000000    
  0.0000000       0.0000000       0.0000000    
  0.0000000       0.0000000       0.0000000    
  0.0000000       0.0000000       0.0000000    
  0.0000000       0.0000000       0.0000000    
  0.0000000       0.0000000       0.0000000    
  0.0000000       0.0000000       0.0000000    
  0.0000000       0.0000000       0.0000000    
  0.0000000       0.0000000       0.0000000    
  0.0000000       0.0000000       0.0000000    
  0.0000000       0.0000000       0.0000000    
  0.0000000       0.0000000       0.0000000    
  0.0000000       0.0000000       0.0000000    
  0.0000000       0.0000000       0.0000000    
  0.0000000       0.0000000       0.0000000    
  0.0000000       0.0000000       0.0000000    
  0.0000000       0.0000000       0.0000000    
  0.0000000       0.0000000       0.0000000    
  0.0000000       0.0000000       0.0000000    
  0.0000000       0.0000000       0.0000000    
  0.0000000       0.0000000       0.0000000    
  0.0000000       0.0000000       0.0000000    
  0.0000000       0.0000000       0.0000000    
  0.0000000       0.0000000       0.0000000    
  0.0000000       0.0000000       0.0000000    
  0.0000000       0.0000000       0.0000000    
  0.0000000       0.0000000       0.0000000    
  0.0000000       0.0000000       0.0000000    
  0.0000000       0.0000000       0.0000000    
  0.0000000       0.0000000       0.0000000    
  0.0000000       0.0000000       0.0000000    
  0.0000000       0.0000000       0.0000000    
  0.0000000       0.0000000       0.0000000    
  0.0000000       0.0000000       0.0000000    
  0.0000000       0.0000000       0.0000000    
  0.0000000       0.0000000       0.0000000    
  0.0000000       0.0000000       0.0000000    
  0.0000000       0.0000000       0.0000000    
  0.0000000       0.0000000       0.0000000    
  0.0000000       0.0000000       0.0000000    
  0.0000000       0.0000000       0.0000000    
  0.0000000       0.0000000       0.0000000    
  0.0000000       0.0000000       0.0000000    
  0.0000000       0.0000000       0.0000000    
  0.0000000       0.0000000       0.0000000    
  0.0000000       0.0000000       0.0000000    
  0.0000000       0.0000000       0.0000000    
  0.0000000       0.0000000       0.0000000    
  0.0000000       0.0000000       0.0000000    
  0.0000000       0.0000000       0.0000000    
  0.0000000       0.0000000       0.0000000    
  0.0000000       0.0000000       0.0000000    
  0.0000000       0.0000000       0.0000000    
  0.0000000       0.0000000       0.0000000    
  0.0000000       0.0000000       0.0000000    
  0.0000000       0.0000000       0.0000000    
  0.0000000       0.0000000       0.0000000    
  0.0000000       0.0000000       0.0000000    
  0.0000000       0.0000000       0.0000000    
  0.0000000       0.0000000       0.0000000    
  0.0000000       0.0000000       0.0000000    
  0.0000000       0.0000000       0.0000000    
  0.0000000       0.0000000       0.0000000    
  0.0000000       0.0000000       0.0000000    
  0.0000000       0.0000000       0.0000000    
  0.0000000       0.0000000       0.0000000    
  0.0000000       0.0000000       0.0000000    
  0.0000000       0.0000000       0.0000000    
  0.0000000       0.0000000       0.0000000    
  0.0000000       0.0000000       0.0000000    
  0.0000000       0.0000000       0.0000000    
  0.0000000       0.0000000       0.0000000    
  0.0000000       0.0000000       0.0000000    
  0.0000000       0.0000000       0.0000000    
  0.0000000       0.0000000       0.0000000    
  0.0000000       0.0000000       0.0000000    
  0.0000000       0.0000000       0.0000000    
  0.0000000       0.0000000       0.0000000    
  0.0000000       0.0000000       0.0000000    
  0.0000000       0.0000000       0.0000000    
  0.0000000       0.0000000       0.0000000    
  0.0000000       0.0000000       0.0000000    
  0.0000000       0.0000000       0.0000000    
  0.0000000       0.0000000       0.0000000    
  0.0000000       0.0000000       0.0000000    
  0.0000000       0.0000000       0.0000000    
  0.0000000       0.0000000       0.0000000    
  0.0000000       0.0000000       0.0000000    
  0.0000000       0.0000000       0.0000000    
  0.0000000       0.0000000       0.0000000    
  0.0000000       0.0000000       0.0000000    
  0.0000000       0.0000000       0.0000000    
  0.0000000       0.0000000       0.0000000    
  0.0000000       0.0000000       0.0000000    
  0.0000000       0.0000000       0.0000000    
  0.0000000       0.0000000       0.0000000    
  0.0000000       0.0000000       0.0000000    
  0.0000000       0.0000000       0.0000000    
  0.0000000       0.0000000       0.0000000    
  0.0000000       0.0000000       0.0000000    
  0.0000000       0.0000000       0.0000000    
  0.0000000       0.0000000       0.0000000    
  0.0000000       0.0000000       0.0000000    
  0.0000000       0.0000000       0.0000000    
  0.0000000       0.0000000       0.0000000    
  0.0000000       0.0000000       0.0000000    
  0.0000000       0.0000000       0.0000000    
  0.0000000       0.0000000       0.0000000    
  0.0000000       0.0000000       0.0000000    
  0.0000000       0.0000000       0.0000000    
  0.0000000       0.0000000       0.0000000    
  0.0000000       0.0000000       0.0000000    
  0.0000000       0.0000000       0.0000000    
  0.0000000       0.0000000       0.0000000    
  0.0000000       0.0000000       0.0000000    
  0.0000000       0.0000000       0.0000000    
  0.0000000       0.0000000       0.0000000    
  0.0000000       0.0000000       0.0000000    
  0.0000000       0.0000000       0.0000000    
  0.0000000       0.0000000       0.0000000    
  0.0000000       0.0000000       0.0000000    
  0.0000000       0.0000000       0.0000000    
  0.0000000       0.0000000       0.0000000    
  0.0000000       0.0000000       0.0000000    
  0.0000000       0.0000000       0.0000000    
  0.0000000       0.0000000       0.0000000    
  0.0000000       0.0000000       0.0000000    
  0.0000000       0.0000000       0.0000000    
  0.0000000       0.0000000       0.0000000    
  0.0000000       0.0000000       0.0000000    
  0.0000000       0.0000000       0.0000000    
  0.0000000       0.0000000       0.0000000    
  0.0000000       0.0000000       0.0000000    
  0.0000000       0.0000000       0.0000000    
  0.0000000       0.0000000       0.0000000    
  0.0000000       0.0000000       0.0000000    
  0.0000000       0.0000000       0.0000000    
  0.0000000       0.0000000       0.0000000    
  0.0000000       0.0000000       0.0000000    
  0.0000000       0.0000000       0.0000000    
  0.0000000       0.0000000       0.0000000    
  0.0000000       0.0000000       0.0000000    
  0.0000000       0.0000000       0.0000000    
  0.0000000       0.0000000       0.0000000    
  0.0000000       0.0000000       0.0000000    
  0.0000000       0.0000000       0.0000000    
  0.0000000       0.0000000       0.0000000    
  0.0000000       0.0000000       0.0000000    
  0.0000000       0.0000000       0.0000000    
  0.0000000       0.0000000       0.0000000    
  0.0000000       0.0000000       0.0000000    
  0.0000000       0.0000000       0.0000000    
  0.0000000       0.0000000       0.0000000    
  0.0000000       0.0000000       0.0000000    
  0.0000000       0.0000000       0.0000000    
  0.0000000       0.0000000       0.0000000    
  0.0000000       0.0000000       0.0000000    
  0.0000000       0.0000000       0.0000000    
  0.0000000       0.0000000       0.0000000    
  0.0000000       0.0000000       0.0000000    
  0.0000000       0.0000000       0.0000000    
  0.0000000       0.0000000       0.0000000    
  0.0000000       0.0000000       0.0000000    
  0.0000000       0.0000000       0.0000000    
  0.0000000       0.0000000       0.0000000    
  0.0000000       0.0000000       0.0000000    
  0.0000000       0.0000000       0.0000000    
  0.0000000       0.0000000       0.0000000    
  0.0000000       0.0000000       0.0000000    
  0.0000000       0.0000000       0.0000000    
  0.0000000       0.0000000       0.0000000    
  0.0000000       0.0000000       0.0000000    
  0.0000000       0.0000000       0.0000000    
  0.0000000       0.0000000       0.0000000    
  0.0000000       0.0000000       0.0000000    
  0.0000000       0.0000000       0.0000000    
  0.0000000       0.0000000       0.0000000    
  0.0000000       0.0000000       0.0000000    
  0.0000000       0.0000000       0.0000000    
  0.0000000       0.0000000       0.0000000    
  0.0000000       0.0000000       0.0000000    
  0.0000000       0.0000000       0.0000000    
  0.0000000       0.0000000       0.0000000    
  0.0000000       0.0000000       0.0000000    
  0.0000000       0.0000000       0.0000000    
  0.0000000       0.0000000       0.0000000    
  0.0000000       0.0000000       0.0000000    
  0.0000000       0.0000000       0.0000000    
  0.0000000       0.0000000       0.0000000    
  0.0000000       0.0000000       0.0000000    
  0.0000000       0.0000000       0.0000000    
  0.0000000       0.0000000       0.0000000    
SCALARS Msign int 
LOOKUP_TABLE default
        0
        0
        0
        0
        0
        0
        0
        0
        0
        0
        0
        0
        0
        0
        0
        0
        0
        0
        0
        0
        0
        0
        0
        0
        0
        0
        0
        0
        0
        0
        0
        0
        0
        0
        0
        0
        0
        0
        0
        0
        0
        0
        0
        0
        0
        0
        0
        0
        0
        0
        0
        0
        0
        0
        0
        0
        0
        0
        0
        0
        0
        0
        0
        0
        0
        0
        0
        0
        0
        0
        0
        0
        0
        0
        0
        0
        0
        0
        0
        0
        0
        0
        0
        0
        0
        0
        0
        0
        0
        0
        0
        0
        0
        0
        0
        0
        0
        0
        0
        0
        0
        0
        0
        0
        0
        0
        0
        0
        0
        0
        0
        0
        0
        0
        0
        0
        0
        0
        0
        0
        0
        0
        0
        0
        0
        0
        0
        0
        0
        0
        0
        0
        0
        0
        0
        0
        0
        0
        0
        0
        0
        0
        0
        0
        0
        0
        0
        0
        0
        0
        0
        0
        0
        0
        0
        0
        0
        0
        0
        0
        0
        0
        0
        0
        0
        0
        0
        0
        0
        0
        0
        0
        0
        0
        0
        0
        0
        0
        0
        0
        0
        0
        0
        0
        0
        0
        0
        0
        0
        0
        0
        0
        0
        0
        0
        0
        0
        0
        0
        0
        0
        0
        0
        0
        0
        0
        0
        0
        0
        0
        0
        0
        0
        0
        0
        0
        0
        0
        0
        0
        0
        0
        0
        0
        0
        0
        0
        0
        0
        0
        0
        0
        0
        0
        0
        0
        0
        0
        0
        0
        0
        0
        0
        0
        0
        0
        0
        0
        0
        0
        0
        0
        0
        0
        0
        0
        0
        0
        0
        0
        0
        0
        0
        0
        0
        0
        0
        0
        0
        0
        0
        0
        0
        0
        0
        0
        0
        0
        0
        0
        0
        0
        0
        0
        0
        0
        0
        0
        0
        0
        0
        0
        0
        0
        0
        0
        0
        0
        0
        0
        0
        0
        0
        0
        0
        0
        0
        0
        0
        0
        0
        0
        0
        0
        0
        0
        0
        0
        0
        0
        0
        0
        0
        0
        0
        0
        0
        0
        0
        0
        0
        0
        0
        0
        0
        0
        0
        0
        0
        0
        0
        0
        0
        0
        0
        0
        0
        0
        0
        0
        0
        0
        0
        0
        0
        0
        0
        0
        0
        0
        0
        0
        0
        0
        0
        0
        0
        0
        0
        0
        0
        0
        0
        0
        0
        0
        0
        0
        0
        0
        0
        0
        0
        0
        0
        0
        0
        0
        0
        0
        0
        0
        0
        0
        0
        0
        0
        0
        0
        0
        0
        0
        0
        0
        0
        0
        0
        0
        0
        0
        0
        0
        0
        0
        0
        0
        0
        0
        0
        0
        0
        0
        0
        0
        0
        0
        0
        0
        0
        0
        0
        0
        0
        0
        0
        0
        0
        0
        0
        0
        0
