Zeta grid
       1
 0.00000000E+00

R grid
71
4.163179453514585404e+00
4.222216790462971048e+00
4.281248224267976354e+00
4.340279658072982549e+00
4.399311091877987856e+00
4.458342525682993163e+00
4.517373959487998469e+00
4.576405393293003776e+00
4.635436827098009083e+00
4.694468260903014389e+00
4.753499694708019696e+00
4.812531128513025003e+00
4.871562562318030309e+00
4.930593996123035616e+00
4.989625429928040923e+00
5.048656863733046229e+00
5.107688297538052424e+00
5.166719731343057731e+00
5.225751165148063038e+00
5.284782598953068344e+00
5.343814032758073651e+00
5.402845466563078070e+00
5.461876900368083376e+00
5.520908334173088683e+00
5.579939767978093990e+00
5.638971201783100184e+00
5.698002635588105491e+00
5.757034069393110798e+00
5.816065503198116104e+00
5.875096937003121411e+00
5.934128370808126718e+00
5.993159804613132913e+00
6.052191238418138219e+00
6.111222672223143526e+00
6.170254106028148833e+00
6.229285539833154139e+00
6.288316973638159446e+00
6.347348407443164753e+00
6.406379841248170059e+00
6.465411275053175366e+00
6.524442708858180673e+00
6.583474142663185091e+00
6.642505576468190398e+00
6.701537010273197481e+00
6.760568444078202788e+00
6.819599877883207206e+00
6.878631311688212513e+00
6.937662745493217820e+00
6.996694179298223126e+00
7.055725613103229321e+00
7.114757046908234628e+00
7.173788480713239935e+00
7.232819914518245241e+00
7.291851348323250548e+00
7.350882782128255855e+00
7.409914215933261161e+00
7.468945649738266468e+00
7.527977083543271775e+00
7.587008517348277081e+00
7.646039951153282388e+00
7.705071384958287695e+00
7.764102818763292113e+00
7.823134252568299196e+00
7.882165686373304503e+00
7.941197120178309810e+00
8.000228553983314228e+00
8.059259987788319535e+00
8.118291421593326618e+00
8.177322855398331924e+00
8.236354289203337231e+00
8.295391626151722875e+00
 
Z grid
71
-3.421881893876416392e+00
-3.313778644353477798e+00
-3.205686204074566614e+00
-3.097593763795655875e+00
-2.989501323516744691e+00
-2.881408883237834395e+00
-2.773316442958923211e+00
-2.665224002680012472e+00
-2.557131562401101732e+00
-2.449039122122190992e+00
-2.340946681843279809e+00
-2.232854241564369513e+00
-2.124761801285458329e+00
-2.016669361006547589e+00
-1.908576920727636850e+00
-1.800484480448726110e+00
-1.692392040169815148e+00
-1.584299599890904409e+00
-1.476207159611993447e+00
-1.368114719333082707e+00
-1.260022279054171968e+00
-1.151929838775261006e+00
-1.043837398496350266e+00
-9.357449582174394154e-01
-8.276525179385288977e-01
-7.195600776596177139e-01
-6.114676373807071963e-01
-5.033751971017961235e-01
-3.952827568228855504e-01
-2.871903165439744221e-01
-1.790978762650638767e-01
-7.100543598615274843e-02
3.708700429275779697e-02
1.451794445716683424e-01
2.532718848505794429e-01
3.613643251294900161e-01
4.694567654084011443e-01
5.775492056873117175e-01
6.856416459662227902e-01
7.937340862451333079e-01
9.018265265240444917e-01
1.009918966802954898e+00
1.118011407081866082e+00
1.226103847360776600e+00
1.334196287639687784e+00
1.442288727918598301e+00
1.550381168197509485e+00
1.658473608476420003e+00
1.766566048755330520e+00
1.874658489034241038e+00
1.982750929313152666e+00
2.090843369592063183e+00
2.198935809870973923e+00
2.307028250149884219e+00
2.415120690428796291e+00
2.523213130707706586e+00
2.631305570986617326e+00
2.739398011265527622e+00
2.847490451544439249e+00
2.955582891823349989e+00
3.063675332102260285e+00
3.171767772381171024e+00
3.279860212660082652e+00
3.387952652938993392e+00
3.496045093217903688e+00
3.604137533496814427e+00
3.712229973775724723e+00
3.820322414054636795e+00
3.928414854333547090e+00
4.036507294612457386e+00
4.144610544135396424e+00
 
rad
0.000000000000000000e+00
0.000000000000000000e+00
0.000000000000000000e+00
0.000000000000000000e+00
0.000000000000000000e+00
0.000000000000000000e+00
0.000000000000000000e+00
0.000000000000000000e+00
0.000000000000000000e+00
0.000000000000000000e+00
0.000000000000000000e+00
0.000000000000000000e+00
0.000000000000000000e+00
0.000000000000000000e+00
0.000000000000000000e+00
0.000000000000000000e+00
0.000000000000000000e+00
0.000000000000000000e+00
0.000000000000000000e+00
0.000000000000000000e+00
0.000000000000000000e+00
0.000000000000000000e+00
0.000000000000000000e+00
0.000000000000000000e+00
0.000000000000000000e+00
0.000000000000000000e+00
0.000000000000000000e+00
0.000000000000000000e+00
0.000000000000000000e+00
0.000000000000000000e+00
0.000000000000000000e+00
0.000000000000000000e+00
0.000000000000000000e+00
0.000000000000000000e+00
0.000000000000000000e+00
0.000000000000000000e+00
0.000000000000000000e+00
0.000000000000000000e+00
0.000000000000000000e+00
0.000000000000000000e+00
0.000000000000000000e+00
0.000000000000000000e+00
0.000000000000000000e+00
0.000000000000000000e+00
0.000000000000000000e+00
0.000000000000000000e+00
0.000000000000000000e+00
0.000000000000000000e+00
0.000000000000000000e+00
0.000000000000000000e+00
0.000000000000000000e+00
0.000000000000000000e+00
0.000000000000000000e+00
0.000000000000000000e+00
0.000000000000000000e+00
0.000000000000000000e+00
0.000000000000000000e+00
0.000000000000000000e+00
0.000000000000000000e+00
0.000000000000000000e+00
0.000000000000000000e+00
0.000000000000000000e+00
0.000000000000000000e+00
0.000000000000000000e+00
0.000000000000000000e+00
0.000000000000000000e+00
0.000000000000000000e+00
0.000000000000000000e+00
0.000000000000000000e+00
0.000000000000000000e+00
0.000000000000000000e+00
0.000000000000000000e+00
0.000000000000000000e+00
0.000000000000000000e+00
0.000000000000000000e+00
0.000000000000000000e+00
0.000000000000000000e+00
0.000000000000000000e+00
0.000000000000000000e+00
0.000000000000000000e+00
0.000000000000000000e+00
0.000000000000000000e+00
0.000000000000000000e+00
0.000000000000000000e+00
0.000000000000000000e+00
0.000000000000000000e+00
0.000000000000000000e+00
0.000000000000000000e+00
0.000000000000000000e+00
0.000000000000000000e+00
0.000000000000000000e+00
0.000000000000000000e+00
0.000000000000000000e+00
0.000000000000000000e+00
0.000000000000000000e+00
0.000000000000000000e+00
0.000000000000000000e+00
0.000000000000000000e+00
0.000000000000000000e+00
0.000000000000000000e+00
0.000000000000000000e+00
0.000000000000000000e+00
0.000000000000000000e+00
0.000000000000000000e+00
0.000000000000000000e+00
0.000000000000000000e+00
0.000000000000000000e+00
0.000000000000000000e+00
0.000000000000000000e+00
0.000000000000000000e+00
0.000000000000000000e+00
0.000000000000000000e+00
0.000000000000000000e+00
0.000000000000000000e+00
0.000000000000000000e+00
0.000000000000000000e+00
0.000000000000000000e+00
0.000000000000000000e+00
0.000000000000000000e+00
0.000000000000000000e+00
0.000000000000000000e+00
0.000000000000000000e+00
0.000000000000000000e+00
0.000000000000000000e+00
0.000000000000000000e+00
0.000000000000000000e+00
0.000000000000000000e+00
0.000000000000000000e+00
0.000000000000000000e+00
0.000000000000000000e+00
0.000000000000000000e+00
0.000000000000000000e+00
0.000000000000000000e+00
0.000000000000000000e+00
0.000000000000000000e+00
0.000000000000000000e+00
0.000000000000000000e+00
0.000000000000000000e+00
0.000000000000000000e+00
0.000000000000000000e+00
0.000000000000000000e+00
0.000000000000000000e+00
0.000000000000000000e+00
0.000000000000000000e+00
0.000000000000000000e+00
0.000000000000000000e+00
0.000000000000000000e+00
0.000000000000000000e+00
0.000000000000000000e+00
0.000000000000000000e+00
0.000000000000000000e+00
0.000000000000000000e+00
0.000000000000000000e+00
0.000000000000000000e+00
0.000000000000000000e+00
0.000000000000000000e+00
0.000000000000000000e+00
0.000000000000000000e+00
0.000000000000000000e+00
0.000000000000000000e+00
6.008411354023916647e+04
5.848175450512750831e+04
5.977366696939049871e+04
6.370436497289863473e+04
0.000000000000000000e+00
0.000000000000000000e+00
0.000000000000000000e+00
0.000000000000000000e+00
0.000000000000000000e+00
0.000000000000000000e+00
0.000000000000000000e+00
0.000000000000000000e+00
0.000000000000000000e+00
0.000000000000000000e+00
0.000000000000000000e+00
0.000000000000000000e+00
0.000000000000000000e+00
0.000000000000000000e+00
0.000000000000000000e+00
0.000000000000000000e+00
0.000000000000000000e+00
0.000000000000000000e+00
0.000000000000000000e+00
0.000000000000000000e+00
0.000000000000000000e+00
0.000000000000000000e+00
0.000000000000000000e+00
0.000000000000000000e+00
0.000000000000000000e+00
0.000000000000000000e+00
0.000000000000000000e+00
0.000000000000000000e+00
0.000000000000000000e+00
0.000000000000000000e+00
0.000000000000000000e+00
0.000000000000000000e+00
0.000000000000000000e+00
0.000000000000000000e+00
0.000000000000000000e+00
0.000000000000000000e+00
0.000000000000000000e+00
0.000000000000000000e+00
0.000000000000000000e+00
0.000000000000000000e+00
0.000000000000000000e+00
0.000000000000000000e+00
0.000000000000000000e+00
0.000000000000000000e+00
0.000000000000000000e+00
0.000000000000000000e+00
0.000000000000000000e+00
0.000000000000000000e+00
0.000000000000000000e+00
0.000000000000000000e+00
0.000000000000000000e+00
0.000000000000000000e+00
0.000000000000000000e+00
0.000000000000000000e+00
0.000000000000000000e+00
0.000000000000000000e+00
0.000000000000000000e+00
0.000000000000000000e+00
0.000000000000000000e+00
0.000000000000000000e+00
0.000000000000000000e+00
0.000000000000000000e+00
0.000000000000000000e+00
0.000000000000000000e+00
0.000000000000000000e+00
5.522528842792989599e+04
4.109044104772018909e+04
3.085045825710127974e+04
3.124398337734756933e+04
3.161416796409540621e+04
3.190414815055668441e+04
3.199842134706314027e+04
4.159808218376524019e+04
5.636137896826805081e+04
0.000000000000000000e+00
0.000000000000000000e+00
0.000000000000000000e+00
0.000000000000000000e+00
0.000000000000000000e+00
0.000000000000000000e+00
0.000000000000000000e+00
0.000000000000000000e+00
0.000000000000000000e+00
0.000000000000000000e+00
0.000000000000000000e+00
0.000000000000000000e+00
0.000000000000000000e+00
0.000000000000000000e+00
0.000000000000000000e+00
0.000000000000000000e+00
0.000000000000000000e+00
0.000000000000000000e+00
0.000000000000000000e+00
0.000000000000000000e+00
0.000000000000000000e+00
0.000000000000000000e+00
0.000000000000000000e+00
0.000000000000000000e+00
0.000000000000000000e+00
0.000000000000000000e+00
0.000000000000000000e+00
0.000000000000000000e+00
0.000000000000000000e+00
0.000000000000000000e+00
0.000000000000000000e+00
0.000000000000000000e+00
0.000000000000000000e+00
0.000000000000000000e+00
0.000000000000000000e+00
0.000000000000000000e+00
0.000000000000000000e+00
0.000000000000000000e+00
0.000000000000000000e+00
0.000000000000000000e+00
0.000000000000000000e+00
0.000000000000000000e+00
0.000000000000000000e+00
0.000000000000000000e+00
0.000000000000000000e+00
0.000000000000000000e+00
0.000000000000000000e+00
0.000000000000000000e+00
0.000000000000000000e+00
0.000000000000000000e+00
0.000000000000000000e+00
0.000000000000000000e+00
0.000000000000000000e+00
0.000000000000000000e+00
0.000000000000000000e+00
0.000000000000000000e+00
0.000000000000000000e+00
0.000000000000000000e+00
0.000000000000000000e+00
0.000000000000000000e+00
0.000000000000000000e+00
5.304946915882864414e+04
3.032557361863214828e+04
1.488273227975284499e+04
1.495008778822772183e+04
1.591772662299203330e+04
1.726045484162619323e+04
1.794890334699255982e+04
1.788178316530015582e+04
1.703257571059123075e+04
1.643110377654172771e+04
1.644681389324707561e+04
3.304645395984009519e+04
5.654466893912527303e+04
0.000000000000000000e+00
0.000000000000000000e+00
0.000000000000000000e+00
0.000000000000000000e+00
0.000000000000000000e+00
0.000000000000000000e+00
0.000000000000000000e+00
0.000000000000000000e+00
0.000000000000000000e+00
0.000000000000000000e+00
0.000000000000000000e+00
0.000000000000000000e+00
0.000000000000000000e+00
0.000000000000000000e+00
0.000000000000000000e+00
0.000000000000000000e+00
0.000000000000000000e+00
0.000000000000000000e+00
0.000000000000000000e+00
0.000000000000000000e+00
0.000000000000000000e+00
0.000000000000000000e+00
0.000000000000000000e+00
0.000000000000000000e+00
0.000000000000000000e+00
0.000000000000000000e+00
0.000000000000000000e+00
0.000000000000000000e+00
0.000000000000000000e+00
0.000000000000000000e+00
0.000000000000000000e+00
0.000000000000000000e+00
0.000000000000000000e+00
0.000000000000000000e+00
0.000000000000000000e+00
0.000000000000000000e+00
0.000000000000000000e+00
0.000000000000000000e+00
0.000000000000000000e+00
0.000000000000000000e+00
0.000000000000000000e+00
0.000000000000000000e+00
0.000000000000000000e+00
0.000000000000000000e+00
0.000000000000000000e+00
0.000000000000000000e+00
0.000000000000000000e+00
0.000000000000000000e+00
0.000000000000000000e+00
0.000000000000000000e+00
0.000000000000000000e+00
0.000000000000000000e+00
0.000000000000000000e+00
0.000000000000000000e+00
0.000000000000000000e+00
0.000000000000000000e+00
0.000000000000000000e+00
5.838805040481025208e+04
3.007762591522805815e+04
1.463371906195345764e+04
1.592662208000830105e+04
1.918316040203402372e+04
1.518660893617799775e+04
1.643105386441770679e+04
1.730726298031614715e+04
1.786620786297381710e+04
1.807328090804685780e+04
1.790873435795747355e+04
2.505598893184548797e+04
2.232695180277698819e+04
1.884188143270566798e+04
1.730553663950519331e+04
3.463700699637672369e+04
6.248752354493462190e+04
0.000000000000000000e+00
0.000000000000000000e+00
0.000000000000000000e+00
0.000000000000000000e+00
0.000000000000000000e+00
0.000000000000000000e+00
0.000000000000000000e+00
0.000000000000000000e+00
0.000000000000000000e+00
0.000000000000000000e+00
0.000000000000000000e+00
0.000000000000000000e+00
0.000000000000000000e+00
0.000000000000000000e+00
0.000000000000000000e+00
0.000000000000000000e+00
0.000000000000000000e+00
0.000000000000000000e+00
0.000000000000000000e+00
0.000000000000000000e+00
0.000000000000000000e+00
0.000000000000000000e+00
0.000000000000000000e+00
0.000000000000000000e+00
0.000000000000000000e+00
0.000000000000000000e+00
0.000000000000000000e+00
0.000000000000000000e+00
0.000000000000000000e+00
0.000000000000000000e+00
0.000000000000000000e+00
0.000000000000000000e+00
0.000000000000000000e+00
0.000000000000000000e+00
0.000000000000000000e+00
0.000000000000000000e+00
0.000000000000000000e+00
0.000000000000000000e+00
0.000000000000000000e+00
0.000000000000000000e+00
0.000000000000000000e+00
0.000000000000000000e+00
0.000000000000000000e+00
0.000000000000000000e+00
0.000000000000000000e+00
0.000000000000000000e+00
0.000000000000000000e+00
0.000000000000000000e+00
0.000000000000000000e+00
0.000000000000000000e+00
0.000000000000000000e+00
0.000000000000000000e+00
0.000000000000000000e+00
0.000000000000000000e+00
3.862872913455682283e+04
1.447387162469936629e+04
1.631758158105201801e+04
2.078720840684120412e+04
1.642416272444355127e+04
1.825310888196694941e+04
1.975889260650711367e+04
2.056094165110755057e+04
2.126726163547958640e+04
2.186833253668680118e+04
2.235207055356934870e+04
2.270878065725521446e+04
2.292551509705756325e+04
2.209737135967108406e+04
2.064241067549767831e+04
2.661160637247303021e+04
2.066477211546523540e+04
1.788922045994561995e+04
5.013853994087578758e+04
0.000000000000000000e+00
0.000000000000000000e+00
0.000000000000000000e+00
0.000000000000000000e+00
0.000000000000000000e+00
0.000000000000000000e+00
0.000000000000000000e+00
0.000000000000000000e+00
0.000000000000000000e+00
0.000000000000000000e+00
0.000000000000000000e+00
0.000000000000000000e+00
0.000000000000000000e+00
0.000000000000000000e+00
0.000000000000000000e+00
0.000000000000000000e+00
0.000000000000000000e+00
0.000000000000000000e+00
0.000000000000000000e+00
0.000000000000000000e+00
0.000000000000000000e+00
0.000000000000000000e+00
0.000000000000000000e+00
0.000000000000000000e+00
0.000000000000000000e+00
0.000000000000000000e+00
0.000000000000000000e+00
0.000000000000000000e+00
0.000000000000000000e+00
0.000000000000000000e+00
0.000000000000000000e+00
0.000000000000000000e+00
0.000000000000000000e+00
0.000000000000000000e+00
0.000000000000000000e+00
0.000000000000000000e+00
0.000000000000000000e+00
0.000000000000000000e+00
0.000000000000000000e+00
0.000000000000000000e+00
0.000000000000000000e+00
0.000000000000000000e+00
0.000000000000000000e+00
0.000000000000000000e+00
0.000000000000000000e+00
0.000000000000000000e+00
0.000000000000000000e+00
0.000000000000000000e+00
0.000000000000000000e+00
0.000000000000000000e+00
0.000000000000000000e+00
5.431936531180384191e+04
2.964565734384994721e+04
1.551178897771354423e+04
1.428025005987954319e+04
1.682824008588935612e+04
1.895894175249802720e+04
1.748235422691193889e+04
1.842478838428040399e+04
1.923307016272469627e+04
1.994916543261980405e+04
2.060702998805306197e+04
2.119601325035886475e+04
2.170501082345065151e+04
2.212384693245957897e+04
2.244169392104975850e+04
2.260430878422463866e+04
2.251360735455943359e+04
2.559796552766759487e+04
2.332486445741086573e+04
2.874135237655081437e+04
2.015898245797981508e+04
3.635465515700952528e+04
6.501871490730213554e+04
0.000000000000000000e+00
0.000000000000000000e+00
0.000000000000000000e+00
0.000000000000000000e+00
0.000000000000000000e+00
0.000000000000000000e+00
0.000000000000000000e+00
0.000000000000000000e+00
0.000000000000000000e+00
0.000000000000000000e+00
0.000000000000000000e+00
0.000000000000000000e+00
0.000000000000000000e+00
0.000000000000000000e+00
0.000000000000000000e+00
0.000000000000000000e+00
0.000000000000000000e+00
0.000000000000000000e+00
0.000000000000000000e+00
0.000000000000000000e+00
0.000000000000000000e+00
0.000000000000000000e+00
0.000000000000000000e+00
0.000000000000000000e+00
0.000000000000000000e+00
0.000000000000000000e+00
0.000000000000000000e+00
0.000000000000000000e+00
0.000000000000000000e+00
0.000000000000000000e+00
0.000000000000000000e+00
0.000000000000000000e+00
0.000000000000000000e+00
0.000000000000000000e+00
0.000000000000000000e+00
0.000000000000000000e+00
0.000000000000000000e+00
0.000000000000000000e+00
0.000000000000000000e+00
0.000000000000000000e+00
0.000000000000000000e+00
0.000000000000000000e+00
0.000000000000000000e+00
0.000000000000000000e+00
0.000000000000000000e+00
0.000000000000000000e+00
0.000000000000000000e+00
0.000000000000000000e+00
3.049034847428878129e+04
1.395325628710336241e+04
1.968321763032115268e+04
1.662513756833468142e+04
1.881427706116884656e+04
1.755071125727744948e+04
1.856645245078829248e+04
2.016658910072144135e+04
2.111309105168332098e+04
2.202094169064589005e+04
2.287341881086230569e+04
2.365577191053194838e+04
2.435466366466876207e+04
2.495764447621478030e+04
2.545090687986751072e+04
2.582090849888374942e+04
2.605932551474195498e+04
2.616993996803844493e+04
2.530041710917422824e+04
2.505746998633624389e+04
2.807584489465855222e+04
2.489567508405873014e+04
2.745867270704904513e+04
1.949671209528227701e+04
5.825880507298548764e+04
0.000000000000000000e+00
0.000000000000000000e+00
0.000000000000000000e+00
0.000000000000000000e+00
0.000000000000000000e+00
0.000000000000000000e+00
0.000000000000000000e+00
0.000000000000000000e+00
0.000000000000000000e+00
0.000000000000000000e+00
0.000000000000000000e+00
0.000000000000000000e+00
0.000000000000000000e+00
0.000000000000000000e+00
0.000000000000000000e+00
0.000000000000000000e+00
0.000000000000000000e+00
0.000000000000000000e+00
0.000000000000000000e+00
0.000000000000000000e+00
0.000000000000000000e+00
0.000000000000000000e+00
0.000000000000000000e+00
0.000000000000000000e+00
0.000000000000000000e+00
0.000000000000000000e+00
0.000000000000000000e+00
0.000000000000000000e+00
0.000000000000000000e+00
0.000000000000000000e+00
0.000000000000000000e+00
0.000000000000000000e+00
0.000000000000000000e+00
0.000000000000000000e+00
0.000000000000000000e+00
0.000000000000000000e+00
0.000000000000000000e+00
0.000000000000000000e+00
0.000000000000000000e+00
0.000000000000000000e+00
0.000000000000000000e+00
0.000000000000000000e+00
0.000000000000000000e+00
0.000000000000000000e+00
0.000000000000000000e+00
5.401626474952913122e+04
1.414844596663219818e+04
1.761376677726835260e+04
1.591864969655300047e+04
1.845337747124038287e+04
1.738007510218338211e+04
1.849978845656659905e+04
2.026888335387867482e+04
2.141353733856371764e+04
2.060952370967710158e+04
2.140064205068414594e+04
2.217592622666154057e+04
2.292699087504768977e+04
2.366252164218382313e+04
2.435207088340883274e+04
2.498381274362017575e+04
2.554884226439611666e+04
2.607287326650422983e+04
2.653246455129966125e+04
2.692360403793007572e+04
2.943198952233249292e+04
2.922805224616092892e+04
2.793782999787396329e+04
2.737479022529585200e+04
3.017261146296484731e+04
2.456769850406858677e+04
2.181484721642775912e+04
4.803444367856744793e+04
0.000000000000000000e+00
0.000000000000000000e+00
0.000000000000000000e+00
0.000000000000000000e+00
0.000000000000000000e+00
0.000000000000000000e+00
0.000000000000000000e+00
0.000000000000000000e+00
0.000000000000000000e+00
0.000000000000000000e+00
0.000000000000000000e+00
0.000000000000000000e+00
0.000000000000000000e+00
0.000000000000000000e+00
0.000000000000000000e+00
0.000000000000000000e+00
0.000000000000000000e+00
0.000000000000000000e+00
0.000000000000000000e+00
0.000000000000000000e+00
0.000000000000000000e+00
0.000000000000000000e+00
0.000000000000000000e+00
0.000000000000000000e+00
0.000000000000000000e+00
0.000000000000000000e+00
0.000000000000000000e+00
0.000000000000000000e+00
0.000000000000000000e+00
0.000000000000000000e+00
0.000000000000000000e+00
0.000000000000000000e+00
0.000000000000000000e+00
0.000000000000000000e+00
0.000000000000000000e+00
0.000000000000000000e+00
0.000000000000000000e+00
0.000000000000000000e+00
0.000000000000000000e+00
0.000000000000000000e+00
0.000000000000000000e+00
0.000000000000000000e+00
0.000000000000000000e+00
2.936101818698849820e+04
1.498093060791689823e+04
1.479937980736171994e+04
1.790366363763063055e+04
1.703298678787743484e+04
1.888468841010370670e+04
2.019563382847189860e+04
1.964762861339868687e+04
2.054617896389663292e+04
2.147761268860854761e+04
2.216151440393631492e+04
2.307075868665031521e+04
2.367306973751543410e+04
2.429159073052957319e+04
2.493323530000754181e+04
2.560504737140179350e+04
2.631407619886754401e+04
2.706717453549677157e+04
2.787077305538104702e+04
2.873062167128331566e+04
2.911001097446603671e+04
2.970678231416213748e+04
2.990679187560421997e+04
3.268886730189608352e+04
3.215068676051817238e+04
3.033271602340243771e+04
2.918376160236825672e+04
2.950422258079669700e+04
2.783277881101105231e+04
3.857441494251626136e+04
0.000000000000000000e+00
0.000000000000000000e+00
0.000000000000000000e+00
0.000000000000000000e+00
0.000000000000000000e+00
0.000000000000000000e+00
0.000000000000000000e+00
0.000000000000000000e+00
0.000000000000000000e+00
0.000000000000000000e+00
0.000000000000000000e+00
0.000000000000000000e+00
0.000000000000000000e+00
0.000000000000000000e+00
0.000000000000000000e+00
0.000000000000000000e+00
0.000000000000000000e+00
0.000000000000000000e+00
0.000000000000000000e+00
0.000000000000000000e+00
0.000000000000000000e+00
0.000000000000000000e+00
0.000000000000000000e+00
0.000000000000000000e+00
0.000000000000000000e+00
0.000000000000000000e+00
0.000000000000000000e+00
0.000000000000000000e+00
0.000000000000000000e+00
0.000000000000000000e+00
0.000000000000000000e+00
0.000000000000000000e+00
0.000000000000000000e+00
0.000000000000000000e+00
0.000000000000000000e+00
0.000000000000000000e+00
0.000000000000000000e+00
0.000000000000000000e+00
0.000000000000000000e+00
0.000000000000000000e+00
5.605204617231961311e+04
1.386560331509038224e+04
1.935803585290085903e+04
1.719810703435230607e+04
1.656893026824962362e+04
1.851146196477659032e+04
1.995427007385152319e+04
1.939927957725799206e+04
2.041187678571975994e+04
2.123049970602959365e+04
2.189665698056289693e+04
2.699707152898343338e+04
2.683779679148814466e+04
2.646504035022185781e+04
2.624959214731377870e+04
2.839503392196230925e+04
2.913150605991885095e+04
2.983723438602016176e+04
3.051180372648865523e+04
3.115500239814259839e+04
3.039928905484659845e+04
3.248087186378201659e+04
3.517625545714144391e+04
3.738465850491570018e+04
3.219792390276918741e+04
3.265156967264656123e+04
3.292429232619758841e+04
3.571964202770155680e+04
3.463572297902024002e+04
3.221313166035916220e+04
3.450401194224662322e+04
3.353415075908821746e+04
4.062202759415554465e+04
0.000000000000000000e+00
0.000000000000000000e+00
0.000000000000000000e+00
0.000000000000000000e+00
0.000000000000000000e+00
0.000000000000000000e+00
0.000000000000000000e+00
0.000000000000000000e+00
0.000000000000000000e+00
0.000000000000000000e+00
0.000000000000000000e+00
0.000000000000000000e+00
0.000000000000000000e+00
0.000000000000000000e+00
0.000000000000000000e+00
0.000000000000000000e+00
0.000000000000000000e+00
0.000000000000000000e+00
0.000000000000000000e+00
0.000000000000000000e+00
0.000000000000000000e+00
0.000000000000000000e+00
0.000000000000000000e+00
0.000000000000000000e+00
0.000000000000000000e+00
0.000000000000000000e+00
0.000000000000000000e+00
0.000000000000000000e+00
0.000000000000000000e+00
0.000000000000000000e+00
0.000000000000000000e+00
0.000000000000000000e+00
0.000000000000000000e+00
0.000000000000000000e+00
0.000000000000000000e+00
0.000000000000000000e+00
0.000000000000000000e+00
0.000000000000000000e+00
2.912324249205866727e+04
1.585553647646083664e+04
1.574415263952682835e+04
1.594867763820809705e+04
1.800796141881300719e+04
1.955685218037501909e+04
1.906468300728842223e+04
1.995028169624133443e+04
2.082077800629584090e+04
2.567206889975742160e+04
2.468438008856631495e+04
2.602952892692607202e+04
2.692217547241722423e+04
2.778150161095188014e+04
3.155942254610643795e+04
3.262472926574385201e+04
3.362322717565725179e+04
3.454628658256883500e+04
3.538527191808861244e+04
3.613166243519425188e+04
3.677705497512064176e+04
3.731255264395951963e+04
3.772802735043536086e+04
3.485870463571848086e+04
3.541152196116417326e+04
3.462277159076373209e+04
3.948825503477967868e+04
3.510371679526713706e+04
3.579515457485138177e+04
3.578166711321908224e+04
3.811911816089987406e+04
3.509161124581947661e+04
3.753418510558052367e+04
3.741428747160749481e+04
4.126896141721348977e+04
0.000000000000000000e+00
0.000000000000000000e+00
0.000000000000000000e+00
0.000000000000000000e+00
0.000000000000000000e+00
0.000000000000000000e+00
0.000000000000000000e+00
0.000000000000000000e+00
0.000000000000000000e+00
0.000000000000000000e+00
0.000000000000000000e+00
0.000000000000000000e+00
0.000000000000000000e+00
0.000000000000000000e+00
0.000000000000000000e+00
0.000000000000000000e+00
0.000000000000000000e+00
0.000000000000000000e+00
0.000000000000000000e+00
0.000000000000000000e+00
0.000000000000000000e+00
0.000000000000000000e+00
0.000000000000000000e+00
0.000000000000000000e+00
0.000000000000000000e+00
0.000000000000000000e+00
0.000000000000000000e+00
0.000000000000000000e+00
0.000000000000000000e+00
0.000000000000000000e+00
0.000000000000000000e+00
0.000000000000000000e+00
0.000000000000000000e+00
0.000000000000000000e+00
0.000000000000000000e+00
5.916748589237596025e+04
1.359874517613267562e+04
1.386841438075364385e+04
1.515677284372376926e+04
1.681783616740443176e+04
1.901245984575597686e+04
1.864745794131061120e+04
1.961644368734062300e+04
2.031808290342470355e+04
2.396995200420656693e+04
2.495718482482597392e+04
2.594247775326640112e+04
2.972195088171429597e+04
3.107414575166209033e+04
3.136126029936328632e+04
3.257284276822130050e+04
3.373681668911973975e+04
3.485059764462152816e+04
3.589506243109526986e+04
3.574328657405094418e+04
3.659681753022211342e+04
3.735789433443550661e+04
3.920745831466255186e+04
3.977420600358895899e+04
4.022516535427809868e+04
4.055252625424142025e+04
4.205185423669093143e+04
4.206071298659637250e+04
3.846615076456026145e+04
3.895346587279043888e+04
4.293492247499924997e+04
3.860359694070355181e+04
3.893123267034379387e+04
4.156749356417962554e+04
3.793981871420719108e+04
4.025081119298448175e+04
3.839339341496559791e+04
4.400287285216386226e+04
0.000000000000000000e+00
0.000000000000000000e+00
0.000000000000000000e+00
0.000000000000000000e+00
0.000000000000000000e+00
0.000000000000000000e+00
0.000000000000000000e+00
0.000000000000000000e+00
0.000000000000000000e+00
0.000000000000000000e+00
0.000000000000000000e+00
0.000000000000000000e+00
0.000000000000000000e+00
0.000000000000000000e+00
0.000000000000000000e+00
0.000000000000000000e+00
0.000000000000000000e+00
0.000000000000000000e+00
0.000000000000000000e+00
0.000000000000000000e+00
0.000000000000000000e+00
0.000000000000000000e+00
0.000000000000000000e+00
0.000000000000000000e+00
0.000000000000000000e+00
0.000000000000000000e+00
0.000000000000000000e+00
0.000000000000000000e+00
0.000000000000000000e+00
0.000000000000000000e+00
0.000000000000000000e+00
0.000000000000000000e+00
0.000000000000000000e+00
2.893800542787641461e+04
1.637919929971129750e+04
1.640812077718313958e+04
1.610925756348697359e+04
1.833845504614909805e+04
1.815601201788038088e+04
1.918125546730085989e+04
2.386203278106846119e+04
2.274151681753249431e+04
2.471751328224427925e+04
2.843598794452767834e+04
2.996886796748109555e+04
3.047846087636861557e+04
3.191205771494424334e+04
3.231233580543256903e+04
3.365726354787677701e+04
3.781051564950486500e+04
3.915806517573229212e+04
4.042874218830127938e+04
4.161602708099169104e+04
4.271267271433689166e+04
4.370891856869764160e+04
4.459463097097357968e+04
4.535919309495177731e+04
4.598710694173300726e+04
4.296540631112729170e+04
4.325968181685993477e+04
4.342591308370209299e+04
4.480112303820526722e+04
4.467247242095418915e+04
4.577278572924373293e+04
4.152703649197657796e+04
4.065618092879936739e+04
4.898618961567962833e+04
4.172148335781227797e+04
4.107314954536049481e+04
4.193950601412412652e+04
4.251653266577030445e+04
3.506394573848665459e+04
6.082048694654144492e+04
0.000000000000000000e+00
0.000000000000000000e+00
0.000000000000000000e+00
0.000000000000000000e+00
0.000000000000000000e+00
0.000000000000000000e+00
0.000000000000000000e+00
0.000000000000000000e+00
0.000000000000000000e+00
0.000000000000000000e+00
0.000000000000000000e+00
0.000000000000000000e+00
0.000000000000000000e+00
0.000000000000000000e+00
0.000000000000000000e+00
0.000000000000000000e+00
0.000000000000000000e+00
0.000000000000000000e+00
0.000000000000000000e+00
0.000000000000000000e+00
0.000000000000000000e+00
0.000000000000000000e+00
0.000000000000000000e+00
0.000000000000000000e+00
0.000000000000000000e+00
0.000000000000000000e+00
0.000000000000000000e+00
0.000000000000000000e+00
0.000000000000000000e+00
0.000000000000000000e+00
6.379420132083327189e+04
1.338904680005635601e+04
1.418481350069253131e+04
1.528365430539880253e+04
1.755643636506903204e+04
1.760068440630794794e+04
1.865689350368388477e+04
2.330017882951822685e+04
2.191024219696388536e+04
2.439272806258235141e+04
2.834821706934356916e+04
2.906438161836789368e+04
3.066639349505818973e+04
3.129519074399064266e+04
3.554621060511531687e+04
3.720756825741459761e+04
3.512068169168715394e+04
3.651157834439007274e+04
3.782640651173985680e+04
3.908683112108669593e+04
4.474734498345445172e+04
4.598628114673930395e+04
4.714691820662467944e+04
4.822101813135866541e+04
4.919974884417656722e+04
5.005910876541118341e+04
4.571738993558884249e+04
4.624546973169493140e+04
4.661368213753474265e+04
5.170267354722329765e+04
5.167890540287458862e+04
4.756159092548744957e+04
4.867569042847982928e+04
4.812653848694254702e+04
4.885783993903985538e+04
4.460738456435890112e+04
5.135330159779907990e+04
4.489455315026673634e+04
4.384137157256549108e+04
4.285116911021124542e+04
4.351967636827694514e+04
2.742943071095052801e+04
0.000000000000000000e+00
0.000000000000000000e+00
0.000000000000000000e+00
0.000000000000000000e+00
0.000000000000000000e+00
0.000000000000000000e+00
0.000000000000000000e+00
0.000000000000000000e+00
0.000000000000000000e+00
0.000000000000000000e+00
0.000000000000000000e+00
0.000000000000000000e+00
0.000000000000000000e+00
0.000000000000000000e+00
0.000000000000000000e+00
0.000000000000000000e+00
0.000000000000000000e+00
0.000000000000000000e+00
0.000000000000000000e+00
0.000000000000000000e+00
0.000000000000000000e+00
0.000000000000000000e+00
0.000000000000000000e+00
0.000000000000000000e+00
0.000000000000000000e+00
0.000000000000000000e+00
0.000000000000000000e+00
0.000000000000000000e+00
0.000000000000000000e+00
3.339983093065204594e+04
1.649265873197267865e+04
1.637615765190758793e+04
1.615138231840754088e+04
1.699272957323488663e+04
1.805637137865330078e+04
2.275087591794388936e+04
2.141309068861616106e+04
2.399337000198284295e+04
2.808474560398987160e+04
2.891761608763853656e+04
2.973817018245064901e+04
3.403915176104237617e+04
3.590316748948715394e+04
3.412737173170013557e+04
3.568775740289221721e+04
4.131347616091468808e+04
4.292365434225452191e+04
4.302194558419500390e+04
4.443811804904968449e+04
4.580533913950911665e+04
4.711625758130647591e+04
4.835984807375225500e+04
4.876635681561296224e+04
5.064146343263325980e+04
5.166196150329386728e+04
5.258598963761266350e+04
5.340865707180396566e+04
5.412305080103105865e+04
5.646471779007999430e+04
5.683283332361534849e+04
5.126006225985533092e+04
5.649571887404267181e+04
5.601529892757708149e+04
5.110949151037608681e+04
5.184169162144690199e+04
5.239611318173487234e+04
4.724820601270247425e+04
5.368073366474546492e+04
4.779432016286438738e+04
5.040869396040558058e+04
4.435935675244662707e+04
3.852307712517254549e+04
4.445454927185974520e+04
0.000000000000000000e+00
0.000000000000000000e+00
0.000000000000000000e+00
0.000000000000000000e+00
0.000000000000000000e+00
0.000000000000000000e+00
0.000000000000000000e+00
0.000000000000000000e+00
0.000000000000000000e+00
0.000000000000000000e+00
0.000000000000000000e+00
0.000000000000000000e+00
0.000000000000000000e+00
0.000000000000000000e+00
0.000000000000000000e+00
0.000000000000000000e+00
0.000000000000000000e+00
0.000000000000000000e+00
0.000000000000000000e+00
0.000000000000000000e+00
0.000000000000000000e+00
0.000000000000000000e+00
0.000000000000000000e+00
0.000000000000000000e+00
0.000000000000000000e+00
0.000000000000000000e+00
0.000000000000000000e+00
1.328797372584727418e+04
1.424687028168118741e+04
1.524668760400278370e+04
1.764721211768009016e+04
1.759486554016975060e+04
1.845844329974594075e+04
2.119918342647725149e+04
2.351613625866455186e+04
2.765514807068917071e+04
2.861240701139082739e+04
2.957027545647640363e+04
3.400655793119493319e+04
3.258205659477656809e+04
3.430114557951500319e+04
3.994359274018072756e+04
4.036492721113171865e+04
4.200566906683287380e+04
4.291589036621309060e+04
4.443766808092831343e+04
4.714525602544492722e+04
4.858630124546781735e+04
4.998541574555561238e+04
5.133662170909185807e+04
5.263307729712387663e+04
5.387185895720912231e+04
5.504812302257791453e+04
5.615159390496513515e+04
5.717769030355835275e+04
5.812090897280783975e+04
5.737817530611858092e+04
5.802942984418944252e+04
5.945247708200118359e+04
5.978540273322956637e+04
6.179706570254480175e+04
5.536253377085302054e+04
6.048742244208051125e+04
5.491861186001016176e+04
5.537551159304183966e+04
5.565641904282542237e+04
4.991222909913191688e+04
5.902052866987926245e+04
5.074603121956141695e+04
5.179888920649747160e+04
4.444490793339752418e+04
3.574875301930784190e+04
0.000000000000000000e+00
0.000000000000000000e+00
0.000000000000000000e+00
0.000000000000000000e+00
0.000000000000000000e+00
0.000000000000000000e+00
0.000000000000000000e+00
0.000000000000000000e+00
0.000000000000000000e+00
0.000000000000000000e+00
0.000000000000000000e+00
0.000000000000000000e+00
0.000000000000000000e+00
0.000000000000000000e+00
0.000000000000000000e+00
0.000000000000000000e+00
0.000000000000000000e+00
0.000000000000000000e+00
0.000000000000000000e+00
0.000000000000000000e+00
0.000000000000000000e+00
0.000000000000000000e+00
0.000000000000000000e+00
0.000000000000000000e+00
0.000000000000000000e+00
4.184731843804778327e+04
1.611309714924034415e+04
1.410458731504086609e+04
1.663027727400613003e+04
1.688711728349315308e+04
1.800080811417638688e+04
2.122429207767175467e+04
2.296155881352553843e+04
2.707699302576100308e+04
2.814416252835704290e+04
2.922854766216505232e+04
3.375810202360562107e+04
3.243451959190551861e+04
3.804031824133864575e+04
3.867634241525240213e+04
4.046293871324422071e+04
4.153594058131826023e+04
4.434940571913633175e+04
4.598449810326372244e+04
4.639378133442257968e+04
4.790276742307361565e+04
5.252112115250250645e+04
5.402670783584776655e+04
5.549570105615782086e+04
5.692329125963628758e+04
5.830422786593895580e+04
5.963692579454540100e+04
6.091381324149194552e+04
6.213087152774655260e+04
6.328352729849733441e+04
6.048368520043597528e+04
6.137957717335225607e+04
6.374656586860013340e+04
6.440667452401177434e+04
6.316054619481383997e+04
6.438601202389196260e+04
6.649617749957846536e+04
6.600156647863006219e+04
6.470657479796723783e+04
5.843253274124339077e+04
5.854797411816177919e+04
5.845041566681049153e+04
5.260571575272535119e+04
5.313624924099248165e+04
5.252189159965032013e+04
5.011615398925540649e+04
4.286191537593809335e+04
5.250645381286309566e+04
0.000000000000000000e+00
0.000000000000000000e+00
0.000000000000000000e+00
0.000000000000000000e+00
0.000000000000000000e+00
0.000000000000000000e+00
0.000000000000000000e+00
0.000000000000000000e+00
0.000000000000000000e+00
0.000000000000000000e+00
0.000000000000000000e+00
0.000000000000000000e+00
0.000000000000000000e+00
0.000000000000000000e+00
0.000000000000000000e+00
0.000000000000000000e+00
0.000000000000000000e+00
0.000000000000000000e+00
0.000000000000000000e+00
0.000000000000000000e+00
0.000000000000000000e+00
0.000000000000000000e+00
0.000000000000000000e+00
1.332747720655352350e+04
1.398247978320065886e+04
1.506794386561572355e+04
1.757139713024697994e+04
1.732905724086811097e+04
2.144725935984561511e+04
2.233595429180915380e+04
2.635782955988297908e+04
2.752074726666857896e+04
2.871357345705034095e+04
3.330983259598942823e+04
3.211018137378331448e+04
3.776811786027998460e+04
3.847075017751214909e+04
3.970647291789265000e+04
4.259659737114603922e+04
4.325704061129832553e+04
4.491894100122009695e+04
4.949924852780061337e+04
5.116481586018201779e+04
4.997357787426980940e+04
5.148651794938382955e+04
5.566748341663222527e+04
5.719124257444868272e+04
5.868153747587453836e+04
6.013624080069980846e+04
6.154964770192620199e+04
6.291223277287877136e+04
6.422929235223016440e+04
6.549303405240562279e+04
6.346041553571914119e+04
6.454333718311896519e+04
6.924161856698612974e+04
7.020476801309535222e+04
6.676841270339040784e+04
6.906526665516545472e+04
6.948855677341783303e+04
6.776602681634997134e+04
6.861511074579312117e+04
7.017979898481344571e+04
6.195705315379019157e+04
6.144957596901499346e+04
6.116354121104833030e+04
6.057462953167891828e+04
5.771283521540342917e+04
5.649701367926601961e+04
5.749305632641287957e+04
5.514663883997499943e+04
2.851593670991809267e+04
0.000000000000000000e+00
0.000000000000000000e+00
0.000000000000000000e+00
0.000000000000000000e+00
0.000000000000000000e+00
0.000000000000000000e+00
0.000000000000000000e+00
0.000000000000000000e+00
0.000000000000000000e+00
0.000000000000000000e+00
0.000000000000000000e+00
0.000000000000000000e+00
0.000000000000000000e+00
0.000000000000000000e+00
0.000000000000000000e+00
0.000000000000000000e+00
0.000000000000000000e+00
0.000000000000000000e+00
0.000000000000000000e+00
0.000000000000000000e+00
0.000000000000000000e+00
5.378834784173403750e+04
1.507135988446759620e+04
1.382724673146775967e+04
1.644007347785009551e+04
1.669901143251005487e+04
1.763438178906304893e+04
2.163167739345979498e+04
2.549800388712784115e+04
2.674975081221865912e+04
2.803294097909030461e+04
3.266909612762900724e+04
3.511718565558609407e+04
3.609341717543444975e+04
3.749151289679219917e+04
3.939297029781196761e+04
4.232694425330474769e+04
4.305396147175438819e+04
4.762132431039626681e+04
4.674791497550792701e+04
4.838839975655305170e+04
5.255490629935050674e+04
5.426407765649432986e+04
5.804576042567106197e+04
5.977121586389338336e+04
5.936742893272390211e+04
6.096740474134383112e+04
6.252444736899236159e+04
6.403359454796484351e+04
6.549266184803054784e+04
6.689617295563349035e+04
6.823339139651511505e+04
7.195763578454735398e+04
7.319665560822687985e+04
7.434393541810508759e+04
7.269111902215502050e+04
7.012064774467721872e+04
7.099457604013805394e+04
7.579120772840734571e+04
7.179252355102555885e+04
7.391248261985038698e+04
7.192717899668497557e+04
7.258021544685229310e+04
7.390123443723679520e+04
7.160937998100063123e+04
6.376575369582455460e+04
6.507281069586353988e+04
5.749417540981399361e+04
5.881606024898794567e+04
5.756359291715292056e+04
5.321756496497195621e+04
4.295383173793918104e+04
0.000000000000000000e+00
0.000000000000000000e+00
0.000000000000000000e+00
0.000000000000000000e+00
0.000000000000000000e+00
0.000000000000000000e+00
0.000000000000000000e+00
0.000000000000000000e+00
0.000000000000000000e+00
0.000000000000000000e+00
0.000000000000000000e+00
0.000000000000000000e+00
0.000000000000000000e+00
0.000000000000000000e+00
0.000000000000000000e+00
0.000000000000000000e+00
0.000000000000000000e+00
0.000000000000000000e+00
0.000000000000000000e+00
0.000000000000000000e+00
2.780622643580468139e+04
1.330147734032047083e+04
1.475775471296359137e+04
1.588945598080203854e+04
1.715002673130837502e+04
2.022441342115687075e+04
2.451130747334640182e+04
2.585349064188087141e+04
2.719654405918927660e+04
3.184644972380531908e+04
3.095530157548011630e+04
3.546019317375358514e+04
3.693870400817488553e+04
3.995353526292715105e+04
4.084823910026111844e+04
4.539428353452235751e+04
4.473392605876267044e+04
4.646232238725445495e+04
5.063854424769349134e+04
5.442828725466456672e+04
5.439003323935683875e+04
5.619144028397534566e+04
6.092405668851789960e+04
6.275929751285301609e+04
6.455770982200199796e+04
6.484761466735846625e+04
6.652796013541684079e+04
6.816139400818018476e+04
6.974919224207954539e+04
7.128702279133498087e+04
7.277073930710028799e+04
7.418072205563964962e+04
7.723844217172963545e+04
7.853439398893865291e+04
7.585676759037231386e+04
7.689642694140775711e+04
8.057774280396055838e+04
7.848773197965255531e+04
7.545223923497823125e+04
8.041541166841775703e+04
7.604499034056803794e+04
7.811054179407260381e+04
7.575825728733009601e+04
7.610977971569697547e+04
6.923624997579031333e+04
7.383402990152261918e+04
6.727199769414805633e+04
6.593403443497302942e+04
6.807943070489336969e+04
6.145274167627104180e+04
5.756463442224235769e+04
4.261958864999638899e+04
0.000000000000000000e+00
0.000000000000000000e+00
0.000000000000000000e+00
0.000000000000000000e+00
0.000000000000000000e+00
0.000000000000000000e+00
0.000000000000000000e+00
0.000000000000000000e+00
0.000000000000000000e+00
0.000000000000000000e+00
0.000000000000000000e+00
0.000000000000000000e+00
0.000000000000000000e+00
0.000000000000000000e+00
0.000000000000000000e+00
0.000000000000000000e+00
0.000000000000000000e+00
0.000000000000000000e+00
0.000000000000000000e+00
1.332401843878272120e+04
1.538581614475731476e+04
1.608697346415837092e+04
1.642399265482378905e+04
2.077293671509999331e+04
2.149256776330822322e+04
2.564005594020665376e+04
2.623014465265829858e+04
3.085396020469804716e+04
3.014310333485113006e+04
3.467718348727099510e+04
3.623578940810877975e+04
3.929383205742046266e+04
4.026329531835938542e+04
4.482200187482842739e+04
4.424377135985859786e+04
4.837492294444207073e+04
5.217172612024905538e+04
5.231194851753998955e+04
5.698607781210960093e+04
5.897372125481843250e+04
5.958439733723617246e+04
6.146485574363174965e+04
6.244866272710569319e+04
6.423262935312484478e+04
6.725101705908638542e+04
6.900195301815611310e+04
7.071300297725222481e+04
7.238324940801877528e+04
7.400867739849034115e+04
7.558574509573851537e+04
7.711142897991258360e+04
7.709578417643488501e+04
7.846832449819210160e+04
7.976143256478033436e+04
8.209130456938441785e+04
8.508283579699049005e+04
8.608471090376815118e+04
8.272658616059469932e+04
8.634624254951113835e+04
8.385779919517165399e+04
8.486842169288071455e+04
8.007484453806483361e+04
8.196368741731251066e+04
7.911545548988773953e+04
8.151616247863731405e+04
7.102675737534384825e+04
6.920798163634359662e+04
6.984497224803826248e+04
6.095060983858564578e+04
6.470749737346697657e+04
6.356387057368476235e+04
4.962067820401716017e+04
6.598972399858848075e+04
0.000000000000000000e+00
0.000000000000000000e+00
0.000000000000000000e+00
0.000000000000000000e+00
0.000000000000000000e+00
0.000000000000000000e+00
0.000000000000000000e+00
0.000000000000000000e+00
0.000000000000000000e+00
0.000000000000000000e+00
0.000000000000000000e+00
0.000000000000000000e+00
0.000000000000000000e+00
0.000000000000000000e+00
0.000000000000000000e+00
0.000000000000000000e+00
3.728827178891403310e+04
1.220682018129625249e+04
1.430685683078747570e+04
1.553088401203685135e+04
1.679365950600018186e+04
1.941710876070063023e+04
2.446845478047657161e+04
2.593371906852699976e+04
2.970113922530897253e+04
2.918671764341558446e+04
3.486172070426063874e+04
3.538891197473857028e+04
3.849056903538948973e+04
3.953799048934858729e+04
4.410112872717002028e+04
4.360761139467915928e+04
4.778843737251158745e+04
5.164027370675827115e+04
5.187621196503032843e+04
5.661009625013876939e+04
5.737310326024979440e+04
5.855131604547742609e+04
6.163212501815835276e+04
6.356848843352508993e+04
6.877660327173460973e+04
7.078671315745721222e+04
7.090222735608216317e+04
7.281010321588967054e+04
7.467471576395831653e+04
7.648084945271184552e+04
7.822290423885420023e+04
7.989560280922395759e+04
8.149407771938230144e+04
8.301511547187359247e+04
8.671281980620375543e+04
8.815784756364968780e+04
8.527101556847244501e+04
8.653889037862245459e+04
8.606928648361566593e+04
8.829757688582547416e+04
9.119610715919130598e+04
8.744759511746547651e+04
9.104967792502709199e+04
8.822129232091453741e+04
8.907971829666577105e+04
8.373445539113882114e+04
8.306409447392448783e+04
8.300130046711630712e+04
7.490965374376586988e+04
7.299011239530483726e+04
7.112669072727834282e+04
6.455878522947829333e+04
6.829326619393876172e+04
6.701686028556128440e+04
5.342302326634232304e+04
6.615806926921237027e+04
0.000000000000000000e+00
0.000000000000000000e+00
0.000000000000000000e+00
0.000000000000000000e+00
0.000000000000000000e+00
0.000000000000000000e+00
0.000000000000000000e+00
0.000000000000000000e+00
0.000000000000000000e+00
0.000000000000000000e+00
0.000000000000000000e+00
0.000000000000000000e+00
0.000000000000000000e+00
0.000000000000000000e+00
0.000000000000000000e+00
1.291234349482782454e+04
1.456815333253165954e+04
1.556503278993384629e+04
1.602591459758349629e+04
2.031463346240125247e+04
2.121686742777764084e+04
2.471984143873103312e+04
2.625982548692993078e+04
2.808392376323073768e+04
3.372807325757999934e+04
3.494471761556557612e+04
3.755068785096778447e+04
3.867855251991198747e+04
4.324407280934088340e+04
4.284421378634742723e+04
4.880730416313469323e+04
4.920564521062553831e+04
5.388696229056407901e+04
5.480145815937715815e+04
5.610646312860974285e+04
5.923605295035311428e+04
6.435444084577452304e+04
6.651198758074313810e+04
6.693459615490766009e+04
7.146417919354652986e+04
7.376405448796597193e+04
7.500299864692043047e+04
7.719328374288525083e+04
7.930080443389218999e+04
8.130899308916243899e+04
8.320918912060710136e+04
8.499264807321573608e+04
8.665089547244516143e+04
8.817556758187929518e+04
8.956642087038765021e+04
9.209464911914874392e+04
9.331473807803638920e+04
9.141321639591643179e+04
9.504720318636030424e+04
9.164669750189904880e+04
9.098748891003575409e+04
9.318273395763640292e+04
9.604825992677525210e+04
9.187566860119787452e+04
9.197541862668654358e+04
8.782278367569336842e+04
9.289154013551354001e+04
8.903525412949947349e+04
8.675884611514983408e+04
8.713706162560143275e+04
8.263987690925906645e+04
7.419548562037273950e+04
6.661581239271683444e+04
7.127538932723534526e+04
6.946272731721329910e+04
5.307843643424812035e+04
0.000000000000000000e+00
0.000000000000000000e+00
0.000000000000000000e+00
0.000000000000000000e+00
0.000000000000000000e+00
0.000000000000000000e+00
0.000000000000000000e+00
0.000000000000000000e+00
0.000000000000000000e+00
0.000000000000000000e+00
0.000000000000000000e+00
0.000000000000000000e+00
0.000000000000000000e+00
0.000000000000000000e+00
6.268766998570026772e+04
1.480382145277304880e+04
1.365122910609776227e+04
1.637688482467360700e+04
1.639788418557040495e+04
1.901312186271073733e+04
2.416437874616751651e+04
2.496144084864173419e+04
2.964150224369708667e+04
3.244426822062013889e+04
3.379556798029204947e+04
3.551516836128282011e+04
3.769106749358032539e+04
4.225828636417233793e+04
4.195808510121962900e+04
4.789186109059659066e+04
4.837639178294497833e+04
5.307465003148889082e+04
5.406459233142196172e+04
5.543202728774027491e+04
5.861533185727660020e+04
6.381376811895716673e+04
6.443561221960528928e+04
6.911664234427419433e+04
7.070985931682506634e+04
7.324728407857073762e+04
7.871149982750843628e+04
8.125492915112106130e+04
8.141322168010832684e+04
8.370782535273802932e+04
8.588558273377665319e+04
8.793849153471425234e+04
8.985300501744840585e+04
9.162173268367871060e+04
9.323766394443203171e+04
9.469116122250085755e+04
9.870613871988240862e+04
9.986857460002398875e+04
9.711125448187868460e+04
9.931036374547722517e+04
9.681236513320049562e+04
1.003709124072560808e+05
9.656472113649288076e+04
9.569393901635275688e+04
9.780316071472072508e+04
1.005437413609341311e+05
9.928852445688843727e+04
9.581166672367976571e+04
9.643774407391609566e+04
9.250609428726768238e+04
8.878637576669332338e+04
9.058590473162349372e+04
8.581413906479474099e+04
7.676041690878648660e+04
6.866007042539733811e+04
7.348516718299798958e+04
7.072265665902606270e+04
6.998896862040535780e+04
0.000000000000000000e+00
0.000000000000000000e+00
0.000000000000000000e+00
0.000000000000000000e+00
0.000000000000000000e+00
0.000000000000000000e+00
0.000000000000000000e+00
0.000000000000000000e+00
0.000000000000000000e+00
0.000000000000000000e+00
0.000000000000000000e+00
0.000000000000000000e+00
0.000000000000000000e+00
3.068975837599750957e+04
1.271629121230276542e+04
1.437682672835008088e+04
1.550727474108172828e+04
1.986420260765744388e+04
2.078930781172637944e+04
2.432953467810024813e+04
2.598531192112877397e+04
2.790157258077931692e+04
3.359741815939269145e+04
3.431474604867808375e+04
3.750202105956675223e+04
4.114063886580274266e+04
4.095456641157203558e+04
4.683004874787512381e+04
4.739641171581127128e+04
5.209751791984430747e+04
5.316365877641738189e+04
5.563978247469495545e+04
6.073101989990250149e+04
6.147971860862772155e+04
6.613005098887789063e+04
6.794283093800884672e+04
7.345874315769289387e+04
7.635205473199726839e+04
7.703257917940973130e+04
8.321543721164071758e+04
8.598190982437689672e+04
8.737162114069462405e+04
8.990155312143370975e+04
9.231270436454868468e+04
9.457755019054158765e+04
1.011294811462705984e+05
9.858113362131112081e+04
1.002984486984102550e+05
1.018567130081648356e+05
1.047655958654028509e+05
1.059762285759231745e+05
1.025682517605136818e+05
1.033851366494350805e+05
1.069866539352181280e+05
1.035068795485913288e+05
1.054198052616358618e+05
1.053964062916660041e+05
1.012193222414119227e+05
1.001082838029417471e+05
1.043331418406153971e+05
9.947086941100064723e+04
9.918720968388044275e+04
9.975887494060726021e+04
9.333919471359616728e+04
9.180941178516646323e+04
9.354463701284452691e+04
8.835885459755701595e+04
7.871884677742680651e+04
7.071109906128338480e+04
7.474567854560969863e+04
6.839684459891958977e+04
4.682175730190616014e+04
0.000000000000000000e+00
0.000000000000000000e+00
0.000000000000000000e+00
0.000000000000000000e+00
0.000000000000000000e+00
0.000000000000000000e+00
0.000000000000000000e+00
0.000000000000000000e+00
0.000000000000000000e+00
0.000000000000000000e+00
0.000000000000000000e+00
0.000000000000000000e+00
1.267950529984177592e+04
1.460738630072692831e+04
1.556142077333066300e+04
1.580351420571395283e+04
1.899731227412023145e+04
2.357843204044404047e+04
2.447926805837673601e+04
2.921128645160471206e+04
3.208943769939037520e+04
3.350776422315811942e+04
3.622621511118020135e+04
3.749568406117516133e+04
3.983087549868501083e+04
4.399133143856234528e+04
4.627337375303718727e+04
5.096317653433718078e+04
5.210233993169957103e+04
5.462317854859875661e+04
5.972824276482986170e+04
6.059936372337366629e+04
6.541492310488911608e+04
6.742309701113316987e+04
7.313659498757208348e+04
7.414233088721052627e+04
8.049336729832920537e+04
8.238462813204545819e+04
8.936645162484103639e+04
9.247065900758898351e+04
9.495516485659814498e+04
9.780126096213870915e+04
1.004748401312520000e+05
1.029695762397098588e+05
1.110985098644167883e+05
1.073868643885223573e+05
1.092879468884806993e+05
1.109675526560780418e+05
1.124034075818403944e+05
1.142313494754431449e+05
1.101585470733601687e+05
1.109519690086026822e+05
1.132601247255656635e+05
1.090267650887606578e+05
1.124216718511248037e+05
1.084038486956245324e+05
1.065324705458553799e+05
1.100366433431710902e+05
1.035420487023846799e+05
1.055158062921047822e+05
1.028149657123603101e+05
1.024199170411123778e+05
9.736617290815339948e+04
9.616684978636045707e+04
9.444647111349759507e+04
9.594570711312742787e+04
9.016322519893206481e+04
7.997644157770236779e+04
7.235067978236412455e+04
7.591434334737985046e+04
6.689091943680848635e+04
5.948106730748266273e+04
0.000000000000000000e+00
0.000000000000000000e+00
0.000000000000000000e+00
0.000000000000000000e+00
0.000000000000000000e+00
0.000000000000000000e+00
0.000000000000000000e+00
0.000000000000000000e+00
0.000000000000000000e+00
0.000000000000000000e+00
0.000000000000000000e+00
1.443328482680491834e+04
1.349827227895587748e+04
1.488316201542671843e+04
1.610085446752160715e+04
2.019586681792927266e+04
2.365660931962138056e+04
2.537655417183225291e+04
2.737915348006651038e+04
3.202090252470273845e+04
3.389119591215712717e+04
3.619504461351665668e+04
4.077360813904706447e+04
4.272339112207612925e+04
4.660772273223446973e+04
4.967735676232014521e+04
5.088836657706562983e+04
5.344925478361715068e+04
5.854219338141170010e+04
5.950623726901829650e+04
6.440404562678960792e+04
6.916649583041816368e+04
7.043665436188636522e+04
7.683412473554366443e+04
7.902600755158817628e+04
8.617575015139690368e+04
8.917356746118812589e+04
9.257015643868746702e+04
1.011222543533840362e+05
1.043871336227882566e+05
1.046297984929169324e+05
1.074302310392109357e+05
1.100649840302813100e+05
1.125280587983849400e+05
1.148087647581864730e+05
1.169010712781982438e+05
1.188011890648576955e+05
1.204866452479486616e+05
1.251781557400337915e+05
1.197024292347661394e+05
1.204960496851696225e+05
1.216936813622156915e+05
1.166781952408986399e+05
1.186693934139246558e+05
1.138364535392359248e+05
1.126252716213043022e+05
1.140946534320424398e+05
1.136123371965535189e+05
1.088345606651392882e+05
1.087585810870095156e+05
1.058985990527858521e+05
1.053738230063400551e+05
1.000585264160589722e+05
9.867496552100089320e+04
9.663413151169162302e+04
8.791381155477909488e+04
8.425337334817377268e+04
8.303729828687434201e+04
9.060648155562850297e+04
8.237417646879459789e+04
6.978667943425061821e+04
6.648055518777560792e+04
0.000000000000000000e+00
0.000000000000000000e+00
0.000000000000000000e+00
0.000000000000000000e+00
0.000000000000000000e+00
0.000000000000000000e+00
0.000000000000000000e+00
0.000000000000000000e+00
0.000000000000000000e+00
4.250410332901540096e+04
1.219411961474366763e+04
1.410110616617400046e+04
1.525686132107160120e+04
1.931053482901998723e+04
2.271096742101279597e+04
2.443776701672243507e+04
2.840406176799553214e+04
3.136410476065845796e+04
3.287334266877963091e+04
3.564103330623885995e+04
3.933979506106908229e+04
3.934645667741117359e+04
4.517918392602798849e+04
4.590809059068441275e+04
4.952958926042455278e+04
5.114829305394748371e+04
5.718448480852085049e+04
5.820908996737777488e+04
6.310883673708698188e+04
6.794352087191483588e+04
6.937612405811874487e+04
7.588617011731212551e+04
7.828424200681179354e+04
8.566437716404275852e+04
8.892242723510801443e+04
9.765242156956963299e+04
9.862351561752735870e+04
1.055024511409466941e+05
1.089440740148107579e+05
1.121807669154669711e+05
1.148781288455065223e+05
1.175130646299415821e+05
1.200698321849600907e+05
1.225192170104088291e+05
1.248559027492872847e+05
1.270991536493150925e+05
1.292573796907867363e+05
1.307356001515950920e+05
1.275855113629959815e+05
1.287142878011656285e+05
1.329325719990947109e+05
1.263109219256348588e+05
1.270651803387044783e+05
1.214028995269321895e+05
1.179753961518600408e+05
1.210290496302987449e+05
1.177601415632481803e+05
1.139552564042375016e+05
1.119111332350483426e+05
1.117466252908219467e+05
1.086883294891975820e+05
1.079987481999199808e+05
1.082541592456858489e+05
1.033411681916684465e+05
9.978109220927645219e+04
8.866859477537791827e+04
8.428040966588006995e+04
7.537800886735240056e+04
8.248048989987579989e+04
7.820723344517507940e+04
5.573747640716425667e+04
0.000000000000000000e+00
0.000000000000000000e+00
0.000000000000000000e+00
0.000000000000000000e+00
0.000000000000000000e+00
0.000000000000000000e+00
0.000000000000000000e+00
0.000000000000000000e+00
0.000000000000000000e+00
2.681167206790929049e+04
1.398275917791441498e+04
1.516457964306022586e+04
1.548613477131504806e+04
1.842008092894713263e+04
2.343305444562415141e+04
2.444062595869426150e+04
2.651480583341235251e+04
3.221334888016157493e+04
3.312595491071535798e+04
3.548762586511194968e+04
4.006868489674773446e+04
4.207024184299552144e+04
4.442694036690171197e+04
4.912038794900259381e+04
4.971285283510864247e+04
5.301393346393114916e+04
5.672064525896622217e+04
6.154573997557845723e+04
6.637564596600062214e+04
6.794588709320768248e+04
7.451576644535397645e+04
7.709961475032533053e+04
8.415004194885805191e+04
9.294433902103712899e+04
9.439853813956680824e+04
1.014863197278574662e+05
1.053041050841734395e+05
1.085195158178460115e+05
1.130614822926433553e+05
1.160307033375446917e+05
1.189147447108540073e+05
1.227938697140700242e+05
1.254779528929016378e+05
1.280415452216046106e+05
1.304805343063501059e+05
1.327977078055596212e+05
1.337613763642248232e+05
1.357959721243744716e+05
1.358071477433780383e+05
1.373191260996732744e+05
1.383512084493929578e+05
1.344253354464381409e+05
1.382893294269898324e+05
1.315855483473425556e+05
1.254207715046947123e+05
1.269050270661652321e+05
1.245845095760351396e+05
1.209988006306400348e+05
1.169283433609877393e+05
1.147418559855579952e+05
1.144509385952353332e+05
1.111403372453830380e+05
1.102970280356084259e+05
1.104333589120705728e+05
1.049789943783092749e+05
1.040417777724120824e+05
9.766862037073490501e+04
8.601161889189272188e+04
7.538252178440510761e+04
8.123604096787539311e+04
6.932737625325363479e+04
6.200601120746382367e+04
0.000000000000000000e+00
0.000000000000000000e+00
0.000000000000000000e+00
0.000000000000000000e+00
0.000000000000000000e+00
0.000000000000000000e+00
0.000000000000000000e+00
0.000000000000000000e+00
1.221049834086059309e+04
1.288643694031473387e+04
1.573509664504637294e+04
1.574186246092716283e+04
1.983591110839593239e+04
2.334843816912544207e+04
2.517169196834385002e+04
2.723465151983668693e+04
3.189236699873233010e+04
3.472286520694690262e+04
3.612877621898281359e+04
3.854576577103639283e+04
4.434982031663726229e+04
4.515361547330388566e+04
4.880478229520471359e+04
5.144623842700339446e+04
5.655119271418778953e+04
5.973507665752606408e+04
6.210543025120098901e+04
6.616750899660542200e+04
7.274532197144668316e+04
7.544643822735609137e+04
8.257841436003035051e+04
9.146393052790412912e+04
9.312128756421599246e+04
1.004308860275269253e+05
1.042043560303184640e+05
1.088595242740886752e+05
1.120716321271050256e+05
1.162664235231548373e+05
1.193728177230515721e+05
1.269624314531827840e+05
1.299770524661867530e+05
1.328448721559058176e+05
1.355574067197900731e+05
1.381075454047999228e+05
1.405004896949912945e+05
1.427465880095920875e+05
1.396520728727606474e+05
1.415968905351372669e+05
1.421206622202870785e+05
1.418100160079471243e+05
1.430900876613168512e+05
1.387034433264317049e+05
1.426089378731570905e+05
1.347317431410455902e+05
1.288645103936891974e+05
1.301703162571799912e+05
1.275848907524492388e+05
1.237537833101355936e+05
1.227307041479596082e+05
1.150709528245471447e+05
1.194254151157417509e+05
1.171622935171511199e+05
1.068871800946611475e+05
1.053768694251388224e+05
1.030578505929948733e+05
9.340208199912458076e+04
8.882118584335956257e+04
8.675487960103024670e+04
8.445395912751041760e+04
8.282877909045819251e+04
6.485525776563232648e+04
0.000000000000000000e+00
0.000000000000000000e+00
0.000000000000000000e+00
0.000000000000000000e+00
0.000000000000000000e+00
0.000000000000000000e+00
0.000000000000000000e+00
0.000000000000000000e+00
1.493422058064040175e+04
1.345073794273825479e+04
1.475759869450383849e+04
1.903282001535445670e+04
2.021880473518889266e+04
2.394984254735543800e+04
2.795576674124066267e+04
3.096588399220390056e+04
3.202707259254140808e+04
3.532996949640133244e+04
3.903731008135244338e+04
4.108443521649897593e+04
4.499757974702641513e+04
4.814561039040825563e+04
4.881547401861696562e+04
5.214321802350677899e+04
5.591832229935000214e+04
6.006558983055399585e+04
6.591057284124415310e+04
7.060184971697880246e+04
7.338629079490414006e+04
8.095297199953017116e+04
8.942346831133557134e+04
9.130154720892035402e+04
9.873191819028550526e+04
1.025114422010299604e+05
1.072990407159334427e+05
1.116695779082671652e+05
1.150357519632711192e+05
1.227982231224238785e+05
1.265104151575222641e+05
1.298795546555913315e+05
1.331101697878386767e+05
1.384206830913542653e+05
1.412815893664840551e+05
1.438830740045525890e+05
1.438350038436634641e+05
1.459432083075120754e+05
1.478822228482898790e+05
1.494154986014601600e+05
1.457993194446517155e+05
1.475048472757618874e+05
1.477257702076747082e+05
1.471574708497049287e+05
1.423765728236188588e+05
1.462061418721081864e+05
1.378927909976886585e+05
1.316746957500068820e+05
1.273016771525648364e+05
1.299721478643033333e+05
1.259742516932016297e+05
1.251238537705735507e+05
1.172362619426051388e+05
1.213729377413788025e+05
1.145099629092255054e+05
1.145257452821659826e+05
1.089643117802099005e+05
1.045724974297520530e+05
1.014336316441269155e+05
8.902016516448998300e+04
7.814569792998682533e+04
8.386922615441257949e+04
8.088882747778604971e+04
6.768325752091218601e+04
0.000000000000000000e+00
0.000000000000000000e+00
0.000000000000000000e+00
0.000000000000000000e+00
0.000000000000000000e+00
0.000000000000000000e+00
4.776842917243813281e+04
1.191365611982505288e+04
1.388085711753640862e+04
1.504035881099412654e+04
1.856135760122014108e+04
2.269705002515397427e+04
2.377310458844809182e+04
2.861891469785620211e+04
3.158354401677142232e+04
3.257349480869233594e+04
3.496892025679147628e+04
3.743363495862265700e+04
4.160118513117350085e+04
4.401814589068861824e+04
4.766873623664687329e+04
4.939755372801855265e+04
5.542704676629285677e+04
5.865896596355793736e+04
6.113724779110421514e+04
6.532514332866565383e+04
7.201804149562779639e+04
7.842096377190692874e+04
8.231144403416388377e+04
9.137375111964547250e+04
9.643286944675883569e+04
1.005003285822232428e+05
1.053427019671322632e+05
1.098208062132257764e+05
1.175863545650334272e+05
1.212943450116701861e+05
1.253339532998253999e+05
1.312364463449855684e+05
1.349476594864316576e+05
1.384611143347596517e+05
1.460193202335425012e+05
1.490656701360620209e+05
1.517854489493426227e+05
1.541727480479477090e+05
1.516456230172690703e+05
1.533883943863412132e+05
1.524317601215244213e+05
1.539441816790132434e+05
1.551911514667494921e+05
1.511586292778497154e+05
1.512394639496599266e+05
1.504930808766688569e+05
1.454156143486976216e+05
1.490439983361091872e+05
1.410572518972005637e+05
1.337985205386883463e+05
1.291939645467927330e+05
1.268261500284829963e+05
1.236939257452154416e+05
1.211421698067238030e+05
1.206154616662734334e+05
1.168172686305378302e+05
1.101798538399804820e+05
1.085550002985241590e+05
1.059926576959311496e+05
9.570582150813043700e+04
9.055698626451019663e+04
8.030807603242181358e+04
8.898170158437252394e+04
7.915070519366383087e+04
3.881899185675051558e+04
0.000000000000000000e+00
0.000000000000000000e+00
0.000000000000000000e+00
0.000000000000000000e+00
0.000000000000000000e+00
0.000000000000000000e+00
2.739629398015082552e+04
1.315885533456424673e+04
1.475548989763557438e+04
1.514568800797969016e+04
1.797969985955149605e+04
2.317964422820411710e+04
2.427352325973375991e+04
2.640625296358147534e+04
3.106794919863548057e+04
3.393992186142990977e+04
3.540469851865046803e+04
3.784855209313081286e+04
4.362910716052401403e+04
4.676683780826807197e+04
4.817134356640754413e+04
5.084896033170392184e+04
5.457679074249535188e+04
5.947913402537447109e+04
6.451038639618262823e+04
6.926943370032218809e+04
7.218961243182951875e+04
7.942703016148890310e+04
8.845675956357385439e+04
9.048245214109080553e+04
9.795026080617783009e+04
1.030091318569778086e+05
1.075521557939929189e+05
1.153504432483900018e+05
1.194911329944581375e+05
1.235124757248115493e+05
1.297170973876534554e+05
1.378809711413263285e+05
1.419227074041264423e+05
1.456814187670658866e+05
1.536185022657430090e+05
1.568130160786378838e+05
1.596571382058559102e+05
1.621478249195078388e+05
1.594722370941293775e+05
1.611966473576978606e+05
1.578199848854650627e+05
1.590155366846516845e+05
1.575985625357273675e+05
1.586378137384499423e+05
1.543624840388233133e+05
1.542899349896483473e+05
1.530596203669916722e+05
1.477838860326144495e+05
1.431096892167734914e+05
1.426572819374576793e+05
1.372497608167645813e+05
1.341052606841522211e+05
1.297367267127902596e+05
1.286321464733840548e+05
1.204301035521721205e+05
1.185007808424050017e+05
1.173420196640432841e+05
1.172753858607538132e+05
1.112387530347357242e+05
1.096191227304389613e+05
1.019263580966375594e+05
9.188849272797664162e+04
1.030529310898733820e+05
8.939735198079128168e+04
5.979842110001877154e+04
0.000000000000000000e+00
0.000000000000000000e+00
0.000000000000000000e+00
0.000000000000000000e+00
0.000000000000000000e+00
0.000000000000000000e+00
1.271645026243255052e+04
1.405557278387416227e+04
1.513259666036567614e+04
1.537199580345384493e+04
1.938297833580361112e+04
2.285979571046835554e+04
2.472716332061665889e+04
2.683365428522664297e+04
3.148463074649327245e+04
3.432757505455966748e+04
3.804933688152800460e+04
4.013606420538639941e+04
4.402705903043863509e+04
4.718669366752792121e+04
4.792119838245555002e+04
5.384319141850509186e+04
5.508753881409972382e+04
5.937397588272459689e+04
6.533876343891178840e+04
7.020449565082738991e+04
7.660524340999859851e+04
8.061253050690112286e+04
8.735691885774342518e+04
9.494769282360107172e+04
9.897596251181203115e+04
1.039525416034622467e+05
1.085933990388470556e+05
1.165805800755821838e+05
1.209940712737618160e+05
1.273697027713494754e+05
1.357742469628237304e+05
1.401641781367465155e+05
1.486405454646011640e+05
1.525441984846799169e+05
1.560927121717091650e+05
1.655246155119456816e+05
1.684992488540367922e+05
1.646879921156030032e+05
1.668829718695234333e+05
1.687221685394655215e+05
1.651878255384231743e+05
1.662534393162126653e+05
1.622538122402081499e+05
1.606021128843001497e+05
1.615569827868250723e+05
1.556819380492896598e+05
1.546816862677303434e+05
1.548987078049383417e+05
1.532917339730333479e+05
1.448705621523298323e+05
1.371690646375911601e+05
1.322503206591849739e+05
1.296526005966294324e+05
1.264900005078817485e+05
1.215123674002919433e+05
1.258818590289938293e+05
1.231780668568250112e+05
1.122306211552590830e+05
1.129049856641782389e+05
1.083540566720248753e+05
1.050548002020080894e+05
9.191250310988443380e+04
8.228700697007948474e+04
8.645869664060196374e+04
8.148012784581046435e+04
0.000000000000000000e+00
0.000000000000000000e+00
0.000000000000000000e+00
0.000000000000000000e+00
0.000000000000000000e+00
0.000000000000000000e+00
1.195997699468325482e+04
1.261260419590729362e+04
1.543896015340931808e+04
1.542694045920301869e+04
1.960719568888891445e+04
2.320286690705540241e+04
2.715390273421327583e+04
3.020282632647944774e+04
3.182868061316129752e+04
3.464502439312193746e+04
3.835091018108963181e+04
4.042256192800301505e+04
4.283194556221412495e+04
4.751597164333008550e+04
4.823303502119117184e+04
5.419009397006762447e+04
5.740755072534688225e+04
5.992787409948391723e+04
6.417364420259975304e+04
7.092649632375217334e+04
7.743661155054626579e+04
8.600144483655660588e+04
8.824863662314845715e+04
9.593366502260886773e+04
1.010002051099850796e+05
1.056185828819793387e+05
1.134876297009765403e+05
1.178513720852062397e+05
1.242429922530943004e+05
1.288090016553200257e+05
1.373907003598289739e+05
1.461184777699815168e+05
1.503656838735625788e+05
1.602913530714643130e+05
1.640143828125907457e+05
1.674063877306100039e+05
1.704030065991280135e+05
1.729952389356742497e+05
1.752429731986018887e+05
1.705391896522513707e+05
1.720751352943027159e+05
1.681192192245187180e+05
1.639127166251414164e+05
1.619513474918889988e+05
1.626179418764488073e+05
1.580572393842506281e+05
1.578418731468026817e+05
1.564124650713994051e+05
1.507658280589071801e+05
1.456675174243497022e+05
1.385881280960857985e+05
1.335817889581266791e+05
1.309159238171632460e+05
1.273771927409092168e+05
1.246140219828559202e+05
1.239982120374935621e+05
1.242067860159776465e+05
1.130905765209475794e+05
1.112057249144231755e+05
1.099051463933292398e+05
9.703478686790610664e+04
9.407546701780441799e+04
8.269987141229347617e+04
8.918337998128257459e+04
7.582907695784891257e+04
6.393036565263338707e+04
0.000000000000000000e+00
0.000000000000000000e+00
0.000000000000000000e+00
0.000000000000000000e+00
0.000000000000000000e+00
1.321013238900974102e+04
1.296140853809770488e+04
1.434966463097425367e+04
1.861099179716032813e+04
1.978986968363263077e+04
2.348622191516968087e+04
2.748253209527898798e+04
3.049924079064268517e+04
3.158715292747279091e+04
3.487804176418236602e+04
3.857250634522801556e+04
4.063740148220211267e+04
4.305852186392726435e+04
4.669496566976910253e+04
4.845649619436618377e+04
5.444371349076111801e+04
5.773972973273512616e+04
6.265778279467084212e+04
6.460811797892676987e+04
7.037339743157745397e+04
7.800956447443316574e+04
8.661169672161861672e+04
8.881114358063021791e+04
9.652360960433034052e+04
1.014240042347313429e+05
1.060822770737329556e+05
1.140434587251741759e+05
1.185268948499921098e+05
1.250494191528137453e+05
1.336687512642648653e+05
1.383882056914648856e+05
1.471483396457301569e+05
1.572982192147103196e+05
1.613824803562302841e+05
1.652417552821583813e+05
1.689158006981110084e+05
1.720287854861866217e+05
1.744121298658718297e+05
1.763920860240809561e+05
1.782758562796308252e+05
1.731521869095869479e+05
1.692161405713777058e+05
1.699529770051875385e+05
1.655375132275106153e+05
1.636679064053394541e+05
1.586242202391595056e+05
1.584170117640468525e+05
1.573329748805283743e+05
1.515758249657211418e+05
1.466013498349289293e+05
1.394685869686677761e+05
1.401919025828021113e+05
1.367969772884169361e+05
1.279234295523916953e+05
1.250656646746154875e+05
1.245244765710057545e+05
1.205747150274769956e+05
1.135822715566809638e+05
1.118599325118527777e+05
1.090790277943762339e+05
9.818917453780522919e+04
9.253762755130350706e+04
8.272307231017851154e+04
9.018365538371136063e+04
7.884153649513915298e+04
5.784084858378290664e+04
0.000000000000000000e+00
0.000000000000000000e+00
0.000000000000000000e+00
0.000000000000000000e+00
0.000000000000000000e+00
1.460253290756273054e+04
1.319499157892416952e+04
1.447732872195539858e+04
1.865084827825748653e+04
2.190165703450626825e+04
2.371036717403421426e+04
2.772911368519019015e+04
3.071540220857017266e+04
3.176714058613302404e+04
3.417971271865295421e+04
3.871860629049875570e+04
4.078151217310378706e+04
4.320128805715621274e+04
4.683920774191633973e+04
4.951954451829935715e+04
5.459046150587543525e+04
5.793486830736373668e+04
6.288499791377727524e+04
6.483524343046185822e+04
7.062214142821231508e+04
7.829396274551117676e+04
8.690105244864780980e+04
8.907047946884743578e+04
9.668110181490307150e+04
1.016084984339162329e+05
1.062763638384149672e+05
1.142670595657238300e+05
1.187996088870475360e+05
1.253712461069620767e+05
1.340142393462199543e+05
1.429229685006079089e+05
1.474921474531603162e+05
1.576379786362572631e+05
1.617327898996522708e+05
1.656800412724198250e+05
1.693724527981072897e+05
1.724476549341276404e+05
1.749805846811585361e+05
1.767868210156236601e+05
1.785874229437963222e+05
1.734488442476027412e+05
1.746386335628098459e+05
1.702616458340822428e+05
1.657992667465214327e+05
1.638715995213909773e+05
1.587878527444439824e+05
1.585840634245028486e+05
1.574812316122079210e+05
1.518056672063514998e+05
1.468720204381738731e+05
1.461808261332578550e+05
1.404473445911046292e+05
1.370472181505179324e+05
1.325376117721125192e+05
1.252131245313537947e+05
1.246932975353146903e+05
1.207829879643963795e+05
1.195636034995889495e+05
1.120966029439781996e+05
1.093998937704960990e+05
9.863060650676778459e+04
9.305230757717687811e+04
8.272722250408297987e+04
9.100647764140530489e+04
7.983643484795058612e+04
6.345124499505350832e+04
0.000000000000000000e+00
0.000000000000000000e+00
0.000000000000000000e+00
0.000000000000000000e+00
5.985416640639699472e+04
1.579800546198095617e+04
1.336706734099900495e+04
1.457728591795877401e+04
1.847978672745081712e+04
2.206628786883278008e+04
2.314260476735740667e+04
2.789314396325859343e+04
3.085160626836265146e+04
3.187377236905804602e+04
3.426588977011067618e+04
3.672180055815978267e+04
4.084827067534193338e+04
4.326029476958264422e+04
4.689157093226361030e+04
4.956190185256404220e+04
5.462819931038794311e+04
5.797384515078549157e+04
6.291699109035465517e+04
6.485282477197518165e+04
7.062528683624316182e+04
7.827848043870361289e+04
8.686522986300804769e+04
8.901945375278854044e+04
9.663816664462073823e+04
1.015434382150320744e+05
1.061907680848817981e+05
1.141505911407871172e+05
1.186337264252804598e+05
1.251470529178750148e+05
1.337435571980053792e+05
1.426113845632765151e+05
1.471630509455743013e+05
1.572830692779528326e+05
1.613340073804479907e+05
1.651531317191768321e+05
1.687394039393267012e+05
1.718361977433593711e+05
1.742143867655329523e+05
1.762405307701309503e+05
1.781262949768035614e+05
1.729968982505738968e+05
1.690486106013617828e+05
1.697797217574465321e+05
1.653893250178559101e+05
1.635529491209454136e+05
1.585335032614221855e+05
1.583275200463337533e+05
1.572572637746248220e+05
1.514656712654060684e+05
1.464839200159244938e+05
1.393670595310364151e+05
1.343021294360331958e+05
1.316123879138779303e+05
1.278924559987617540e+05
1.250508018930384715e+05
1.245210465129158547e+05
1.205876139573246182e+05
1.136073748499460926e+05
1.119135976380975917e+05
1.091773740100262803e+05
9.835814762684080051e+04
9.277141938003938412e+04
8.272558552855985181e+04
9.066097060385248915e+04
7.947487072277079278e+04
6.169939661274596438e+04
0.000000000000000000e+00
0.000000000000000000e+00
0.000000000000000000e+00
0.000000000000000000e+00
5.234348543391824933e+04
1.138943263588324407e+04
1.349746990902032849e+04
1.464981714323467713e+04
1.834190847884697359e+04
2.216810459561760945e+04
2.322717883800228446e+04
2.797282113944225421e+04
3.090617649558645280e+04
3.190564436429384659e+04
3.428098652185440005e+04
3.672336762520199409e+04
4.083686796354386024e+04
4.323548337042800995e+04
4.685214754323280795e+04
4.951033196331030922e+04
5.455630728948710021e+04
5.785581687295083975e+04
6.275109136962802586e+04
6.465986039508520480e+04
7.038169196912800544e+04
7.796179545510926982e+04
8.650277157159789931e+04
8.865805101428336638e+04
9.615764210428606020e+04
1.012301077343713259e+05
1.058310436713418312e+05
1.136950949295206083e+05
1.180406472814066801e+05
1.244195274707742064e+05
1.328551518987944582e+05
1.374728879688416200e+05
1.461407320435718866e+05
1.503293860869524942e+05
1.601980904316811648e+05
1.638570830038978020e+05
1.672007868406832567e+05
1.701526384001249389e+05
1.727063066954251844e+05
1.749538366259895847e+05
1.702393645526003675e+05
1.717435546224777063e+05
1.677742113986758923e+05
1.635874014109035779e+05
1.616836680559663801e+05
1.624111563226334110e+05
1.578731950588907057e+05
1.576522947976107826e+05
1.561466619212467049e+05
1.505116023943960899e+05
1.454196301199816226e+05
1.383925546440133476e+05
1.334244095386556000e+05
1.307950052450582589e+05
1.273132501038007613e+05
1.245827281989950570e+05
1.239886342056688736e+05
1.242313396746074432e+05
1.131394171389016701e+05
1.113123646908188093e+05
1.101239414795735502e+05
9.737608987091871677e+04
9.169875202171999263e+04
8.271210767302024760e+04
9.019624299162316311e+04
7.752101150857566972e+04
5.222108402987274894e+04
0.000000000000000000e+00
0.000000000000000000e+00
0.000000000000000000e+00
0.000000000000000000e+00
4.563663389298791299e+04
1.172304546957499224e+04
1.358618896550532918e+04
1.469941102973016314e+04
1.827188117658343617e+04
2.220664271333625948e+04
2.324405814521601860e+04
2.796749693399731041e+04
3.087865612379100639e+04
3.186248549268214992e+04
3.422491535743376153e+04
3.872362843570752011e+04
4.074749042550501326e+04
4.312710276295456424e+04
4.672074159520813555e+04
4.843838073152126890e+04
5.437545416626564111e+04
5.758155927063325362e+04
6.006787615808490955e+04
6.425650981525894895e+04
7.093648811491335800e+04
7.735609458680092939e+04
8.131773617355954775e+04
8.798587592718628002e+04
9.555961814661484095e+04
9.930427819238150551e+04
1.042526844768544543e+05
1.088661899397313537e+05
1.168436182691458525e+05
1.212179379125140695e+05
1.275492649164708273e+05
1.358767678623004176e+05
1.401783172876052558e+05
1.485663740786267153e+05
1.523903625455475412e+05
1.558678784290308540e+05
1.590090373489310732e+05
1.618171736262504710e+05
1.642953126110999438e+05
1.664417984685543925e+05
1.682295665019009029e+05
1.646775356347895868e+05
1.608648377733719826e+05
1.617990471385416458e+05
1.602393149772461911e+05
1.554435116502829478e+05
1.553936291943588876e+05
1.544150385417022044e+05
1.544791848212240729e+05
1.528832383664089430e+05
1.444805738486541086e+05
1.389105468793764012e+05
1.320029675694759353e+05
1.294702903877075587e+05
1.297145783677606669e+05
1.214588716438487754e+05
1.258616960081500438e+05
1.232105042311131838e+05
1.123058112083350861e+05
1.130674413426675892e+05
1.086815538987611508e+05
9.561649309808775433e+04
9.265257880939396273e+04
8.266062025453195383e+04
8.767826400018672575e+04
8.472593397301319055e+04
6.792416159992257599e+04
0.000000000000000000e+00
0.000000000000000000e+00
0.000000000000000000e+00
0.000000000000000000e+00
4.001625877115833282e+04
1.194657409459329392e+04
1.408736453883635113e+04
1.471661403922686804e+04
1.826958494845854511e+04
2.218232219510591676e+04
2.319379407822292706e+04
2.787807877195615947e+04
3.077013229387022875e+04
3.174547077326638100e+04
3.409886814512947603e+04
3.858120841354480945e+04
4.058178059694326657e+04
4.293473821524474624e+04
4.755538643627101555e+04
4.820583468843736046e+04
5.408777662134688580e+04
5.529530482880379714e+04
5.956393963949348836e+04
6.364440730499696656e+04
7.020971569819982687e+04
7.648212002727817162e+04
8.035098643275884388e+04
8.931654265468580707e+04
9.436648085318937956e+04
9.856721222430042690e+04
1.033822840748829185e+05
1.078763855748747301e+05
1.156415921598750137e+05
1.197366237041180430e+05
1.236883909683869279e+05
1.298141118449431233e+05
1.378691400032590900e+05
1.417968798619881272e+05
1.454484157613485586e+05
1.532794034141261363e+05
1.563850821838311676e+05
1.591498592366761295e+05
1.568382297189655364e+05
1.588508112337204511e+05
1.605322787287269603e+05
1.571746764043724397e+05
1.558148507174102706e+05
1.570991573131069017e+05
1.582135188642194262e+05
1.539768496788373450e+05
1.517821218777814065e+05
1.525336433683148643e+05
1.472610111572261958e+05
1.425542770016851136e+05
1.358721476991038362e+05
1.368327111350678897e+05
1.337531474005843629e+05
1.294803937692058098e+05
1.284987026514861500e+05
1.203429809895318322e+05
1.184623269059650920e+05
1.173718775759773125e+05
1.173790782697075629e+05
1.114670456106186175e+05
1.101328944836339069e+05
1.027779844945764780e+05
9.290923854899287107e+04
9.418231316598554258e+04
9.217080564543129003e+04
7.181176033486936649e+04
0.000000000000000000e+00
0.000000000000000000e+00
0.000000000000000000e+00
0.000000000000000000e+00
0.000000000000000000e+00
3.616542683754205791e+04
1.204950882155276668e+04
1.409243057589136879e+04
1.470131010797887393e+04
1.833446624266837898e+04
2.209616312992102030e+04
2.380006431765851812e+04
2.770683437133844200e+04
3.058300737139123521e+04
3.155682481264284070e+04
3.475623202346965991e+04
3.836504351088117983e+04
4.034832583396114205e+04
4.416819973263041175e+04
4.723850406348163961e+04
4.788290847769145330e+04
5.114050046347735770e+04
5.483551531828711450e+04
5.889818884797877399e+04
6.463787896367683425e+04
6.926309187842057145e+04
7.203291543078249379e+04
7.951779057225229917e+04
8.790669325393579493e+04
8.981885222351980337e+04
9.724716678469005274e+04
1.008967033465795394e+05
1.057038129145033017e+05
1.101109569180791586e+05
1.178237464182613039e+05
1.217208541865076695e+05
1.253974639591518644e+05
1.311836532339720579e+05
1.347645691265343339e+05
1.381534153736988665e+05
1.455754323137478204e+05
1.485145722640704480e+05
1.511383939154288382e+05
1.489367759179040440e+05
1.509044253793457756e+05
1.526521725398425187e+05
1.517475574254545791e+05
1.529857093431456597e+05
1.546454845654176606e+05
1.506560540975995245e+05
1.507168546317406581e+05
1.496815963738442515e+05
1.447406410787279019e+05
1.482536243357850180e+05
1.403240914830883848e+05
1.351803988338474592e+05
1.286731515501730319e+05
1.263947112589636235e+05
1.234345183056556853e+05
1.209706412513602991e+05
1.204777389908554906e+05
1.167469180735859118e+05
1.101933435904128564e+05
1.086745460150826548e+05
1.062933298598829133e+05
1.069836597159082885e+05
9.151906286884866131e+04
8.932388070848015195e+04
8.790335731198808935e+04
8.543107039980145055e+04
6.259891346081350639e+04
0.000000000000000000e+00
0.000000000000000000e+00
0.000000000000000000e+00
0.000000000000000000e+00
0.000000000000000000e+00
3.471988618372906785e+04
1.202180480683470705e+04
1.359978090312363747e+04
1.465347874291229891e+04
1.846526306638974347e+04
2.194975033728932613e+04
2.361508922030764006e+04
2.745673515133244291e+04
3.032008289100549518e+04
3.179019691983136727e+04
3.447836691220913781e+04
3.807087590970567544e+04
3.809914104953873903e+04
4.380490900229771069e+04
4.683150466749908810e+04
4.812225488323300669e+04
5.069379564649242093e+04
5.571394444520393154e+04
5.891187466372593917e+04
6.126283342748912401e+04
6.530029222404031316e+04
7.181011114617345447e+04
7.798033659018145408e+04
8.164040761679265415e+04
9.045810213075287174e+04
9.210251998638917576e+04
9.948305523403872212e+04
1.028752898939318256e+05
1.075940950906684884e+05
1.118767106944157858e+05
1.194554082230914064e+05
1.228163803946888947e+05
1.264124524016386567e+05
1.296490994173047657e+05
1.327607253416231542e+05
1.356735558398223657e+05
1.383745182547863224e+05
1.408571014726623252e+05
1.431224179884391197e+05
1.451988235403134022e+05
1.468320227224733680e+05
1.487474516843958991e+05
1.451710661096410186e+05
1.455436042906458024e+05
1.450566671215358365e+05
1.461741433655799774e+05
1.415039489652428601e+05
1.451932273184391088e+05
1.376797012039117399e+05
1.308524655623657600e+05
1.265833097165281797e+05
1.244805840825218911e+05
1.213505906886061566e+05
1.248265778281215462e+05
1.169887546003876487e+05
1.211629387879341521e+05
1.143915346154021681e+05
1.145147616954656260e+05
1.090884491754883347e+05
1.049230053505968972e+05
1.022582565530254069e+05
9.010422275415035256e+04
8.010311827246882604e+04
8.617604757379244256e+04
7.498992028701069648e+04
5.768307535411128629e+04
0.000000000000000000e+00
0.000000000000000000e+00
0.000000000000000000e+00
0.000000000000000000e+00
0.000000000000000000e+00
3.595291562229209376e+04
1.186223314765488249e+04
1.351811631681789549e+04
1.458277749364468218e+04
1.865449020541654318e+04
1.984133929760848696e+04
2.336760225280205123e+04
2.712954704502721870e+04
2.697923494167934768e+04
3.144473466929646747e+04
3.412771193340208265e+04
3.543329336112934834e+04
3.774263919543597876e+04
4.336080460108086118e+04
4.409024610365942499e+04
4.760748335237180436e+04
4.921160677326381119e+04
5.507465085127851489e+04
5.614020344994912739e+04
6.018649180986179272e+04
6.585827804598523653e+04
6.741818874323154159e+04
7.288831324799932190e+04
8.013765892156799964e+04
8.366380965644727985e+04
9.241361537888586463e+04
9.382567487844407151e+04
1.010530468234099098e+05
1.044515235193473491e+05
1.090376211710451753e+05
1.121456078770072781e+05
1.162331218737634190e+05
1.192288136612176750e+05
1.266968573364467302e+05
1.296001652807659120e+05
1.323682080786657461e+05
1.349916050897100940e+05
1.374687932227578131e+05
1.398059128399797191e+05
1.369049520209870825e+05
1.389340201612103265e+05
1.395882054378657194e+05
1.413532385056797066e+05
1.410863488936257781e+05
1.418664194972179248e+05
1.376057767030720715e+05
1.339135682315862796e+05
1.342259571011076623e+05
1.277973947795630665e+05
1.238166564403417287e+05
1.266732907767890865e+05
1.230153518276807154e+05
1.222619608478142909e+05
1.147045771288170363e+05
1.190652808368389378e+05
1.168674239501433185e+05
1.067414188756408548e+05
1.053122865755454404e+05
1.031547840530439280e+05
1.041830512446340144e+05
8.960653158521639125e+04
8.794881662206530746e+04
9.976932435296326003e+04
8.685888358685324783e+04
6.503715510321746842e+04
0.000000000000000000e+00
0.000000000000000000e+00
0.000000000000000000e+00
0.000000000000000000e+00
0.000000000000000000e+00
0.000000000000000000e+00
3.946998401658467628e+04
1.158595075660741531e+04
1.339718766056449385e+04
1.448800340056991627e+04
1.861747673835087699e+04
1.966941033301092102e+04
2.307246898440498626e+04
2.471421448498849713e+04
2.659136311283757459e+04
3.103213080636831364e+04
3.281320887852933083e+04
3.501094610754866881e+04
3.941961867047104897e+04
4.130733226581249619e+04
4.354453711145931447e+04
4.807168860967444925e+04
4.858969621821522014e+04
5.177031887879513670e+04
5.677261165053976583e+04
5.984803676429937332e+04
6.202450004133879702e+04
6.772336382965493249e+04
7.215468829179783643e+04
7.457448500538231747e+04
8.176100571768794907e+04
8.510438670414566877e+04
9.374075829628275824e+04
9.495483536428872321e+04
1.019113816896274802e+05
1.054238464402745885e+05
1.085348177195587486e+05
1.129615181996282627e+05
1.158151587682255777e+05
1.185862374445788155e+05
1.212610850216751278e+05
1.249528516211974347e+05
1.262793321850673383e+05
1.286198691016098892e+05
1.308372913809864549e+05
1.329445568363089405e+05
1.330763563019857975e+05
1.349868739170191402e+05
1.360867688896161853e+05
1.323766586698641186e+05
1.365451115739910456e+05
1.295243530534625897e+05
1.300622756425982225e+05
1.259343078851004393e+05
1.204291968783347256e+05
1.187834724450601352e+05
1.200191704577244236e+05
1.193516884000951541e+05
1.120576263973894092e+05
1.139094524268860114e+05
1.106488300281316915e+05
1.099660334541551565e+05
1.101709411167393409e+05
1.048185945300815511e+05
1.040673898657282989e+05
9.805877901736248168e+04
8.673830292788299266e+04
7.760455159336038923e+04
8.329553481444781937e+04
7.354759255913857487e+04
3.331931991930017830e+04
0.000000000000000000e+00
0.000000000000000000e+00
0.000000000000000000e+00
0.000000000000000000e+00
0.000000000000000000e+00
0.000000000000000000e+00
4.434762499585570913e+04
1.122197655113028668e+04
1.324461950556467673e+04
1.437158812784845941e+04
1.543641099392501746e+04
1.947056745745058652e+04
2.272425341347637368e+04
2.427962509038317876e+04
2.613854572777404974e+04
3.155329458908062588e+04
3.230954081535894511e+04
3.538751919607896707e+04
3.889451734467019560e+04
3.878516800689534284e+04
4.444481252139768912e+04
4.507031193609855836e+04
4.854053128055183333e+04
5.005780568798534659e+04
5.322002166292099719e+04
5.679770542687665147e+04
6.142986694172590796e+04
6.353185758285106567e+04
6.919918827208994480e+04
7.352691669162205653e+04
7.577229722456727177e+04
8.281439657754583459e+04
8.592110221328436455e+04
8.943806539570093446e+04
9.797141762885185017e+04
9.872120690885014483e+04
1.018751484948870057e+05
1.086381308269489673e+05
1.116304531782163540e+05
1.144976676208863792e+05
1.170201662153262587e+05
1.194656100430232327e+05
1.218287643748044356e+05
1.241062813618321670e+05
1.259880742348733475e+05
1.276820371704678837e+05
1.247903338675764826e+05
1.260684907957957621e+05
1.304337772002432903e+05
1.241852126209540002e+05
1.251461274126438948e+05
1.197499542933624034e+05
1.215959206461940339e+05
1.164784887763962906e+05
1.151090586834707938e+05
1.165299157903115847e+05
1.161040719893342321e+05
1.091052985589617747e+05
1.110201995125278772e+05
1.079908329923675337e+05
1.073888928741508716e+05
1.077754610926142777e+05
1.028907423144574859e+05
9.943259024809229595e+04
8.854281305534247076e+04
8.449019059371615003e+04
8.315293104134908936e+04
8.150734304992713442e+04
8.117008410500650643e+04
5.746044351000363531e+04
0.000000000000000000e+00
0.000000000000000000e+00
0.000000000000000000e+00
0.000000000000000000e+00
0.000000000000000000e+00
0.000000000000000000e+00
0.000000000000000000e+00
4.999527063139445818e+04
1.545523568915503165e+04
1.306645317967263873e+04
1.423759794282806979e+04
1.538832826649709750e+04
1.923789695798206594e+04
2.304479854262790468e+04
2.380431993844780300e+04
2.828833574898313236e+04
3.095323941566906069e+04
3.223976739118392288e+04
3.480018875028484035e+04
3.598624078988409019e+04
3.820181752519875590e+04
4.216547482910285180e+04
4.589644418652290915e+04
4.881235728268852108e+04
4.990577714193217253e+04
5.135158141632912157e+04
5.723502747630513477e+04
5.807791451674584823e+04
6.270148132700394490e+04
6.468419053835768136e+04
7.025741670339665143e+04
7.134095399378966249e+04
7.760105029570011538e+04
7.960395807381262421e+04
8.658517770888013183e+04
8.936396187307187938e+04
9.253120546442636987e+04
1.008494791880690318e+05
1.038982271006192750e+05
1.039688050258829171e+05
1.066127179923266813e+05
1.090806608326489077e+05
1.113835086415833794e+05
1.135144683302415651e+05
1.154580393049125996e+05
1.203500261244005815e+05
1.218903538625875080e+05
1.167156874171377422e+05
1.176727922850343748e+05
1.190482726317183260e+05
1.143303363266176020e+05
1.164736616173912189e+05
1.119302350720177637e+05
1.152403984616475500e+05
1.124909347136552678e+05
1.090126020149362885e+05
1.125673366052411002e+05
1.058800086417629063e+05
1.102396283555903938e+05
1.049470146238387388e+05
1.044877243774584786e+05
1.049862754114850104e+05
1.004428061745177110e+05
9.742513201444245351e+04
8.728785395844487357e+04
8.388083786428926396e+04
8.305280756570729136e+04
8.753599663383542793e+04
7.669186028703593183e+04
7.561139962460685638e+04
5.671768215184574365e+04
0.000000000000000000e+00
0.000000000000000000e+00
0.000000000000000000e+00
0.000000000000000000e+00
0.000000000000000000e+00
0.000000000000000000e+00
0.000000000000000000e+00
5.618502161954326584e+04
1.438974115175919542e+04
1.280075568608642425e+04
1.525982855183245920e+04
1.524249476239324395e+04
1.825345591664367748e+04
2.257889810284381747e+04
2.401816901291699469e+04
2.762265854664925428e+04
2.724589365577900389e+04
3.158675064590226975e+04
3.322795150183858641e+04
3.621732977757637127e+04
3.966662399062711484e+04
3.944081714491796447e+04
4.506339253755781829e+04
4.557754293293327646e+04
5.007711114465219725e+04
5.109232646574945829e+04
5.347257477753900457e+04
5.837501287667768338e+04
5.911772295941981429e+04
6.364353707340313849e+04
6.546191783293995104e+04
7.087967881394590950e+04
7.175579134651164350e+04
7.780972835217085958e+04
8.073846060077752918e+04
8.241087530631117988e+04
8.521951240275675082e+04
9.201343284640446655e+04
9.477484990202425979e+04
9.686093932384300570e+04
9.932038434456165123e+04
1.016126925507796841e+05
1.037264277425136243e+05
1.056507872412011930e+05
1.073751323752376775e+05
1.094991574773890607e+05
1.108413308505466994e+05
1.070414421580398484e+05
1.096128211912088300e+05
1.104267008423509105e+05
1.064743463166124420e+05
1.099794680285927752e+05
1.062210040352449141e+05
1.080372648174872156e+05
1.079353261974489869e+05
1.036095870221717341e+05
1.023910560404341377e+05
1.066376840962760180e+05
1.051582630471576849e+05
1.012990702162314847e+05
1.018481263144590339e+05
9.753192365575001168e+04
9.478948935611841443e+04
8.524174690705855028e+04
8.234300946154262056e+04
8.190303498716431204e+04
7.368929796314369014e+04
7.620174858607529313e+04
6.835591954201820772e+04
3.627435125384281127e+04
0.000000000000000000e+00
0.000000000000000000e+00
0.000000000000000000e+00
0.000000000000000000e+00
0.000000000000000000e+00
0.000000000000000000e+00
0.000000000000000000e+00
0.000000000000000000e+00
6.315287644457606075e+04
1.320188094834998628e+04
1.248101861318204465e+04
1.493864859014673857e+04
1.517825051274584075e+04
1.880530161907720685e+04
2.015217555824639931e+04
2.345783020094153835e+04
2.487171201413196468e+04
2.655861660201602353e+04
3.186558489840456969e+04
3.300415964567416813e+04
3.546682209806446917e+04
3.654674530229832453e+04
4.087870396963042731e+04
4.260042544743869803e+04
4.622664207304237789e+04
4.665454617976621375e+04
5.115539729696595896e+04
5.209071823277077056e+04
5.339761452280463709e+04
5.930603779268282960e+04
6.149863745327329525e+04
6.214697087796116102e+04
6.678118520577893651e+04
6.843132210139720701e+04
7.376967098885880841e+04
7.432779319325523102e+04
7.689443033185241802e+04
8.283130399604738341e+04
8.536941074452924659e+04
8.780726497351015860e+04
8.882537783084379043e+04
9.100952510007718229e+04
9.305670886038539174e+04
9.495812244942366669e+04
9.670405334102190682e+04
9.975899281421132036e+04
1.012236138752145926e+05
9.826478129077947233e+04
9.935770890769046673e+04
1.031370460400814191e+05
1.000519129296015453e+05
1.007378233873399004e+05
1.027888773553706123e+05
1.028870387043406081e+05
9.891139286967668158e+04
9.795264868982457847e+04
1.000257401731940045e+05
9.774956364615121856e+04
1.013700278123035241e+05
9.311025004484524834e+04
9.840461253055637644e+04
9.421761322084728454e+04
9.160639946748352668e+04
8.250035517448621977e+04
7.995205733171920292e+04
7.735373031294294924e+04
6.714445287196760182e+04
7.491292238868544518e+04
6.839980658718656923e+04
5.381625286076668272e+04
0.000000000000000000e+00
0.000000000000000000e+00
0.000000000000000000e+00
0.000000000000000000e+00
0.000000000000000000e+00
0.000000000000000000e+00
0.000000000000000000e+00
0.000000000000000000e+00
0.000000000000000000e+00
0.000000000000000000e+00
1.192282209261545177e+04
1.395728506207323335e+04
1.459154310648241517e+04
1.491963967914817295e+04
1.900667700099507420e+04
1.980793558473326266e+04
2.360455958205407660e+04
2.417700576384572196e+04
2.849398414115334162e+04
2.790833339122941834e+04
3.217699328908618918e+04
3.370374393970095116e+04
3.662378720165185223e+04
3.759660758208287734e+04
3.969009303326685767e+04
4.359338481315042009e+04
4.721222732004323188e+04
4.755161086489002628e+04
5.203710016797077697e+04
5.289144827921175602e+04
5.413102705649833661e+04
5.714751148890364857e+04
6.210204293993883766e+04
6.257594533370019053e+04
6.470110881656052516e+04
6.924345016435095749e+04
7.062308318586074165e+04
7.294131427954761602e+04
7.813727420669168350e+04
8.045006043991267506e+04
8.267460669299025903e+04
8.480222866338733002e+04
8.443153817256205366e+04
8.628551857217191719e+04
9.051342982597864466e+04
9.216423026272053539e+04
9.367464432012298494e+04
9.503623820231994614e+04
9.268184699776938942e+04
9.375965879561506154e+04
9.605224049795093015e+04
9.390316132624899910e+04
9.750006820688310836e+04
9.391742091277173313e+04
9.316217293037343188e+04
9.532541630589026317e+04
9.815274350730961305e+04
9.710955621167733625e+04
9.382631568587364745e+04
8.960352815647078387e+04
8.895865738277710625e+04
8.816349980162043357e+04
8.795843676581756154e+04
7.916531864984278218e+04
7.682463291077468602e+04
7.701726832148496760e+04
6.596248812895127048e+04
7.246451526020556048e+04
6.689972854114927759e+04
6.449092797963139310e+04
0.000000000000000000e+00
0.000000000000000000e+00
0.000000000000000000e+00
0.000000000000000000e+00
0.000000000000000000e+00
0.000000000000000000e+00
0.000000000000000000e+00
0.000000000000000000e+00
0.000000000000000000e+00
0.000000000000000000e+00
0.000000000000000000e+00
1.246571149006242376e+04
1.309722064813147335e+04
1.377479456689117069e+04
1.467624083339759818e+04
1.572464455382079541e+04
1.840340489785561658e+04
2.294550022445492868e+04
2.419854789660278038e+04
2.550295979522925700e+04
2.705159194919552829e+04
3.228748970374184864e+04
3.330592092463916197e+04
3.474726089183344448e+04
3.760396594109199941e+04
4.095733886003362568e+04
4.053156723567553854e+04
4.442321002689888701e+04
4.800873305228622485e+04
4.825814117647104285e+04
5.271047989712269191e+04
5.348241731333015196e+04
5.541171513538861473e+04
5.653099817255140078e+04
5.951023526422046416e+04
6.448242038409554516e+04
6.647985207733533753e+04
6.672436291584449646e+04
6.868519635603748611e+04
7.306229345396313875e+04
7.510158021849466604e+04
7.707919378738406522e+04
7.898318670346998260e+04
8.080609151419058617e+04
8.254047203184607497e+04
8.417914867376118491e+04
8.571507574238080997e+04
8.715559360145989922e+04
8.563889846599801967e+04
8.696635411092163122e+04
9.059861946306654136e+04
8.750319058515115466e+04
8.870318760129585280e+04
8.812195253480361134e+04
9.030309574657182384e+04
9.315707589477149304e+04
8.922554017896691221e+04
8.947387935776077211e+04
8.558716789798293030e+04
9.071162833648131345e+04
8.726335232615360292e+04
8.415653339545703784e+04
8.660894827680890739e+04
7.527852009482376161e+04
7.310678127045097062e+04
7.351856931935028115e+04
6.924973942128191993e+04
6.904117815607741068e+04
6.400821743105877249e+04
6.241848723245623842e+04
0.000000000000000000e+00
0.000000000000000000e+00
0.000000000000000000e+00
0.000000000000000000e+00
0.000000000000000000e+00
0.000000000000000000e+00
0.000000000000000000e+00
0.000000000000000000e+00
0.000000000000000000e+00
0.000000000000000000e+00
0.000000000000000000e+00
0.000000000000000000e+00
2.670729646018032872e+04
1.208775891530337867e+04
1.341477707757220378e+04
1.566069964752527630e+04
1.545937455384522946e+04
1.920228871595124656e+04
2.038678186098412698e+04
2.421826606139014984e+04
2.464156904518419833e+04
2.884877435158281151e+04
2.810962037757138751e+04
3.336329793967593287e+04
3.425528370357493986e+04
3.560156772462658409e+04
3.747007733180963987e+04
4.173335626516374032e+04
4.121160731660837337e+04
4.508175060530836345e+04
4.685994055017799838e+04
5.048662129571801779e+04
5.058285721494346217e+04
5.507389435259005404e+04
5.570384821155701502e+04
5.754142260858013469e+04
5.854777600383629760e+04
6.030997560934946523e+04
6.324495279935559665e+04
6.500089660261292011e+04
7.009296774689499580e+04
7.189452672266712761e+04
7.366908484639076050e+04
7.540454840358300135e+04
7.709650607599393697e+04
7.874086265090596862e+04
8.033396531967807095e+04
8.188325286721579323e+04
7.939293842128731194e+04
8.077369172653483110e+04
8.054139755465991038e+04
8.175555853066849522e+04
8.402746043067479332e+04
8.696732653778739041e+04
8.360459286442871962e+04
8.730486941149631457e+04
8.474739236928032187e+04
8.124096754530914768e+04
8.629861062693352869e+04
8.123917902451698319e+04
8.077632904116567806e+04
8.102651012102839013e+04
7.362191089567633753e+04
7.830265019637210935e+04
7.110889264315248874e+04
6.945753845527677913e+04
7.681920336549916829e+04
6.506105473917631025e+04
6.002562320654070209e+04
4.973055164129116019e+04
0.000000000000000000e+00
0.000000000000000000e+00
0.000000000000000000e+00
0.000000000000000000e+00
0.000000000000000000e+00
0.000000000000000000e+00
0.000000000000000000e+00
0.000000000000000000e+00
0.000000000000000000e+00
0.000000000000000000e+00
0.000000000000000000e+00
0.000000000000000000e+00
0.000000000000000000e+00
2.885262584949113807e+04
1.591407125733656540e+04
1.295111851437263431e+04
1.517191769685284635e+04
1.528011351758137971e+04
1.612256793364918485e+04
1.993486828972933290e+04
2.341818779744150743e+04
2.452958810168836862e+04
2.566212513660522018e+04
2.990498222414092015e+04
2.897281485924057415e+04
3.423273033326715813e+04
3.501120860671292758e+04
3.627557660481089988e+04
3.904075074111735739e+04
3.977708814885815809e+04
4.407836755176830775e+04
4.335044748841980618e+04
4.725061699856362247e+04
5.079534333160803362e+04
5.259006758435801748e+04
5.252588994467013981e+04
5.700971218513400527e+04
5.880321496291933727e+04
5.922842594947320322e+04
6.094099951377956313e+04
6.262100978827699146e+04
6.339503535886520694e+04
6.500094515903773572e+04
6.657430770026748360e+04
6.810921610433983733e+04
6.960760065579487127e+04
7.105954073962014809e+04
7.347246334534164635e+04
7.484453627980202145e+04
7.615776876631910272e+04
7.914619400760311692e+04
8.032817036740152980e+04
7.745860340313076449e+04
8.115453398042744084e+04
8.200424119562555279e+04
7.982217308948517893e+04
7.666397574388077192e+04
8.157502502942488354e+04
7.694999229274665413e+04
7.674579591905466805e+04
7.733382351606349403e+04
7.861741129435760377e+04
7.602255390047151013e+04
6.746945610997869517e+04
6.863242143534541538e+04
6.086259622655083513e+04
6.356190515737945680e+04
6.618642498423055804e+04
5.495279800458714453e+04
3.346986340778975136e+04
0.000000000000000000e+00
0.000000000000000000e+00
0.000000000000000000e+00
0.000000000000000000e+00
0.000000000000000000e+00
0.000000000000000000e+00
0.000000000000000000e+00
0.000000000000000000e+00
0.000000000000000000e+00
0.000000000000000000e+00
0.000000000000000000e+00
0.000000000000000000e+00
0.000000000000000000e+00
0.000000000000000000e+00
4.671875818827641342e+04
1.375331239943368382e+04
1.430343469632921915e+04
1.467819710724686956e+04
1.495813159684567108e+04
1.596500994881239967e+04
1.948792748408251282e+04
2.071911245514780967e+04
2.441538357125127004e+04
2.543980000770848710e+04
2.650843410155901438e+04
3.073734673838071831e+04
2.963625288641537554e+04
3.488034041607371910e+04
3.556119018412363948e+04
3.674891043187896139e+04
3.946963164659683389e+04
4.013800748425506026e+04
4.441186276795785670e+04
4.607253216529587371e+04
4.516322841308375791e+04
4.907386920177443244e+04
5.068641766359480243e+04
5.426415668031989480e+04
5.593860646749383159e+04
5.563112869830725685e+04
5.721428116154891177e+04
5.876951758484064339e+04
6.029892287556087103e+04
6.494822318626584456e+04
6.648572129192862485e+04
6.798076911986146297e+04
6.942864640637354751e+04
6.738917953880787536e+04
6.866485221510051633e+04
6.987668861532553274e+04
7.352798265612052637e+04
7.463610495425552654e+04
7.293603128173430741e+04
7.389898151441394293e+04
7.118069817832026456e+04
7.599732315047731390e+04
7.201948189184950024e+04
7.419392917605894036e+04
7.228962667437992059e+04
7.305367825629290019e+04
7.457603146974660922e+04
6.567354219665659184e+04
6.489152508585902251e+04
6.436595567659377411e+04
5.794668728987008217e+04
6.587194442417850951e+04
6.006651389958815707e+04
5.955167241007754637e+04
5.343170016898766335e+04
4.819422365138895839e+04
0.000000000000000000e+00
0.000000000000000000e+00
0.000000000000000000e+00
0.000000000000000000e+00
0.000000000000000000e+00
0.000000000000000000e+00
0.000000000000000000e+00
0.000000000000000000e+00
0.000000000000000000e+00
0.000000000000000000e+00
0.000000000000000000e+00
0.000000000000000000e+00
0.000000000000000000e+00
0.000000000000000000e+00
0.000000000000000000e+00
6.169342794814557419e+04
1.217117467641519579e+04
1.311576852861603402e+04
1.373194989454155620e+04
1.581048501491005845e+04
1.571204793062021417e+04
1.647642188592513412e+04
1.911082311394021599e+04
2.141597952354646623e+04
2.522385378125960415e+04
2.616590620712131931e+04
2.714336284569351119e+04
3.132709577326466388e+04
3.008508720290875135e+04
3.529099028970483050e+04
3.589203534659156867e+04
3.700099821090782643e+04
3.968377885420569510e+04
4.130059264380692184e+04
4.182808573997148051e+04
4.333774412660129747e+04
4.769417302307728096e+04
4.660885267194271728e+04
4.805643301817824249e+04
4.947885983632526040e+04
5.348274813349122996e+04
5.494255523005480791e+04
5.639377887044285308e+04
5.781963498963572783e+04
5.921304078450425004e+04
6.056915565826428065e+04
6.188326793043941143e+04
6.315089274524628127e+04
6.437187117599212070e+04
6.556406296080625907e+04
6.346719093950428214e+04
6.449489027237638948e+04
6.914120669995062053e+04
7.005655367590059177e+04
6.658468391784129199e+04
6.885403332806975232e+04
6.925219802505102416e+04
6.751435916478096624e+04
6.837086997080883884e+04
6.995358490335008537e+04
6.180823126040992065e+04
6.142599027017632034e+04
6.130222390388214262e+04
6.093299883251728897e+04
5.470884295196167659e+04
5.757733403987432393e+04
5.962394326945108332e+04
5.101231215256136056e+04
4.647261977225153532e+04
0.000000000000000000e+00
0.000000000000000000e+00
0.000000000000000000e+00
0.000000000000000000e+00
0.000000000000000000e+00
0.000000000000000000e+00
0.000000000000000000e+00
0.000000000000000000e+00
0.000000000000000000e+00
0.000000000000000000e+00
0.000000000000000000e+00
0.000000000000000000e+00
0.000000000000000000e+00
0.000000000000000000e+00
0.000000000000000000e+00
0.000000000000000000e+00
0.000000000000000000e+00
0.000000000000000000e+00
2.669828161339138023e+04
1.172837052489367125e+04
1.314021237101330189e+04
1.519757511038716984e+04
1.531140718927257512e+04
1.623922384428577607e+04
2.032394302669789249e+04
2.080353920163143630e+04
2.416959469188324510e+04
2.503507397991102698e+04
2.668503773109093891e+04
2.755098732837486750e+04
3.165825733574348124e+04
3.030723576661469997e+04
3.545365186624979833e+04
3.719421306619884854e+04
3.759799148697178316e+04
3.856967121679283446e+04
4.010337608722221194e+04
4.270016830515651964e+04
4.418745802145242487e+04
4.451980654829095147e+04
4.591869064549347240e+04
5.030491992519403721e+04
5.172292107377319189e+04
5.311715099660822307e+04
5.448196482743391243e+04
5.581207257445868890e+04
5.711118395368511119e+04
5.837571479551615630e+04
5.959912423784182465e+04
6.077015265176789399e+04
6.188943510995987890e+04
5.915448810251821124e+04
6.006148491329512763e+04
6.241028247426824964e+04
6.312761071226480999e+04
6.202459963313646585e+04
6.236819045015774464e+04
6.348799120080073772e+04
6.542600993132387521e+04
5.837776054531701084e+04
6.347114214085620188e+04
5.733197903943251004e+04
5.756336142404090788e+04
5.754740451220280374e+04
5.007465096740816080e+04
5.343573918734073959e+04
5.227397585810111195e+04
5.016037330008421122e+04
4.506883817231656576e+04
4.741860624251341505e+04
0.000000000000000000e+00
0.000000000000000000e+00
0.000000000000000000e+00
0.000000000000000000e+00
0.000000000000000000e+00
0.000000000000000000e+00
0.000000000000000000e+00
0.000000000000000000e+00
0.000000000000000000e+00
0.000000000000000000e+00
0.000000000000000000e+00
0.000000000000000000e+00
0.000000000000000000e+00
0.000000000000000000e+00
0.000000000000000000e+00
0.000000000000000000e+00
0.000000000000000000e+00
0.000000000000000000e+00
0.000000000000000000e+00
3.075675294949747331e+04
1.436666454265944412e+04
1.431180924203829818e+04
1.413808511611619542e+04
1.610735930333927354e+04
1.591972486434506754e+04
1.679648612064525150e+04
2.040643230365192721e+04
2.130217083125599675e+04
2.466958741478255615e+04
2.543382536010179683e+04
2.698227723515633988e+04
2.771780315828674065e+04
3.171698232477225247e+04
3.345482930012305587e+04
3.179075395284654587e+04
3.696453065223595331e+04
3.856779638481680013e+04
3.881566782106303435e+04
4.027687150084304449e+04
4.105283131121109909e+04
4.242848031889406411e+04
4.377060932989976573e+04
4.628758837066906563e+04
4.758581101099168154e+04
4.885177960535316379e+04
5.008053952744199341e+04
5.126742240117490292e+04
5.240764595610227116e+04
5.349615665209864528e+04
5.452770497129757860e+04
5.549728821811541275e+04
5.489918661113328562e+04
5.564186804642793140e+04
5.629153501414461061e+04
5.768865547895380587e+04
5.998977732442782144e+04
6.008840471025615989e+04
5.393858036860277207e+04
5.910968706496573577e+04
5.387522696797603567e+04
5.454736254847965756e+04
5.510060317846098042e+04
4.890551801490921207e+04
4.962139527241778706e+04
5.004687948760990548e+04
4.906097099038633314e+04
4.942655461574366200e+04
4.831475419890506600e+04
2.828886301727639511e+04
0.000000000000000000e+00
0.000000000000000000e+00
0.000000000000000000e+00
0.000000000000000000e+00
0.000000000000000000e+00
0.000000000000000000e+00
0.000000000000000000e+00
0.000000000000000000e+00
0.000000000000000000e+00
0.000000000000000000e+00
0.000000000000000000e+00
0.000000000000000000e+00
0.000000000000000000e+00
0.000000000000000000e+00
0.000000000000000000e+00
0.000000000000000000e+00
0.000000000000000000e+00
0.000000000000000000e+00
0.000000000000000000e+00
0.000000000000000000e+00
0.000000000000000000e+00
5.256935778704167751e+04
1.236437954563883795e+04
1.261162038928234142e+04
1.347254045370858876e+04
1.539516227389057713e+04
1.682732435002767306e+04
1.645957326943513544e+04
1.720179708640771423e+04
2.076660007725328978e+04
2.168081928822175178e+04
2.495552362092016483e+04
2.644469042047611947e+04
2.705113621500751105e+04
2.765387234141570661e+04
2.910795204658204966e+04
3.307486856063751475e+04
3.465380371009867667e+04
3.274980578023848648e+04
3.409284944031581836e+04
3.933045593418108911e+04
4.073719174260917498e+04
4.211472496975836111e+04
4.202918702776650025e+04
4.325667456004300038e+04
4.444594280306855944e+04
4.559114902366984461e+04
4.668605556309625536e+04
4.772449595323733229e+04
4.870028770033807086e+04
4.960731916832553543e+04
5.043919604654265277e+04
5.286493800682720030e+04
5.347212241227364575e+04
5.395283747453295655e+04
4.882725030511722434e+04
4.891012187475791870e+04
5.389161918264008273e+04
4.947056548710139032e+04
4.895597134878020006e+04
4.981108816072301124e+04
5.049974344900702272e+04
4.590350856193258369e+04
5.207777197191734012e+04
4.656066709349104349e+04
4.541805410848371685e+04
4.446111490999512898e+04
4.585469179464998160e+04
3.003249581914984810e+04
0.000000000000000000e+00
0.000000000000000000e+00
0.000000000000000000e+00
0.000000000000000000e+00
0.000000000000000000e+00
0.000000000000000000e+00
0.000000000000000000e+00
0.000000000000000000e+00
0.000000000000000000e+00
0.000000000000000000e+00
0.000000000000000000e+00
0.000000000000000000e+00
0.000000000000000000e+00
0.000000000000000000e+00
0.000000000000000000e+00
0.000000000000000000e+00
0.000000000000000000e+00
0.000000000000000000e+00
0.000000000000000000e+00
0.000000000000000000e+00
0.000000000000000000e+00
0.000000000000000000e+00
0.000000000000000000e+00
0.000000000000000000e+00
2.727584909371654430e+04
1.539426976895648841e+04
1.447916885737494340e+04
1.423380551203673531e+04
1.603535276846696979e+04
1.592822138232637371e+04
1.689137798935393221e+04
1.759642322010178032e+04
2.148771007411184110e+04
2.195829918627370353e+04
2.290680905093832189e+04
2.638906419784994432e+04
2.775867209041657406e+04
2.820542286528425393e+04
2.864002118055786923e+04
2.992727847163103070e+04
3.123136064902685393e+04
3.516129182391486393e+04
3.651192443461249059e+04
3.782688583201824076e+04
3.537270674578898615e+04
3.646178914797433390e+04
3.749846707751884969e+04
3.848509347310727753e+04
3.941510044284073228e+04
4.028151483031400130e+04
4.107718165920750471e+04
4.179474880453525111e+04
4.241124452184925030e+04
4.742217373782360664e+04
4.783668835739701171e+04
4.810713493574855966e+04
4.458772229300763865e+04
4.456898124449598981e+04
4.580980930558016553e+04
4.699624333294176904e+04
4.649400172133262822e+04
4.243454234482732863e+04
4.472438710699439252e+04
4.236957932642120431e+04
4.262408581653242436e+04
4.493639605218356883e+04
4.045988861775456462e+04
3.988824799535192869e+04
2.675827430530952552e+04
0.000000000000000000e+00
0.000000000000000000e+00
0.000000000000000000e+00
0.000000000000000000e+00
0.000000000000000000e+00
0.000000000000000000e+00
0.000000000000000000e+00
0.000000000000000000e+00
0.000000000000000000e+00
0.000000000000000000e+00
0.000000000000000000e+00
0.000000000000000000e+00
0.000000000000000000e+00
0.000000000000000000e+00
0.000000000000000000e+00
0.000000000000000000e+00
0.000000000000000000e+00
0.000000000000000000e+00
0.000000000000000000e+00
0.000000000000000000e+00
0.000000000000000000e+00
0.000000000000000000e+00
0.000000000000000000e+00
0.000000000000000000e+00
0.000000000000000000e+00
0.000000000000000000e+00
4.307080650661758409e+04
1.243072127599523810e+04
1.247828196800240585e+04
1.539245203792290158e+04
1.474977341595390862e+04
1.650879335486588388e+04
1.628913178530170080e+04
1.719905229028687972e+04
1.798601257591804097e+04
2.222740848460304187e+04
2.175784308337595940e+04
2.297856157824538604e+04
2.387134870826641418e+04
2.731861211428853130e+04
2.854633529988123337e+04
2.881690575352872111e+04
2.995857503988130338e+04
3.108647924566899019e+04
3.121578379012681398e+04
3.225411084289720748e+04
3.325185302868861618e+04
3.421160658962491289e+04
3.511685425682252389e+04
3.595913802648511046e+04
3.673115730590163730e+04
3.742510305981720012e+04
3.803786427933686355e+04
3.856784119283795008e+04
4.021995644070020353e+04
4.055592332293802610e+04
4.079420030046586908e+04
4.223118522365059471e+04
4.219125312877561373e+04
3.850044547884367057e+04
3.898578541677677276e+04
4.254268019685183390e+04
3.855715129464236816e+04
3.912702294562297902e+04
3.844726193408516701e+04
3.975098735427931388e+04
3.588639887805211038e+04
3.150309886432662825e+04
4.626414027242689917e+04
0.000000000000000000e+00
0.000000000000000000e+00
0.000000000000000000e+00
0.000000000000000000e+00
0.000000000000000000e+00
0.000000000000000000e+00
0.000000000000000000e+00
0.000000000000000000e+00
0.000000000000000000e+00
0.000000000000000000e+00
0.000000000000000000e+00
0.000000000000000000e+00
0.000000000000000000e+00
0.000000000000000000e+00
0.000000000000000000e+00
0.000000000000000000e+00
0.000000000000000000e+00
0.000000000000000000e+00
0.000000000000000000e+00
0.000000000000000000e+00
0.000000000000000000e+00
0.000000000000000000e+00
0.000000000000000000e+00
0.000000000000000000e+00
0.000000000000000000e+00
0.000000000000000000e+00
0.000000000000000000e+00
0.000000000000000000e+00
6.434980084960437671e+04
2.756187328836141023e+04
1.450933286598395716e+04
1.356593241560873139e+04
1.385890903730936770e+04
1.511097516351938975e+04
1.679758151681458912e+04
1.799538480929452999e+04
1.738537604897091296e+04
1.808954955487121333e+04
1.887802617600571830e+04
2.329919370773987612e+04
2.301847631087360060e+04
2.237614067403247464e+04
2.455937647695284613e+04
2.535526899180567125e+04
2.618874598638601674e+04
2.971245054427946889e+04
3.068818456747911478e+04
3.162365257025480605e+04
3.251287778986469857e+04
3.334778870644985000e+04
3.412505237478380150e+04
3.483930387414972211e+04
3.547969660837211995e+04
3.603887187071298831e+04
3.650909436672252195e+04
3.688177385544370918e+04
3.404215603687254043e+04
3.457357049994570843e+04
3.341143769899563631e+04
3.777187644683660619e+04
3.399115859603341960e+04
3.510225077543203224e+04
3.516012321331477870e+04
3.796172560294432333e+04
3.652132228821816534e+04
3.368101428299980762e+04
3.372087406257589464e+04
2.815426588603935670e+04
5.389022597690438852e+04
0.000000000000000000e+00
0.000000000000000000e+00
0.000000000000000000e+00
0.000000000000000000e+00
0.000000000000000000e+00
0.000000000000000000e+00
0.000000000000000000e+00
0.000000000000000000e+00
0.000000000000000000e+00
0.000000000000000000e+00
0.000000000000000000e+00
0.000000000000000000e+00
0.000000000000000000e+00
0.000000000000000000e+00
0.000000000000000000e+00
0.000000000000000000e+00
0.000000000000000000e+00
0.000000000000000000e+00
0.000000000000000000e+00
0.000000000000000000e+00
0.000000000000000000e+00
0.000000000000000000e+00
0.000000000000000000e+00
0.000000000000000000e+00
0.000000000000000000e+00
0.000000000000000000e+00
0.000000000000000000e+00
0.000000000000000000e+00
0.000000000000000000e+00
0.000000000000000000e+00
0.000000000000000000e+00
4.760050035350086546e+04
1.312281905046308748e+04
1.588363529908345117e+04
1.408690383939979620e+04
1.411058746431526197e+04
1.529473760428655442e+04
1.688207574100550119e+04
1.800282416945208024e+04
1.746271846415858090e+04
1.825226936874803505e+04
1.887925380457457504e+04
1.973955324790023224e+04
2.031155874043383301e+04
2.505117386131282547e+04
2.547659842651144936e+04
2.534946764044102019e+04
2.532109684538471993e+04
2.541273103124050613e+04
2.564732843616892933e+04
2.605377645119689259e+04
2.666475433013258953e+04
2.751623171285765056e+04
2.864874079935370537e+04
3.011118711143857945e+04
3.196990521509814425e+04
3.425808864211854234e+04
2.940142443863940935e+04
3.039419788217005043e+04
3.079711447350103481e+04
3.118416520886913713e+04
3.125127916176158396e+04
3.354876507263872918e+04
3.154882199898212275e+04
3.036043634059094984e+04
3.119381792505053454e+04
3.009620241027410520e+04
4.009022598381518765e+04
0.000000000000000000e+00
0.000000000000000000e+00
0.000000000000000000e+00
0.000000000000000000e+00
0.000000000000000000e+00
0.000000000000000000e+00
0.000000000000000000e+00
0.000000000000000000e+00
0.000000000000000000e+00
0.000000000000000000e+00
0.000000000000000000e+00
0.000000000000000000e+00
0.000000000000000000e+00
0.000000000000000000e+00
0.000000000000000000e+00
0.000000000000000000e+00
0.000000000000000000e+00
0.000000000000000000e+00
0.000000000000000000e+00
0.000000000000000000e+00
0.000000000000000000e+00
0.000000000000000000e+00
0.000000000000000000e+00
0.000000000000000000e+00
0.000000000000000000e+00
0.000000000000000000e+00
0.000000000000000000e+00
0.000000000000000000e+00
0.000000000000000000e+00
0.000000000000000000e+00
0.000000000000000000e+00
0.000000000000000000e+00
0.000000000000000000e+00
0.000000000000000000e+00
0.000000000000000000e+00
3.796657301107308740e+04
1.313301365253494623e+04
1.608543966504401578e+04
1.397795505146435607e+04
1.624601202199793443e+04
1.524098011625730032e+04
1.621675754134981980e+04
1.772777361465520880e+04
1.872147664229050861e+04
1.970543690660100401e+04
1.883017281899043155e+04
1.954583067403137102e+04
2.027315647890468244e+04
2.101725095365956076e+04
2.149343264141065447e+04
2.219604160562420293e+04
2.287435981790092774e+04
2.352270928025407193e+04
2.413495296064899958e+04
2.470463704684774711e+04
2.522496848215649516e+04
2.599203900456847259e+04
2.639566477882131221e+04
2.676980350313055897e+04
2.710558057140683741e+04
2.969652254392439863e+04
2.944089628950319093e+04
2.810625861579376578e+04
2.758121213055563203e+04
3.046374508299182708e+04
2.569702699296329592e+04
2.489447260696109515e+04
3.847293172382763441e+04
0.000000000000000000e+00
0.000000000000000000e+00
0.000000000000000000e+00
0.000000000000000000e+00
0.000000000000000000e+00
0.000000000000000000e+00
0.000000000000000000e+00
0.000000000000000000e+00
0.000000000000000000e+00
0.000000000000000000e+00
0.000000000000000000e+00
0.000000000000000000e+00
0.000000000000000000e+00
0.000000000000000000e+00
0.000000000000000000e+00
0.000000000000000000e+00
0.000000000000000000e+00
0.000000000000000000e+00
0.000000000000000000e+00
0.000000000000000000e+00
0.000000000000000000e+00
0.000000000000000000e+00
0.000000000000000000e+00
0.000000000000000000e+00
0.000000000000000000e+00
0.000000000000000000e+00
0.000000000000000000e+00
0.000000000000000000e+00
0.000000000000000000e+00
0.000000000000000000e+00
0.000000000000000000e+00
0.000000000000000000e+00
0.000000000000000000e+00
0.000000000000000000e+00
0.000000000000000000e+00
0.000000000000000000e+00
0.000000000000000000e+00
0.000000000000000000e+00
0.000000000000000000e+00
3.843498455033065693e+04
1.344996040690685732e+04
1.505216499670393750e+04
1.322262807510607854e+04
1.536750781527376967e+04
1.706864565162408690e+04
1.579085722866954711e+04
1.667498507433364284e+04
1.746460690878507376e+04
1.885090245168923502e+04
1.964588871570941046e+04
2.042444844949220351e+04
2.117381057481925018e+04
2.188250568685326652e+04
2.254046177617178182e+04
2.313954774113280291e+04
2.367178375870008313e+04
2.412920563701756328e+04
2.450380637443821979e+04
2.478704815502441124e+04
2.497036951912162476e+04
2.424873386762570954e+04
2.422182868748281544e+04
2.390160882912064335e+04
2.687990876864334496e+04
2.346485585623878069e+04
2.633885509159373396e+04
1.943149414411519683e+04
4.997210133643944573e+04
0.000000000000000000e+00
0.000000000000000000e+00
0.000000000000000000e+00
0.000000000000000000e+00
0.000000000000000000e+00
0.000000000000000000e+00
0.000000000000000000e+00
0.000000000000000000e+00
0.000000000000000000e+00
0.000000000000000000e+00
0.000000000000000000e+00
0.000000000000000000e+00
0.000000000000000000e+00
0.000000000000000000e+00
0.000000000000000000e+00
0.000000000000000000e+00
0.000000000000000000e+00
0.000000000000000000e+00
0.000000000000000000e+00
0.000000000000000000e+00
0.000000000000000000e+00
0.000000000000000000e+00
0.000000000000000000e+00
0.000000000000000000e+00
0.000000000000000000e+00
0.000000000000000000e+00
0.000000000000000000e+00
0.000000000000000000e+00
0.000000000000000000e+00
0.000000000000000000e+00
0.000000000000000000e+00
0.000000000000000000e+00
0.000000000000000000e+00
0.000000000000000000e+00
0.000000000000000000e+00
0.000000000000000000e+00
0.000000000000000000e+00
0.000000000000000000e+00
0.000000000000000000e+00
0.000000000000000000e+00
0.000000000000000000e+00
0.000000000000000000e+00
0.000000000000000000e+00
4.825372515651665162e+04
2.861336984660032249e+04
1.345084815017858455e+04
1.599814278988385922e+04
1.943166193196936365e+04
1.501837271269233497e+04
1.659348303163733362e+04
1.799161678882360866e+04
1.879015050009006882e+04
1.700211346639085605e+04
1.763261386792413759e+04
1.821030415780209296e+04
1.872321289529481874e+04
1.916080755156968735e+04
1.951274504399118814e+04
1.977088707133289063e+04
2.293382767971761859e+04
2.302589275064078538e+04
2.216147834939259701e+04
2.062048626652898747e+04
2.663444061276823049e+04
2.096555196717366925e+04
1.805933050832003210e+04
4.232990365500670305e+04
0.000000000000000000e+00
0.000000000000000000e+00
0.000000000000000000e+00
0.000000000000000000e+00
0.000000000000000000e+00
0.000000000000000000e+00
0.000000000000000000e+00
0.000000000000000000e+00
0.000000000000000000e+00
0.000000000000000000e+00
0.000000000000000000e+00
0.000000000000000000e+00
0.000000000000000000e+00
0.000000000000000000e+00
0.000000000000000000e+00
0.000000000000000000e+00
0.000000000000000000e+00
0.000000000000000000e+00
0.000000000000000000e+00
0.000000000000000000e+00
0.000000000000000000e+00
0.000000000000000000e+00
0.000000000000000000e+00
0.000000000000000000e+00
0.000000000000000000e+00
0.000000000000000000e+00
0.000000000000000000e+00
0.000000000000000000e+00
0.000000000000000000e+00
0.000000000000000000e+00
0.000000000000000000e+00
0.000000000000000000e+00
0.000000000000000000e+00
0.000000000000000000e+00
0.000000000000000000e+00
0.000000000000000000e+00
0.000000000000000000e+00
0.000000000000000000e+00
0.000000000000000000e+00
0.000000000000000000e+00
0.000000000000000000e+00
0.000000000000000000e+00
0.000000000000000000e+00
0.000000000000000000e+00
0.000000000000000000e+00
0.000000000000000000e+00
0.000000000000000000e+00
0.000000000000000000e+00
6.346492158932442544e+04
4.562451869692005130e+04
2.929831466117831587e+04
1.418052431733206504e+04
1.406198329197213025e+04
1.521836149579506491e+04
1.696629548023604366e+04
1.851688922768924385e+04
1.980268645154073602e+04
2.074428981541847679e+04
2.125658520417217005e+04
2.126387034386815867e+04
2.070986577002870399e+04
1.957136622309006998e+04
1.788395719225727953e+04
1.670285176763635536e+04
3.419231115452761878e+04
3.326801410372313694e+04
5.665436417980730766e+04
0.000000000000000000e+00
0.000000000000000000e+00
0.000000000000000000e+00
0.000000000000000000e+00
0.000000000000000000e+00
0.000000000000000000e+00
0.000000000000000000e+00
0.000000000000000000e+00
0.000000000000000000e+00
0.000000000000000000e+00
0.000000000000000000e+00
0.000000000000000000e+00
0.000000000000000000e+00
0.000000000000000000e+00
0.000000000000000000e+00
0.000000000000000000e+00
0.000000000000000000e+00
0.000000000000000000e+00
0.000000000000000000e+00
0.000000000000000000e+00
0.000000000000000000e+00
0.000000000000000000e+00
0.000000000000000000e+00
0.000000000000000000e+00
0.000000000000000000e+00
0.000000000000000000e+00
0.000000000000000000e+00
0.000000000000000000e+00
0.000000000000000000e+00
0.000000000000000000e+00
0.000000000000000000e+00
0.000000000000000000e+00
0.000000000000000000e+00
0.000000000000000000e+00
0.000000000000000000e+00
0.000000000000000000e+00
0.000000000000000000e+00
0.000000000000000000e+00
0.000000000000000000e+00
0.000000000000000000e+00
0.000000000000000000e+00
0.000000000000000000e+00
0.000000000000000000e+00
0.000000000000000000e+00
0.000000000000000000e+00
0.000000000000000000e+00
0.000000000000000000e+00
0.000000000000000000e+00
0.000000000000000000e+00
0.000000000000000000e+00
0.000000000000000000e+00
0.000000000000000000e+00
0.000000000000000000e+00
0.000000000000000000e+00
0.000000000000000000e+00
0.000000000000000000e+00
6.008661741961957887e+04
5.406964856703540136e+04
4.905078067471309623e+04
4.568931487968889269e+04
4.457293290174785216e+04
4.600953937454485276e+04
4.985937394911881711e+04
5.545750605378654291e+04
6.179172926948517124e+04
0.000000000000000000e+00
0.000000000000000000e+00
0.000000000000000000e+00
0.000000000000000000e+00
0.000000000000000000e+00
0.000000000000000000e+00
0.000000000000000000e+00
0.000000000000000000e+00
0.000000000000000000e+00
0.000000000000000000e+00
0.000000000000000000e+00
0.000000000000000000e+00
0.000000000000000000e+00
0.000000000000000000e+00
0.000000000000000000e+00
0.000000000000000000e+00
0.000000000000000000e+00
0.000000000000000000e+00
0.000000000000000000e+00
0.000000000000000000e+00
0.000000000000000000e+00
0.000000000000000000e+00
0.000000000000000000e+00
0.000000000000000000e+00
0.000000000000000000e+00
0.000000000000000000e+00
0.000000000000000000e+00
0.000000000000000000e+00
0.000000000000000000e+00
0.000000000000000000e+00
0.000000000000000000e+00
0.000000000000000000e+00
0.000000000000000000e+00
0.000000000000000000e+00
0.000000000000000000e+00
0.000000000000000000e+00
0.000000000000000000e+00
0.000000000000000000e+00
0.000000000000000000e+00
0.000000000000000000e+00
0.000000000000000000e+00
0.000000000000000000e+00
0.000000000000000000e+00
0.000000000000000000e+00
0.000000000000000000e+00
0.000000000000000000e+00
0.000000000000000000e+00
0.000000000000000000e+00
0.000000000000000000e+00
0.000000000000000000e+00
0.000000000000000000e+00
0.000000000000000000e+00
0.000000000000000000e+00
0.000000000000000000e+00
0.000000000000000000e+00
0.000000000000000000e+00
0.000000000000000000e+00
0.000000000000000000e+00
0.000000000000000000e+00
0.000000000000000000e+00
0.000000000000000000e+00
0.000000000000000000e+00
0.000000000000000000e+00
0.000000000000000000e+00
0.000000000000000000e+00
0.000000000000000000e+00
0.000000000000000000e+00
0.000000000000000000e+00
0.000000000000000000e+00
0.000000000000000000e+00
0.000000000000000000e+00
0.000000000000000000e+00
0.000000000000000000e+00
0.000000000000000000e+00
0.000000000000000000e+00
0.000000000000000000e+00
0.000000000000000000e+00
0.000000000000000000e+00
0.000000000000000000e+00
0.000000000000000000e+00
0.000000000000000000e+00
0.000000000000000000e+00
0.000000000000000000e+00
0.000000000000000000e+00
0.000000000000000000e+00
0.000000000000000000e+00
0.000000000000000000e+00
0.000000000000000000e+00
0.000000000000000000e+00
0.000000000000000000e+00
0.000000000000000000e+00
0.000000000000000000e+00
0.000000000000000000e+00
0.000000000000000000e+00
0.000000000000000000e+00
0.000000000000000000e+00
0.000000000000000000e+00
0.000000000000000000e+00
0.000000000000000000e+00
0.000000000000000000e+00
0.000000000000000000e+00
0.000000000000000000e+00
0.000000000000000000e+00
0.000000000000000000e+00
0.000000000000000000e+00
0.000000000000000000e+00
0.000000000000000000e+00
0.000000000000000000e+00
0.000000000000000000e+00
0.000000000000000000e+00
0.000000000000000000e+00
0.000000000000000000e+00
0.000000000000000000e+00
0.000000000000000000e+00
0.000000000000000000e+00
0.000000000000000000e+00
0.000000000000000000e+00
0.000000000000000000e+00
0.000000000000000000e+00
0.000000000000000000e+00
0.000000000000000000e+00
0.000000000000000000e+00
0.000000000000000000e+00
0.000000000000000000e+00
0.000000000000000000e+00
0.000000000000000000e+00
0.000000000000000000e+00
0.000000000000000000e+00
0.000000000000000000e+00
0.000000000000000000e+00
0.000000000000000000e+00
0.000000000000000000e+00
0.000000000000000000e+00
0.000000000000000000e+00
0.000000000000000000e+00
0.000000000000000000e+00
0.000000000000000000e+00
0.000000000000000000e+00
0.000000000000000000e+00
0.000000000000000000e+00
0.000000000000000000e+00
0.000000000000000000e+00
0.000000000000000000e+00
0.000000000000000000e+00
0.000000000000000000e+00
0.000000000000000000e+00
0.000000000000000000e+00
0.000000000000000000e+00
0.000000000000000000e+00
0.000000000000000000e+00
0.000000000000000000e+00
0.000000000000000000e+00
0.000000000000000000e+00
0.000000000000000000e+00
0.000000000000000000e+00
0.000000000000000000e+00
0.000000000000000000e+00
0.000000000000000000e+00
0.000000000000000000e+00
0.000000000000000000e+00
0.000000000000000000e+00
0.000000000000000000e+00
0.000000000000000000e+00
0.000000000000000000e+00
0.000000000000000000e+00
0.000000000000000000e+00
0.000000000000000000e+00
0.000000000000000000e+00
0.000000000000000000e+00
0.000000000000000000e+00
0.000000000000000000e+00
0.000000000000000000e+00
0.000000000000000000e+00
0.000000000000000000e+00
0.000000000000000000e+00
0.000000000000000000e+00
0.000000000000000000e+00
0.000000000000000000e+00
0.000000000000000000e+00
0.000000000000000000e+00
0.000000000000000000e+00
0.000000000000000000e+00
0.000000000000000000e+00
0.000000000000000000e+00
0.000000000000000000e+00
0.000000000000000000e+00
0.000000000000000000e+00
0.000000000000000000e+00
0.000000000000000000e+00
0.000000000000000000e+00
