Zeta grid
       1
 0.00000000E+00

R grid
     200
 1.83699997E+00
 1.84726127E+00
 1.85752257E+00
 1.86778386E+00
 1.87804516E+00
 1.88830646E+00
 1.89856775E+00
 1.90882917E+00
 1.91909047E+00
 1.92935176E+00
 1.93961306E+00
 1.94987436E+00
 1.96013565E+00
 1.97039695E+00
 1.98065825E+00
 1.99091955E+00
 2.00118084E+00
 2.01144214E+00
 2.02170344E+00
 2.03196473E+00
 2.04222603E+00
 2.05248733E+00
 2.06274862E+00
 2.07300992E+00
 2.08327122E+00
 2.09353252E+00
 2.10379381E+00
 2.11405511E+00
 2.12431664E+00
 2.13457770E+00
 2.14483924E+00
 2.15510054E+00
 2.16536183E+00
 2.17562313E+00
 2.18588443E+00
 2.19614572E+00
 2.20640702E+00
 2.21666832E+00
 2.22692961E+00
 2.23719091E+00
 2.24745221E+00
 2.25771351E+00
 2.26797480E+00
 2.27823610E+00
 2.28849740E+00
 2.29875869E+00
 2.30901999E+00
 2.31928129E+00
 2.32954258E+00
 2.33980388E+00
 2.35006518E+00
 2.36032648E+00
 2.37058777E+00
 2.38084907E+00
 2.39111037E+00
 2.40137190E+00
 2.41163296E+00
 2.42189450E+00
 2.43215555E+00
 2.44241709E+00
 2.45267815E+00
 2.46293968E+00
 2.47320098E+00
 2.48346228E+00
 2.49372358E+00
 2.50398487E+00
 2.51424617E+00
 2.52450747E+00
 2.53476876E+00
 2.54503006E+00
 2.55529136E+00
 2.56555265E+00
 2.57581395E+00
 2.58607525E+00
 2.59633655E+00
 2.60659784E+00
 2.61685914E+00
 2.62712044E+00
 2.63738173E+00
 2.64764303E+00
 2.65790433E+00
 2.66816562E+00
 2.67842716E+00
 2.68868822E+00
 2.69894975E+00
 2.70921081E+00
 2.71947235E+00
 2.72973364E+00
 2.73999494E+00
 2.75025600E+00
 2.76051754E+00
 2.77077883E+00
 2.78104013E+00
 2.79130119E+00
 2.80156272E+00
 2.81182402E+00
 2.82208532E+00
 2.83234661E+00
 2.84260791E+00
 2.85286921E+00
 2.86313051E+00
 2.87339180E+00
 2.88365310E+00
 2.89391463E+00
 2.90417569E+00
 2.91443699E+00
 2.92469829E+00
 2.93495982E+00
 2.94522088E+00
 2.95548218E+00
 2.96574348E+00
 2.97600501E+00
 2.98626607E+00
 2.99652760E+00
 3.00678866E+00
 3.01705020E+00
 3.02731126E+00
 3.03757279E+00
 3.04783385E+00
 3.05809539E+00
 3.06835645E+00
 3.07861798E+00
 3.08887928E+00
 3.09914057E+00
 3.10940187E+00
 3.11966317E+00
 3.12992470E+00
 3.14018576E+00
 3.15044706E+00
 3.16070836E+00
 3.17096965E+00
 3.18123095E+00
 3.19149225E+00
 3.20175354E+00
 3.21201508E+00
 3.22227614E+00
 3.23253767E+00
 3.24279873E+00
 3.25306003E+00
 3.26332133E+00
 3.27358286E+00
 3.28384392E+00
 3.29410546E+00
 3.30436651E+00
 3.31462805E+00
 3.32488911E+00
 3.33515064E+00
 3.34541194E+00
 3.35567324E+00
 3.36593430E+00
 3.37619583E+00
 3.38645713E+00
 3.39671843E+00
 3.40697948E+00
 3.41724102E+00
 3.42750232E+00
 3.43776361E+00
 3.44802491E+00
 3.45828621E+00
 3.46854774E+00
 3.47880880E+00
 3.48907010E+00
 3.49933140E+00
 3.50959293E+00
 3.51985399E+00
 3.53011529E+00
 3.54037658E+00
 3.55063812E+00
 3.56089918E+00
 3.57116071E+00
 3.58142177E+00
 3.59168331E+00
 3.60194437E+00
 3.61220590E+00
 3.62246720E+00
 3.63272850E+00
 3.64298955E+00
 3.65325109E+00
 3.66351215E+00
 3.67377368E+00
 3.68403498E+00
 3.69429628E+00
 3.70455757E+00
 3.71481887E+00
 3.72508017E+00
 3.73534147E+00
 3.74560252E+00
 3.75586406E+00
 3.76612536E+00
 3.77638665E+00
 3.78664819E+00
 3.79690925E+00
 3.80717078E+00
 3.81743184E+00
 3.82769314E+00
 3.83795444E+00
 3.84821597E+00
 3.85847703E+00
 3.86873856E+00
 3.87899962E+00

Z grid
     200
-1.59999999E+00
-1.58198997E+00
-1.56397983E+00
-1.54596981E+00
-1.52795979E+00
-1.50994977E+00
-1.49193963E+00
-1.47392961E+00
-1.45591959E+00
-1.43790957E+00
-1.41989943E+00
-1.40188941E+00
-1.38387939E+00
-1.36586937E+00
-1.34785923E+00
-1.32984921E+00
-1.31183919E+00
-1.29382917E+00
-1.27581903E+00
-1.25780901E+00
-1.23979899E+00
-1.22178898E+00
-1.20377896E+00
-1.18576882E+00
-1.16775880E+00
-1.14974878E+00
-1.13173864E+00
-1.11372862E+00
-1.09571860E+00
-1.07770846E+00
-1.05969856E+00
-1.04168842E+00
-1.02367840E+00
-1.00566838E+00
-9.87658300E-01
-9.69648220E-01
-9.51638200E-01
-9.33628121E-01
-9.15618101E-01
-8.97608022E-01
-8.79598002E-01
-8.61587922E-01
-8.43577903E-01
-8.25567823E-01
-8.07557803E-01
-7.89547724E-01
-7.71537704E-01
-7.53527684E-01
-7.35517545E-01
-7.17507466E-01
-6.99497446E-01
-6.81487366E-01
-6.63477346E-01
-6.45467267E-01
-6.27457247E-01
-6.09447168E-01
-5.91437088E-01
-5.73427068E-01
-5.55417048E-01
-5.37407029E-01
-5.19397009E-01
-5.01386870E-01
-4.83376850E-01
-4.65366830E-01
-4.47356810E-01
-4.29346671E-01
-4.11336651E-01
-3.93326631E-01
-3.75316611E-01
-3.57306472E-01
-3.39296453E-01
-3.21286433E-01
-3.03276413E-01
-2.85266274E-01
-2.67256254E-01
-2.49246115E-01
-2.31236214E-01
-2.13226075E-01
-1.95216055E-01
-1.77205916E-01
-1.59196016E-01
-1.41185877E-01
-1.23175857E-01
-1.05165718E-01
-8.71558170E-02
-6.91456779E-02
-5.11356581E-02
-3.31256382E-02
-1.51156184E-02
 2.89452069E-03
 2.09045405E-02
 3.89145604E-02
 5.69245803E-02
 7.49347193E-02
 9.29446200E-02
 1.10954759E-01
 1.28964898E-01
 1.46974918E-01
 1.64985057E-01
 1.82994958E-01
 2.01005097E-01
 2.19015117E-01
 2.37025256E-01
 2.55035156E-01
 2.73045295E-01
 2.91055315E-01
 3.09065454E-01
 3.27075355E-01
 3.45085494E-01
 3.63095514E-01
 3.81105653E-01
 3.99115554E-01
 4.17125812E-01
 4.35135712E-01
 4.53145851E-01
 4.71155752E-01
 4.89165891E-01
 5.07175792E-01
 5.25185931E-01
 5.43196070E-01
 5.61205971E-01
 5.79216110E-01
 5.97226249E-01
 6.15236149E-01
 6.33246288E-01
 6.51256189E-01
 6.69266328E-01
 6.87276229E-01
 7.05286368E-01
 7.23296507E-01
 7.41306646E-01
 7.59316785E-01
 7.77326686E-01
 7.95336825E-01
 8.13346725E-01
 8.31356864E-01
 8.49366765E-01
 8.67376904E-01
 8.85387043E-01
 9.03397182E-01
 9.21407083E-01
 9.39417222E-01
 9.57427123E-01
 9.75437262E-01
 9.93447162E-01
 1.01145730E+00
 1.02946744E+00
 1.04747734E+00
 1.06548748E+00
 1.08349738E+00
 1.10150776E+00
 1.11951766E+00
 1.13752756E+00
 1.15553770E+00
 1.17354784E+00
 1.19155774E+00
 1.20956788E+00
 1.22757778E+00
 1.24558816E+00
 1.26359806E+00
 1.28160796E+00
 1.29961833E+00
 1.31762823E+00
 1.33563814E+00
 1.35364827E+00
 1.37165841E+00
 1.38966855E+00
 1.40767845E+00
 1.42568835E+00
 1.44369873E+00
 1.46170863E+00
 1.47971853E+00
 1.49772867E+00
 1.51573881E+00
 1.53374871E+00
 1.55175885E+00
 1.56976875E+00
 1.58777913E+00
 1.60578903E+00
 1.62379893E+00
 1.64180907E+00
 1.65981921E+00
 1.67782911E+00
 1.69583925E+00
 1.71384915E+00
 1.73185953E+00
 1.74986943E+00
 1.76787933E+00
 1.78588923E+00
 1.80389961E+00
 1.82190951E+00
 1.83991965E+00
 1.85792978E+00
 1.87593992E+00
 1.89394982E+00
 1.91195972E+00
 1.92997010E+00
 1.94798000E+00
 1.96598990E+00
 1.98400004E+00

kprad_rad
 8.60140920E-02
 8.60140920E-02
 8.60140920E-02
 8.60140920E-02
 8.60140920E-02
 8.60140920E-02
 8.60140920E-02
 8.60140920E-02
 8.60140920E-02
 8.60140920E-02
 8.60140920E-02
 8.60140920E-02
 8.60140920E-02
 8.60140920E-02
 8.60140920E-02
 8.60140920E-02
 8.60140920E-02
 8.60140920E-02
 8.60140920E-02
 8.60140920E-02
 8.60140920E-02
 8.60140920E-02
 8.60140920E-02
 8.60140920E-02
 8.60140920E-02
 8.60140920E-02
 8.60140920E-02
 8.60140920E-02
 8.60140920E-02
 8.60140920E-02
 8.60140920E-02
 8.60140920E-02
 8.60140920E-02
 8.60140920E-02
 8.60140920E-02
 8.60140920E-02
 8.60140920E-02
 8.60140920E-02
 8.60140920E-02
 8.60140920E-02
 8.60140920E-02
 8.60140920E-02
 8.60140920E-02
 8.60140920E-02
 8.60140920E-02
 8.60140920E-02
 8.60140920E-02
 8.60140920E-02
 8.60140920E-02
 8.60140920E-02
 8.60140920E-02
 8.60140920E-02
 8.60140920E-02
 8.60140920E-02
 8.60140920E-02
 8.60140920E-02
 8.60140920E-02
 8.60140920E-02
 8.60140920E-02
 8.60140920E-02
 8.60140920E-02
 8.60140920E-02
 8.60140920E-02
 8.60140920E-02
 8.60140920E-02
 8.60140920E-02
 8.60140920E-02
 8.60140920E-02
 8.60140920E-02
 8.60140920E-02
 8.60140920E-02
 8.60140920E-02
 8.60140920E-02
 8.60140920E-02
 8.60140920E-02
 8.60140920E-02
 8.60140920E-02
 8.60140920E-02
 8.60140920E-02
 8.60140920E-02
 8.60140920E-02
 8.60140920E-02
 8.60140920E-02
 8.60140920E-02
 8.60140920E-02
 8.60140920E-02
 8.60140920E-02
 8.60140920E-02
 8.60140920E-02
 8.60140920E-02
 8.60140920E-02
 8.60140920E-02
 8.60140920E-02
 8.60140920E-02
 8.60140920E-02
 8.60140920E-02
 8.60140920E-02
 8.60140920E-02
 8.60140920E-02
 8.60140920E-02
 8.60140920E-02
 8.60140920E-02
 8.60140920E-02
 8.60140920E-02
 8.60140920E-02
 8.60140920E-02
 8.60140920E-02
 8.60140920E-02
 8.60140920E-02
 8.60140920E-02
 8.60140920E-02
 8.60140920E-02
 8.60140920E-02
 8.60140920E-02
 8.60140920E-02
 8.60140920E-02
 8.60140920E-02
 8.60140920E-02
 8.60140920E-02
 8.60140920E-02
 8.60140920E-02
 8.60140920E-02
 8.60140920E-02
 8.60140920E-02
 8.60140920E-02
 8.60140920E-02
 8.60140920E-02
 8.60140920E-02
 8.60140920E-02
 8.60140920E-02
 8.60140920E-02
 8.60140920E-02
 8.60140920E-02
 8.60140920E-02
 8.60140920E-02
 8.60140920E-02
 8.60140920E-02
 8.60140920E-02
 8.60140920E-02
 8.60140920E-02
 8.60140920E-02
 8.60140920E-02
 8.60140920E-02
 8.60140920E-02
 8.60140920E-02
 8.60140920E-02
 8.60140920E-02
 8.60140920E-02
 8.60140920E-02
 8.60140920E-02
 8.60140920E-02
 8.60140920E-02
 8.60140920E-02
 8.60140920E-02
 8.60140920E-02
 8.60140920E-02
 8.60140920E-02
 8.60140920E-02
 8.60140920E-02
 8.60140920E-02
 8.60140920E-02
 8.60140920E-02
 8.60140920E-02
 8.60140920E-02
 8.60140920E-02
 8.60140920E-02
 8.60140920E-02
 8.60140920E-02
 8.60140920E-02
 8.60140920E-02
 8.60140920E-02
 8.60140920E-02
 8.60140920E-02
 8.60140920E-02
 8.60140920E-02
 8.60140920E-02
 8.60140920E-02
 8.60140920E-02
 8.60140920E-02
 8.60140920E-02
 8.60140920E-02
 8.60140920E-02
 8.60140920E-02
 8.60140920E-02
 8.60140920E-02
 8.60140920E-02
 8.60140920E-02
 8.60140920E-02
 8.60140920E-02
 8.60140920E-02
 8.60140920E-02
 8.60140920E-02
 8.60140920E-02
 8.60140920E-02
 8.60140920E-02
 8.60140920E-02
 8.60140920E-02
 8.60140920E-02
 8.60140920E-02
 8.60140920E-02
 8.60140920E-02
 8.60140920E-02
 8.60140920E-02
 8.60140920E-02
 8.60140920E-02
 8.60140920E-02
 8.60140920E-02
 8.60140920E-02
 8.60140920E-02
 8.60140920E-02
 8.60140920E-02
 8.60140920E-02
 8.60140920E-02
 8.60140920E-02
 8.60140920E-02
 8.60140920E-02
 8.60140920E-02
 8.60140920E-02
 8.60140920E-02
 8.60140920E-02
 8.60140920E-02
 8.60140920E-02
 8.60140920E-02
 8.60140920E-02
 8.60140920E-02
 8.60140920E-02
 8.60140920E-02
 8.60140920E-02
 8.60140920E-02
 8.60140920E-02
 8.60140920E-02
 8.60140920E-02
 8.60140920E-02
 8.60140920E-02
 8.60140920E-02
 8.60140920E-02
 8.60140920E-02
 8.60140920E-02
 8.60140920E-02
 8.60140920E-02
 8.60140920E-02
 8.60140920E-02
 8.60140920E-02
 8.60140920E-02
 8.60140920E-02
 8.60140920E-02
 8.60140920E-02
 8.60140920E-02
 8.60140920E-02
 8.60140920E-02
 8.60140920E-02
 8.60140920E-02
 8.60140920E-02
 8.60140920E-02
 8.60140920E-02
 8.60140920E-02
 8.60140920E-02
 8.60140920E-02
 8.60140920E-02
 8.60140920E-02
 8.60140920E-02
 8.60140920E-02
 8.60140920E-02
 8.60140920E-02
 8.60140920E-02
 8.60140920E-02
 8.60140920E-02
 8.60140920E-02
-1.13056694E-19
 2.77232135E-20
 3.22779252E-20
 3.13752256E-20
-3.34071301E-20
 1.45946080E-19
 1.27376677E-19
-4.19761151E-19
-1.57163942E-19
 4.92050042E-19
-6.20341257E-19
 9.88570478E-19
 8.60140920E-02
 8.60140920E-02
 8.60140920E-02
 8.60140920E-02
 8.60140920E-02
 8.60140920E-02
 8.60140920E-02
 8.60140920E-02
 8.60140920E-02
 8.60140920E-02
 8.60140920E-02
 8.60140920E-02
 8.60140920E-02
 8.60140920E-02
 8.60140920E-02
 8.60140920E-02
 8.60140920E-02
 8.60140920E-02
 8.60140920E-02
 8.60140920E-02
 8.60140920E-02
 8.60140920E-02
 8.60140920E-02
 8.60140920E-02
 8.60140920E-02
 8.60140920E-02
 8.60140920E-02
 8.60140920E-02
 8.60140920E-02
 8.60140920E-02
 8.60140920E-02
 8.60140920E-02
 8.60140920E-02
 8.60140920E-02
 8.60140920E-02
 8.60140920E-02
 8.60140920E-02
 8.60140920E-02
 8.60140920E-02
 8.60140920E-02
 8.60140920E-02
 8.60140920E-02
 8.60140920E-02
 8.60140920E-02
 8.60140920E-02
 8.60140920E-02
 8.60140920E-02
 8.60140920E-02
 8.60140920E-02
 8.60140920E-02
 8.60140920E-02
 8.60140920E-02
 8.60140920E-02
 8.60140920E-02
 8.60140920E-02
 8.60140920E-02
 8.60140920E-02
 8.60140920E-02
 8.60140920E-02
 8.60140920E-02
 8.60140920E-02
 8.60140920E-02
 8.60140920E-02
 8.60140920E-02
 8.60140920E-02
 8.60140920E-02
 8.60140920E-02
 8.60140920E-02
 8.60140920E-02
 8.60140920E-02
 8.60140920E-02
 8.60140920E-02
 8.60140920E-02
 8.60140920E-02
 8.60140920E-02
 8.60140920E-02
 8.60140920E-02
 8.60140920E-02
 8.60140920E-02
 8.60140920E-02
 8.60140920E-02
 8.60140920E-02
 8.60140920E-02
 8.60140920E-02
 8.60140920E-02
 8.60140920E-02
 8.60140920E-02
 8.60140920E-02
 8.60140920E-02
 8.60140920E-02
 8.60140920E-02
 8.60140920E-02
 8.60140920E-02
 8.60140920E-02
 8.60140920E-02
 8.60140920E-02
 8.60140920E-02
 8.60140920E-02
 8.60140920E-02
 8.60140920E-02
 8.60140920E-02
 8.60140920E-02
 8.60140920E-02
 8.60140920E-02
 8.60140920E-02
 8.60140920E-02
 8.60140920E-02
 8.60140920E-02
 8.60140920E-02
 8.60140920E-02
 8.60140920E-02
 8.60140920E-02
 8.60140920E-02
 8.60140920E-02
 8.60140920E-02
 8.60140920E-02
 8.60140920E-02
 8.60140920E-02
 8.60140920E-02
 8.60140920E-02
 8.60140920E-02
 8.60140920E-02
 8.60140920E-02
 8.60140920E-02
 8.60140920E-02
 8.60140920E-02
 8.60140920E-02
 8.60140920E-02
 8.60140920E-02
 8.60140920E-02
 8.60140920E-02
 8.60140920E-02
 8.60140920E-02
 8.60140920E-02
 8.60140920E-02
 8.60140920E-02
 8.60140920E-02
 8.60140920E-02
 8.60140920E-02
 8.60140920E-02
 8.60140920E-02
 8.60140920E-02
 8.60140920E-02
 8.60140920E-02
 8.60140920E-02
 8.60140920E-02
 8.60140920E-02
 8.60140920E-02
 8.60140920E-02
 8.60140920E-02
 8.60140920E-02
 8.60140920E-02
 8.60140920E-02
 8.60140920E-02
 8.60140920E-02
 8.60140920E-02
 8.60140920E-02
 8.60140920E-02
 8.60140920E-02
 8.60140920E-02
 8.60140920E-02
 8.60140920E-02
 8.60140920E-02
 8.60140920E-02
 8.60140920E-02
 8.60140920E-02
 8.60140920E-02
 8.60140920E-02
 8.60140920E-02
 8.60140920E-02
 8.60140920E-02
 8.60140920E-02
 8.60140920E-02
 8.60140920E-02
 8.60140920E-02
 8.60140920E-02
 8.60140920E-02
 8.60140920E-02
 8.60140920E-02
 8.60140920E-02
 8.60140920E-02
 8.60140920E-02
 8.60140920E-02
 8.60140920E-02
 8.60140920E-02
 3.35010507E-20
 6.61433166E-21
-3.39329359E-20
-4.88011455E-20
-2.96598695E-20
 6.22162444E-21
-2.83797526E-20
-1.11577785E-19
-1.26917334E-20
 9.84718582E-20
 1.23202904E-19
-1.47189966E-19
-3.91679584E-19
 3.08836515E-19
-1.03473077E-18
 5.13574470E-19
-3.78149794E-18
 1.97030079E-18
 1.39383707E-18
-9.13768535E-19
 4.62018174E-18
 8.60140920E-02
 8.60140920E-02
 8.60140920E-02
 8.60140920E-02
 8.60140920E-02
 8.60140920E-02
 8.60140920E-02
 8.60140920E-02
 8.60140920E-02
 8.60140920E-02
 8.60140920E-02
 8.60140920E-02
 8.60140920E-02
 8.60140920E-02
 8.60140920E-02
 8.60140920E-02
 8.60140920E-02
 8.60140920E-02
 8.60140920E-02
 8.60140920E-02
 8.60140920E-02
 8.60140920E-02
 8.60140920E-02
 8.60140920E-02
 8.60140920E-02
 8.60140920E-02
 8.60140920E-02
 8.60140920E-02
 8.60140920E-02
 8.60140920E-02
 8.60140920E-02
 8.60140920E-02
 8.60140920E-02
 8.60140920E-02
 8.60140920E-02
 8.60140920E-02
 8.60140920E-02
 8.60140920E-02
 8.60140920E-02
 8.60140920E-02
 8.60140920E-02
 8.60140920E-02
 8.60140920E-02
 8.60140920E-02
 8.60140920E-02
 8.60140920E-02
 8.60140920E-02
 8.60140920E-02
 8.60140920E-02
 8.60140920E-02
 8.60140920E-02
 8.60140920E-02
 8.60140920E-02
 8.60140920E-02
 8.60140920E-02
 8.60140920E-02
 8.60140920E-02
 8.60140920E-02
 8.60140920E-02
 8.60140920E-02
 8.60140920E-02
 8.60140920E-02
 8.60140920E-02
 8.60140920E-02
 8.60140920E-02
 8.60140920E-02
 8.60140920E-02
 8.60140920E-02
 8.60140920E-02
 8.60140920E-02
 8.60140920E-02
 8.60140920E-02
 8.60140920E-02
 8.60140920E-02
 8.60140920E-02
 8.60140920E-02
 8.60140920E-02
 8.60140920E-02
 8.60140920E-02
 8.60140920E-02
 8.60140920E-02
 8.60140920E-02
 8.60140920E-02
 8.60140920E-02
 8.60140920E-02
 8.60140920E-02
 8.60140920E-02
 8.60140920E-02
 8.60140920E-02
 8.60140920E-02
 8.60140920E-02
 8.60140920E-02
 8.60140920E-02
 8.60140920E-02
 8.60140920E-02
 8.60140920E-02
 8.60140920E-02
 8.60140920E-02
 8.60140920E-02
 8.60140920E-02
 8.60140920E-02
 8.60140920E-02
 8.60140920E-02
 8.60140920E-02
 8.60140920E-02
 8.60140920E-02
 8.60140920E-02
 8.60140920E-02
 8.60140920E-02
 8.60140920E-02
 8.60140920E-02
 8.60140920E-02
 8.60140920E-02
 8.60140920E-02
 8.60140920E-02
 8.60140920E-02
 8.60140920E-02
 8.60140920E-02
 8.60140920E-02
 8.60140920E-02
 8.60140920E-02
 8.60140920E-02
 8.60140920E-02
 8.60140920E-02
 8.60140920E-02
 8.60140920E-02
 8.60140920E-02
 8.60140920E-02
 8.60140920E-02
 8.60140920E-02
 8.60140920E-02
 8.60140920E-02
 8.60140920E-02
 8.60140920E-02
 8.60140920E-02
 8.60140920E-02
 8.60140920E-02
 8.60140920E-02
 8.60140920E-02
 8.60140920E-02
 8.60140920E-02
 8.60140920E-02
 8.60140920E-02
 8.60140920E-02
 8.60140920E-02
 8.60140920E-02
 8.60140920E-02
 8.60140920E-02
 8.60140920E-02
 8.60140920E-02
 8.60140920E-02
 8.60140920E-02
 8.60140920E-02
 8.60140920E-02
 8.60140920E-02
 8.60140920E-02
 8.60140920E-02
 8.60140920E-02
 8.60140920E-02
 8.60140920E-02
 8.60140920E-02
 8.60140920E-02
 8.60140920E-02
 8.60140920E-02
 8.60140920E-02
 8.60140920E-02
 8.60140920E-02
 8.60140920E-02
 8.60140920E-02
 8.60140920E-02
 8.60140920E-02
 8.60140920E-02
 8.60140920E-02
 8.60140920E-02
 8.60140920E-02
 8.60140920E-02
 3.13536737E-20
 7.78919535E-20
 3.05108574E-20
-6.80359867E-20
 4.15242890E-20
 1.11078595E-19
 4.12142837E-20
-6.64354568E-20
 5.21176131E-20
-1.14231138E-20
-4.51909965E-20
 1.09648384E-21
-9.31815600E-20
-6.47251898E-20
 1.72078796E-19
 9.42527640E-19
 2.54190405E-20
-3.61909638E-19
 2.84278340E-18
 4.31969432E-18
 1.08946759E-18
 1.08917229E-18
 4.06716477E-18
 2.41141269E-19
-1.00617671E-17
-1.08982642E-17
 3.49246706E-17
 8.60140920E-02
 8.60140920E-02
 8.60140920E-02
 8.60140920E-02
 8.60140920E-02
 8.60140920E-02
 8.60140920E-02
 8.60140920E-02
 8.60140920E-02
 8.60140920E-02
 8.60140920E-02
 8.60140920E-02
 8.60140920E-02
 8.60140920E-02
 8.60140920E-02
 8.60140920E-02
 8.60140920E-02
 8.60140920E-02
 8.60140920E-02
 8.60140920E-02
 8.60140920E-02
 8.60140920E-02
 8.60140920E-02
 8.60140920E-02
 8.60140920E-02
 8.60140920E-02
 8.60140920E-02
 8.60140920E-02
 8.60140920E-02
 8.60140920E-02
 8.60140920E-02
 8.60140920E-02
 8.60140920E-02
 8.60140920E-02
 8.60140920E-02
 8.60140920E-02
 8.60140920E-02
 8.60140920E-02
 8.60140920E-02
 8.60140920E-02
 8.60140920E-02
 8.60140920E-02
 8.60140920E-02
 8.60140920E-02
 8.60140920E-02
 8.60140920E-02
 8.60140920E-02
 8.60140920E-02
 8.60140920E-02
 8.60140920E-02
 8.60140920E-02
 8.60140920E-02
 8.60140920E-02
 8.60140920E-02
 8.60140920E-02
 8.60140920E-02
 8.60140920E-02
 8.60140920E-02
 8.60140920E-02
 8.60140920E-02
 8.60140920E-02
 8.60140920E-02
 8.60140920E-02
 8.60140920E-02
 8.60140920E-02
 8.60140920E-02
 8.60140920E-02
 8.60140920E-02
 8.60140920E-02
 8.60140920E-02
 8.60140920E-02
 8.60140920E-02
 8.60140920E-02
 8.60140920E-02
 8.60140920E-02
 8.60140920E-02
 8.60140920E-02
 8.60140920E-02
 8.60140920E-02
 8.60140920E-02
 8.60140920E-02
 8.60140920E-02
 8.60140920E-02
 8.60140920E-02
 8.60140920E-02
 8.60140920E-02
 8.60140920E-02
 8.60140920E-02
 8.60140920E-02
 8.60140920E-02
 8.60140920E-02
 8.60140920E-02
 8.60140920E-02
 8.60140920E-02
 8.60140920E-02
 8.60140920E-02
 8.60140920E-02
 8.60140920E-02
 8.60140920E-02
 8.60140920E-02
 8.60140920E-02
 8.60140920E-02
 8.60140920E-02
 8.60140920E-02
 8.60140920E-02
 8.60140920E-02
 8.60140920E-02
 8.60140920E-02
 8.60140920E-02
 8.60140920E-02
 8.60140920E-02
 8.60140920E-02
 8.60140920E-02
 8.60140920E-02
 8.60140920E-02
 8.60140920E-02
 8.60140920E-02
 8.60140920E-02
 8.60140920E-02
 8.60140920E-02
 8.60140920E-02
 8.60140920E-02
 8.60140920E-02
 8.60140920E-02
 8.60140920E-02
 8.60140920E-02
 8.60140920E-02
 8.60140920E-02
 8.60140920E-02
 8.60140920E-02
 8.60140920E-02
 8.60140920E-02
 8.60140920E-02
 8.60140920E-02
 8.60140920E-02
 8.60140920E-02
 8.60140920E-02
 8.60140920E-02
 8.60140920E-02
 8.60140920E-02
 8.60140920E-02
 8.60140920E-02
 8.60140920E-02
 8.60140920E-02
 8.60140920E-02
 8.60140920E-02
 8.60140920E-02
 8.60140920E-02
 8.60140920E-02
 8.60140920E-02
 8.60140920E-02
 8.60140920E-02
 8.60140920E-02
 8.60140920E-02
 8.60140920E-02
 8.60140920E-02
 8.60140920E-02
 8.60140920E-02
 8.60140920E-02
 8.60140920E-02
 8.60140920E-02
 8.60140920E-02
 8.60140920E-02
 8.60140920E-02
 8.60140920E-02
 8.60140920E-02
 8.60140920E-02
 8.60140920E-02
 8.60140920E-02
 8.60140920E-02
 8.60140920E-02
 8.60140920E-02
-4.25699326E-20
 4.32989267E-21
-3.57708440E-20
-8.40740235E-20
 4.84117341E-20
-2.38684177E-20
-1.59309661E-19
-4.74361876E-20
 2.42345728E-20
-9.70562807E-20
-1.26168243E-19
-1.41750180E-19
-2.69943559E-20
 1.26015111E-19
-4.26828893E-19
-6.86339930E-19
-2.04097989E-19
-4.13784073E-19
 1.53404108E-19
-4.88939594E-18
-1.35394918E-18
 1.69577630E-18
 8.23891081E-18
 1.27267039E-17
 2.61954915E-17
 3.88398819E-17
 2.27282696E-17
 6.65317745E-18
 1.63803103E-17
 1.02285143E-17
-1.86530684E-16
 8.60140920E-02
 8.60140920E-02
 8.60140920E-02
 8.60140920E-02
 8.60140920E-02
 8.60140920E-02
 8.60140920E-02
 8.60140920E-02
 8.60140920E-02
 8.60140920E-02
 8.60140920E-02
 8.60140920E-02
 8.60140920E-02
 8.60140920E-02
 8.60140920E-02
 8.60140920E-02
 8.60140920E-02
 8.60140920E-02
 8.60140920E-02
 8.60140920E-02
 8.60140920E-02
 8.60140920E-02
 8.60140920E-02
 8.60140920E-02
 8.60140920E-02
 8.60140920E-02
 8.60140920E-02
 8.60140920E-02
 8.60140920E-02
 8.60140920E-02
 8.60140920E-02
 8.60140920E-02
 8.60140920E-02
 8.60140920E-02
 8.60140920E-02
 8.60140920E-02
 8.60140920E-02
 8.60140920E-02
 8.60140920E-02
 8.60140920E-02
 8.60140920E-02
 8.60140920E-02
 8.60140920E-02
 8.60140920E-02
 8.60140920E-02
 8.60140920E-02
 8.60140920E-02
 8.60140920E-02
 8.60140920E-02
 8.60140920E-02
 8.60140920E-02
 8.60140920E-02
 8.60140920E-02
 8.60140920E-02
 8.60140920E-02
 8.60140920E-02
 8.60140920E-02
 8.60140920E-02
 8.60140920E-02
 8.60140920E-02
 8.60140920E-02
 8.60140920E-02
 8.60140920E-02
 8.60140920E-02
 8.60140920E-02
 8.60140920E-02
 8.60140920E-02
 8.60140920E-02
 8.60140920E-02
 8.60140920E-02
 8.60140920E-02
 8.60140920E-02
 8.60140920E-02
 8.60140920E-02
 8.60140920E-02
 8.60140920E-02
 8.60140920E-02
 8.60140920E-02
 8.60140920E-02
 8.60140920E-02
 8.60140920E-02
 8.60140920E-02
 8.60140920E-02
 8.60140920E-02
 8.60140920E-02
 8.60140920E-02
 8.60140920E-02
 8.60140920E-02
 8.60140920E-02
 8.60140920E-02
 8.60140920E-02
 8.60140920E-02
 8.60140920E-02
 8.60140920E-02
 8.60140920E-02
 8.60140920E-02
 8.60140920E-02
 8.60140920E-02
 8.60140920E-02
 8.60140920E-02
 8.60140920E-02
 8.60140920E-02
 8.60140920E-02
 8.60140920E-02
 8.60140920E-02
 8.60140920E-02
 8.60140920E-02
 8.60140920E-02
 8.60140920E-02
 8.60140920E-02
 8.60140920E-02
 8.60140920E-02
 8.60140920E-02
 8.60140920E-02
 8.60140920E-02
 8.60140920E-02
 8.60140920E-02
 8.60140920E-02
 8.60140920E-02
 8.60140920E-02
 8.60140920E-02
 8.60140920E-02
 8.60140920E-02
 8.60140920E-02
 8.60140920E-02
 8.60140920E-02
 8.60140920E-02
 8.60140920E-02
 8.60140920E-02
 8.60140920E-02
 8.60140920E-02
 8.60140920E-02
 8.60140920E-02
 8.60140920E-02
 8.60140920E-02
 8.60140920E-02
 8.60140920E-02
 8.60140920E-02
 8.60140920E-02
 8.60140920E-02
 8.60140920E-02
 8.60140920E-02
 8.60140920E-02
 8.60140920E-02
 8.60140920E-02
 8.60140920E-02
 8.60140920E-02
 8.60140920E-02
 8.60140920E-02
 8.60140920E-02
 8.60140920E-02
 8.60140920E-02
 8.60140920E-02
 8.60140920E-02
 8.60140920E-02
 8.60140920E-02
 8.60140920E-02
 8.60140920E-02
 8.60140920E-02
 8.60140920E-02
 8.60140920E-02
 8.60140920E-02
 8.60140920E-02
 8.60140920E-02
 8.60140920E-02
 8.60140920E-02
 8.60140920E-02
 8.60140920E-02
 8.60140920E-02
 2.61120062E-20
-1.85886612E-19
-6.03533068E-21
-2.89443453E-20
-1.45703445E-19
-2.92068298E-20
 5.43392677E-19
 2.20497038E-19
-5.28751684E-19
-2.73445696E-19
-2.28321042E-20
 8.86388908E-20
-1.63548070E-19
 4.07130930E-19
 3.88724663E-19
-2.74972517E-19
 1.50512575E-18
-6.80754858E-19
 2.22499668E-19
 5.03374930E-18
 1.48332375E-18
-5.88229433E-19
-3.88074555E-18
-4.80133182E-17
 7.01459483E-17
-4.24568217E-17
 6.67720572E-17
 9.55623828E-17
 5.34120415E-17
-5.22905467E-17
-5.19455164E-17
 2.03365447E-17
 5.59818830E-19
 2.23383979E-17
 8.60140920E-02
 8.60140920E-02
 8.60140920E-02
 8.60140920E-02
 8.60140920E-02
 8.60140920E-02
 8.60140920E-02
 8.60140920E-02
 8.60140920E-02
 8.60140920E-02
 8.60140920E-02
 8.60140920E-02
 8.60140920E-02
 8.60140920E-02
 8.60140920E-02
 8.60140920E-02
 8.60140920E-02
 8.60140920E-02
 8.60140920E-02
 8.60140920E-02
 8.60140920E-02
 8.60140920E-02
 8.60140920E-02
 8.60140920E-02
 8.60140920E-02
 8.60140920E-02
 8.60140920E-02
 8.60140920E-02
 8.60140920E-02
 8.60140920E-02
 8.60140920E-02
 8.60140920E-02
 8.60140920E-02
 8.60140920E-02
 8.60140920E-02
 8.60140920E-02
 8.60140920E-02
 8.60140920E-02
 8.60140920E-02
 8.60140920E-02
 8.60140920E-02
 8.60140920E-02
 8.60140920E-02
 8.60140920E-02
 8.60140920E-02
 8.60140920E-02
 8.60140920E-02
 8.60140920E-02
 8.60140920E-02
 8.60140920E-02
 8.60140920E-02
 8.60140920E-02
 8.60140920E-02
 8.60140920E-02
 8.60140920E-02
 8.60140920E-02
 8.60140920E-02
 8.60140920E-02
 8.60140920E-02
 8.60140920E-02
 8.60140920E-02
 8.60140920E-02
 8.60140920E-02
 8.60140920E-02
 8.60140920E-02
 8.60140920E-02
 8.60140920E-02
 8.60140920E-02
 8.60140920E-02
 8.60140920E-02
 8.60140920E-02
 8.60140920E-02
 8.60140920E-02
 8.60140920E-02
 8.60140920E-02
 8.60140920E-02
 8.60140920E-02
 8.60140920E-02
 8.60140920E-02
 8.60140920E-02
 8.60140920E-02
 8.60140920E-02
 8.60140920E-02
 8.60140920E-02
 8.60140920E-02
 8.60140920E-02
 8.60140920E-02
 8.60140920E-02
 8.60140920E-02
 8.60140920E-02
 8.60140920E-02
 8.60140920E-02
 8.60140920E-02
 8.60140920E-02
 8.60140920E-02
 8.60140920E-02
 8.60140920E-02
 8.60140920E-02
 8.60140920E-02
 8.60140920E-02
 8.60140920E-02
 8.60140920E-02
 8.60140920E-02
 8.60140920E-02
 8.60140920E-02
 8.60140920E-02
 8.60140920E-02
 8.60140920E-02
 8.60140920E-02
 8.60140920E-02
 8.60140920E-02
 8.60140920E-02
 8.60140920E-02
 8.60140920E-02
 8.60140920E-02
 8.60140920E-02
 8.60140920E-02
 8.60140920E-02
 8.60140920E-02
 8.60140920E-02
 8.60140920E-02
 8.60140920E-02
 8.60140920E-02
 8.60140920E-02
 8.60140920E-02
 8.60140920E-02
 8.60140920E-02
 8.60140920E-02
 8.60140920E-02
 8.60140920E-02
 8.60140920E-02
 8.60140920E-02
 8.60140920E-02
 8.60140920E-02
 8.60140920E-02
 8.60140920E-02
 8.60140920E-02
 8.60140920E-02
 8.60140920E-02
 8.60140920E-02
 8.60140920E-02
 8.60140920E-02
 8.60140920E-02
 8.60140920E-02
 8.60140920E-02
 8.60140920E-02
 8.60140920E-02
 8.60140920E-02
 8.60140920E-02
 8.60140920E-02
 8.60140920E-02
 8.60140920E-02
 8.60140920E-02
 8.60140920E-02
 8.60140920E-02
 8.60140920E-02
 8.60140920E-02
 8.60140920E-02
 8.60140920E-02
 8.60140920E-02
 8.60140920E-02
 8.60140920E-02
 8.60140920E-02
 8.60140920E-02
 8.60140920E-02
 1.29903481E-19
 6.37323857E-20
 3.79815281E-19
 2.24780024E-19
-4.79590886E-20
 1.61128114E-19
-2.72340376E-19
-9.08066469E-19
-4.55387846E-19
 7.42541062E-19
 5.68333827E-19
 3.92104135E-19
 8.10425242E-19
 5.67440524E-19
 3.50917080E-19
 2.73460301E-19
 7.01515334E-19
-1.13147027E-18
-4.26201833E-18
 1.27527559E-19
 7.56047474E-19
-9.37450902E-18
 1.20854531E-18
-1.00191036E-17
-1.57680424E-16
-1.31764022E-16
-4.63914420E-17
-8.74633450E-17
-9.59926954E-17
-2.85358584E-17
 5.60172005E-17
 1.02895604E-16
-5.46452685E-17
-1.64790607E-17
 9.80811213E-17
-4.25023497E-17
-5.43689869E-17
 8.60140920E-02
 8.60140920E-02
 8.60140920E-02
 8.60140920E-02
 8.60140920E-02
 8.60140920E-02
 8.60140920E-02
 8.60140920E-02
 8.60140920E-02
 8.60140920E-02
 8.60140920E-02
 8.60140920E-02
 8.60140920E-02
 8.60140920E-02
 8.60140920E-02
 8.60140920E-02
 8.60140920E-02
 8.60140920E-02
 8.60140920E-02
 8.60140920E-02
 8.60140920E-02
 8.60140920E-02
 8.60140920E-02
 8.60140920E-02
 8.60140920E-02
 8.60140920E-02
 8.60140920E-02
 8.60140920E-02
 8.60140920E-02
 8.60140920E-02
 8.60140920E-02
 8.60140920E-02
 8.60140920E-02
 8.60140920E-02
 8.60140920E-02
 8.60140920E-02
 8.60140920E-02
 8.60140920E-02
 8.60140920E-02
 8.60140920E-02
 8.60140920E-02
 8.60140920E-02
 8.60140920E-02
 8.60140920E-02
 8.60140920E-02
 8.60140920E-02
 8.60140920E-02
 8.60140920E-02
 8.60140920E-02
 8.60140920E-02
 8.60140920E-02
 8.60140920E-02
 8.60140920E-02
 8.60140920E-02
 8.60140920E-02
 8.60140920E-02
 8.60140920E-02
 8.60140920E-02
 8.60140920E-02
 8.60140920E-02
 8.60140920E-02
 8.60140920E-02
 8.60140920E-02
 8.60140920E-02
 8.60140920E-02
 8.60140920E-02
 8.60140920E-02
 8.60140920E-02
 8.60140920E-02
 8.60140920E-02
 8.60140920E-02
 8.60140920E-02
 8.60140920E-02
 8.60140920E-02
 8.60140920E-02
 8.60140920E-02
 8.60140920E-02
 8.60140920E-02
 8.60140920E-02
 8.60140920E-02
 8.60140920E-02
 8.60140920E-02
 8.60140920E-02
 8.60140920E-02
 8.60140920E-02
 8.60140920E-02
 8.60140920E-02
 8.60140920E-02
 8.60140920E-02
 8.60140920E-02
 8.60140920E-02
 8.60140920E-02
 8.60140920E-02
 8.60140920E-02
 8.60140920E-02
 8.60140920E-02
 8.60140920E-02
 8.60140920E-02
 8.60140920E-02
 8.60140920E-02
 8.60140920E-02
 8.60140920E-02
 8.60140920E-02
 8.60140920E-02
 8.60140920E-02
 8.60140920E-02
 8.60140920E-02
 8.60140920E-02
 8.60140920E-02
 8.60140920E-02
 8.60140920E-02
 8.60140920E-02
 8.60140920E-02
 8.60140920E-02
 8.60140920E-02
 8.60140920E-02
 8.60140920E-02
 8.60140920E-02
 8.60140920E-02
 8.60140920E-02
 8.60140920E-02
 8.60140920E-02
 8.60140920E-02
 8.60140920E-02
 8.60140920E-02
 8.60140920E-02
 8.60140920E-02
 8.60140920E-02
 8.60140920E-02
 8.60140920E-02
 8.60140920E-02
 8.60140920E-02
 8.60140920E-02
 8.60140920E-02
 8.60140920E-02
 8.60140920E-02
 8.60140920E-02
 8.60140920E-02
 8.60140920E-02
 8.60140920E-02
 8.60140920E-02
 8.60140920E-02
 8.60140920E-02
 8.60140920E-02
 8.60140920E-02
 8.60140920E-02
 8.60140920E-02
 8.60140920E-02
 8.60140920E-02
 8.60140920E-02
 8.60140920E-02
 8.60140920E-02
 8.60140920E-02
 8.60140920E-02
 8.60140920E-02
 8.60140920E-02
 8.60140920E-02
 8.60140920E-02
 8.60140920E-02
 8.60140920E-02
 8.60140920E-02
 8.60140920E-02
-5.58739057E-21
-4.78685595E-19
-4.29358256E-19
-1.52920583E-19
 1.77434636E-19
-2.47488200E-19
 1.67007297E-20
 4.72219834E-19
 5.44689283E-19
 9.52418032E-19
-4.76312620E-19
-2.00355738E-18
-1.58740002E-18
 1.07203389E-19
-1.60099381E-18
-8.58329132E-19
-2.50112885E-18
 3.54277238E-18
 5.67429274E-18
-9.92382540E-19
-7.69540600E-18
 7.18449660E-20
 1.05419992E-17
 2.68123999E-18
 2.64126198E-17
 1.58694349E-16
 1.08474057E-16
 1.22676073E-16
-1.62627795E-17
 1.60832948E-16
-1.45755643E-16
-4.98810721E-17
 2.56023596E-16
 6.51027472E-17
-2.96167902E-16
-5.74371387E-18
 5.04438163E-17
 5.14105622E-17
-6.16184772E-17
 8.60140920E-02
 8.60140920E-02
 8.60140920E-02
 8.60140920E-02
 8.60140920E-02
 8.60140920E-02
 8.60140920E-02
 8.60140920E-02
 8.60140920E-02
 8.60140920E-02
 8.60140920E-02
 8.60140920E-02
 8.60140920E-02
 8.60140920E-02
 8.60140920E-02
 8.60140920E-02
 8.60140920E-02
 8.60140920E-02
 8.60140920E-02
 8.60140920E-02
 8.60140920E-02
 8.60140920E-02
 8.60140920E-02
 8.60140920E-02
 8.60140920E-02
 8.60140920E-02
 8.60140920E-02
 8.60140920E-02
 8.60140920E-02
 8.60140920E-02
 8.60140920E-02
 8.60140920E-02
 8.60140920E-02
 8.60140920E-02
 8.60140920E-02
 8.60140920E-02
 8.60140920E-02
 8.60140920E-02
 8.60140920E-02
 8.60140920E-02
 8.60140920E-02
 8.60140920E-02
 8.60140920E-02
 8.60140920E-02
 8.60140920E-02
 8.60140920E-02
 8.60140920E-02
 8.60140920E-02
 8.60140920E-02
 8.60140920E-02
 8.60140920E-02
 8.60140920E-02
 8.60140920E-02
 8.60140920E-02
 8.60140920E-02
 8.60140920E-02
 8.60140920E-02
 8.60140920E-02
 8.60140920E-02
 8.60140920E-02
 8.60140920E-02
 8.60140920E-02
 8.60140920E-02
 8.60140920E-02
 8.60140920E-02
 8.60140920E-02
 8.60140920E-02
 8.60140920E-02
 8.60140920E-02
 8.60140920E-02
 8.60140920E-02
 8.60140920E-02
 8.60140920E-02
 8.60140920E-02
 8.60140920E-02
 8.60140920E-02
 8.60140920E-02
 8.60140920E-02
 8.60140920E-02
 8.60140920E-02
 8.60140920E-02
 8.60140920E-02
 8.60140920E-02
 8.60140920E-02
 8.60140920E-02
 8.60140920E-02
 8.60140920E-02
 8.60140920E-02
 8.60140920E-02
 8.60140920E-02
 8.60140920E-02
 8.60140920E-02
 8.60140920E-02
 8.60140920E-02
 8.60140920E-02
 8.60140920E-02
 8.60140920E-02
 8.60140920E-02
 8.60140920E-02
 8.60140920E-02
 8.60140920E-02
 8.60140920E-02
 8.60140920E-02
 8.60140920E-02
 8.60140920E-02
 8.60140920E-02
 8.60140920E-02
 8.60140920E-02
 8.60140920E-02
 8.60140920E-02
 8.60140920E-02
 8.60140920E-02
 8.60140920E-02
 8.60140920E-02
 8.60140920E-02
 8.60140920E-02
 8.60140920E-02
 8.60140920E-02
 8.60140920E-02
 8.60140920E-02
 8.60140920E-02
 8.60140920E-02
 8.60140920E-02
 8.60140920E-02
 8.60140920E-02
 8.60140920E-02
 8.60140920E-02
 8.60140920E-02
 8.60140920E-02
 8.60140920E-02
 8.60140920E-02
 8.60140920E-02
 8.60140920E-02
 8.60140920E-02
 8.60140920E-02
 8.60140920E-02
 8.60140920E-02
 8.60140920E-02
 8.60140920E-02
 8.60140920E-02
 8.60140920E-02
 8.60140920E-02
 8.60140920E-02
 8.60140920E-02
 8.60140920E-02
 8.60140920E-02
 8.60140920E-02
 8.60140920E-02
 8.60140920E-02
 8.60140920E-02
 8.60140920E-02
 8.60140920E-02
 8.60140920E-02
 8.60140920E-02
 8.60140920E-02
 8.60140920E-02
 8.60140920E-02
 8.60140920E-02
 8.60140920E-02
 8.60140920E-02
 8.60140920E-02
 2.13936410E-19
 6.24261731E-19
 6.41413683E-19
-4.39424417E-20
-7.88336004E-19
-6.50367965E-19
 2.42486627E-19
-6.45795000E-19
-1.17116057E-18
-5.38732600E-19
 3.15544537E-19
 2.42721241E-18
 4.05534932E-18
-4.84239720E-18
 3.86417506E-18
 1.53665725E-18
-3.36356266E-18
-1.15257295E-17
 3.44120907E-18
 7.15229006E-19
 3.60474971E-19
 1.02302265E-17
-2.77937985E-19
-3.56465081E-17
-7.83528306E-18
-1.02816704E-16
-2.98727530E-16
-9.03052662E-17
-7.87552209E-18
 1.08903324E-17
 1.83365481E-16
-3.17212621E-16
-3.23484821E-16
 2.39302848E-16
-5.43575122E-17
-2.35635550E-18
-4.27789093E-17
-1.09685671E-17
-1.59349926E-17
-4.34736054E-17
 4.93648188E-17
 8.60140920E-02
 8.60140920E-02
 8.60140920E-02
 8.60140920E-02
 8.60140920E-02
 8.60140920E-02
 8.60140920E-02
 8.60140920E-02
 8.60140920E-02
 8.60140920E-02
 8.60140920E-02
 8.60140920E-02
 8.60140920E-02
 8.60140920E-02
 8.60140920E-02
 8.60140920E-02
 8.60140920E-02
 8.60140920E-02
 8.60140920E-02
 8.60140920E-02
 8.60140920E-02
 8.60140920E-02
 8.60140920E-02
 8.60140920E-02
 8.60140920E-02
 8.60140920E-02
 8.60140920E-02
 8.60140920E-02
 8.60140920E-02
 8.60140920E-02
 8.60140920E-02
 8.60140920E-02
 8.60140920E-02
 8.60140920E-02
 8.60140920E-02
 8.60140920E-02
 8.60140920E-02
 8.60140920E-02
 8.60140920E-02
 8.60140920E-02
 8.60140920E-02
 8.60140920E-02
 8.60140920E-02
 8.60140920E-02
 8.60140920E-02
 8.60140920E-02
 8.60140920E-02
 8.60140920E-02
 8.60140920E-02
 8.60140920E-02
 8.60140920E-02
 8.60140920E-02
 8.60140920E-02
 8.60140920E-02
 8.60140920E-02
 8.60140920E-02
 8.60140920E-02
 8.60140920E-02
 8.60140920E-02
 8.60140920E-02
 8.60140920E-02
 8.60140920E-02
 8.60140920E-02
 8.60140920E-02
 8.60140920E-02
 8.60140920E-02
 8.60140920E-02
 8.60140920E-02
 8.60140920E-02
 8.60140920E-02
 8.60140920E-02
 8.60140920E-02
 8.60140920E-02
 8.60140920E-02
 8.60140920E-02
 8.60140920E-02
 8.60140920E-02
 8.60140920E-02
 8.60140920E-02
 8.60140920E-02
 8.60140920E-02
 8.60140920E-02
 8.60140920E-02
 8.60140920E-02
 8.60140920E-02
 8.60140920E-02
 8.60140920E-02
 8.60140920E-02
 8.60140920E-02
 8.60140920E-02
 8.60140920E-02
 8.60140920E-02
 8.60140920E-02
 8.60140920E-02
 8.60140920E-02
 8.60140920E-02
 8.60140920E-02
 8.60140920E-02
 8.60140920E-02
 8.60140920E-02
 8.60140920E-02
 8.60140920E-02
 8.60140920E-02
 8.60140920E-02
 8.60140920E-02
 8.60140920E-02
 8.60140920E-02
 8.60140920E-02
 8.60140920E-02
 8.60140920E-02
 8.60140920E-02
 8.60140920E-02
 8.60140920E-02
 8.60140920E-02
 8.60140920E-02
 8.60140920E-02
 8.60140920E-02
 8.60140920E-02
 8.60140920E-02
 8.60140920E-02
 8.60140920E-02
 8.60140920E-02
 8.60140920E-02
 8.60140920E-02
 8.60140920E-02
 8.60140920E-02
 8.60140920E-02
 8.60140920E-02
 8.60140920E-02
 8.60140920E-02
 8.60140920E-02
 8.60140920E-02
 8.60140920E-02
 8.60140920E-02
 8.60140920E-02
 8.60140920E-02
 8.60140920E-02
 8.60140920E-02
 8.60140920E-02
 8.60140920E-02
 8.60140920E-02
 8.60140920E-02
 8.60140920E-02
 8.60140920E-02
 8.60140920E-02
 8.60140920E-02
 8.60140920E-02
 8.60140920E-02
 8.60140920E-02
 8.60140920E-02
 8.60140920E-02
 8.60140920E-02
 8.60140920E-02
 8.60140920E-02
 8.60140920E-02
 8.60140920E-02
 8.60140920E-02
 8.60140920E-02
-8.78188291E-19
-5.32796649E-19
-2.66184679E-19
-2.59488652E-19
 6.45133204E-19
 2.06250662E-18
 4.34463589E-19
-2.18767248E-18
 1.81480428E-18
 3.67344189E-20
 1.85625714E-19
 2.81603217E-18
-4.61623940E-18
-1.21546250E-17
 2.97936105E-18
 2.07753789E-17
-5.67650090E-18
-4.54946938E-18
 2.27490699E-17
 2.09388381E-17
-2.35671003E-17
-1.78461918E-17
 1.49919554E-17
 2.04758634E-17
 4.51574109E-18
 4.44123693E-17
 3.36170688E-18
 3.58129262E-16
 4.60103321E-16
-2.41323763E-16
-2.88374590E-16
-4.59406530E-16
 8.37928772E-16
 5.94343961E-17
 3.87355764E-16
-5.84136552E-17
 1.33855796E-16
 4.37167932E-17
-4.84594034E-17
-3.14298292E-17
 5.56307334E-18
-1.22140703E-17
 5.57348351E-19
 8.60140920E-02
 8.60140920E-02
 8.60140920E-02
 8.60140920E-02
 8.60140920E-02
 8.60140920E-02
 8.60140920E-02
 8.60140920E-02
 8.60140920E-02
 8.60140920E-02
 8.60140920E-02
 8.60140920E-02
 8.60140920E-02
 8.60140920E-02
 8.60140920E-02
 8.60140920E-02
 8.60140920E-02
 8.60140920E-02
 8.60140920E-02
 8.60140920E-02
 8.60140920E-02
 8.60140920E-02
 8.60140920E-02
 8.60140920E-02
 8.60140920E-02
 8.60140920E-02
 8.60140920E-02
 8.60140920E-02
 8.60140920E-02
 8.60140920E-02
 8.60140920E-02
 8.60140920E-02
 8.60140920E-02
 8.60140920E-02
 8.60140920E-02
 8.60140920E-02
 8.60140920E-02
 8.60140920E-02
 8.60140920E-02
 8.60140920E-02
 8.60140920E-02
 8.60140920E-02
 8.60140920E-02
 8.60140920E-02
 8.60140920E-02
 8.60140920E-02
 8.60140920E-02
 8.60140920E-02
 8.60140920E-02
 8.60140920E-02
 8.60140920E-02
 8.60140920E-02
 8.60140920E-02
 8.60140920E-02
 8.60140920E-02
 8.60140920E-02
 8.60140920E-02
 8.60140920E-02
 8.60140920E-02
 8.60140920E-02
 8.60140920E-02
 8.60140920E-02
 8.60140920E-02
 8.60140920E-02
 8.60140920E-02
 8.60140920E-02
 8.60140920E-02
 8.60140920E-02
 8.60140920E-02
 8.60140920E-02
 8.60140920E-02
 8.60140920E-02
 8.60140920E-02
 8.60140920E-02
 8.60140920E-02
 8.60140920E-02
 8.60140920E-02
 8.60140920E-02
 8.60140920E-02
 8.60140920E-02
 8.60140920E-02
 8.60140920E-02
 8.60140920E-02
 8.60140920E-02
 8.60140920E-02
 8.60140920E-02
 8.60140920E-02
 8.60140920E-02
 8.60140920E-02
 8.60140920E-02
 8.60140920E-02
 8.60140920E-02
 8.60140920E-02
 8.60140920E-02
 8.60140920E-02
 8.60140920E-02
 8.60140920E-02
 8.60140920E-02
 8.60140920E-02
 8.60140920E-02
 8.60140920E-02
 8.60140920E-02
 8.60140920E-02
 8.60140920E-02
 8.60140920E-02
 8.60140920E-02
 8.60140920E-02
 8.60140920E-02
 8.60140920E-02
 8.60140920E-02
 8.60140920E-02
 8.60140920E-02
 8.60140920E-02
 8.60140920E-02
 8.60140920E-02
 8.60140920E-02
 8.60140920E-02
 8.60140920E-02
 8.60140920E-02
 8.60140920E-02
 8.60140920E-02
 8.60140920E-02
 8.60140920E-02
 8.60140920E-02
 8.60140920E-02
 8.60140920E-02
 8.60140920E-02
 8.60140920E-02
 8.60140920E-02
 8.60140920E-02
 8.60140920E-02
 8.60140920E-02
 8.60140920E-02
 8.60140920E-02
 8.60140920E-02
 8.60140920E-02
 8.60140920E-02
 8.60140920E-02
 8.60140920E-02
 8.60140920E-02
 8.60140920E-02
 8.60140920E-02
 8.60140920E-02
 8.60140920E-02
 8.60140920E-02
 8.60140920E-02
 8.60140920E-02
 8.60140920E-02
 8.60140920E-02
 8.60140920E-02
 8.60140920E-02
 8.60140920E-02
 8.60140920E-02
 8.60140920E-02
 8.60140920E-02
 8.60140920E-02
-3.18078087E-19
 1.13812494E-18
 2.22973090E-18
-1.06171378E-19
-7.48123963E-19
-2.14628512E-18
-1.49822396E-18
 1.92297427E-18
 2.96497762E-18
-6.08367249E-19
-5.39568518E-19
-8.36818430E-20
 2.29566650E-18
-3.80597918E-18
 1.52842959E-17
 8.91716665E-18
-3.87872723E-18
-1.49288399E-17
 1.05645994E-17
 1.76169337E-17
-7.44361139E-18
-3.12016928E-17
 4.09891849E-17
 1.12476764E-16
 4.35293573E-17
-1.36288586E-17
 8.33372423E-17
 1.37521186E-16
-3.55633903E-16
-6.64809320E-16
 3.83898122E-16
 8.78810182E-16
 1.14313322E-15
-5.01997729E-16
-6.84946311E-16
-5.24112012E-16
-2.28890775E-16
 9.41073391E-17
-1.92307660E-16
 1.64343146E-16
 1.04959373E-16
-1.64479852E-17
 2.43171992E-17
-1.71088860E-17
-4.16082304E-17
 8.60140920E-02
 8.60140920E-02
 8.60140920E-02
 8.60140920E-02
 8.60140920E-02
 8.60140920E-02
 8.60140920E-02
 8.60140920E-02
 8.60140920E-02
 8.60140920E-02
 8.60140920E-02
 8.60140920E-02
 8.60140920E-02
 8.60140920E-02
 8.60140920E-02
 8.60140920E-02
 8.60140920E-02
 8.60140920E-02
 8.60140920E-02
 8.60140920E-02
 8.60140920E-02
 8.60140920E-02
 8.60140920E-02
 8.60140920E-02
 8.60140920E-02
 8.60140920E-02
 8.60140920E-02
 8.60140920E-02
 8.60140920E-02
 8.60140920E-02
 8.60140920E-02
 8.60140920E-02
 8.60140920E-02
 8.60140920E-02
 8.60140920E-02
 8.60140920E-02
 8.60140920E-02
 8.60140920E-02
 8.60140920E-02
 8.60140920E-02
 8.60140920E-02
 8.60140920E-02
 8.60140920E-02
 8.60140920E-02
 8.60140920E-02
 8.60140920E-02
 8.60140920E-02
 8.60140920E-02
 8.60140920E-02
 8.60140920E-02
 8.60140920E-02
 8.60140920E-02
 8.60140920E-02
 8.60140920E-02
 8.60140920E-02
 8.60140920E-02
 8.60140920E-02
 8.60140920E-02
 8.60140920E-02
 8.60140920E-02
 8.60140920E-02
 8.60140920E-02
 8.60140920E-02
 8.60140920E-02
 8.60140920E-02
 8.60140920E-02
 8.60140920E-02
 8.60140920E-02
 8.60140920E-02
 8.60140920E-02
 8.60140920E-02
 8.60140920E-02
 8.60140920E-02
 8.60140920E-02
 8.60140920E-02
 8.60140920E-02
 8.60140920E-02
 8.60140920E-02
 8.60140920E-02
 8.60140920E-02
 8.60140920E-02
 8.60140920E-02
 8.60140920E-02
 8.60140920E-02
 8.60140920E-02
 8.60140920E-02
 8.60140920E-02
 8.60140920E-02
 8.60140920E-02
 8.60140920E-02
 8.60140920E-02
 8.60140920E-02
 8.60140920E-02
 8.60140920E-02
 8.60140920E-02
 8.60140920E-02
 8.60140920E-02
 8.60140920E-02
 8.60140920E-02
 8.60140920E-02
 8.60140920E-02
 8.60140920E-02
 8.60140920E-02
 8.60140920E-02
 8.60140920E-02
 8.60140920E-02
 8.60140920E-02
 8.60140920E-02
 8.60140920E-02
 8.60140920E-02
 8.60140920E-02
 8.60140920E-02
 8.60140920E-02
 8.60140920E-02
 8.60140920E-02
 8.60140920E-02
 8.60140920E-02
 8.60140920E-02
 8.60140920E-02
 8.60140920E-02
 8.60140920E-02
 8.60140920E-02
 8.60140920E-02
 8.60140920E-02
 8.60140920E-02
 8.60140920E-02
 8.60140920E-02
 8.60140920E-02
 8.60140920E-02
 8.60140920E-02
 8.60140920E-02
 8.60140920E-02
 8.60140920E-02
 8.60140920E-02
 8.60140920E-02
 8.60140920E-02
 8.60140920E-02
 8.60140920E-02
 8.60140920E-02
 8.60140920E-02
 8.60140920E-02
 8.60140920E-02
 8.60140920E-02
 8.60140920E-02
 8.60140920E-02
 8.60140920E-02
 8.60140920E-02
 8.60140920E-02
 8.60140920E-02
 8.60140920E-02
 8.60140920E-02
 8.60140920E-02
 8.60140920E-02
 8.60140920E-02
-2.89454433E-19
-1.37883809E-19
-7.71572931E-19
-2.41732884E-18
-6.23252157E-19
 1.68906652E-18
-4.10360069E-20
-3.07281261E-18
-5.29417595E-18
-1.01900231E-17
-2.52439310E-18
 7.07196328E-18
-6.14503461E-18
 4.37002868E-18
-2.02489019E-19
-5.48853858E-18
-1.71662989E-17
-1.62628705E-17
-9.92211913E-18
-2.38970432E-18
-2.07710230E-17
-5.12946543E-17
 3.24584349E-17
-3.45788648E-18
-1.11525288E-17
-7.30516749E-17
 1.04459802E-16
 1.77179539E-17
-4.90769460E-16
 3.05586247E-16
 8.98604442E-16
-2.40872533E-16
-1.85617784E-15
-7.63623972E-16
 9.48760651E-16
 1.64522661E-15
 1.14916949E-15
 2.25912925E-16
 6.22188448E-17
 3.93878076E-16
-1.97922827E-16
-2.00365975E-16
-8.03714491E-17
 6.90181239E-17
-6.11601728E-17
-9.20568245E-17
 7.44055113E-19
 8.60140920E-02
 8.60140920E-02
 8.60140920E-02
 8.60140920E-02
 8.60140920E-02
 8.60140920E-02
 8.60140920E-02
 8.60140920E-02
 8.60140920E-02
 8.60140920E-02
 8.60140920E-02
 8.60140920E-02
 8.60140920E-02
 8.60140920E-02
 8.60140920E-02
 8.60140920E-02
 8.60140920E-02
 8.60140920E-02
 8.60140920E-02
 8.60140920E-02
 8.60140920E-02
 8.60140920E-02
 8.60140920E-02
 8.60140920E-02
 8.60140920E-02
 8.60140920E-02
 8.60140920E-02
 8.60140920E-02
 8.60140920E-02
 8.60140920E-02
 8.60140920E-02
 8.60140920E-02
 8.60140920E-02
 8.60140920E-02
 8.60140920E-02
 8.60140920E-02
 8.60140920E-02
 8.60140920E-02
 8.60140920E-02
 8.60140920E-02
 8.60140920E-02
 8.60140920E-02
 8.60140920E-02
 8.60140920E-02
 8.60140920E-02
 8.60140920E-02
 8.60140920E-02
 8.60140920E-02
 8.60140920E-02
 8.60140920E-02
 8.60140920E-02
 8.60140920E-02
 8.60140920E-02
 8.60140920E-02
 8.60140920E-02
 8.60140920E-02
 8.60140920E-02
 8.60140920E-02
 8.60140920E-02
 8.60140920E-02
 8.60140920E-02
 8.60140920E-02
 8.60140920E-02
 8.60140920E-02
 8.60140920E-02
 8.60140920E-02
 8.60140920E-02
 8.60140920E-02
 8.60140920E-02
 8.60140920E-02
 8.60140920E-02
 8.60140920E-02
 8.60140920E-02
 8.60140920E-02
 8.60140920E-02
 8.60140920E-02
 8.60140920E-02
 8.60140920E-02
 8.60140920E-02
 8.60140920E-02
 8.60140920E-02
 8.60140920E-02
 8.60140920E-02
 8.60140920E-02
 8.60140920E-02
 8.60140920E-02
 8.60140920E-02
 8.60140920E-02
 8.60140920E-02
 8.60140920E-02
 8.60140920E-02
 8.60140920E-02
 8.60140920E-02
 8.60140920E-02
 8.60140920E-02
 8.60140920E-02
 8.60140920E-02
 8.60140920E-02
 8.60140920E-02
 8.60140920E-02
 8.60140920E-02
 8.60140920E-02
 8.60140920E-02
 8.60140920E-02
 8.60140920E-02
 8.60140920E-02
 8.60140920E-02
 8.60140920E-02
 8.60140920E-02
 8.60140920E-02
 8.60140920E-02
 8.60140920E-02
 8.60140920E-02
 8.60140920E-02
 8.60140920E-02
 8.60140920E-02
 8.60140920E-02
 8.60140920E-02
 8.60140920E-02
 8.60140920E-02
 8.60140920E-02
 8.60140920E-02
 8.60140920E-02
 8.60140920E-02
 8.60140920E-02
 8.60140920E-02
 8.60140920E-02
 8.60140920E-02
 8.60140920E-02
 8.60140920E-02
 8.60140920E-02
 8.60140920E-02
 8.60140920E-02
 8.60140920E-02
 8.60140920E-02
 8.60140920E-02
 8.60140920E-02
 8.60140920E-02
 8.60140920E-02
 8.60140920E-02
 8.60140920E-02
 8.60140920E-02
 8.60140920E-02
 8.60140920E-02
 8.60140920E-02
 8.60140920E-02
 8.60140920E-02
 8.60140920E-02
 8.60140920E-02
 8.60140920E-02
 8.60140920E-02
 8.60140920E-02
 5.00766199E-19
-2.79607830E-19
 1.22388020E-18
-9.12547720E-19
-1.23843941E-18
 5.41541374E-18
-9.62548513E-19
-1.01893121E-18
 7.54962038E-18
 6.61045481E-18
 1.79371088E-17
 1.98505397E-18
-3.54747324E-18
 6.97320236E-19
 1.13586473E-17
-1.57230689E-17
 6.22572649E-18
 4.33166396E-17
 1.63738450E-17
-1.05473328E-17
 3.82354643E-17
-1.66621621E-17
 2.84325468E-17
 2.64030956E-17
-6.37153138E-17
-3.09946991E-17
 8.49191624E-17
-2.65744358E-16
-3.61890618E-16
 4.88533187E-16
 9.89568369E-16
-1.77229934E-15
 3.61079875E-16
 2.19920966E-15
 1.56437297E-15
-6.79033121E-16
-5.07278630E-15
-5.01280366E-15
-2.22089519E-15
 1.23392160E-16
-5.70260167E-16
 3.30598888E-19
 6.79545218E-17
 1.93789306E-16
-1.52979868E-16
 3.76433816E-17
 2.45757560E-17
-6.41218169E-17
-3.81375757E-17
 8.89350713E-17
 8.60140920E-02
 8.60140920E-02
 8.60140920E-02
 8.60140920E-02
 8.60140920E-02
 8.60140920E-02
 8.60140920E-02
 8.60140920E-02
 8.60140920E-02
 8.60140920E-02
 8.60140920E-02
 8.60140920E-02
 8.60140920E-02
 8.60140920E-02
 8.60140920E-02
 8.60140920E-02
 8.60140920E-02
 8.60140920E-02
 8.60140920E-02
 8.60140920E-02
 8.60140920E-02
 8.60140920E-02
 8.60140920E-02
 8.60140920E-02
 8.60140920E-02
 8.60140920E-02
 8.60140920E-02
 8.60140920E-02
 8.60140920E-02
 8.60140920E-02
 8.60140920E-02
 8.60140920E-02
 8.60140920E-02
 8.60140920E-02
 8.60140920E-02
 8.60140920E-02
 8.60140920E-02
 8.60140920E-02
 8.60140920E-02
 8.60140920E-02
 8.60140920E-02
 8.60140920E-02
 8.60140920E-02
 8.60140920E-02
 8.60140920E-02
 8.60140920E-02
 8.60140920E-02
 8.60140920E-02
 8.60140920E-02
 8.60140920E-02
 8.60140920E-02
 8.60140920E-02
 8.60140920E-02
 8.60140920E-02
 8.60140920E-02
 8.60140920E-02
 8.60140920E-02
 8.60140920E-02
 8.60140920E-02
 8.60140920E-02
 8.60140920E-02
 8.60140920E-02
 8.60140920E-02
 8.60140920E-02
 8.60140920E-02
 8.60140920E-02
 8.60140920E-02
 8.60140920E-02
 8.60140920E-02
 8.60140920E-02
 8.60140920E-02
 8.60140920E-02
 8.60140920E-02
 8.60140920E-02
 8.60140920E-02
 8.60140920E-02
 8.60140920E-02
 8.60140920E-02
 8.60140920E-02
 8.60140920E-02
 8.60140920E-02
 8.60140920E-02
 8.60140920E-02
 8.60140920E-02
 8.60140920E-02
 8.60140920E-02
 8.60140920E-02
 8.60140920E-02
 8.60140920E-02
 8.60140920E-02
 8.60140920E-02
 8.60140920E-02
 8.60140920E-02
 8.60140920E-02
 8.60140920E-02
 8.60140920E-02
 8.60140920E-02
 8.60140920E-02
 8.60140920E-02
 8.60140920E-02
 8.60140920E-02
 8.60140920E-02
 8.60140920E-02
 8.60140920E-02
 8.60140920E-02
 8.60140920E-02
 8.60140920E-02
 8.60140920E-02
 8.60140920E-02
 8.60140920E-02
 8.60140920E-02
 8.60140920E-02
 8.60140920E-02
 8.60140920E-02
 8.60140920E-02
 8.60140920E-02
 8.60140920E-02
 8.60140920E-02
 8.60140920E-02
 8.60140920E-02
 8.60140920E-02
 8.60140920E-02
 8.60140920E-02
 8.60140920E-02
 8.60140920E-02
 8.60140920E-02
 8.60140920E-02
 8.60140920E-02
 8.60140920E-02
 8.60140920E-02
 8.60140920E-02
 8.60140920E-02
 8.60140920E-02
 8.60140920E-02
 8.60140920E-02
 8.60140920E-02
 8.60140920E-02
 8.60140920E-02
 8.60140920E-02
 8.60140920E-02
 8.60140920E-02
 8.60140920E-02
 8.60140920E-02
 8.60140920E-02
 8.60140920E-02
 8.60140920E-02
 8.60140920E-02
 8.60140920E-02
 8.60140920E-02
-3.27218692E-19
 3.75030274E-19
-7.32940029E-19
-4.36241458E-19
 2.26859225E-18
-5.06753694E-19
 3.64068037E-18
-3.15753927E-18
-1.98529385E-18
-1.16536629E-17
-1.59960782E-17
-1.20810398E-17
-1.48121297E-17
 8.77212880E-18
-8.43454978E-18
 6.10069111E-18
-8.24317327E-18
 1.11693462E-17
 7.87494886E-18
-7.25766367E-18
 2.82743436E-17
 7.64914162E-17
 4.07583354E-17
-4.69494026E-18
 3.96097008E-18
 2.29854269E-17
 4.83061897E-17
 1.61062521E-16
-1.91993398E-16
 5.67567926E-16
 4.52144070E-16
-1.04507994E-15
 9.64555275E-16
 1.59593363E-15
-2.03694229E-15
-3.14522667E-15
-3.26809642E-15
 5.35348794E-15
 7.48871908E-15
 3.33691425E-15
 2.21331721E-16
-3.28408967E-16
 7.41822786E-17
-5.97819112E-17
-1.50037758E-17
 2.59284250E-16
-1.14516869E-16
 7.74776471E-17
-7.12187949E-17
 2.01700167E-17
-9.92219821E-17
 9.18588173E-17
 1.96634490E-16
 8.60140920E-02
 8.60140920E-02
 8.60140920E-02
 8.60140920E-02
 8.60140920E-02
 8.60140920E-02
 8.60140920E-02
 8.60140920E-02
 8.60140920E-02
 8.60140920E-02
 8.60140920E-02
 8.60140920E-02
 8.60140920E-02
 8.60140920E-02
 8.60140920E-02
 8.60140920E-02
 8.60140920E-02
 8.60140920E-02
 8.60140920E-02
 8.60140920E-02
 8.60140920E-02
 8.60140920E-02
 8.60140920E-02
 8.60140920E-02
 8.60140920E-02
 8.60140920E-02
 8.60140920E-02
 8.60140920E-02
 8.60140920E-02
 8.60140920E-02
 8.60140920E-02
 8.60140920E-02
 8.60140920E-02
 8.60140920E-02
 8.60140920E-02
 8.60140920E-02
 8.60140920E-02
 8.60140920E-02
 8.60140920E-02
 8.60140920E-02
 8.60140920E-02
 8.60140920E-02
 8.60140920E-02
 8.60140920E-02
 8.60140920E-02
 8.60140920E-02
 8.60140920E-02
 8.60140920E-02
 8.60140920E-02
 8.60140920E-02
 8.60140920E-02
 8.60140920E-02
 8.60140920E-02
 8.60140920E-02
 8.60140920E-02
 8.60140920E-02
 8.60140920E-02
 8.60140920E-02
 8.60140920E-02
 8.60140920E-02
 8.60140920E-02
 8.60140920E-02
 8.60140920E-02
 8.60140920E-02
 8.60140920E-02
 8.60140920E-02
 8.60140920E-02
 8.60140920E-02
 8.60140920E-02
 8.60140920E-02
 8.60140920E-02
 8.60140920E-02
 8.60140920E-02
 8.60140920E-02
 8.60140920E-02
 8.60140920E-02
 8.60140920E-02
 8.60140920E-02
 8.60140920E-02
 8.60140920E-02
 8.60140920E-02
 8.60140920E-02
 8.60140920E-02
 8.60140920E-02
 8.60140920E-02
 8.60140920E-02
 8.60140920E-02
 8.60140920E-02
 8.60140920E-02
 8.60140920E-02
 8.60140920E-02
 8.60140920E-02
 8.60140920E-02
 8.60140920E-02
 8.60140920E-02
 8.60140920E-02
 8.60140920E-02
 8.60140920E-02
 8.60140920E-02
 8.60140920E-02
 8.60140920E-02
 8.60140920E-02
 8.60140920E-02
 8.60140920E-02
 8.60140920E-02
 8.60140920E-02
 8.60140920E-02
 8.60140920E-02
 8.60140920E-02
 8.60140920E-02
 8.60140920E-02
 8.60140920E-02
 8.60140920E-02
 8.60140920E-02
 8.60140920E-02
 8.60140920E-02
 8.60140920E-02
 8.60140920E-02
 8.60140920E-02
 8.60140920E-02
 8.60140920E-02
 8.60140920E-02
 8.60140920E-02
 8.60140920E-02
 8.60140920E-02
 8.60140920E-02
 8.60140920E-02
 8.60140920E-02
 8.60140920E-02
 8.60140920E-02
 8.60140920E-02
 8.60140920E-02
 8.60140920E-02
 8.60140920E-02
 8.60140920E-02
 8.60140920E-02
 8.60140920E-02
 8.60140920E-02
 8.60140920E-02
 8.60140920E-02
 8.60140920E-02
 8.60140920E-02
 8.60140920E-02
 8.60140920E-02
 8.60140920E-02
 8.12488386E-19
 8.12494473E-20
-7.00526982E-21
-2.10946450E-19
 1.69717703E-20
-3.94618143E-19
-6.96272198E-19
-1.75047072E-18
-2.20718547E-18
 1.75651997E-19
-4.82025440E-18
 2.32543929E-17
 3.06749375E-17
-2.40667579E-18
 1.35999767E-17
 1.75578962E-17
-7.15943266E-18
-3.21826231E-17
 1.98189348E-17
 3.17749620E-17
-2.01136229E-17
-2.52027672E-17
 6.85939986E-17
-1.44123238E-16
-9.49115836E-17
-7.43971338E-17
 2.56288988E-18
 8.17229431E-17
-1.53945326E-17
-8.70502774E-17
 2.13866303E-16
 1.73141211E-16
-8.40861624E-16
 1.16483050E-15
 1.89789506E-15
-3.44531922E-15
 3.45429631E-17
 4.82600325E-15
 9.65999995E-15
-6.30520060E-15
-4.19115248E-15
-8.35787230E-15
 1.50064825E-15
 1.98102520E-15
 1.21308755E-15
 6.65882458E-16
 4.75260889E-17
-3.09403771E-16
-3.73238352E-17
 1.75875009E-16
-1.70489984E-16
 1.09621661E-16
 1.31707231E-16
 4.21834425E-16
 4.35607498E-16
 3.75667265E-16
-5.74550813E-16
 8.60140920E-02
 8.60140920E-02
 8.60140920E-02
 8.60140920E-02
 8.60140920E-02
 8.60140920E-02
 8.60140920E-02
 8.60140920E-02
 8.60140920E-02
 8.60140920E-02
 8.60140920E-02
 8.60140920E-02
 8.60140920E-02
 8.60140920E-02
 8.60140920E-02
 8.60140920E-02
 8.60140920E-02
 8.60140920E-02
 8.60140920E-02
 8.60140920E-02
 8.60140920E-02
 8.60140920E-02
 8.60140920E-02
 8.60140920E-02
 8.60140920E-02
 8.60140920E-02
 8.60140920E-02
 8.60140920E-02
 8.60140920E-02
 8.60140920E-02
 8.60140920E-02
 8.60140920E-02
 8.60140920E-02
 8.60140920E-02
 8.60140920E-02
 8.60140920E-02
 8.60140920E-02
 8.60140920E-02
 8.60140920E-02
 8.60140920E-02
 8.60140920E-02
 8.60140920E-02
 8.60140920E-02
 8.60140920E-02
 8.60140920E-02
 8.60140920E-02
 8.60140920E-02
 8.60140920E-02
 8.60140920E-02
 8.60140920E-02
 8.60140920E-02
 8.60140920E-02
 8.60140920E-02
 8.60140920E-02
 8.60140920E-02
 8.60140920E-02
 8.60140920E-02
 8.60140920E-02
 8.60140920E-02
 8.60140920E-02
 8.60140920E-02
 8.60140920E-02
 8.60140920E-02
 8.60140920E-02
 8.60140920E-02
 8.60140920E-02
 8.60140920E-02
 8.60140920E-02
 8.60140920E-02
 8.60140920E-02
 8.60140920E-02
 8.60140920E-02
 8.60140920E-02
 8.60140920E-02
 8.60140920E-02
 8.60140920E-02
 8.60140920E-02
 8.60140920E-02
 8.60140920E-02
 8.60140920E-02
 8.60140920E-02
 8.60140920E-02
 8.60140920E-02
 8.60140920E-02
 8.60140920E-02
 8.60140920E-02
 8.60140920E-02
 8.60140920E-02
 8.60140920E-02
 8.60140920E-02
 8.60140920E-02
 8.60140920E-02
 8.60140920E-02
 8.60140920E-02
 8.60140920E-02
 8.60140920E-02
 8.60140920E-02
 8.60140920E-02
 8.60140920E-02
 8.60140920E-02
 8.60140920E-02
 8.60140920E-02
 8.60140920E-02
 8.60140920E-02
 8.60140920E-02
 8.60140920E-02
 8.60140920E-02
 8.60140920E-02
 8.60140920E-02
 8.60140920E-02
 8.60140920E-02
 8.60140920E-02
 8.60140920E-02
 8.60140920E-02
 8.60140920E-02
 8.60140920E-02
 8.60140920E-02
 8.60140920E-02
 8.60140920E-02
 8.60140920E-02
 8.60140920E-02
 8.60140920E-02
 8.60140920E-02
 8.60140920E-02
 8.60140920E-02
 8.60140920E-02
 8.60140920E-02
 8.60140920E-02
 8.60140920E-02
 8.60140920E-02
 8.60140920E-02
 8.60140920E-02
 8.60140920E-02
 8.60140920E-02
 8.60140920E-02
 8.60140920E-02
 8.60140920E-02
 8.60140920E-02
 8.60140920E-02
 8.60140920E-02
 8.60140920E-02
 8.60140920E-02
 2.66514776E-19
-2.01159623E-19
 9.67431464E-19
 6.14653718E-19
-4.29754062E-19
-1.68437638E-19
 1.76839386E-18
 1.75473546E-18
-8.47512609E-19
 4.81663135E-18
 4.75724019E-18
-7.68414889E-18
 4.04775611E-19
-1.99996523E-17
-2.03931917E-17
 1.79191871E-17
 3.05660235E-18
-4.00810531E-17
 3.58445087E-17
 7.64688970E-17
-5.17782075E-17
-4.44632244E-17
 1.40191430E-16
-1.01530868E-16
-1.41198248E-16
 1.76342254E-16
 3.03394337E-16
-1.54302483E-16
-2.48403873E-16
-6.52516000E-17
 2.77930601E-17
-9.05342828E-17
 2.63494347E-16
-1.45246497E-16
 1.06920397E-15
-2.94953749E-15
 1.90335482E-15
 5.83199210E-15
-1.11037685E-14
-1.16963324E-14
 5.92722369E-16
 1.72834498E-14
 1.17436959E-14
-1.22748521E-15
-7.87024686E-16
-2.06449966E-15
 5.20241231E-16
-1.17334858E-15
-4.43923483E-17
 1.24084649E-16
-7.63466000E-17
-5.82044778E-17
 2.37633902E-16
-3.50114928E-16
 3.06614016E-16
-5.77408490E-16
 5.46275847E-16
-5.76621385E-16
-2.47593956E-15
-1.78017696E-15
 8.60140920E-02
 8.60140920E-02
 8.60140920E-02
 8.60140920E-02
 8.60140920E-02
 8.60140920E-02
 8.60140920E-02
 8.60140920E-02
 8.60140920E-02
 8.60140920E-02
 8.60140920E-02
 8.60140920E-02
 8.60140920E-02
 8.60140920E-02
 8.60140920E-02
 8.60140920E-02
 8.60140920E-02
 8.60140920E-02
 8.60140920E-02
 8.60140920E-02
 8.60140920E-02
 8.60140920E-02
 8.60140920E-02
 8.60140920E-02
 8.60140920E-02
 8.60140920E-02
 8.60140920E-02
 8.60140920E-02
 8.60140920E-02
 8.60140920E-02
 8.60140920E-02
 8.60140920E-02
 8.60140920E-02
 8.60140920E-02
 8.60140920E-02
 8.60140920E-02
 8.60140920E-02
 8.60140920E-02
 8.60140920E-02
 8.60140920E-02
 8.60140920E-02
 8.60140920E-02
 8.60140920E-02
 8.60140920E-02
 8.60140920E-02
 8.60140920E-02
 8.60140920E-02
 8.60140920E-02
 8.60140920E-02
 8.60140920E-02
 8.60140920E-02
 8.60140920E-02
 8.60140920E-02
 8.60140920E-02
 8.60140920E-02
 8.60140920E-02
 8.60140920E-02
 8.60140920E-02
 8.60140920E-02
 8.60140920E-02
 8.60140920E-02
 8.60140920E-02
 8.60140920E-02
 8.60140920E-02
 8.60140920E-02
 8.60140920E-02
 8.60140920E-02
 8.60140920E-02
 8.60140920E-02
 8.60140920E-02
 8.60140920E-02
 8.60140920E-02
 8.60140920E-02
 8.60140920E-02
 8.60140920E-02
 8.60140920E-02
 8.60140920E-02
 8.60140920E-02
 8.60140920E-02
 8.60140920E-02
 8.60140920E-02
 8.60140920E-02
 8.60140920E-02
 8.60140920E-02
 8.60140920E-02
 8.60140920E-02
 8.60140920E-02
 8.60140920E-02
 8.60140920E-02
 8.60140920E-02
 8.60140920E-02
 8.60140920E-02
 8.60140920E-02
 8.60140920E-02
 8.60140920E-02
 8.60140920E-02
 8.60140920E-02
 8.60140920E-02
 8.60140920E-02
 8.60140920E-02
 8.60140920E-02
 8.60140920E-02
 8.60140920E-02
 8.60140920E-02
 8.60140920E-02
 8.60140920E-02
 8.60140920E-02
 8.60140920E-02
 8.60140920E-02
 8.60140920E-02
 8.60140920E-02
 8.60140920E-02
 8.60140920E-02
 8.60140920E-02
 8.60140920E-02
 8.60140920E-02
 8.60140920E-02
 8.60140920E-02
 8.60140920E-02
 8.60140920E-02
 8.60140920E-02
 8.60140920E-02
 8.60140920E-02
 8.60140920E-02
 8.60140920E-02
 8.60140920E-02
 8.60140920E-02
 8.60140920E-02
 8.60140920E-02
 8.60140920E-02
 8.60140920E-02
 8.60140920E-02
 8.60140920E-02
 8.60140920E-02
 8.60140920E-02
 8.60140920E-02
 8.60140920E-02
 8.60140920E-02
 8.60140920E-02
 1.18369520E-19
 1.64890157E-19
 2.35926929E-19
-3.18221577E-19
-4.04088017E-19
-1.28323679E-20
-1.17663508E-19
-1.31505970E-18
-1.31410834E-18
-3.65233748E-20
-2.58584890E-18
-3.07362221E-18
 2.92515715E-18
 4.66159289E-18
-2.10538096E-17
 5.30067097E-18
-3.98518579E-18
-3.02063166E-17
 1.25121589E-16
-7.71072373E-18
-1.13559126E-16
 1.68675481E-16
 3.41039420E-17
 1.24677254E-16
-1.16948555E-16
 7.99931232E-17
 2.45526158E-16
 1.14379372E-16
-3.12921685E-16
 9.70906950E-17
 5.90842591E-16
 5.75099425E-16
-4.94922251E-16
-1.53478969E-16
 9.49503605E-16
-8.29835108E-16
 5.05945803E-16
 2.06615879E-15
-1.00287795E-14
 6.88716264E-15
 1.91746067E-14
 1.01658709E-14
-2.37480374E-14
-2.27975072E-14
-3.73370556E-15
 2.55116202E-15
 1.96010539E-15
 3.63396166E-16
 1.31092875E-15
 8.21406707E-16
 3.22034250E-16
 2.36277326E-17
-2.78898039E-17
 8.77928262E-16
-4.48189061E-16
-1.04088681E-15
-6.59572221E-16
-1.20418164E-15
-6.59231608E-16
 1.26311597E-15
 1.68249320E-15
-1.62660787E-15
-8.50618014E-17
-2.27327417E-16
 8.60140920E-02
 8.60140920E-02
 8.60140920E-02
 8.60140920E-02
 8.60140920E-02
 8.60140920E-02
 8.60140920E-02
 8.60140920E-02
 8.60140920E-02
 8.60140920E-02
 8.60140920E-02
 8.60140920E-02
 8.60140920E-02
 8.60140920E-02
 8.60140920E-02
 8.60140920E-02
 8.60140920E-02
 8.60140920E-02
 8.60140920E-02
 8.60140920E-02
 8.60140920E-02
 8.60140920E-02
 8.60140920E-02
 8.60140920E-02
 8.60140920E-02
 8.60140920E-02
 8.60140920E-02
 8.60140920E-02
 8.60140920E-02
 8.60140920E-02
 8.60140920E-02
 8.60140920E-02
 8.60140920E-02
 8.60140920E-02
 8.60140920E-02
 8.60140920E-02
 8.60140920E-02
 8.60140920E-02
 8.60140920E-02
 8.60140920E-02
 8.60140920E-02
 8.60140920E-02
 8.60140920E-02
 8.60140920E-02
 8.60140920E-02
 8.60140920E-02
 8.60140920E-02
 8.60140920E-02
 8.60140920E-02
 8.60140920E-02
 8.60140920E-02
 8.60140920E-02
 8.60140920E-02
 8.60140920E-02
 8.60140920E-02
 8.60140920E-02
 8.60140920E-02
 8.60140920E-02
 8.60140920E-02
 8.60140920E-02
 8.60140920E-02
 8.60140920E-02
 8.60140920E-02
 8.60140920E-02
 8.60140920E-02
 8.60140920E-02
 8.60140920E-02
 8.60140920E-02
 8.60140920E-02
 8.60140920E-02
 8.60140920E-02
 8.60140920E-02
 8.60140920E-02
 8.60140920E-02
 8.60140920E-02
 8.60140920E-02
 8.60140920E-02
 8.60140920E-02
 8.60140920E-02
 8.60140920E-02
 8.60140920E-02
 8.60140920E-02
 8.60140920E-02
 8.60140920E-02
 8.60140920E-02
 8.60140920E-02
 8.60140920E-02
 8.60140920E-02
 8.60140920E-02
 8.60140920E-02
 8.60140920E-02
 8.60140920E-02
 8.60140920E-02
 8.60140920E-02
 8.60140920E-02
 8.60140920E-02
 8.60140920E-02
 8.60140920E-02
 8.60140920E-02
 8.60140920E-02
 8.60140920E-02
 8.60140920E-02
 8.60140920E-02
 8.60140920E-02
 8.60140920E-02
 8.60140920E-02
 8.60140920E-02
 8.60140920E-02
 8.60140920E-02
 8.60140920E-02
 8.60140920E-02
 8.60140920E-02
 8.60140920E-02
 8.60140920E-02
 8.60140920E-02
 8.60140920E-02
 8.60140920E-02
 8.60140920E-02
 8.60140920E-02
 8.60140920E-02
 8.60140920E-02
 8.60140920E-02
 8.60140920E-02
 8.60140920E-02
 8.60140920E-02
 8.60140920E-02
 8.60140920E-02
 8.60140920E-02
 8.60140920E-02
 8.60140920E-02
 8.60140920E-02
 8.60140920E-02
 8.60140920E-02
 8.60140920E-02
 8.60140920E-02
-1.89858940E-19
-2.39825509E-19
-1.67480461E-19
-7.35579149E-20
 3.57502187E-19
 6.70460182E-19
-7.84380065E-19
 3.87721809E-19
 1.20413756E-20
-1.09761038E-19
 4.51326038E-18
 5.83779409E-18
-5.35566277E-18
-1.40584755E-17
 1.38924984E-17
 6.73451743E-17
 3.63628796E-17
-1.01776501E-16
-8.08314608E-17
 2.37096235E-17
-1.54673960E-16
 2.06605563E-16
-3.06204131E-16
 4.27355353E-17
 1.12496735E-16
-3.86275055E-16
 8.41605733E-18
 2.06322098E-16
-5.15821889E-16
-3.39097861E-16
 5.63885291E-16
 1.32420673E-15
 1.21424089E-15
 8.17117755E-16
 8.80675878E-16
 3.50381478E-16
-1.51347265E-15
-2.87618508E-16
 4.15888391E-15
-2.31781715E-15
 1.19170039E-15
-1.67696633E-14
-3.30728385E-14
 2.10789468E-14
 1.93471083E-14
 1.05982804E-14
 7.01248879E-15
-4.24210024E-15
-1.88854212E-15
-2.01882137E-16
-2.26990684E-15
 1.99422112E-15
-1.56883673E-15
-2.09991030E-15
 3.00961606E-15
-1.29007395E-15
 7.29039617E-16
-4.85968848E-16
 3.33195042E-15
 1.99171518E-15
-2.35503270E-16
-3.81313353E-15
 2.49546769E-15
 3.04712543E-15
-1.36521827E-15
 1.73233548E-15
-9.78266832E-16
 8.60140920E-02
 8.60140920E-02
 8.60140920E-02
 8.60140920E-02
 8.60140920E-02
 8.60140920E-02
 8.60140920E-02
 8.60140920E-02
 8.60140920E-02
 8.60140920E-02
 8.60140920E-02
 8.60140920E-02
 8.60140920E-02
 8.60140920E-02
 8.60140920E-02
 8.60140920E-02
 8.60140920E-02
 8.60140920E-02
 8.60140920E-02
 8.60140920E-02
 8.60140920E-02
 8.60140920E-02
 8.60140920E-02
 8.60140920E-02
 8.60140920E-02
 8.60140920E-02
 8.60140920E-02
 8.60140920E-02
 8.60140920E-02
 8.60140920E-02
 8.60140920E-02
 8.60140920E-02
 8.60140920E-02
 8.60140920E-02
 8.60140920E-02
 8.60140920E-02
 8.60140920E-02
 8.60140920E-02
 8.60140920E-02
 8.60140920E-02
 8.60140920E-02
 8.60140920E-02
 8.60140920E-02
 8.60140920E-02
 8.60140920E-02
 8.60140920E-02
 8.60140920E-02
 8.60140920E-02
 8.60140920E-02
 8.60140920E-02
 8.60140920E-02
 8.60140920E-02
 8.60140920E-02
 8.60140920E-02
 8.60140920E-02
 8.60140920E-02
 8.60140920E-02
 8.60140920E-02
 8.60140920E-02
 8.60140920E-02
 8.60140920E-02
 8.60140920E-02
 8.60140920E-02
 8.60140920E-02
 8.60140920E-02
 8.60140920E-02
 8.60140920E-02
 8.60140920E-02
 8.60140920E-02
 8.60140920E-02
 8.60140920E-02
 8.60140920E-02
 8.60140920E-02
 8.60140920E-02
 8.60140920E-02
 8.60140920E-02
 8.60140920E-02
 8.60140920E-02
 8.60140920E-02
 8.60140920E-02
 8.60140920E-02
 8.60140920E-02
 8.60140920E-02
 8.60140920E-02
 8.60140920E-02
 8.60140920E-02
 8.60140920E-02
 8.60140920E-02
 8.60140920E-02
 8.60140920E-02
 8.60140920E-02
 8.60140920E-02
 8.60140920E-02
 8.60140920E-02
 8.60140920E-02
 8.60140920E-02
 8.60140920E-02
 8.60140920E-02
 8.60140920E-02
 8.60140920E-02
 8.60140920E-02
 8.60140920E-02
 8.60140920E-02
 8.60140920E-02
 8.60140920E-02
 8.60140920E-02
 8.60140920E-02
 8.60140920E-02
 8.60140920E-02
 8.60140920E-02
 8.60140920E-02
 8.60140920E-02
 8.60140920E-02
 8.60140920E-02
 8.60140920E-02
 8.60140920E-02
 8.60140920E-02
 8.60140920E-02
 8.60140920E-02
 8.60140920E-02
 8.60140920E-02
 8.60140920E-02
 8.60140920E-02
 8.60140920E-02
 8.60140920E-02
 8.60140920E-02
 8.60140920E-02
 8.60140920E-02
 8.60140920E-02
 8.60140920E-02
 8.60140920E-02
 8.60140920E-02
-7.02499097E-20
-5.52271660E-20
-3.15985165E-19
-1.14905048E-20
-2.54023263E-19
-8.66245251E-19
 1.80145482E-18
 1.51211397E-18
 3.32237858E-18
-4.10703487E-18
-5.08021162E-18
-2.25011345E-18
 2.21852301E-18
 2.50305846E-17
 4.25354601E-17
 6.05077241E-19
-1.25898266E-16
 9.54694144E-17
 2.14062166E-16
-2.34996668E-17
-4.11248207E-16
 6.85565809E-16
 3.40577734E-16
-8.87113540E-16
 3.66794912E-16
 1.16527572E-15
 5.87914557E-16
-2.83278364E-16
 1.25635288E-16
 9.97335026E-16
 1.58268371E-15
 1.07364772E-15
-3.92194381E-15
-2.80513045E-15
 3.66001110E-16
-7.81415369E-16
-3.91568270E-16
-7.58666023E-16
-1.42377556E-15
-2.13268835E-15
 2.87650631E-15
 1.06721937E-15
 6.85313648E-15
 3.73650458E-14
 8.47274267E-15
 1.77861096E-14
-5.86376261E-15
-1.25750621E-14
-1.03127955E-14
 3.46713921E-15
 9.14254075E-15
 4.77649290E-16
-4.46363197E-15
 2.34935853E-15
 8.95733615E-15
 3.91717120E-15
 6.09557520E-16
 3.62727121E-15
-9.98436910E-16
 2.77841354E-15
-9.79999586E-15
-5.12725602E-15
 5.20991839E-15
 6.72992188E-16
-7.57406866E-15
 1.13113235E-15
-4.70622305E-16
 2.69759030E-15
 1.41826456E-15
 1.51216642E-15
-6.13603076E-15
 8.60140920E-02
 8.60140920E-02
 8.60140920E-02
 8.60140920E-02
 8.60140920E-02
 8.60140920E-02
 8.60140920E-02
 8.60140920E-02
 8.60140920E-02
 8.60140920E-02
 8.60140920E-02
 8.60140920E-02
 8.60140920E-02
 8.60140920E-02
 8.60140920E-02
 8.60140920E-02
 8.60140920E-02
 8.60140920E-02
 8.60140920E-02
 8.60140920E-02
 8.60140920E-02
 8.60140920E-02
 8.60140920E-02
 8.60140920E-02
 8.60140920E-02
 8.60140920E-02
 8.60140920E-02
 8.60140920E-02
 8.60140920E-02
 8.60140920E-02
 8.60140920E-02
 8.60140920E-02
 8.60140920E-02
 8.60140920E-02
 8.60140920E-02
 8.60140920E-02
 8.60140920E-02
 8.60140920E-02
 8.60140920E-02
 8.60140920E-02
 8.60140920E-02
 8.60140920E-02
 8.60140920E-02
 8.60140920E-02
 8.60140920E-02
 8.60140920E-02
 8.60140920E-02
 8.60140920E-02
 8.60140920E-02
 8.60140920E-02
 8.60140920E-02
 8.60140920E-02
 8.60140920E-02
 8.60140920E-02
 8.60140920E-02
 8.60140920E-02
 8.60140920E-02
 8.60140920E-02
 8.60140920E-02
 8.60140920E-02
 8.60140920E-02
 8.60140920E-02
 8.60140920E-02
 8.60140920E-02
 8.60140920E-02
 8.60140920E-02
 8.60140920E-02
 8.60140920E-02
 8.60140920E-02
 8.60140920E-02
 8.60140920E-02
 8.60140920E-02
 8.60140920E-02
 8.60140920E-02
 8.60140920E-02
 8.60140920E-02
 8.60140920E-02
 8.60140920E-02
 8.60140920E-02
 8.60140920E-02
 8.60140920E-02
 8.60140920E-02
 8.60140920E-02
 8.60140920E-02
 8.60140920E-02
 8.60140920E-02
 8.60140920E-02
 8.60140920E-02
 8.60140920E-02
 8.60140920E-02
 8.60140920E-02
 8.60140920E-02
 8.60140920E-02
 8.60140920E-02
 8.60140920E-02
 8.60140920E-02
 8.60140920E-02
 8.60140920E-02
 8.60140920E-02
 8.60140920E-02
 8.60140920E-02
 8.60140920E-02
 8.60140920E-02
 8.60140920E-02
 8.60140920E-02
 8.60140920E-02
 8.60140920E-02
 8.60140920E-02
 8.60140920E-02
 8.60140920E-02
 8.60140920E-02
 8.60140920E-02
 8.60140920E-02
 8.60140920E-02
 8.60140920E-02
 8.60140920E-02
 8.60140920E-02
 8.60140920E-02
 8.60140920E-02
 8.60140920E-02
 8.60140920E-02
 8.60140920E-02
 8.60140920E-02
 8.60140920E-02
 8.60140920E-02
 8.60140920E-02
 8.60140920E-02
 8.60140920E-02
 3.09673803E-19
-1.65136089E-19
-2.42165991E-19
 6.16123928E-19
 3.58816991E-19
 6.37650270E-19
 2.00577637E-19
-4.33475066E-18
-3.96211572E-18
 6.64177807E-18
 5.40759647E-18
 1.07255257E-17
 9.88061286E-18
-4.11292134E-17
-3.02399166E-17
 1.91566874E-17
-4.84599427E-17
-1.82381043E-16
-2.63952036E-16
-1.64420543E-16
 5.16291661E-17
-9.89644841E-17
-1.28739479E-16
-4.38618462E-16
-8.59761100E-16
-3.28971212E-16
 6.60318404E-16
 2.56809752E-17
-1.26912143E-15
-7.65373042E-16
 2.07184682E-15
 3.32483641E-15
-3.55407528E-15
-4.09501721E-15
 5.88177942E-15
 1.03033003E-14
-1.42562040E-15
-9.34517559E-15
 2.62471666E-15
 1.15409975E-14
 3.28676630E-15
-2.19640683E-15
 3.73113196E-16
-7.18984859E-16
 8.44662017E-15
-9.10759132E-15
-6.46614178E-14
-3.56698991E-14
 1.05828559E-14
 3.84688517E-14
 4.92849339E-15
-8.67148116E-15
 3.71475870E-15
-9.88293309E-15
 6.89204832E-15
 2.78467536E-14
 1.87988612E-14
-1.01696004E-14
-1.31840466E-14
 3.20333842E-15
 1.04373433E-15
 1.64146345E-14
 3.10552467E-14
 1.62467458E-14
-1.10822310E-14
-1.51965175E-15
 6.94756922E-15
-8.72031484E-16
-5.50780368E-16
-1.17342778E-15
-4.22099896E-15
 2.70257233E-15
-5.13794727E-15
-1.91210763E-15
-2.30990776E-15
 8.60140920E-02
 8.60140920E-02
 8.60140920E-02
 8.60140920E-02
 8.60140920E-02
 8.60140920E-02
 8.60140920E-02
 8.60140920E-02
 8.60140920E-02
 8.60140920E-02
 8.60140920E-02
 8.60140920E-02
 8.60140920E-02
 8.60140920E-02
 8.60140920E-02
 8.60140920E-02
 8.60140920E-02
 8.60140920E-02
 8.60140920E-02
 8.60140920E-02
 8.60140920E-02
 8.60140920E-02
 8.60140920E-02
 8.60140920E-02
 8.60140920E-02
 8.60140920E-02
 8.60140920E-02
 8.60140920E-02
 8.60140920E-02
 8.60140920E-02
 8.60140920E-02
 8.60140920E-02
 8.60140920E-02
 8.60140920E-02
 8.60140920E-02
 8.60140920E-02
 8.60140920E-02
 8.60140920E-02
 8.60140920E-02
 8.60140920E-02
 8.60140920E-02
 8.60140920E-02
 8.60140920E-02
 8.60140920E-02
 8.60140920E-02
 8.60140920E-02
 8.60140920E-02
 8.60140920E-02
 8.60140920E-02
 8.60140920E-02
 8.60140920E-02
 8.60140920E-02
 8.60140920E-02
 8.60140920E-02
 8.60140920E-02
 8.60140920E-02
 8.60140920E-02
 8.60140920E-02
 8.60140920E-02
 8.60140920E-02
 8.60140920E-02
 8.60140920E-02
 8.60140920E-02
 8.60140920E-02
 8.60140920E-02
 8.60140920E-02
 8.60140920E-02
 8.60140920E-02
 8.60140920E-02
 8.60140920E-02
 8.60140920E-02
 8.60140920E-02
 8.60140920E-02
 8.60140920E-02
 8.60140920E-02
 8.60140920E-02
 8.60140920E-02
 8.60140920E-02
 8.60140920E-02
 8.60140920E-02
 8.60140920E-02
 8.60140920E-02
 8.60140920E-02
 8.60140920E-02
 8.60140920E-02
 8.60140920E-02
 8.60140920E-02
 8.60140920E-02
 8.60140920E-02
 8.60140920E-02
 8.60140920E-02
 8.60140920E-02
 8.60140920E-02
 8.60140920E-02
 8.60140920E-02
 8.60140920E-02
 8.60140920E-02
 8.60140920E-02
 8.60140920E-02
 8.60140920E-02
 8.60140920E-02
 8.60140920E-02
 8.60140920E-02
 8.60140920E-02
 8.60140920E-02
 8.60140920E-02
 8.60140920E-02
 8.60140920E-02
 8.60140920E-02
 8.60140920E-02
 8.60140920E-02
 8.60140920E-02
 8.60140920E-02
 8.60140920E-02
 8.60140920E-02
 8.60140920E-02
 8.60140920E-02
 8.60140920E-02
 8.60140920E-02
 8.60140920E-02
 8.60140920E-02
 8.60140920E-02
 8.60140920E-02
 8.60140920E-02
-1.90749361E-19
-1.40647660E-18
-7.59956316E-19
 3.21697054E-19
 2.15932643E-19
-1.22501613E-18
-1.04023390E-18
 1.62974081E-18
-2.68277394E-19
 1.60159025E-17
-2.85507311E-17
-1.97031589E-18
 1.87337367E-17
-1.86764561E-17
-4.18934596E-18
 7.52777040E-17
-2.07700962E-16
 3.41353140E-16
 2.48106432E-16
-6.75317862E-17
 2.23879517E-16
 1.45106617E-16
-2.56423078E-16
 1.01499032E-16
 1.17538707E-15
 5.77481705E-16
-6.64912976E-16
-1.13936360E-15
-9.13191911E-17
 1.66503066E-15
 8.81008550E-16
-2.30740245E-15
-6.19229365E-16
 1.74439818E-15
-1.07129170E-15
-1.56586613E-17
 3.67349168E-15
-1.04622553E-14
-4.52557125E-15
 1.29969066E-14
 4.73890423E-16
-1.68156708E-14
-9.11148429E-15
 1.76918332E-14
 3.39795822E-15
-5.09080828E-14
-3.08263377E-14
 4.10605659E-14
 1.08025066E-13
 2.86431577E-14
-3.58212199E-14
-4.09310173E-14
-3.06127702E-14
-4.26595650E-15
-4.59287522E-15
-2.40260912E-14
-1.14448796E-14
-4.26608449E-14
-3.70369188E-14
 3.57197826E-14
 4.92695315E-14
 2.15531769E-14
 7.71410862E-15
 2.35413224E-14
 6.91199756E-14
 1.92395145E-13
 1.71101821E-13
 1.94073019E-14
 1.77056635E-14
-5.77427442E-15
-7.03329573E-15
 7.32448532E-15
-6.68811582E-15
 1.41696406E-14
-6.19506663E-16
 5.10678348E-17
 5.07359141E-15
 6.91708704E-15
 8.60140920E-02
 8.60140920E-02
 8.60140920E-02
 8.60140920E-02
 8.60140920E-02
 8.60140920E-02
 8.60140920E-02
 8.60140920E-02
 8.60140920E-02
 8.60140920E-02
 8.60140920E-02
 8.60140920E-02
 8.60140920E-02
 8.60140920E-02
 8.60140920E-02
 8.60140920E-02
 8.60140920E-02
 8.60140920E-02
 8.60140920E-02
 8.60140920E-02
 8.60140920E-02
 8.60140920E-02
 8.60140920E-02
 8.60140920E-02
 8.60140920E-02
 8.60140920E-02
 8.60140920E-02
 8.60140920E-02
 8.60140920E-02
 8.60140920E-02
 8.60140920E-02
 8.60140920E-02
 8.60140920E-02
 8.60140920E-02
 8.60140920E-02
 8.60140920E-02
 8.60140920E-02
 8.60140920E-02
 8.60140920E-02
 8.60140920E-02
 8.60140920E-02
 8.60140920E-02
 8.60140920E-02
 8.60140920E-02
 8.60140920E-02
 8.60140920E-02
 8.60140920E-02
 8.60140920E-02
 8.60140920E-02
 8.60140920E-02
 8.60140920E-02
 8.60140920E-02
 8.60140920E-02
 8.60140920E-02
 8.60140920E-02
 8.60140920E-02
 8.60140920E-02
 8.60140920E-02
 8.60140920E-02
 8.60140920E-02
 8.60140920E-02
 8.60140920E-02
 8.60140920E-02
 8.60140920E-02
 8.60140920E-02
 8.60140920E-02
 8.60140920E-02
 8.60140920E-02
 8.60140920E-02
 8.60140920E-02
 8.60140920E-02
 8.60140920E-02
 8.60140920E-02
 8.60140920E-02
 8.60140920E-02
 8.60140920E-02
 8.60140920E-02
 8.60140920E-02
 8.60140920E-02
 8.60140920E-02
 8.60140920E-02
 8.60140920E-02
 8.60140920E-02
 8.60140920E-02
 8.60140920E-02
 8.60140920E-02
 8.60140920E-02
 8.60140920E-02
 8.60140920E-02
 8.60140920E-02
 8.60140920E-02
 8.60140920E-02
 8.60140920E-02
 8.60140920E-02
 8.60140920E-02
 8.60140920E-02
 8.60140920E-02
 8.60140920E-02
 8.60140920E-02
 8.60140920E-02
 8.60140920E-02
 8.60140920E-02
 8.60140920E-02
 8.60140920E-02
 8.60140920E-02
 8.60140920E-02
 8.60140920E-02
 8.60140920E-02
 8.60140920E-02
 8.60140920E-02
 8.60140920E-02
 8.60140920E-02
 8.60140920E-02
 8.60140920E-02
 8.60140920E-02
 8.60140920E-02
 8.60140920E-02
 8.60140920E-02
 8.60140920E-02
 8.60140920E-02
 8.60140920E-02
-5.15702237E-19
 3.53457320E-22
 8.24367113E-19
 9.24852548E-19
 5.17933971E-19
-2.18786093E-19
 5.14881519E-19
 3.59803218E-18
 2.83573561E-18
-6.55006980E-18
-3.41353244E-18
 2.63517161E-17
 1.27656352E-17
-2.84636786E-17
-9.10906800E-19
 1.29977245E-16
 5.11015606E-17
-5.37218259E-16
 7.28723726E-16
-2.68045191E-16
-1.30955074E-15
 1.60801512E-18
 1.60672092E-15
 3.27617786E-16
-2.62214422E-15
 5.72120887E-16
 3.38357708E-15
 2.41791717E-15
 7.42727404E-16
 2.21636716E-15
-1.15528041E-15
-9.41932083E-16
 5.82378760E-17
 3.15822524E-15
 1.57104463E-15
-2.54312897E-15
-1.24217297E-15
 2.39868740E-15
-9.02579462E-16
 8.15399824E-15
 2.31550822E-14
-3.08186056E-15
-2.87233887E-14
 1.07614255E-15
 8.20042818E-14
 8.05695368E-14
-2.04407820E-14
-7.80483009E-15
-2.17760058E-15
-8.77885682E-14
-1.53840767E-13
-7.72034346E-14
 2.57043498E-14
 7.74377510E-14
 3.89504374E-14
 3.24528328E-15
 4.84743911E-14
-2.13285014E-14
 2.80421756E-15
 5.08409876E-14
 2.81538234E-14
-4.29435946E-14
-7.02157923E-14
 5.51534704E-15
-3.86678096E-14
-4.70730700E-14
 1.63030844E-13
 1.01372517E-13
-4.49163852E-14
 6.63642589E-14
-2.21837539E-14
-8.75944193E-16
 3.77695752E-14
-2.42862744E-14
-5.81630505E-15
-5.11410669E-15
-2.70215517E-15
 8.83127393E-15
 1.49591067E-14
 1.28989811E-14
 2.35711990E-15
 5.20110205E-15
 8.60140920E-02
 8.60140920E-02
 8.60140920E-02
 8.60140920E-02
 8.60140920E-02
 8.60140920E-02
 8.60140920E-02
 8.60140920E-02
 8.60140920E-02
 8.60140920E-02
 8.60140920E-02
 8.60140920E-02
 8.60140920E-02
 8.60140920E-02
 8.60140920E-02
 8.60140920E-02
 8.60140920E-02
 8.60140920E-02
 8.60140920E-02
 8.60140920E-02
 8.60140920E-02
 8.60140920E-02
 8.60140920E-02
 8.60140920E-02
 8.60140920E-02
 8.60140920E-02
 8.60140920E-02
 8.60140920E-02
 8.60140920E-02
 8.60140920E-02
 8.60140920E-02
 8.60140920E-02
 8.60140920E-02
 8.60140920E-02
 8.60140920E-02
 8.60140920E-02
 8.60140920E-02
 8.60140920E-02
 8.60140920E-02
 8.60140920E-02
 8.60140920E-02
 8.60140920E-02
 8.60140920E-02
 8.60140920E-02
 8.60140920E-02
 8.60140920E-02
 8.60140920E-02
 8.60140920E-02
 8.60140920E-02
 8.60140920E-02
 8.60140920E-02
 8.60140920E-02
 8.60140920E-02
 8.60140920E-02
 8.60140920E-02
 8.60140920E-02
 8.60140920E-02
 8.60140920E-02
 8.60140920E-02
 8.60140920E-02
 8.60140920E-02
 8.60140920E-02
 8.60140920E-02
 8.60140920E-02
 8.60140920E-02
 8.60140920E-02
 8.60140920E-02
 8.60140920E-02
 8.60140920E-02
 8.60140920E-02
 8.60140920E-02
 8.60140920E-02
 8.60140920E-02
 8.60140920E-02
 8.60140920E-02
 8.60140920E-02
 8.60140920E-02
 8.60140920E-02
 8.60140920E-02
 8.60140920E-02
 8.60140920E-02
 8.60140920E-02
 8.60140920E-02
 8.60140920E-02
 8.60140920E-02
 8.60140920E-02
 8.60140920E-02
 8.60140920E-02
 8.60140920E-02
 8.60140920E-02
 8.60140920E-02
 8.60140920E-02
 8.60140920E-02
 8.60140920E-02
 8.60140920E-02
 8.60140920E-02
 8.60140920E-02
 8.60140920E-02
 8.60140920E-02
 8.60140920E-02
 8.60140920E-02
 8.60140920E-02
 8.60140920E-02
 8.60140920E-02
 8.60140920E-02
 8.60140920E-02
 8.60140920E-02
 8.60140920E-02
 8.60140920E-02
 8.60140920E-02
 8.60140920E-02
 8.60140920E-02
 8.60140920E-02
 8.60140920E-02
 8.60140920E-02
 8.60140920E-02
-2.41180276E-19
 2.43713956E-19
-7.57825706E-19
 1.80474535E-18
-8.02827071E-19
-2.32853348E-18
-1.25137651E-18
 4.31885515E-18
-8.41979701E-18
-3.34516182E-18
-5.62851222E-19
 6.32892637E-19
-1.41941894E-17
-2.67551768E-17
 2.68424906E-17
-1.24997612E-17
-5.17286991E-17
 5.63600768E-17
-2.04445920E-16
 2.85596137E-16
 2.25319208E-16
-7.15675872E-16
-2.47076020E-17
 1.23577554E-15
-6.74672330E-16
-2.71637389E-15
 2.01666580E-15
 3.99887304E-15
-2.79339332E-15
-9.53597315E-15
 1.93316360E-15
-3.71395741E-15
-1.00891503E-15
 1.14782510E-14
-3.28591079E-15
-1.02296694E-14
 2.22275501E-16
 1.57754279E-14
 1.82738126E-14
-1.67985851E-15
-3.01033477E-14
-1.79764515E-14
 3.51951914E-14
 1.56753781E-14
-4.97347152E-14
-3.75031359E-14
 4.29763308E-14
-3.74892784E-14
-3.17539574E-14
-1.68055890E-13
-2.47495218E-14
 4.94360466E-13
 2.01182265E-13
 3.16408277E-13
 2.06436498E-13
 1.28979767E-13
-4.70413740E-14
-2.42219059E-13
-2.46841359E-14
 9.46677835E-14
 8.58266213E-15
 1.43864480E-14
 4.67660104E-14
-3.92325671E-14
 6.71284182E-14
 9.41359756E-14
-1.46552570E-13
-1.80771156E-13
-3.48331959E-13
-2.99603360E-13
-2.06729856E-13
-2.15762561E-13
 1.76054900E-14
 1.27685365E-13
-1.54328915E-13
 1.87531214E-14
-2.28142819E-15
-9.77641108E-15
-1.72741138E-14
 1.35373128E-14
 4.30037069E-14
 4.49189534E-14
-2.11245663E-14
 2.28608297E-14
-5.72038958E-14
-1.07806110E-14
 1.58635956E-14
 8.60140920E-02
 8.60140920E-02
 8.60140920E-02
 8.60140920E-02
 8.60140920E-02
 8.60140920E-02
 8.60140920E-02
 8.60140920E-02
 8.60140920E-02
 8.60140920E-02
 8.60140920E-02
 8.60140920E-02
 8.60140920E-02
 8.60140920E-02
 8.60140920E-02
 8.60140920E-02
 8.60140920E-02
 8.60140920E-02
 8.60140920E-02
 8.60140920E-02
 8.60140920E-02
 8.60140920E-02
 8.60140920E-02
 8.60140920E-02
 8.60140920E-02
 8.60140920E-02
 8.60140920E-02
 8.60140920E-02
 8.60140920E-02
 8.60140920E-02
 8.60140920E-02
 8.60140920E-02
 8.60140920E-02
 8.60140920E-02
 8.60140920E-02
 8.60140920E-02
 8.60140920E-02
 8.60140920E-02
 8.60140920E-02
 8.60140920E-02
 8.60140920E-02
 8.60140920E-02
 8.60140920E-02
 8.60140920E-02
 8.60140920E-02
 8.60140920E-02
 8.60140920E-02
 8.60140920E-02
 8.60140920E-02
 8.60140920E-02
 8.60140920E-02
 8.60140920E-02
 8.60140920E-02
 8.60140920E-02
 8.60140920E-02
 8.60140920E-02
 8.60140920E-02
 8.60140920E-02
 8.60140920E-02
 8.60140920E-02
 8.60140920E-02
 8.60140920E-02
 8.60140920E-02
 8.60140920E-02
 8.60140920E-02
 8.60140920E-02
 8.60140920E-02
 8.60140920E-02
 8.60140920E-02
 8.60140920E-02
 8.60140920E-02
 8.60140920E-02
 8.60140920E-02
 8.60140920E-02
 8.60140920E-02
 8.60140920E-02
 8.60140920E-02
 8.60140920E-02
 8.60140920E-02
 8.60140920E-02
 8.60140920E-02
 8.60140920E-02
 8.60140920E-02
 8.60140920E-02
 8.60140920E-02
 8.60140920E-02
 8.60140920E-02
 8.60140920E-02
 8.60140920E-02
 8.60140920E-02
 8.60140920E-02
 8.60140920E-02
 8.60140920E-02
 8.60140920E-02
 8.60140920E-02
 8.60140920E-02
 8.60140920E-02
 8.60140920E-02
 8.60140920E-02
 8.60140920E-02
 8.60140920E-02
 8.60140920E-02
 8.60140920E-02
 8.60140920E-02
 8.60140920E-02
 8.60140920E-02
 8.60140920E-02
 8.60140920E-02
 8.60140920E-02
 8.60140920E-02
 8.60140920E-02
 8.60140920E-02
-8.90330165E-19
 7.31779029E-19
-8.44746362E-19
 1.05208844E-18
 1.08552659E-18
-1.14367418E-18
-7.86417100E-19
 7.19064880E-18
-3.04553736E-19
-5.38536610E-19
 1.87374143E-17
 2.32361139E-17
-4.94443861E-18
 3.19799142E-17
-1.29179514E-18
-7.39778724E-18
-2.49557661E-17
-9.94365147E-18
 9.54143241E-17
-1.37883125E-17
-1.28346959E-16
 1.51213208E-16
 5.27663039E-16
-2.77600014E-16
-1.42117697E-15
 1.36642593E-15
 2.76074761E-15
 7.31000286E-16
-3.15243407E-15
-7.02574178E-16
 1.03223856E-14
 5.09677385E-15
-5.81669765E-15
-6.63794522E-15
 5.34562578E-15
-2.97029149E-15
-7.69670887E-16
 4.98325492E-15
 1.01201879E-14
 5.24778839E-15
-9.60288113E-15
-1.39456394E-15
 2.12509165E-14
 2.84090022E-14
 1.06748767E-14
 5.60279387E-15
 6.21257467E-14
 1.56069344E-14
-1.21044762E-13
 7.54363951E-14
 1.88428713E-13
 3.79751535E-14
-6.26859879E-14
-3.03682508E-13
-5.04236843E-13
-4.31965255E-13
-1.72024680E-13
 2.87495891E-14
 1.29145948E-13
 5.69576328E-14
 1.57604805E-13
 4.55501158E-15
-4.06897416E-13
-3.65054585E-13
 2.27078705E-13
 2.69796826E-13
-8.69013181E-14
 4.98001976E-13
 9.11444531E-13
 3.40922657E-13
 4.73975622E-13
 8.60135422E-13
 5.36487846E-13
-7.23658194E-14
-1.25972149E-13
 3.40269913E-13
-1.83985517E-13
 1.96383559E-13
-6.16053500E-14
-5.57813344E-14
 1.39618284E-13
 4.62824732E-14
-2.56186894E-14
 1.66193336E-14
-1.93195476E-14
 2.82258195E-14
-5.93956918E-14
-3.11732485E-14
 4.52632316E-14
-3.78370676E-15
 8.60140920E-02
 8.60140920E-02
 8.60140920E-02
 8.60140920E-02
 8.60140920E-02
 8.60140920E-02
 8.60140920E-02
 8.60140920E-02
 8.60140920E-02
 8.60140920E-02
 8.60140920E-02
 8.60140920E-02
 8.60140920E-02
 8.60140920E-02
 8.60140920E-02
 8.60140920E-02
 8.60140920E-02
 8.60140920E-02
 8.60140920E-02
 8.60140920E-02
 8.60140920E-02
 8.60140920E-02
 8.60140920E-02
 8.60140920E-02
 8.60140920E-02
 8.60140920E-02
 8.60140920E-02
 8.60140920E-02
 8.60140920E-02
 8.60140920E-02
 8.60140920E-02
 8.60140920E-02
 8.60140920E-02
 8.60140920E-02
 8.60140920E-02
 8.60140920E-02
 8.60140920E-02
 8.60140920E-02
 8.60140920E-02
 8.60140920E-02
 8.60140920E-02
 8.60140920E-02
 8.60140920E-02
 8.60140920E-02
 8.60140920E-02
 8.60140920E-02
 8.60140920E-02
 8.60140920E-02
 8.60140920E-02
 8.60140920E-02
 8.60140920E-02
 8.60140920E-02
 8.60140920E-02
 8.60140920E-02
 8.60140920E-02
 8.60140920E-02
 8.60140920E-02
 8.60140920E-02
 8.60140920E-02
 8.60140920E-02
 8.60140920E-02
 8.60140920E-02
 8.60140920E-02
 8.60140920E-02
 8.60140920E-02
 8.60140920E-02
 8.60140920E-02
 8.60140920E-02
 8.60140920E-02
 8.60140920E-02
 8.60140920E-02
 8.60140920E-02
 8.60140920E-02
 8.60140920E-02
 8.60140920E-02
 8.60140920E-02
 8.60140920E-02
 8.60140920E-02
 8.60140920E-02
 8.60140920E-02
 8.60140920E-02
 8.60140920E-02
 8.60140920E-02
 8.60140920E-02
 8.60140920E-02
 8.60140920E-02
 8.60140920E-02
 8.60140920E-02
 8.60140920E-02
 8.60140920E-02
 8.60140920E-02
 8.60140920E-02
 8.60140920E-02
 8.60140920E-02
 8.60140920E-02
 8.60140920E-02
 8.60140920E-02
 8.60140920E-02
 8.60140920E-02
 8.60140920E-02
 8.60140920E-02
 8.60140920E-02
 8.60140920E-02
 8.60140920E-02
 8.60140920E-02
 8.60140920E-02
 8.60140920E-02
 8.60140920E-02
 8.60140920E-02
 5.05572118E-19
 8.82970946E-19
-1.74227075E-19
 7.53985313E-19
 1.34499433E-18
 4.27865040E-19
 1.33505700E-18
 2.58088251E-18
-1.69885064E-17
 1.29013979E-17
-2.55347760E-18
-4.83755141E-17
 5.11492053E-18
 1.41170465E-17
-3.41892772E-17
 2.03542365E-17
 5.12877788E-17
 7.49194438E-18
-9.94459114E-18
-6.01408877E-17
-1.37164471E-17
 9.38149406E-17
 1.64034389E-16
 5.29706718E-16
 4.36389045E-16
-1.70444099E-16
 1.09638229E-15
-2.81132226E-15
-2.02290441E-15
 8.65766934E-16
 6.28258652E-15
-7.25289918E-15
-1.58815137E-14
-6.12919817E-15
 1.50263797E-14
 1.83323070E-14
 1.15346109E-15
-4.17957523E-15
 4.42936927E-16
-1.36601867E-14
-1.00144688E-14
 1.53978172E-14
-1.50620987E-15
-1.48181113E-14
-2.40276159E-14
-3.01252214E-14
 1.59379075E-14
 1.88646926E-14
-1.16684928E-13
 7.21512422E-14
 2.85733514E-13
-4.74237721E-14
-5.66940971E-13
 5.60793308E-14
 7.55861790E-13
 6.57839831E-13
 3.81915582E-13
 3.49516829E-13
 2.41836824E-13
 9.04364271E-14
 1.56503811E-13
 4.56251248E-13
 3.10293566E-13
 1.48803970E-13
 2.68311686E-13
 5.11598847E-13
 2.43323401E-13
-6.40818995E-13
-4.39395672E-13
-3.77016858E-13
-1.03194504E-12
-5.37796804E-13
-3.17690291E-13
-4.50980019E-13
-5.84886089E-13
-7.56936235E-13
-4.15557020E-13
 8.48114873E-13
-2.16548581E-13
-1.09683428E-13
-1.59158626E-14
-3.68459366E-14
-1.05005916E-13
-1.23423678E-13
-1.79608187E-14
 5.81877686E-14
 7.85252600E-14
-7.23161494E-14
 1.60385404E-13
-3.25469699E-14
 2.93164473E-14
-2.90085101E-14
-7.25990787E-14
 4.70733275E-14
 8.60140920E-02
 8.60140920E-02
 8.60140920E-02
 8.60140920E-02
 8.60140920E-02
 8.60140920E-02
 8.60140920E-02
 8.60140920E-02
 8.60140920E-02
 8.60140920E-02
 8.60140920E-02
 8.60140920E-02
 8.60140920E-02
 8.60140920E-02
 8.60140920E-02
 8.60140920E-02
 8.60140920E-02
 8.60140920E-02
 8.60140920E-02
 8.60140920E-02
 8.60140920E-02
 8.60140920E-02
 8.60140920E-02
 8.60140920E-02
 8.60140920E-02
 8.60140920E-02
 8.60140920E-02
 8.60140920E-02
 8.60140920E-02
 8.60140920E-02
 8.60140920E-02
 8.60140920E-02
 8.60140920E-02
 8.60140920E-02
 8.60140920E-02
 8.60140920E-02
 8.60140920E-02
 8.60140920E-02
 8.60140920E-02
 8.60140920E-02
 8.60140920E-02
 8.60140920E-02
 8.60140920E-02
 8.60140920E-02
 8.60140920E-02
 8.60140920E-02
 8.60140920E-02
 8.60140920E-02
 8.60140920E-02
 8.60140920E-02
 8.60140920E-02
 8.60140920E-02
 8.60140920E-02
 8.60140920E-02
 8.60140920E-02
 8.60140920E-02
 8.60140920E-02
 8.60140920E-02
 8.60140920E-02
 8.60140920E-02
 8.60140920E-02
 8.60140920E-02
 8.60140920E-02
 8.60140920E-02
 8.60140920E-02
 8.60140920E-02
 8.60140920E-02
 8.60140920E-02
 8.60140920E-02
 8.60140920E-02
 8.60140920E-02
 8.60140920E-02
 8.60140920E-02
 8.60140920E-02
 8.60140920E-02
 8.60140920E-02
 8.60140920E-02
 8.60140920E-02
 8.60140920E-02
 8.60140920E-02
 8.60140920E-02
 8.60140920E-02
 8.60140920E-02
 8.60140920E-02
 8.60140920E-02
 8.60140920E-02
 8.60140920E-02
 8.60140920E-02
 8.60140920E-02
 8.60140920E-02
 8.60140920E-02
 8.60140920E-02
 8.60140920E-02
 8.60140920E-02
 8.60140920E-02
 8.60140920E-02
 8.60140920E-02
 8.60140920E-02
 8.60140920E-02
 8.60140920E-02
 8.60140920E-02
 8.60140920E-02
 8.60140920E-02
 8.60140920E-02
 8.60140920E-02
 6.43721414E-19
 1.23095642E-18
 8.32196739E-19
 1.44847907E-18
 1.60458698E-18
-1.89461315E-18
-2.00258999E-18
 5.36278066E-18
-3.35229253E-18
 6.89292996E-18
-6.87292129E-18
-2.38948722E-17
 8.09835760E-17
-5.47274869E-17
-3.14093416E-17
 1.47003547E-16
 3.23212325E-18
-2.94455466E-16
-9.90666177E-17
 2.02381609E-16
 3.65231706E-17
-5.60287519E-16
-2.04864567E-16
 5.26579896E-16
-1.89772840E-15
 1.01062953E-15
 4.45057474E-16
-1.48243619E-15
 1.50521482E-15
 6.04826586E-15
 1.18986922E-15
-4.53102869E-15
 2.41914219E-15
 1.91520841E-14
 2.51051197E-14
-5.28468980E-15
-2.94657487E-14
-2.28406940E-14
 1.02085215E-14
 2.03086212E-14
-2.26833793E-15
 3.51566175E-14
 1.98484671E-14
-4.41638472E-14
 3.69262692E-14
 9.06028521E-14
 3.56689369E-14
 1.19286295E-14
 7.77555578E-14
-6.28524129E-14
-2.24274321E-13
-3.28301737E-14
 1.76273028E-14
-9.44649632E-14
 8.90708609E-14
 5.32268294E-13
 2.67849148E-14
-1.36611089E-12
-1.34631748E-12
-2.58620626E-13
 4.45668947E-13
 1.09082434E-13
-2.88221622E-13
-4.94796329E-14
 2.50390583E-13
 6.12350231E-13
 4.61527077E-14
-5.60367887E-13
 2.88360264E-13
 8.48392266E-14
 1.35948002E-12
 1.62215109E-12
 9.88996320E-13
 9.09743960E-13
 2.90080731E-13
 2.15697496E-13
 7.45410894E-13
 1.31287039E-12
 1.00848225E-12
-5.29233402E-14
-6.59287945E-13
-3.41340346E-13
 1.38062874E-13
 3.62439462E-13
-1.62096180E-13
-3.98828594E-13
-1.42808847E-13
 1.76991654E-13
 1.26090476E-13
 8.32687868E-14
 1.36196948E-13
-7.26442493E-14
 4.55160473E-14
 1.76683239E-13
-5.14989967E-14
 1.82870475E-15
 1.60151755E-14
-1.02052196E-13
 8.60140920E-02
 8.60140920E-02
 8.60140920E-02
 8.60140920E-02
 8.60140920E-02
 8.60140920E-02
 8.60140920E-02
 8.60140920E-02
 8.60140920E-02
 8.60140920E-02
 8.60140920E-02
 8.60140920E-02
 8.60140920E-02
 8.60140920E-02
 8.60140920E-02
 8.60140920E-02
 8.60140920E-02
 8.60140920E-02
 8.60140920E-02
 8.60140920E-02
 8.60140920E-02
 8.60140920E-02
 8.60140920E-02
 8.60140920E-02
 8.60140920E-02
 8.60140920E-02
 8.60140920E-02
 8.60140920E-02
 8.60140920E-02
 8.60140920E-02
 8.60140920E-02
 8.60140920E-02
 8.60140920E-02
 8.60140920E-02
 8.60140920E-02
 8.60140920E-02
 8.60140920E-02
 8.60140920E-02
 8.60140920E-02
 8.60140920E-02
 8.60140920E-02
 8.60140920E-02
 8.60140920E-02
 8.60140920E-02
 8.60140920E-02
 8.60140920E-02
 8.60140920E-02
 8.60140920E-02
 8.60140920E-02
 8.60140920E-02
 8.60140920E-02
 8.60140920E-02
 8.60140920E-02
 8.60140920E-02
 8.60140920E-02
 8.60140920E-02
 8.60140920E-02
 8.60140920E-02
 8.60140920E-02
 8.60140920E-02
 8.60140920E-02
 8.60140920E-02
 8.60140920E-02
 8.60140920E-02
 8.60140920E-02
 8.60140920E-02
 8.60140920E-02
 8.60140920E-02
 8.60140920E-02
 8.60140920E-02
 8.60140920E-02
 8.60140920E-02
 8.60140920E-02
 8.60140920E-02
 8.60140920E-02
 8.60140920E-02
 8.60140920E-02
 8.60140920E-02
 8.60140920E-02
 8.60140920E-02
 8.60140920E-02
 8.60140920E-02
 8.60140920E-02
 8.60140920E-02
 8.60140920E-02
 8.60140920E-02
 8.60140920E-02
 8.60140920E-02
 8.60140920E-02
 8.60140920E-02
 8.60140920E-02
 8.60140920E-02
 8.60140920E-02
 8.60140920E-02
 8.60140920E-02
 8.60140920E-02
 8.60140920E-02
 8.60140920E-02
 8.60140920E-02
 8.60140920E-02
 8.60140920E-02
 1.71102175E-18
 1.97153598E-18
 2.43377940E-18
 2.33516830E-18
 2.26367921E-18
 2.71155099E-18
 3.65222533E-18
 1.25255824E-18
 3.85892660E-18
 2.07330194E-18
 1.95139120E-17
 8.59769411E-17
-1.20579190E-16
-1.70875808E-16
 1.69963593E-16
 1.97586383E-16
 2.26200695E-17
-2.15583067E-16
 2.32012681E-17
 4.56756535E-16
 4.37726007E-16
-3.30493542E-16
-7.02426953E-16
 1.14973637E-15
 8.11238460E-17
-1.89037171E-15
 2.79181170E-15
 2.09530477E-15
-3.90177003E-15
-3.63946976E-15
 2.63466766E-16
 4.45846115E-16
-4.16776294E-15
 1.81296793E-15
-2.58716960E-15
-3.63976190E-14
-1.86658025E-14
 1.87378782E-14
 3.80310238E-14
 4.01258006E-14
-1.95479822E-14
-5.29736370E-14
-1.63972500E-14
 2.06487934E-15
 2.65435443E-14
 4.39374624E-15
-1.10054137E-13
-1.96001039E-13
-2.19429854E-16
 1.07082346E-13
 1.24790410E-13
 7.96720071E-14
 6.53445473E-16
-3.09800234E-14
 6.75208655E-14
 1.40582211E-14
 3.75658028E-14
-3.18124867E-13
-3.35779852E-13
 1.10910695E-12
 2.32254862E-12
 8.54964049E-13
-7.06901497E-13
-9.15083764E-13
-3.64575883E-13
-2.51297735E-13
-3.42607453E-13
 4.88814935E-13
 5.45805155E-13
-6.26821728E-13
-3.78605133E-13
-9.35122097E-13
-2.62653311E-12
-2.01811744E-12
-1.41454394E-12
-3.50281029E-13
-1.41621350E-12
-3.77935573E-12
 1.38315726E-12
-4.17937993E-12
-9.76943027E-13
-1.06118280E-13
 1.32180389E-12
 8.51723802E-13
-7.07186913E-13
 1.15028028E-12
 1.02011498E-12
-1.78097717E-13
 1.16923268E-12
-6.98445099E-13
 1.71417595E-13
-5.66835641E-13
-1.56107508E-13
 3.39535827E-13
-2.27157472E-13
-2.83345233E-13
 7.57413473E-14
 1.51846648E-13
-1.44860212E-13
 1.92387610E-13
-1.62898300E-13
 8.60140920E-02
 8.60140920E-02
 8.60140920E-02
 8.60140920E-02
 8.60140920E-02
 8.60140920E-02
 8.60140920E-02
 8.60140920E-02
 8.60140920E-02
 8.60140920E-02
 8.60140920E-02
 8.60140920E-02
 8.60140920E-02
 8.60140920E-02
 8.60140920E-02
 8.60140920E-02
 8.60140920E-02
 8.60140920E-02
 8.60140920E-02
 8.60140920E-02
 8.60140920E-02
 8.60140920E-02
 8.60140920E-02
 8.60140920E-02
 8.60140920E-02
 8.60140920E-02
 8.60140920E-02
 8.60140920E-02
 8.60140920E-02
 8.60140920E-02
 8.60140920E-02
 8.60140920E-02
 8.60140920E-02
 8.60140920E-02
 8.60140920E-02
 8.60140920E-02
 8.60140920E-02
 8.60140920E-02
 8.60140920E-02
 8.60140920E-02
 8.60140920E-02
 8.60140920E-02
 8.60140920E-02
 8.60140920E-02
 8.60140920E-02
 8.60140920E-02
 8.60140920E-02
 8.60140920E-02
 8.60140920E-02
 8.60140920E-02
 8.60140920E-02
 8.60140920E-02
 8.60140920E-02
 8.60140920E-02
 8.60140920E-02
 8.60140920E-02
 8.60140920E-02
 8.60140920E-02
 8.60140920E-02
 8.60140920E-02
 8.60140920E-02
 8.60140920E-02
 8.60140920E-02
 8.60140920E-02
 8.60140920E-02
 8.60140920E-02
 8.60140920E-02
 8.60140920E-02
 8.60140920E-02
 8.60140920E-02
 8.60140920E-02
 8.60140920E-02
 8.60140920E-02
 8.60140920E-02
 8.60140920E-02
 8.60140920E-02
 8.60140920E-02
 8.60140920E-02
 8.60140920E-02
 8.60140920E-02
 8.60140920E-02
 8.60140920E-02
 8.60140920E-02
 8.60140920E-02
 8.60140920E-02
 8.60140920E-02
 8.60140920E-02
 8.60140920E-02
 8.60140920E-02
 8.60140920E-02
 8.60140920E-02
 8.60140920E-02
 8.60140920E-02
 8.60140920E-02
 8.60140920E-02
 8.60140920E-02
 8.60140920E-02
 8.60140920E-02
 3.07511072E-18
 4.39061017E-18
 6.41219492E-18
 6.31341177E-18
 4.78614850E-18
 5.33680388E-18
 2.07950890E-18
 2.55592647E-18
 5.31187058E-18
-1.51836347E-17
-1.65766912E-17
 2.51868638E-18
 6.91575071E-17
 8.26609792E-17
 7.07455351E-17
 3.81855588E-17
-5.80538118E-17
-1.18520543E-16
-1.40404036E-16
-5.57653471E-17
 2.26559873E-16
 4.84624130E-16
-1.13937724E-16
 5.95054780E-16
 1.27113027E-15
-1.25211438E-15
-5.67680753E-17
 4.62042020E-16
-1.20674550E-15
-2.72745456E-15
-2.30381167E-15
 1.16223402E-15
 7.91271074E-15
 9.20772332E-15
-3.07210327E-16
-9.53318896E-15
 1.37616774E-14
 4.65221699E-14
 5.59042220E-14
 2.30742227E-14
-4.00274940E-14
-7.50940380E-14
-8.11285108E-15
 6.70978911E-14
 9.10490894E-14
 7.67816664E-14
 6.95831264E-14
 1.06183888E-13
 1.79140570E-13
 1.22946900E-13
-1.16954542E-13
-3.44762711E-13
-3.07671938E-13
 1.24805670E-13
 7.52992720E-13
 6.28013917E-13
-4.95402296E-14
-3.57993478E-15
 5.11753021E-13
-7.33074788E-13
 2.27561719E-12
-6.02311061E-13
-2.96938472E-12
-2.08116705E-12
 7.30632460E-13
 2.28911638E-12
 2.22567516E-13
-7.03058813E-13
 1.33871636E-12
-9.98342251E-13
-1.15239057E-12
 2.24371324E-12
 3.34098200E-12
 3.78383826E-12
 5.07062448E-12
 5.00259513E-12
 3.96075273E-12
 3.85411711E-12
 4.23139778E-12
 3.74245177E-13
-5.31787244E-12
-7.47490719E-13
 3.03991072E-13
-7.75254589E-13
 1.85534574E-12
-2.29538112E-12
-1.02594517E-12
 8.05053886E-13
-2.17162876E-12
 2.44267215E-12
 1.38382838E-12
 8.79744790E-13
-1.69113811E-12
 2.26269958E-12
 1.18395013E-13
 9.98423891E-14
-4.02318288E-13
 2.77382663E-13
-1.05012394E-13
 5.76737958E-14
-1.33975621E-13
-7.60021169E-13
 2.43441356E-12
 1.50617556E-13
 8.60140920E-02
 8.60140920E-02
 8.60140920E-02
 8.60140920E-02
 8.60140920E-02
 8.60140920E-02
 8.60140920E-02
 8.60140920E-02
 8.60140920E-02
 8.60140920E-02
 8.60140920E-02
 8.60140920E-02
 8.60140920E-02
 8.60140920E-02
 8.60140920E-02
 8.60140920E-02
 8.60140920E-02
 8.60140920E-02
 8.60140920E-02
 8.60140920E-02
 8.60140920E-02
 8.60140920E-02
 8.60140920E-02
 8.60140920E-02
 8.60140920E-02
 8.60140920E-02
 8.60140920E-02
 8.60140920E-02
 8.60140920E-02
 8.60140920E-02
 8.60140920E-02
 8.60140920E-02
 8.60140920E-02
 8.60140920E-02
 8.60140920E-02
 8.60140920E-02
 8.60140920E-02
 8.60140920E-02
 8.60140920E-02
 8.60140920E-02
 8.60140920E-02
 8.60140920E-02
 8.60140920E-02
 8.60140920E-02
 8.60140920E-02
 8.60140920E-02
 8.60140920E-02
 8.60140920E-02
 8.60140920E-02
 8.60140920E-02
 8.60140920E-02
 8.60140920E-02
 8.60140920E-02
 8.60140920E-02
 8.60140920E-02
 8.60140920E-02
 8.60140920E-02
 8.60140920E-02
 8.60140920E-02
 8.60140920E-02
 8.60140920E-02
 8.60140920E-02
 8.60140920E-02
 8.60140920E-02
 8.60140920E-02
 8.60140920E-02
 8.60140920E-02
 8.60140920E-02
 8.60140920E-02
 8.60140920E-02
 8.60140920E-02
 8.60140920E-02
 8.60140920E-02
 8.60140920E-02
 8.60140920E-02
 8.60140920E-02
 8.60140920E-02
 8.60140920E-02
 8.60140920E-02
 8.60140920E-02
 8.60140920E-02
 8.60140920E-02
 8.60140920E-02
 8.60140920E-02
 8.60140920E-02
 8.60140920E-02
 8.60140920E-02
 8.60140920E-02
 8.60140920E-02
 8.60140920E-02
 8.60140920E-02
 8.60140920E-02
 8.60140920E-02
 8.60140920E-02
 8.60140920E-02
 6.31002860E-18
 9.87217396E-18
 1.34110023E-17
 1.37897725E-17
 1.33921592E-17
 1.26416599E-17
 7.67779532E-18
 8.33124319E-18
 1.59177788E-18
-2.46316437E-18
 3.34376616E-18
-1.09300561E-17
 2.72652842E-17
-1.38678716E-17
-9.96413891E-17
-1.34840075E-16
-1.85592330E-17
 1.50532962E-16
 1.63491388E-16
 4.94341299E-17
-1.91751699E-17
 1.00075083E-16
 1.09375260E-16
-2.75479705E-16
 5.45874724E-16
-6.49891164E-16
-3.99933541E-16
 6.89835332E-16
 8.84369365E-17
 3.24505654E-16
 9.16689337E-16
 1.36346936E-15
 6.79114859E-16
-3.07013148E-15
-9.79357874E-15
 1.46915197E-15
 1.66441788E-14
 5.57350983E-15
-2.65865194E-14
-6.06560022E-14
-6.40806445E-14
 1.56031177E-14
 1.52195219E-13
 3.77697243E-14
-9.11644892E-14
-1.30867702E-13
-1.36713503E-13
-1.79557432E-13
-2.04514303E-13
 2.78726915E-14
-1.60446106E-13
-9.80323407E-14
 3.53691875E-13
 8.98889199E-13
 6.14771959E-13
-6.56961193E-13
-3.62673243E-13
 8.87129346E-13
 9.16521091E-13
-1.33697740E-13
-4.75881975E-13
-6.87736109E-13
 9.50776441E-15
-2.25038006E-13
 2.32391103E-12
 4.63241945E-12
 1.54689434E-12
-4.27934684E-12
-2.88547853E-12
 4.90795946E-12
 6.31267347E-12
 5.64382308E-13
-3.04369637E-12
-2.73477118E-12
-6.63098829E-12
-9.20631713E-12
-3.08656833E-12
 3.60898052E-12
 1.50601883E-12
-5.66897614E-12
 6.37152481E-14
 1.89113438E-12
 1.05183544E-11
-7.40171119E-12
 2.51778242E-12
 4.11565557E-13
 3.71527158E-12
 1.01773550E-15
-3.14296115E-12
-2.81775710E-12
-2.04001399E-12
-4.24207197E-12
-5.26044356E-12
 2.76851784E-12
-2.09027375E-13
-1.34481174E-12
-5.95493232E-14
 7.16093255E-13
-3.40083376E-13
 6.59109811E-13
-5.93704773E-13
-2.57847834E-13
-3.98251039E-13
-4.02648618E-13
-1.49554848E-12
-7.12700434E-14
 1.15968812E-12
 8.60140920E-02
 8.60140920E-02
 8.60140920E-02
 8.60140920E-02
 8.60140920E-02
 8.60140920E-02
 8.60140920E-02
 8.60140920E-02
 8.60140920E-02
 8.60140920E-02
 8.60140920E-02
 8.60140920E-02
 8.60140920E-02
 8.60140920E-02
 8.60140920E-02
 8.60140920E-02
 8.60140920E-02
 8.60140920E-02
 8.60140920E-02
 8.60140920E-02
 8.60140920E-02
 8.60140920E-02
 8.60140920E-02
 8.60140920E-02
 8.60140920E-02
 8.60140920E-02
 8.60140920E-02
 8.60140920E-02
 8.60140920E-02
 8.60140920E-02
 8.60140920E-02
 8.60140920E-02
 8.60140920E-02
 8.60140920E-02
 8.60140920E-02
 8.60140920E-02
 8.60140920E-02
 8.60140920E-02
 8.60140920E-02
 8.60140920E-02
 8.60140920E-02
 8.60140920E-02
 8.60140920E-02
 8.60140920E-02
 8.60140920E-02
 8.60140920E-02
 8.60140920E-02
 8.60140920E-02
 8.60140920E-02
 8.60140920E-02
 8.60140920E-02
 8.60140920E-02
 8.60140920E-02
 8.60140920E-02
 8.60140920E-02
 8.60140920E-02
 8.60140920E-02
 8.60140920E-02
 8.60140920E-02
 8.60140920E-02
 8.60140920E-02
 8.60140920E-02
 8.60140920E-02
 8.60140920E-02
 8.60140920E-02
 8.60140920E-02
 8.60140920E-02
 8.60140920E-02
 8.60140920E-02
 8.60140920E-02
 8.60140920E-02
 8.60140920E-02
 8.60140920E-02
 8.60140920E-02
 8.60140920E-02
 8.60140920E-02
 8.60140920E-02
 8.60140920E-02
 8.60140920E-02
 8.60140920E-02
 8.60140920E-02
 8.60140920E-02
 8.60140920E-02
 8.60140920E-02
 8.60140920E-02
 8.60140920E-02
 8.60140920E-02
 8.60140920E-02
 8.60140920E-02
 8.60140920E-02
 8.60140920E-02
 8.60140920E-02
 1.32336308E-17
 2.07531493E-17
 2.62367148E-17
 2.97337615E-17
 2.77608266E-17
 2.35251258E-17
 1.94913713E-17
 1.09012197E-17
 1.13494093E-17
 4.56728561E-18
 1.52918680E-17
-9.71131546E-18
 1.15883884E-17
-1.40795984E-17
 2.84511088E-17
 6.42955314E-17
 5.75423164E-17
 8.91751059E-17
-5.83614965E-17
-1.49373122E-16
-1.22088417E-16
-7.90446977E-17
 5.87847086E-17
-7.02664652E-17
 1.34549953E-16
 1.34823981E-16
 2.82103979E-16
-3.39386700E-16
-2.76193807E-16
 2.49027877E-15
 1.03284445E-15
-3.07090736E-15
-7.76941183E-16
 2.85051172E-15
-2.38166247E-15
 6.82210712E-15
 1.07921601E-15
 1.27580981E-15
 2.43782740E-14
 1.46521707E-14
 1.21942649E-14
 3.42575259E-14
 6.56050396E-14
 6.67297096E-14
-1.14440358E-13
-1.36527806E-13
 8.12327703E-14
 3.97148650E-13
 3.24308424E-13
 3.70798444E-13
 5.30532595E-13
 2.94852847E-13
-3.92132290E-13
 2.28193468E-13
 5.91280985E-13
-4.79780929E-13
-3.33416292E-13
 1.51449719E-12
-8.83449835E-13
 1.31437613E-12
 8.83729505E-13
 2.34941038E-12
 1.59402146E-12
 9.06230928E-13
 9.18526648E-13
 3.15494180E-12
 2.55138727E-12
-3.19455291E-12
 4.40665679E-13
 4.05410904E-12
 8.24517798E-12
 3.97104685E-13
-8.64102540E-12
 2.24655299E-12
 1.55723329E-12
 4.82382276E-12
 7.67657465E-12
-5.23173041E-12
-1.27574236E-11
-2.09694814E-11
 1.59951338E-12
 9.65258429E-12
-2.60024647E-14
-2.24927303E-12
 2.18860628E-12
 1.08717375E-11
-1.15917562E-11
-1.50530508E-11
-2.30790127E-11
-4.39681321E-12
 1.75611903E-11
-1.67007588E-11
-2.96177180E-11
 7.04827635E-13
-5.04834474E-15
-2.43467160E-12
 3.88224218E-12
 8.03177037E-14
-3.38246792E-12
-4.61049493E-13
 2.07526227E-12
-4.84792653E-13
-1.37585744E-12
-5.86147884E-12
-6.15016978E-12
 9.94478480E-13
 1.16419179E-12
 6.30272364E-13
 5.23933273E-13
 8.60140920E-02
 8.60140920E-02
 8.60140920E-02
 8.60140920E-02
 8.60140920E-02
 8.60140920E-02
 8.60140920E-02
 8.60140920E-02
 8.60140920E-02
 8.60140920E-02
 8.60140920E-02
 8.60140920E-02
 8.60140920E-02
 8.60140920E-02
 8.60140920E-02
 8.60140920E-02
 8.60140920E-02
 8.60140920E-02
 8.60140920E-02
 8.60140920E-02
 8.60140920E-02
 8.60140920E-02
 8.60140920E-02
 8.60140920E-02
 8.60140920E-02
 8.60140920E-02
 8.60140920E-02
 8.60140920E-02
 8.60140920E-02
 8.60140920E-02
 8.60140920E-02
 8.60140920E-02
 8.60140920E-02
 8.60140920E-02
 8.60140920E-02
 8.60140920E-02
 8.60140920E-02
 8.60140920E-02
 8.60140920E-02
 8.60140920E-02
 8.60140920E-02
 8.60140920E-02
 8.60140920E-02
 8.60140920E-02
 8.60140920E-02
 8.60140920E-02
 8.60140920E-02
 8.60140920E-02
 8.60140920E-02
 8.60140920E-02
 8.60140920E-02
 8.60140920E-02
 8.60140920E-02
 8.60140920E-02
 8.60140920E-02
 8.60140920E-02
 8.60140920E-02
 8.60140920E-02
 8.60140920E-02
 8.60140920E-02
 8.60140920E-02
 8.60140920E-02
 8.60140920E-02
 8.60140920E-02
 8.60140920E-02
 8.60140920E-02
 8.60140920E-02
 8.60140920E-02
 8.60140920E-02
 8.60140920E-02
 8.60140920E-02
 8.60140920E-02
 8.60140920E-02
 8.60140920E-02
 8.60140920E-02
 8.60140920E-02
 8.60140920E-02
 8.60140920E-02
 8.60140920E-02
 8.60140920E-02
 8.60140920E-02
 8.60140920E-02
 8.60140920E-02
 8.60140920E-02
 8.60140920E-02
 8.60140920E-02
 8.60140920E-02
 8.60140920E-02
 8.60140920E-02
 8.60140920E-02
 2.56632735E-17
 4.10638099E-17
 5.31419306E-17
 5.80711296E-17
 5.76382958E-17
 5.11396704E-17
 3.91784403E-17
 3.13305311E-17
 1.81953910E-17
 1.13785137E-17
-6.57025218E-18
 6.90399764E-18
 6.87375343E-18
 2.66771141E-17
 1.76098414E-17
-1.40572314E-17
-4.34641292E-17
-2.95735598E-17
-5.04800435E-17
-8.54568232E-17
 7.97915360E-17
 4.54617088E-16
 4.42587262E-16
-1.04144269E-16
-1.04838962E-16
 2.84499176E-17
-2.22859583E-16
 8.03600870E-17
 2.61075565E-16
-7.81350624E-16
-2.50844757E-16
-1.13110429E-15
 5.19200121E-16
 4.58133990E-15
-2.14228524E-15
 4.31192445E-16
 5.74909679E-15
-7.03329403E-15
-1.51400075E-14
-1.52587546E-16
 8.58350917E-15
-1.61491541E-14
-3.18192806E-14
-1.37451823E-14
-5.68982930E-14
-5.33891643E-14
 2.40105787E-13
 3.47841981E-13
-2.90444481E-13
-6.47366492E-13
-7.50938916E-13
-4.37403125E-13
 9.23578298E-14
 6.23612598E-13
 1.37241252E-13
-6.14438459E-13
-7.08042132E-13
-1.50645067E-13
 1.74134145E-12
 2.76156702E-12
 8.42518113E-13
-1.91748006E-12
-1.59647577E-12
-1.84484285E-12
-3.36286164E-12
-2.77237456E-12
-2.53242414E-12
-6.97528797E-12
-8.71177696E-13
 5.16165062E-12
-4.30233149E-12
-5.26491220E-12
 6.62587173E-12
 5.39042812E-12
-1.03226056E-11
 2.26309206E-12
 1.02196272E-11
 3.08989135E-13
 6.95482040E-12
 3.01798517E-11
 5.08748078E-11
 3.71935208E-12
-2.62872103E-12
 2.70966452E-12
-4.16388235E-12
 1.70425028E-11
 2.52001892E-12
-1.93177852E-11
 5.05784173E-12
 4.29069488E-11
 6.69187058E-12
-3.62661741E-11
-2.05731595E-11
 9.67329255E-12
 8.54798871E-12
-6.91679873E-12
 1.14331973E-11
 3.85171409E-12
-5.06456259E-13
 9.95943085E-12
 4.37520810E-12
-2.39989430E-12
-3.80204809E-12
-5.04381302E-12
 1.05887955E-11
 6.38600110E-12
 1.34780576E-12
-1.18642531E-12
-5.35762136E-13
-1.31847961E-12
-4.45365343E-13
-1.68061447E-13
 8.60140920E-02
 8.60140920E-02
 8.60140920E-02
 8.60140920E-02
 8.60140920E-02
 8.60140920E-02
 8.60140920E-02
 8.60140920E-02
 8.60140920E-02
 8.60140920E-02
 8.60140920E-02
 8.60140920E-02
 8.60140920E-02
 8.60140920E-02
 8.60140920E-02
 8.60140920E-02
 8.60140920E-02
 8.60140920E-02
 8.60140920E-02
 8.60140920E-02
 8.60140920E-02
 8.60140920E-02
 8.60140920E-02
 8.60140920E-02
 8.60140920E-02
 8.60140920E-02
 8.60140920E-02
 8.60140920E-02
 8.60140920E-02
 8.60140920E-02
 8.60140920E-02
 8.60140920E-02
 8.60140920E-02
 8.60140920E-02
 8.60140920E-02
 8.60140920E-02
 8.60140920E-02
 8.60140920E-02
 8.60140920E-02
 8.60140920E-02
 8.60140920E-02
 8.60140920E-02
 8.60140920E-02
 8.60140920E-02
 8.60140920E-02
 8.60140920E-02
 8.60140920E-02
 8.60140920E-02
 8.60140920E-02
 8.60140920E-02
 8.60140920E-02
 8.60140920E-02
 8.60140920E-02
 8.60140920E-02
 8.60140920E-02
 8.60140920E-02
 8.60140920E-02
 8.60140920E-02
 8.60140920E-02
 8.60140920E-02
 8.60140920E-02
 8.60140920E-02
 8.60140920E-02
 8.60140920E-02
 8.60140920E-02
 8.60140920E-02
 8.60140920E-02
 8.60140920E-02
 8.60140920E-02
 8.60140920E-02
 8.60140920E-02
 8.60140920E-02
 8.60140920E-02
 8.60140920E-02
 8.60140920E-02
 8.60140920E-02
 8.60140920E-02
 8.60140920E-02
 8.60140920E-02
 8.60140920E-02
 8.60140920E-02
 8.60140920E-02
 8.60140920E-02
 8.60140920E-02
 8.60140920E-02
 8.60140920E-02
 8.60140920E-02
 4.83940595E-17
 7.60802743E-17
 9.99527465E-17
 1.12284633E-16
 1.12443941E-16
 9.92769532E-17
 8.16298423E-17
 6.13020640E-17
 4.58946009E-17
 2.60344940E-17
 2.12031951E-17
 1.70254268E-17
 1.80213423E-17
-4.39443505E-17
 2.93929896E-17
-4.20886370E-17
-4.40635473E-17
 1.64606970E-16
-1.53233504E-17
-9.12120481E-18
 2.27268416E-16
 1.17007133E-16
-5.64145648E-16
-3.59457463E-16
 2.55548596E-16
 8.90307265E-17
 2.37019433E-16
 6.52264709E-16
-2.50873212E-16
-8.04360698E-16
 2.10485104E-15
 3.14626344E-15
-3.39696147E-15
-1.51777166E-15
 2.19791264E-15
-6.15518218E-15
-3.76416439E-16
 7.59200035E-15
 6.69340629E-16
-2.66014276E-15
 1.76775624E-14
 1.97331720E-15
 2.08447744E-14
-1.58394229E-14
 4.59073155E-14
 1.21138220E-13
-1.09188205E-14
-8.08126352E-14
-2.14154649E-13
-2.68382674E-13
 4.61169839E-13
 1.74565982E-12
 1.26092518E-12
-2.18044441E-13
-8.29679370E-13
-1.42520476E-13
 2.37556654E-12
 4.37373358E-12
 1.34095458E-12
-2.53348796E-12
-3.78566189E-12
-2.19684232E-12
 1.55820582E-12
 5.00050132E-12
 2.89634050E-12
 4.64237676E-12
 8.63567638E-12
 7.27197426E-12
 8.01077780E-12
 1.70545245E-11
 1.32150619E-11
-9.22057222E-12
-6.63074630E-12
 1.89872770E-11
 3.18123236E-11
 2.26914511E-11
 2.53868693E-12
-7.25028154E-12
-1.93649922E-11
-4.45401493E-11
-5.88023519E-11
-2.90252856E-11
 3.10714648E-11
 2.46982278E-11
 3.21701953E-12
-1.37607460E-11
-2.43018036E-11
-6.15966098E-11
-3.64059269E-11
 2.59214547E-12
-4.65397616E-11
-4.58691002E-11
 4.81768028E-11
 3.03166624E-11
-7.18071306E-12
 1.28236441E-11
 5.72980378E-12
-5.58455452E-12
-1.88875322E-11
 1.21577540E-11
 3.00065181E-12
-3.38517907E-12
 6.93722510E-12
 1.49514203E-11
 1.31790421E-11
 1.37346016E-12
-6.20871280E-12
-4.55389632E-12
 1.96824545E-12
-2.76899380E-12
-2.48902483E-12
 1.48713626E-12
-2.72997618E-12
 1.60624704E-12
 8.60140920E-02
 8.60140920E-02
 8.60140920E-02
 8.60140920E-02
 8.60140920E-02
 8.60140920E-02
 8.60140920E-02
 8.60140920E-02
 8.60140920E-02
 8.60140920E-02
 8.60140920E-02
 8.60140920E-02
 8.60140920E-02
 8.60140920E-02
 8.60140920E-02
 8.60140920E-02
 8.60140920E-02
 8.60140920E-02
 8.60140920E-02
 8.60140920E-02
 8.60140920E-02
 8.60140920E-02
 8.60140920E-02
 8.60140920E-02
 8.60140920E-02
 8.60140920E-02
 8.60140920E-02
 8.60140920E-02
 8.60140920E-02
 8.60140920E-02
 8.60140920E-02
 8.60140920E-02
 8.60140920E-02
 8.60140920E-02
 8.60140920E-02
 8.60140920E-02
 8.60140920E-02
 8.60140920E-02
 8.60140920E-02
 8.60140920E-02
 8.60140920E-02
 8.60140920E-02
 8.60140920E-02
 8.60140920E-02
 8.60140920E-02
 8.60140920E-02
 8.60140920E-02
 8.60140920E-02
 8.60140920E-02
 8.60140920E-02
 8.60140920E-02
 8.60140920E-02
 8.60140920E-02
 8.60140920E-02
 8.60140920E-02
 8.60140920E-02
 8.60140920E-02
 8.60140920E-02
 8.60140920E-02
 8.60140920E-02
 8.60140920E-02
 8.60140920E-02
 8.60140920E-02
 8.60140920E-02
 8.60140920E-02
 8.60140920E-02
 8.60140920E-02
 8.60140920E-02
 8.60140920E-02
 8.60140920E-02
 8.60140920E-02
 8.60140920E-02
 8.60140920E-02
 8.60140920E-02
 8.60140920E-02
 8.60140920E-02
 8.60140920E-02
 8.60140920E-02
 8.60140920E-02
 8.60140920E-02
 8.60140920E-02
 8.60140920E-02
 8.60140920E-02
 8.60140920E-02
 8.60140920E-02
 7.39060466E-17
 1.29801963E-16
 1.83848792E-16
 2.15918929E-16
 2.17506229E-16
 1.94753415E-16
 1.59834045E-16
 1.22124681E-16
 8.30405492E-17
 5.49955729E-17
 3.27739282E-17
 1.81111145E-17
 5.79959778E-18
 1.40407076E-17
-7.72342012E-18
 1.22057898E-16
-3.98288424E-17
-5.59528921E-17
 1.62500743E-16
-9.66313384E-17
-2.09528515E-16
 3.56124944E-16
 2.03800746E-16
-4.00562516E-16
 3.79580689E-16
 1.25298312E-15
 4.33065500E-16
-1.14791207E-15
-1.85720791E-17
 8.49257520E-16
 6.70072994E-16
-1.38350052E-15
-1.69413895E-15
-1.59942187E-16
 4.82711837E-15
 4.84081288E-16
-2.85638017E-15
 1.17560778E-14
-3.46083411E-15
-1.29626720E-14
 3.52176343E-14
 3.05446518E-15
-5.82556396E-14
 6.84837454E-14
 7.66797582E-14
-2.88723615E-14
-7.07116657E-14
-9.96930471E-14
-2.46928281E-14
 5.79435859E-13
 6.62108606E-13
-6.81453049E-13
-2.12541334E-12
-1.57882605E-12
 8.48145013E-13
 1.21033402E-12
-6.24244742E-13
-2.20082221E-12
-2.76724607E-12
-3.41250942E-12
 2.72621791E-12
 5.72914502E-12
 3.70620245E-12
-1.46936987E-12
 1.81182231E-13
 3.88583290E-13
-8.20265210E-12
 7.87028266E-13
-1.27359859E-11
-2.51554038E-11
-1.24912511E-11
 1.04806094E-11
 2.14487542E-11
 9.41803319E-12
-2.19350076E-11
-2.66549092E-11
-1.17398313E-11
-1.94987212E-12
 7.00536460E-12
 6.06234646E-11
 5.56318741E-11
 5.04145475E-11
 6.04846867E-11
-2.17686351E-12
-1.00574389E-10
-2.21853135E-12
-2.14518559E-11
 6.16185020E-11
 7.71336953E-11
 3.32315009E-11
-8.42281366E-12
 4.45846346E-11
 5.62549451E-11
 5.64555104E-11
 2.95723203E-11
-9.39446090E-12
-2.40392116E-11
-9.32612928E-12
 3.11251788E-11
 4.97075436E-11
-2.59638773E-12
-3.13459016E-11
 1.53394623E-11
-4.04062070E-12
-1.18249533E-11
 2.67130797E-11
-6.21167145E-11
 2.72998429E-11
 2.17822201E-12
-5.89142580E-12
 7.68633941E-12
 3.80029558E-12
 7.06187984E-13
-2.03414282E-12
-2.11839053E-12
-6.83897947E-12
-3.43731207E-12
 8.60140920E-02
 8.60140920E-02
 8.60140920E-02
 8.60140920E-02
 8.60140920E-02
 8.60140920E-02
 8.60140920E-02
 8.60140920E-02
 8.60140920E-02
 8.60140920E-02
 8.60140920E-02
 8.60140920E-02
 8.60140920E-02
 8.60140920E-02
 8.60140920E-02
 8.60140920E-02
 8.60140920E-02
 8.60140920E-02
 8.60140920E-02
 8.60140920E-02
 8.60140920E-02
 8.60140920E-02
 8.60140920E-02
 8.60140920E-02
 8.60140920E-02
 8.60140920E-02
 8.60140920E-02
 8.60140920E-02
 8.60140920E-02
 8.60140920E-02
 8.60140920E-02
 8.60140920E-02
 8.60140920E-02
 8.60140920E-02
 8.60140920E-02
 8.60140920E-02
 8.60140920E-02
 8.60140920E-02
 8.60140920E-02
 8.60140920E-02
 8.60140920E-02
 8.60140920E-02
 8.60140920E-02
 8.60140920E-02
 8.60140920E-02
 8.60140920E-02
 8.60140920E-02
 8.60140920E-02
 8.60140920E-02
 8.60140920E-02
 8.60140920E-02
 8.60140920E-02
 8.60140920E-02
 8.60140920E-02
 8.60140920E-02
 8.60140920E-02
 8.60140920E-02
 8.60140920E-02
 8.60140920E-02
 8.60140920E-02
 8.60140920E-02
 8.60140920E-02
 8.60140920E-02
 8.60140920E-02
 8.60140920E-02
 8.60140920E-02
 8.60140920E-02
 8.60140920E-02
 8.60140920E-02
 8.60140920E-02
 8.60140920E-02
 8.60140920E-02
 8.60140920E-02
 8.60140920E-02
 8.60140920E-02
 8.60140920E-02
 8.60140920E-02
 8.60140920E-02
 8.60140920E-02
 8.60140920E-02
 8.60140920E-02
 8.60140920E-02
 1.00476014E-16
 1.99047078E-16
 2.96125868E-16
 3.60981460E-16
 3.77068416E-16
 3.52099526E-16
 2.99716362E-16
 2.31791916E-16
 1.71422197E-16
 1.08122710E-16
 7.35078882E-17
 5.09405118E-17
 2.57765477E-17
 2.98042538E-17
-3.16636487E-18
 6.40769516E-19
-6.79076405E-18
-2.97420763E-17
 1.60629988E-17
 1.92380571E-16
-1.19768143E-16
-8.64366682E-17
 4.45242922E-16
-9.75864673E-17
-4.52935622E-16
 4.00544808E-16
 8.30204891E-16
-6.29988113E-16
-2.17582647E-15
 9.45178337E-16
 2.37294565E-15
 2.71152822E-16
-1.59580743E-15
 1.10365799E-15
 7.21277438E-15
 4.37449615E-15
-1.04733854E-14
 4.45737832E-15
 1.52685024E-14
-9.07749709E-15
-2.32469022E-14
 3.62580280E-14
-1.67875662E-14
-7.16302763E-14
 2.55974678E-14
 2.15570139E-14
-9.41485185E-14
 1.03882628E-13
 2.44281266E-13
-1.41477514E-13
-2.45370645E-13
 1.27163078E-13
-9.65290520E-15
 1.09690349E-12
 3.99916341E-12
-5.44320828E-13
-1.77906152E-13
 2.49050607E-12
 6.61343723E-12
 6.27119710E-12
 4.78945551E-13
 3.48424349E-12
 1.39947012E-11
 1.07668527E-11
-6.93221793E-14
-7.96600112E-12
 3.24520494E-13
 2.98324317E-11
 5.48943703E-11
 3.61363231E-11
-2.59183582E-12
-2.76727252E-11
-2.60388534E-11
-5.67937494E-12
 1.79024642E-11
 3.52303568E-11
 5.69114270E-11
 8.31476485E-11
 2.51519482E-11
-3.53370111E-11
-1.08435544E-11
-4.22811508E-11
-9.43216547E-11
-5.84598273E-11
 6.74494696E-11
 1.79224718E-10
 2.03952369E-10
 1.12034548E-10
 2.16187970E-11
 6.46882114E-12
 2.29572836E-11
 1.13770264E-10
 1.39074571E-10
 5.39590664E-11
-8.79619710E-11
-1.55842478E-10
-5.12204376E-11
 3.27840290E-11
 1.39661165E-11
-4.12012889E-11
-4.21566913E-11
-2.46886300E-12
 2.97325532E-11
-1.80846969E-11
 4.97495621E-12
 3.92880277E-11
-6.90501198E-11
-3.62875598E-11
 7.87108573E-11
-7.35286484E-11
-1.23221728E-11
 3.30376698E-11
-1.47712346E-11
-6.98366061E-14
-6.09101007E-12
 3.49450330E-12
 4.89161706E-12
 1.76613487E-12
 4.39701335E-13
 8.60140920E-02
 8.60140920E-02
 8.60140920E-02
 8.60140920E-02
 8.60140920E-02
 8.60140920E-02
 8.60140920E-02
 8.60140920E-02
 8.60140920E-02
 8.60140920E-02
 8.60140920E-02
 8.60140920E-02
 8.60140920E-02
 8.60140920E-02
 8.60140920E-02
 8.60140920E-02
 8.60140920E-02
 8.60140920E-02
 8.60140920E-02
 8.60140920E-02
 8.60140920E-02
 8.60140920E-02
 8.60140920E-02
 8.60140920E-02
 8.60140920E-02
 8.60140920E-02
 8.60140920E-02
 8.60140920E-02
 8.60140920E-02
 8.60140920E-02
 8.60140920E-02
 8.60140920E-02
 8.60140920E-02
 8.60140920E-02
 8.60140920E-02
 8.60140920E-02
 8.60140920E-02
 8.60140920E-02
 8.60140920E-02
 8.60140920E-02
 8.60140920E-02
 8.60140920E-02
 8.60140920E-02
 8.60140920E-02
 8.60140920E-02
 8.60140920E-02
 8.60140920E-02
 8.60140920E-02
 8.60140920E-02
 8.60140920E-02
 8.60140920E-02
 8.60140920E-02
 8.60140920E-02
 8.60140920E-02
 8.60140920E-02
 8.60140920E-02
 8.60140920E-02
 8.60140920E-02
 8.60140920E-02
 8.60140920E-02
 8.60140920E-02
 8.60140920E-02
 8.60140920E-02
 8.60140920E-02
 8.60140920E-02
 8.60140920E-02
 8.60140920E-02
 8.60140920E-02
 8.60140920E-02
 8.60140920E-02
 8.60140920E-02
 8.60140920E-02
 8.60140920E-02
 8.60140920E-02
 8.60140920E-02
 8.60140920E-02
 8.60140920E-02
 8.60140920E-02
 8.60140920E-02
 8.60140920E-02
 1.37244246E-16
 2.97286489E-16
 4.51801604E-16
 5.61874170E-16
 6.07450843E-16
 5.85965323E-16
 5.15027425E-16
 4.14411399E-16
 3.06349979E-16
 2.07097954E-16
 1.39764830E-16
 8.42035585E-17
 5.10427877E-17
 4.43898899E-17
 1.82347168E-17
 2.12783825E-17
 5.04054318E-17
 3.08871755E-17
-5.77938521E-17
-3.15569602E-17
 6.69274878E-17
 2.44624505E-17
 2.03403154E-18
 1.23242936E-16
-1.28900336E-16
-1.56171395E-16
 1.71082087E-16
 3.37315386E-16
 7.78067472E-16
-5.68238670E-16
 1.56444074E-15
 4.78961726E-15
-1.54190183E-15
-6.56563444E-15
-2.80358016E-15
 7.04353805E-15
 3.59581453E-15
-9.80489341E-15
 1.02499330E-15
 1.38012702E-14
-4.23322884E-15
-2.23494065E-14
 4.10085513E-14
 2.03997247E-14
-1.75514832E-14
 1.19127188E-13
 4.81369942E-14
-1.61797360E-13
 1.65382912E-13
 3.15296156E-13
-5.03155948E-13
 4.04382813E-14
 6.15430124E-13
 4.59991854E-13
 1.46667173E-12
-2.64367440E-13
-7.08793874E-12
-7.62710121E-12
 1.77866283E-12
 7.78566361E-12
-5.88808212E-12
-2.62876890E-11
-3.03925218E-11
-1.39482505E-11
 2.31079045E-12
 1.48942941E-11
-4.01408377E-12
-2.82358564E-11
-3.54886259E-11
-3.05243435E-11
-5.73056984E-11
 7.37565065E-13
 1.00850037E-10
 9.83716442E-11
 2.03085621E-11
-8.93326038E-11
-5.14608148E-11
 9.69001528E-12
-9.80414534E-12
-3.16201475E-11
 1.48186984E-11
 1.23152044E-10
 1.81345841E-10
 6.61908583E-11
 7.57197569E-11
 5.52164217E-11
-2.56872301E-10
-1.54002450E-10
-3.38186590E-10
 1.08162715E-10
 3.19629406E-10
 8.47676582E-11
-3.52858548E-10
-1.93894650E-10
-3.49457158E-10
-5.52106069E-11
 1.59800242E-10
 2.94215541E-10
 1.60540522E-11
 3.31019240E-11
-1.90102212E-10
-1.62009017E-10
 5.66096128E-11
-1.06452673E-10
 6.14796478E-11
 1.48074573E-11
 8.55801610E-11
 3.11485421E-11
-4.64667497E-12
-1.30871295E-11
-6.56104129E-11
-5.10138702E-11
-6.94988234E-11
-4.10233618E-11
-2.01693731E-11
-5.37168140E-12
 9.92639044E-12
 3.83786796E-12
 1.88535333E-11
-1.32156343E-11
 1.53625498E-11
 8.60140920E-02
 8.60140920E-02
 8.60140920E-02
 8.60140920E-02
 8.60140920E-02
 8.60140920E-02
 8.60140920E-02
 8.60140920E-02
 8.60140920E-02
 8.60140920E-02
 8.60140920E-02
 8.60140920E-02
 8.60140920E-02
 8.60140920E-02
 8.60140920E-02
 8.60140920E-02
 8.60140920E-02
 8.60140920E-02
 8.60140920E-02
 8.60140920E-02
 8.60140920E-02
 8.60140920E-02
 8.60140920E-02
 8.60140920E-02
 8.60140920E-02
 8.60140920E-02
 8.60140920E-02
 8.60140920E-02
 8.60140920E-02
 8.60140920E-02
 8.60140920E-02
 8.60140920E-02
 8.60140920E-02
 8.60140920E-02
 8.60140920E-02
 8.60140920E-02
 8.60140920E-02
 8.60140920E-02
 8.60140920E-02
 8.60140920E-02
 8.60140920E-02
 8.60140920E-02
 8.60140920E-02
 8.60140920E-02
 8.60140920E-02
 8.60140920E-02
 8.60140920E-02
 8.60140920E-02
 8.60140920E-02
 8.60140920E-02
 8.60140920E-02
 8.60140920E-02
 8.60140920E-02
 8.60140920E-02
 8.60140920E-02
 8.60140920E-02
 8.60140920E-02
 8.60140920E-02
 8.60140920E-02
 8.60140920E-02
 8.60140920E-02
 8.60140920E-02
 8.60140920E-02
 8.60140920E-02
 8.60140920E-02
 8.60140920E-02
 8.60140920E-02
 8.60140920E-02
 8.60140920E-02
 8.60140920E-02
 8.60140920E-02
 8.60140920E-02
 8.60140920E-02
 8.60140920E-02
 8.60140920E-02
 8.60140920E-02
 8.60140920E-02
 8.60140920E-02
 1.70482401E-16
 4.23620817E-16
 6.67963618E-16
 8.53425875E-16
 9.38838296E-16
 9.27502560E-16
 8.32344919E-16
 6.86277052E-16
 5.30032084E-16
 3.82840575E-16
 2.57422339E-16
 1.68652836E-16
 1.09909295E-16
 6.05432813E-17
 2.89493395E-17
 1.70578059E-17
 8.67435721E-17
-3.02806999E-17
-2.60849239E-17
 1.42825663E-16
 9.76202362E-17
 9.64121223E-17
-3.12780680E-17
-3.63265928E-17
 3.18136469E-16
 4.34536161E-16
-6.52522948E-17
-3.20367614E-17
-9.49283694E-16
 1.59432671E-15
-2.45489164E-15
-2.95674892E-15
 4.85336242E-15
 1.80680532E-16
-1.48477379E-15
 4.93714753E-15
 9.70098703E-15
 8.24387521E-15
-1.85400960E-14
 3.47904955E-15
 3.92543596E-14
 6.75069250E-15
-2.74365169E-14
 2.54333789E-14
-2.32445848E-14
-8.46447546E-14
 1.39619707E-13
-4.24137315E-14
-3.07197301E-13
-1.03198301E-14
 3.60048200E-13
 1.45833107E-13
 7.54745252E-14
-1.09645344E-12
-2.92915627E-12
-1.00815298E-12
 3.71838628E-12
 5.25265768E-12
 5.08371860E-12
 4.94275974E-12
-7.67226734E-12
 8.08464233E-12
 3.34178067E-11
 4.57128398E-11
 3.50858231E-11
-8.72396599E-12
-1.29233135E-11
 6.42084441E-11
 8.90992211E-11
 9.56586615E-11
 9.62942365E-11
 2.81901169E-11
-4.00412481E-11
-3.03578031E-11
 2.76299799E-11
 5.42398834E-11
 1.04401786E-10
 1.68131273E-10
 1.47480930E-10
 1.30207622E-10
 1.75350082E-10
-6.70132309E-12
-2.07112702E-10
-1.46010010E-10
-9.28836244E-11
-2.25413386E-11
 1.04171963E-10
 2.92560726E-10
 4.20207369E-10
 7.94728339E-10
 2.84823110E-10
 1.28898864E-10
 6.57794791E-11
 2.37726588E-10
 4.42379272E-10
 7.23419269E-10
 3.06947523E-10
 2.69534173E-10
-2.43021575E-10
-8.92857802E-11
-7.53584972E-10
 2.21450691E-10
 3.88886451E-10
 4.12935963E-10
 1.17997834E-10
 1.87225041E-10
 1.08504331E-10
-8.85621329E-14
 1.89940369E-10
 2.07853207E-10
-1.08693721E-10
 2.23463748E-10
 6.72498723E-11
-1.41767265E-10
 7.32060176E-11
-5.92271440E-11
 2.83285843E-11
 4.56210798E-11
 5.40944928E-11
 1.87496563E-11
-9.41947735E-12
-6.19083506E-13
-3.19900773E-11
-3.49479495E-12
 8.60140920E-02
 8.60140920E-02
 8.60140920E-02
 8.60140920E-02
 8.60140920E-02
 8.60140920E-02
 8.60140920E-02
 8.60140920E-02
 8.60140920E-02
 8.60140920E-02
 8.60140920E-02
 8.60140920E-02
 8.60140920E-02
 8.60140920E-02
 8.60140920E-02
 8.60140920E-02
 8.60140920E-02
 8.60140920E-02
 8.60140920E-02
 8.60140920E-02
 8.60140920E-02
 8.60140920E-02
 8.60140920E-02
 8.60140920E-02
 8.60140920E-02
 8.60140920E-02
 8.60140920E-02
 8.60140920E-02
 8.60140920E-02
 8.60140920E-02
 8.60140920E-02
 8.60140920E-02
 8.60140920E-02
 8.60140920E-02
 8.60140920E-02
 8.60140920E-02
 8.60140920E-02
 8.60140920E-02
 8.60140920E-02
 8.60140920E-02
 8.60140920E-02
 8.60140920E-02
 8.60140920E-02
 8.60140920E-02
 8.60140920E-02
 8.60140920E-02
 8.60140920E-02
 8.60140920E-02
 8.60140920E-02
 8.60140920E-02
 8.60140920E-02
 8.60140920E-02
 8.60140920E-02
 8.60140920E-02
 8.60140920E-02
 8.60140920E-02
 8.60140920E-02
 8.60140920E-02
 8.60140920E-02
 8.60140920E-02
 8.60140920E-02
 8.60140920E-02
 8.60140920E-02
 8.60140920E-02
 8.60140920E-02
 8.60140920E-02
 8.60140920E-02
 8.60140920E-02
 8.60140920E-02
 8.60140920E-02
 8.60140920E-02
 8.60140920E-02
 8.60140920E-02
 8.60140920E-02
 8.60140920E-02
 1.90297559E-16
 5.77351051E-16
 9.52889619E-16
 1.25415626E-15
 1.40947024E-15
 1.43346848E-15
 1.32437847E-15
 1.12609346E-15
 9.04888368E-16
 6.53191416E-16
 4.61814804E-16
 3.04680160E-16
 1.87326683E-16
 1.16501269E-16
 1.13566260E-16
 6.22079459E-17
 7.80429398E-19
 6.62243975E-17
 1.03596695E-17
-7.08101478E-17
 2.61382440E-17
 1.32424257E-16
-5.21399336E-17
-1.03785273E-16
 1.08922634E-16
 1.53526985E-16
-9.28150083E-18
 1.49501601E-15
-1.00328280E-16
-3.40521327E-16
 2.17670739E-15
 3.79777810E-16
 2.46903709E-15
-1.60179733E-15
-2.05079700E-15
 1.10150113E-15
-3.36401189E-15
-9.97692326E-15
 5.00570256E-15
-8.15812414E-15
-2.25499754E-14
 5.94191198E-15
-1.95107399E-14
-2.94862435E-14
 5.04463685E-14
 4.04013404E-14
-7.59382452E-14
 7.27797203E-14
 1.15889232E-13
-1.35475297E-16
 9.70387711E-14
 1.13850620E-13
-2.98334220E-13
 2.69500351E-13
 1.35710269E-12
 2.22212786E-12
 2.77699001E-12
-9.59585059E-13
-5.43887851E-12
-1.45263006E-13
 1.60674373E-11
-4.92794998E-12
-3.10732620E-11
-2.51318280E-12
 3.07513424E-11
 2.06991152E-12
-3.23503620E-11
-4.79493494E-11
-8.75107417E-11
-1.20173982E-10
-6.47167459E-11
 1.86485532E-11
 5.24136082E-11
 5.12678129E-11
 4.49329185E-11
 1.91314759E-11
-5.52466319E-12
-2.17589263E-11
-1.11639441E-10
-2.35360509E-10
-1.57404187E-10
-3.29929001E-11
 6.98681529E-11
 2.79118034E-10
 5.05470332E-10
 3.21954630E-10
 1.48958675E-11
-2.47558883E-11
-2.92487284E-11
-3.36819017E-10
-7.84612930E-10
-6.94448998E-10
-2.03314504E-10
 1.98137826E-10
 1.28354771E-10
-4.54947274E-10
-1.03573217E-09
-7.80229381E-10
-1.10907783E-10
 3.68389597E-10
 6.14134632E-10
 8.08564160E-10
 6.85817236E-10
-7.93311181E-11
-6.33020081E-10
-4.04304118E-10
-1.59030344E-10
 5.76263259E-10
 1.54382507E-10
-3.65540237E-10
-1.13197243E-10
 2.29269798E-11
-1.74494114E-10
-1.62189595E-10
-5.39547790E-13
 1.14209045E-10
 1.49025983E-11
-3.86095392E-11
 1.27753891E-10
 3.93147043E-11
-2.38835115E-11
 1.04667289E-10
 2.83436000E-11
-2.37661613E-10
 3.25417748E-11
 3.63565011E-11
 8.60140920E-02
 8.60140920E-02
 8.60140920E-02
 8.60140920E-02
 8.60140920E-02
 8.60140920E-02
 8.60140920E-02
 8.60140920E-02
 8.60140920E-02
 8.60140920E-02
 8.60140920E-02
 8.60140920E-02
 8.60140920E-02
 8.60140920E-02
 8.60140920E-02
 8.60140920E-02
 8.60140920E-02
 8.60140920E-02
 8.60140920E-02
 8.60140920E-02
 8.60140920E-02
 8.60140920E-02
 8.60140920E-02
 8.60140920E-02
 8.60140920E-02
 8.60140920E-02
 8.60140920E-02
 8.60140920E-02
 8.60140920E-02
 8.60140920E-02
 8.60140920E-02
 8.60140920E-02
 8.60140920E-02
 8.60140920E-02
 8.60140920E-02
 8.60140920E-02
 8.60140920E-02
 8.60140920E-02
 8.60140920E-02
 8.60140920E-02
 8.60140920E-02
 8.60140920E-02
 8.60140920E-02
 8.60140920E-02
 8.60140920E-02
 8.60140920E-02
 8.60140920E-02
 8.60140920E-02
 8.60140920E-02
 8.60140920E-02
 8.60140920E-02
 8.60140920E-02
 8.60140920E-02
 8.60140920E-02
 8.60140920E-02
 8.60140920E-02
 8.60140920E-02
 8.60140920E-02
 8.60140920E-02
 8.60140920E-02
 8.60140920E-02
 8.60140920E-02
 8.60140920E-02
 8.60140920E-02
 8.60140920E-02
 8.60140920E-02
 8.60140920E-02
 8.60140920E-02
 8.60140920E-02
 8.60140920E-02
 8.60140920E-02
 8.60140920E-02
 8.60140920E-02
 8.60140920E-02
 7.54721338E-16
 1.32398873E-15
 1.78525916E-15
 2.06243142E-15
 2.14735346E-15
 2.05532079E-15
 1.79736855E-15
 1.48789426E-15
 1.12480152E-15
 7.76603375E-16
 5.41107834E-16
 3.81783637E-16
 2.27311403E-16
 1.40161467E-16
 7.41016583E-17
 7.23765235E-17
 6.61324282E-17
 8.22315930E-17
 1.05970585E-16
 1.61493290E-16
 2.04057596E-16
-9.14481056E-17
 1.96102977E-16
 7.31957910E-16
 5.17399594E-16
-6.28503847E-16
-7.80623764E-16
 2.54575011E-16
 1.64432897E-15
-1.07093012E-15
-1.92594625E-15
 4.02550587E-15
 2.47614116E-15
-3.93306281E-15
 1.55015023E-15
 1.02552464E-14
-5.01170231E-16
-6.54422780E-15
 2.05952131E-14
 1.60444608E-14
-3.09370758E-15
 4.24031978E-14
 1.60063409E-14
-2.99983461E-14
 4.91321630E-14
 3.72015447E-14
-1.57885749E-13
 1.06886647E-13
 3.64793331E-15
-1.16183674E-13
 3.26673855E-13
 3.28164498E-13
-9.90690494E-13
 2.67151698E-13
 1.40020103E-12
-1.47770283E-12
-3.18954151E-12
-1.98465853E-12
-3.66105887E-12
-2.39014906E-12
 1.11754364E-11
 4.05828539E-12
-1.31924584E-11
-2.25573761E-11
-3.08528168E-11
-5.74885278E-11
 9.80127351E-12
 1.40316245E-10
 2.04840173E-10
 1.45513601E-10
 5.27323706E-11
-4.26480552E-11
-5.29749092E-11
-4.45696214E-12
 3.91732653E-11
-2.77445619E-11
-9.54050033E-11
 1.97030836E-10
 5.07883402E-10
 5.04404851E-10
 3.74802328E-10
 1.61722816E-10
 1.31377242E-10
-3.17219889E-10
-6.23918639E-10
-5.52510482E-10
 3.67325115E-10
 8.01376882E-11
-7.32582883E-10
 1.25961375E-09
 1.24083122E-09
-8.64411320E-12
 1.59961078E-09
 2.42826009E-10
-1.08999931E-09
 1.59186653E-09
 1.44618872E-09
 1.43855927E-09
-5.14947252E-10
 5.69277514E-10
 6.35437480E-10
-9.15531539E-10
-2.25029173E-09
-8.48843162E-10
 1.98614028E-10
 4.64449729E-10
-3.72320473E-11
-3.88417992E-10
-1.12627352E-09
 2.09200920E-10
 8.43137171E-10
-3.33758465E-10
 7.32463049E-11
 1.87768773E-10
 1.21156779E-10
 1.89209870E-10
 1.05092227E-10
-1.02233881E-10
 6.01217742E-10
 2.98502750E-11
 4.36083863E-10
-3.84751786E-10
-8.40625763E-11
 3.02185464E-11
 2.44071048E-11
-5.61506362E-11
 1.69438563E-12
 2.28577324E-10
 8.60140920E-02
 8.60140920E-02
 8.60140920E-02
 8.60140920E-02
 8.60140920E-02
 8.60140920E-02
 8.60140920E-02
 8.60140920E-02
 8.60140920E-02
 8.60140920E-02
 8.60140920E-02
 8.60140920E-02
 8.60140920E-02
 8.60140920E-02
 8.60140920E-02
 8.60140920E-02
 8.60140920E-02
 8.60140920E-02
 8.60140920E-02
 8.60140920E-02
 8.60140920E-02
 8.60140920E-02
 8.60140920E-02
 8.60140920E-02
 8.60140920E-02
 8.60140920E-02
 8.60140920E-02
 8.60140920E-02
 8.60140920E-02
 8.60140920E-02
 8.60140920E-02
 8.60140920E-02
 8.60140920E-02
 8.60140920E-02
 8.60140920E-02
 8.60140920E-02
 8.60140920E-02
 8.60140920E-02
 8.60140920E-02
 8.60140920E-02
 8.60140920E-02
 8.60140920E-02
 8.60140920E-02
 8.60140920E-02
 8.60140920E-02
 8.60140920E-02
 8.60140920E-02
 8.60140920E-02
 8.60140920E-02
 8.60140920E-02
 8.60140920E-02
 8.60140920E-02
 8.60140920E-02
 8.60140920E-02
 8.60140920E-02
 8.60140920E-02
 8.60140920E-02
 8.60140920E-02
 8.60140920E-02
 8.60140920E-02
 8.60140920E-02
 8.60140920E-02
 8.60140920E-02
 8.60140920E-02
 8.60140920E-02
 8.60140920E-02
 8.60140920E-02
 8.60140920E-02
 8.60140920E-02
 8.60140920E-02
 8.60140920E-02
 9.46075239E-16
 1.79259256E-15
 2.49601678E-15
 2.94623258E-15
 3.13815416E-15
 3.07538647E-15
 2.79481718E-15
 2.35212473E-15
 1.83967552E-15
 1.36347370E-15
 9.48959810E-16
 6.78104720E-16
 4.84663200E-16
 2.51146672E-16
 1.39272426E-16
 1.53701580E-16
 1.83984860E-16
 1.23836892E-16
-9.24908859E-18
 2.41381510E-17
 3.63362444E-16
 2.15065424E-16
-2.08314320E-16
-9.79487327E-17
 6.58278484E-16
 5.33101308E-16
-1.61924747E-16
 1.39619448E-15
 2.33778912E-15
-1.64229220E-16
-2.91303186E-15
 2.80818188E-15
 3.62179260E-15
-2.86152738E-15
-4.42708800E-15
 5.93263951E-15
 9.32315528E-15
-7.69774056E-15
 9.96872440E-16
 6.71421884E-15
-3.01883525E-14
-3.03139268E-14
 5.18828145E-14
-3.54607430E-14
-6.67527895E-14
 4.75787453E-14
-2.05334729E-14
-1.30461058E-13
 2.55736404E-13
 9.22404378E-14
-6.11599367E-13
 3.73636641E-13
 4.45548112E-13
-1.22484976E-12
-6.91152376E-13
 1.86561465E-12
-1.20736244E-12
 1.04862245E-12
 1.00154668E-11
 1.10017481E-11
-7.95932677E-12
-8.40500152E-12
-1.05678452E-11
 2.28289661E-11
 7.40211850E-11
 8.87769372E-11
 4.76636577E-11
 8.06572101E-11
-8.45585685E-11
-6.67191510E-11
 9.95184490E-11
-7.15462802E-12
 2.43818160E-10
 4.40391473E-11
-1.49375512E-11
 1.85786039E-10
 4.24539376E-10
 3.36814104E-10
-2.89606984E-11
-3.81694537E-10
-4.25303764E-10
-2.79352486E-10
-9.07815836E-11
 3.96871203E-10
 1.30161784E-11
 1.15588383E-09
 1.30462652E-09
-1.91007099E-10
-7.92528473E-11
 1.12765097E-09
 1.27461397E-09
-5.51513446E-10
 2.73626205E-10
 3.07508752E-09
 9.75299841E-10
 6.51795895E-10
 2.13389217E-09
-1.85885318E-09
-2.95573921E-09
 4.04796197E-09
 3.80011328E-10
-2.00378580E-09
 1.06321223E-10
 2.05986606E-09
 4.65456607E-09
 1.74435133E-09
-8.00486566E-10
 1.07474429E-09
-8.42831027E-10
 1.80190596E-09
-4.77371975E-10
-6.56760341E-11
 1.40094143E-11
-3.38536005E-10
 2.47620535E-10
 3.38204520E-10
-3.27630173E-10
-6.44117648E-10
-1.01050016E-10
 2.38150138E-10
-5.80036130E-10
-9.99385019E-10
-6.62582822E-10
-1.87837162E-10
-5.89867651E-12
-7.18887172E-11
 2.34645064E-11
 4.79243138E-11
-3.98172155E-11
-1.05075441E-10
 8.60140920E-02
 8.60140920E-02
 8.60140920E-02
 8.60140920E-02
 8.60140920E-02
 8.60140920E-02
 8.60140920E-02
 8.60140920E-02
 8.60140920E-02
 8.60140920E-02
 8.60140920E-02
 8.60140920E-02
 8.60140920E-02
 8.60140920E-02
 8.60140920E-02
 8.60140920E-02
 8.60140920E-02
 8.60140920E-02
 8.60140920E-02
 8.60140920E-02
 8.60140920E-02
 8.60140920E-02
 8.60140920E-02
 8.60140920E-02
 8.60140920E-02
 8.60140920E-02
 8.60140920E-02
 8.60140920E-02
 8.60140920E-02
 8.60140920E-02
 8.60140920E-02
 8.60140920E-02
 8.60140920E-02
 8.60140920E-02
 8.60140920E-02
 8.60140920E-02
 8.60140920E-02
 8.60140920E-02
 8.60140920E-02
 8.60140920E-02
 8.60140920E-02
 8.60140920E-02
 8.60140920E-02
 8.60140920E-02
 8.60140920E-02
 8.60140920E-02
 8.60140920E-02
 8.60140920E-02
 8.60140920E-02
 8.60140920E-02
 8.60140920E-02
 8.60140920E-02
 8.60140920E-02
 8.60140920E-02
 8.60140920E-02
 8.60140920E-02
 8.60140920E-02
 8.60140920E-02
 8.60140920E-02
 8.60140920E-02
 8.60140920E-02
 8.60140920E-02
 8.60140920E-02
 8.60140920E-02
 8.60140920E-02
 8.60140920E-02
 8.60140920E-02
 8.60140920E-02
 8.60140920E-02
 1.12090951E-15
 2.39259025E-15
 3.46802140E-15
 4.20344589E-15
 4.55304477E-15
 4.55867415E-15
 4.24570352E-15
 3.67111279E-15
 2.96563133E-15
 2.24981925E-15
 1.62290655E-15
 1.09240187E-15
 7.37475747E-16
 5.61033173E-16
 3.25954954E-16
 1.98844015E-16
 2.05925608E-16
 2.32737337E-16
 1.65704870E-16
 2.62870058E-17
 8.91672576E-17
 5.64078415E-16
 6.33430243E-16
 2.71141970E-16
 2.81623129E-16
 1.28065527E-15
 9.29257400E-16
 6.73336454E-16
 1.75006144E-15
 2.30490497E-15
 1.88552671E-16
 5.88613942E-16
 7.79477496E-15
 3.62045429E-15
-5.54015790E-15
-1.69143723E-15
 1.16652691E-14
-2.44886691E-15
-1.21453971E-14
 1.00250440E-14
 2.50131167E-14
 6.72878611E-15
 2.46215452E-14
 3.56059617E-14
-2.31785365E-14
 2.05475472E-14
 2.00084971E-13
 5.76745411E-14
-1.34442045E-13
 1.83372997E-13
 1.77605624E-13
-4.81881895E-13
 2.20332989E-13
 7.72698257E-13
-1.04096061E-12
 3.48750407E-13
 2.79389142E-12
 8.56749621E-13
-6.10661218E-12
-4.14848884E-12
-2.11136187E-12
-1.41810522E-11
 1.54567487E-11
 2.31603417E-11
-3.89134731E-11
-2.99953083E-11
 1.97648998E-11
-2.42113718E-10
 5.87493873E-11
-7.65268127E-11
 3.54571615E-11
 2.09995715E-10
-8.27370228E-10
 2.73482431E-10
 2.04661274E-10
-2.47147969E-10
-4.80723183E-10
-1.64683461E-10
 1.52025031E-10
 2.74648193E-10
 2.84543000E-10
 4.81383100E-10
 9.30938160E-10
 9.60740709E-10
 1.10268106E-09
 1.11303478E-09
 8.92656782E-11
-1.35622313E-09
 3.74624859E-10
 3.44245699E-09
 3.33845418E-09
 1.21268584E-09
 3.93026611E-10
 1.28042366E-09
-3.21380682E-12
-1.21407751E-09
-2.99428510E-10
 2.74574230E-09
 5.18262722E-09
 3.86202226E-09
-6.78096801E-10
-2.56237032E-09
-7.14249271E-10
 2.15661444E-09
 1.14319820E-09
-8.53985715E-10
-3.46562290E-09
-1.56663715E-09
-5.50925972E-10
 6.78670453E-10
 1.34750089E-09
 2.08076667E-09
-3.14886950E-10
 1.58606170E-10
 1.21909216E-09
 4.16687324E-10
-5.99331196E-10
 3.01660225E-10
 7.51230578E-10
 8.61854477E-10
 5.53741220E-10
-5.09605080E-10
 5.08937725E-10
 1.21941113E-09
 9.99180627E-10
 4.12022694E-10
-7.97325192E-11
-1.20700134E-11
 2.87264899E-11
-3.49716783E-11
-4.86828966E-10
 2.86636409E-10
-5.83842086E-10
 8.60140920E-02
 8.60140920E-02
 8.60140920E-02
 8.60140920E-02
 8.60140920E-02
 8.60140920E-02
 8.60140920E-02
 8.60140920E-02
 8.60140920E-02
 8.60140920E-02
 8.60140920E-02
 8.60140920E-02
 8.60140920E-02
 8.60140920E-02
 8.60140920E-02
 8.60140920E-02
 8.60140920E-02
 8.60140920E-02
 8.60140920E-02
 8.60140920E-02
 8.60140920E-02
 8.60140920E-02
 8.60140920E-02
 8.60140920E-02
 8.60140920E-02
 8.60140920E-02
 8.60140920E-02
 8.60140920E-02
 8.60140920E-02
 8.60140920E-02
 8.60140920E-02
 8.60140920E-02
 8.60140920E-02
 8.60140920E-02
 8.60140920E-02
 8.60140920E-02
 8.60140920E-02
 8.60140920E-02
 8.60140920E-02
 8.60140920E-02
 8.60140920E-02
 8.60140920E-02
 8.60140920E-02
 8.60140920E-02
 8.60140920E-02
 8.60140920E-02
 8.60140920E-02
 8.60140920E-02
 8.60140920E-02
 8.60140920E-02
 8.60140920E-02
 8.60140920E-02
 8.60140920E-02
 8.60140920E-02
 8.60140920E-02
 8.60140920E-02
 8.60140920E-02
 8.60140920E-02
 8.60140920E-02
 8.60140920E-02
 8.60140920E-02
 8.60140920E-02
 8.60140920E-02
 8.60140920E-02
 8.60140920E-02
 8.60140920E-02
 1.27343907E-15
 3.13008892E-15
 4.79526443E-15
 5.99662523E-15
 6.64547026E-15
 6.78624671E-15
 6.45436480E-15
 5.69739390E-15
 4.69582488E-15
 3.64311835E-15
 2.67822479E-15
 1.95882849E-15
 1.36693764E-15
 9.10545807E-16
 6.63470478E-16
 4.98775986E-16
 3.30870604E-16
 2.84331596E-16
 3.42300387E-16
 4.26514970E-16
 4.69554938E-16
 4.73962103E-16
 5.00234683E-16
 6.81395707E-16
 6.64955486E-16
 1.15805339E-15
 1.27652323E-15
 1.69448743E-16
-2.75575717E-17
 1.61657381E-15
 2.21923670E-15
 1.93502199E-15
 1.19615071E-15
-1.63857677E-16
-1.15387646E-16
 3.22671738E-15
 2.13535803E-14
 1.33193754E-14
-9.29572666E-15
-4.67197963E-15
 2.37996743E-14
 1.30080603E-14
-6.17542923E-14
-2.10278690E-14
 1.91189058E-14
-3.58772426E-14
-5.39061288E-14
 1.33478577E-14
-2.27855522E-14
-2.91654965E-13
 2.80433856E-14
 3.42688578E-13
-3.49798261E-13
 4.32071561E-13
-1.43695995E-13
 6.50309396E-13
-9.30412973E-13
 6.57890517E-13
-1.69847480E-12
-7.46704605E-14
 9.69890574E-12
 1.11604215E-11
-4.43243012E-12
 2.92841944E-12
 7.68762744E-12
-1.95772686E-11
-1.23311934E-11
 7.13983594E-11
-5.74635790E-11
 1.66240133E-10
 7.64480632E-11
-1.35632297E-10
 9.70179145E-11
-8.91562379E-11
 4.03356459E-10
 4.78677320E-10
 4.51998605E-10
 5.70893999E-10
 4.34061287E-10
 2.78911425E-11
-4.72725470E-10
 3.08464754E-10
 1.50526647E-09
-1.24093014E-10
-5.42888234E-10
 1.68392655E-09
-3.45896672E-10
-1.71999515E-09
 2.61192712E-09
 2.23569807E-09
-5.01526642E-09
-3.62627128E-09
 4.43617454E-09
 7.69884068E-09
 3.42062667E-09
 1.34038203E-09
 6.30047792E-09
 1.00486881E-08
 7.73627296E-09
-3.40954953E-09
-3.36281847E-09
 5.84490856E-09
 1.55772337E-08
 1.80967596E-08
 1.49743968E-08
 8.37498781E-09
 4.12297529E-09
 6.79026968E-09
 6.52199494E-09
 7.60742491E-09
 4.07783496E-09
-2.09514228E-09
-2.79166468E-09
 1.15414671E-10
 6.50560328E-10
-7.46414763E-10
-6.03964934E-10
 1.25811739E-09
 1.63151970E-09
 2.82469603E-10
-7.44847295E-10
-1.40252765E-09
-5.31200084E-10
 5.33144306E-10
 3.52493590E-10
-1.21176680E-09
-2.13291407E-09
-3.73859776E-10
 2.08712492E-10
-3.09848924E-10
 5.31178934E-10
 2.72112444E-10
 5.20261056E-10
 8.79281536E-10
-1.74654648E-11
 8.60140920E-02
 8.60140920E-02
 8.60140920E-02
 8.60140920E-02
 8.60140920E-02
 8.60140920E-02
 8.60140920E-02
 8.60140920E-02
 8.60140920E-02
 8.60140920E-02
 8.60140920E-02
 8.60140920E-02
 8.60140920E-02
 8.60140920E-02
 8.60140920E-02
 8.60140920E-02
 8.60140920E-02
 8.60140920E-02
 8.60140920E-02
 8.60140920E-02
 8.60140920E-02
 8.60140920E-02
 8.60140920E-02
 8.60140920E-02
 8.60140920E-02
 8.60140920E-02
 8.60140920E-02
 8.60140920E-02
 8.60140920E-02
 8.60140920E-02
 8.60140920E-02
 8.60140920E-02
 8.60140920E-02
 8.60140920E-02
 8.60140920E-02
 8.60140920E-02
 8.60140920E-02
 8.60140920E-02
 8.60140920E-02
 8.60140920E-02
 8.60140920E-02
 8.60140920E-02
 8.60140920E-02
 8.60140920E-02
 8.60140920E-02
 8.60140920E-02
 8.60140920E-02
 8.60140920E-02
 8.60140920E-02
 8.60140920E-02
 8.60140920E-02
 8.60140920E-02
 8.60140920E-02
 8.60140920E-02
 8.60140920E-02
 8.60140920E-02
 8.60140920E-02
 8.60140920E-02
 8.60140920E-02
 8.60140920E-02
 8.60140920E-02
 8.60140920E-02
 8.60140920E-02
 8.60140920E-02
 1.36247537E-15
 4.05982849E-15
 6.57551635E-15
 8.53949818E-15
 9.76840577E-15
 1.02363279E-14
 9.92893545E-15
 8.92163032E-15
 7.46027995E-15
 5.88438659E-15
 4.39175487E-15
 3.20377464E-15
 2.28727864E-15
 1.48730558E-15
 1.05293279E-15
 8.52172743E-16
 6.10287450E-16
 5.68249787E-16
 5.24361411E-16
 5.71444743E-16
 6.52675308E-16
 7.19967894E-16
 8.34468166E-16
 9.95847107E-16
 1.18876437E-15
 1.44478516E-15
 1.87432700E-15
 3.24794318E-15
 4.92930273E-15
 5.59687862E-15
 3.67599721E-15
 2.88895664E-15
 6.08591733E-15
 6.72923038E-15
 1.48932861E-15
-6.07077884E-16
 9.91440291E-15
 4.39250492E-15
-1.33310983E-14
-1.57357918E-14
 1.54689426E-14
 3.55995683E-14
-4.20126038E-14
-1.34938761E-14
 9.90472014E-14
 1.06694194E-13
-3.56174271E-14
-1.13783914E-13
 4.28575598E-14
 1.89204040E-13
 2.71073447E-13
 2.52084269E-13
-5.23701769E-14
-5.42061784E-13
-5.93032784E-13
 7.54344504E-13
 1.76145706E-13
-1.65365540E-12
 1.43880968E-12
 3.80857368E-12
 1.26411956E-12
-5.84067213E-12
-1.14901691E-11
 6.64597067E-12
-4.68565237E-13
 3.15795025E-13
 1.71665286E-11
 2.65091803E-11
 3.01924492E-11
-1.37591605E-10
 3.27473215E-10
-7.01619735E-11
-3.36831091E-10
 5.98109395E-10
 8.02499123E-10
-9.09219811E-10
-3.45917961E-10
 2.07794915E-09
-2.16735067E-11
-6.38322861E-09
 2.87702218E-09
 7.83447529E-09
-1.73187935E-08
 9.71642766E-10
 9.26277011E-09
 5.58406255E-09
-4.83720486E-09
-1.34069145E-09
 2.53131005E-09
 2.42635401E-09
 3.06347148E-09
 3.87116073E-09
 4.17954693E-09
-2.27352626E-09
-1.17866303E-08
-1.46614205E-08
-7.65879182E-09
 4.77791406E-09
 1.07491633E-08
 6.99405955E-09
 6.57874200E-09
 8.16050516E-09
 5.55841995E-09
-2.79155743E-09
-7.99843658E-09
-7.20021376E-09
-4.49149473E-09
-3.70559050E-09
 1.06207176E-09
 4.32966024E-11
-2.56186783E-09
 1.29867017E-09
 5.59210589E-09
 4.16890922E-09
 5.08248688E-09
 5.46163603E-09
 2.07108952E-09
-4.85140483E-10
 1.56204016E-09
 2.25508545E-09
-2.52756127E-09
 3.83597154E-10
 4.80082374E-09
 3.51122931E-09
 7.01363523E-10
-1.30542813E-10
 5.99054806E-10
 2.94809444E-09
 2.50631227E-09
 1.27662003E-09
-1.23127050E-10
 1.17845578E-09
 3.81454812E-10
-1.56935842E-09
-3.74818759E-10
 7.49201534E-10
-1.60374006E-10
-6.43347542E-10
 8.60140920E-02
 8.60140920E-02
 8.60140920E-02
 8.60140920E-02
 8.60140920E-02
 8.60140920E-02
 8.60140920E-02
 8.60140920E-02
 8.60140920E-02
 8.60140920E-02
 8.60140920E-02
 8.60140920E-02
 8.60140920E-02
 8.60140920E-02
 8.60140920E-02
 8.60140920E-02
 8.60140920E-02
 8.60140920E-02
 8.60140920E-02
 8.60140920E-02
 8.60140920E-02
 8.60140920E-02
 8.60140920E-02
 8.60140920E-02
 8.60140920E-02
 8.60140920E-02
 8.60140920E-02
 8.60140920E-02
 8.60140920E-02
 8.60140920E-02
 8.60140920E-02
 8.60140920E-02
 8.60140920E-02
 8.60140920E-02
 8.60140920E-02
 8.60140920E-02
 8.60140920E-02
 8.60140920E-02
 8.60140920E-02
 8.60140920E-02
 8.60140920E-02
 8.60140920E-02
 8.60140920E-02
 8.60140920E-02
 8.60140920E-02
 8.60140920E-02
 8.60140920E-02
 8.60140920E-02
 8.60140920E-02
 8.60140920E-02
 8.60140920E-02
 8.60140920E-02
 8.60140920E-02
 8.60140920E-02
 8.60140920E-02
 8.60140920E-02
 8.60140920E-02
 8.60140920E-02
 8.60140920E-02
 8.60140920E-02
 8.60140920E-02
 1.26028455E-15
 5.25642347E-15
 9.00338425E-15
 1.21568947E-14
 1.43031932E-14
 1.53012792E-14
 1.52506182E-14
 1.39931478E-14
 1.19583476E-14
 9.53462806E-15
 7.22164705E-15
 5.32929964E-15
 3.81739284E-15
 2.69887249E-15
 2.16246559E-15
 1.70093523E-15
 1.02569538E-15
 8.20503822E-16
 9.26613916E-16
 1.02382429E-15
 1.01636330E-15
 1.15558058E-15
 1.67072855E-15
 2.19821969E-15
 2.51500154E-15
 3.08777899E-15
 3.03417387E-15
 4.02412267E-15
 3.94579499E-15
 1.83046403E-15
 1.89780760E-15
 1.72639079E-15
 5.44569001E-15
 1.36332621E-14
 1.58495992E-14
 4.96637355E-15
 7.14687691E-15
 1.77330566E-14
 9.40734188E-15
 3.44370520E-15
 2.04502654E-14
 4.77786281E-14
 9.96385862E-15
-6.06477217E-14
-4.81490119E-14
-7.01287249E-15
-2.40835489E-14
-6.51209569E-14
 1.25914117E-13
 2.35322287E-13
-1.49274907E-13
-4.92443326E-13
-1.91414796E-13
 4.10614305E-13
-1.15167695E-13
 4.05658241E-14
-5.27581925E-14
-1.79153730E-12
-2.02228989E-12
 1.41102744E-12
-1.03002763E-12
-2.31490261E-12
 3.50916518E-12
-6.21080661E-13
 1.73896054E-11
 2.02363716E-11
-4.27681328E-11
 4.78198340E-12
-2.19915162E-11
 9.00141003E-11
-7.20872320E-11
-5.26941988E-12
-3.00003772E-10
 1.80281040E-10
 8.06643752E-10
-5.74625070E-10
-2.63272715E-09
 1.63707070E-09
 4.41808867E-10
-4.07373513E-09
-2.34232500E-09
 1.51168642E-08
 4.63376143E-10
 5.24039967E-09
 3.95541555E-08
 1.00213722E-08
 5.66010794E-09
 1.05961222E-08
 1.07580378E-09
 2.72911083E-10
 9.30629085E-09
 8.07534928E-09
-3.06176884E-09
-7.18636084E-09
 1.90823588E-08
 4.60789700E-08
 4.55591085E-08
 7.17756876E-09
-7.06723746E-09
 1.37139988E-08
 3.19266391E-08
 2.99886729E-08
 2.05752713E-08
 1.32559457E-08
 2.01751877E-08
 2.83148918E-08
 4.01432132E-08
 2.62392845E-08
 2.92344327E-09
 3.80962734E-10
 2.49770302E-08
 3.15678257E-08
 5.24359667E-09
-1.44925583E-08
-1.47087427E-08
-4.11338563E-09
 3.75240239E-09
 5.31520650E-09
-3.35329564E-09
-3.18325410E-09
 5.53792967E-09
 9.15304543E-09
 7.42690620E-09
-6.71829747E-09
 1.31376660E-10
-9.03132624E-10
 1.69164105E-09
-1.26665811E-09
-1.13660928E-10
 1.37384693E-09
-9.08824749E-09
 4.45269110E-09
-4.55101262E-10
 1.88730409E-09
-1.45411694E-09
 5.04525699E-10
-4.37199654E-09
-1.17721100E-09
-1.10555211E-10
 1.02695175E-09
 8.60140920E-02
 8.60140920E-02
 8.60140920E-02
 8.60140920E-02
 8.60140920E-02
 8.60140920E-02
 8.60140920E-02
 8.60140920E-02
 8.60140920E-02
 8.60140920E-02
 8.60140920E-02
 8.60140920E-02
 8.60140920E-02
 8.60140920E-02
 8.60140920E-02
 8.60140920E-02
 8.60140920E-02
 8.60140920E-02
 8.60140920E-02
 8.60140920E-02
 8.60140920E-02
 8.60140920E-02
 8.60140920E-02
 8.60140920E-02
 8.60140920E-02
 8.60140920E-02
 8.60140920E-02
 8.60140920E-02
 8.60140920E-02
 8.60140920E-02
 8.60140920E-02
 8.60140920E-02
 8.60140920E-02
 8.60140920E-02
 8.60140920E-02
 8.60140920E-02
 8.60140920E-02
 8.60140920E-02
 8.60140920E-02
 8.60140920E-02
 8.60140920E-02
 8.60140920E-02
 8.60140920E-02
 8.60140920E-02
 8.60140920E-02
 8.60140920E-02
 8.60140920E-02
 8.60140920E-02
 8.60140920E-02
 8.60140920E-02
 8.60140920E-02
 8.60140920E-02
 8.60140920E-02
 8.60140920E-02
 8.60140920E-02
 8.60140920E-02
 8.60140920E-02
 8.60140920E-02
 8.60140920E-02
 8.60140920E-02
 6.56019860E-15
 1.24661930E-14
 1.74066829E-14
 2.09845281E-14
 2.31046888E-14
 2.35307125E-14
 2.21544449E-14
 1.91983118E-14
 1.55475201E-14
 1.19198254E-14
 8.78408488E-15
 6.42826602E-15
 4.57249900E-15
 3.09895940E-15
 2.14876102E-15
 1.61259456E-15
 1.39819940E-15
 1.52761503E-15
 1.75186403E-15
 1.76320041E-15
 2.01623805E-15
 2.56539323E-15
 3.07502098E-15
 3.50453826E-15
 4.33218685E-15
 4.36635786E-15
 3.98240545E-15
 6.44546206E-15
 9.82877974E-15
 1.14204512E-14
 1.11292066E-14
 1.17356915E-14
 1.36152288E-14
 7.40183807E-15
-3.66347848E-15
-6.83847772E-15
 1.10441763E-14
 2.77822063E-14
 2.12863683E-14
 1.37981921E-14
 1.09238748E-14
-1.00059392E-14
-8.14414132E-15
 1.18077328E-13
 5.14325893E-14
-6.40991641E-14
-9.42875335E-14
-1.20827597E-13
 4.05441387E-13
-5.77091814E-14
 3.60011581E-13
 5.85852872E-13
 6.81992304E-14
 3.56635782E-13
 4.91186735E-13
 3.54209365E-13
 1.28556063E-12
 4.15286989E-12
 3.49009276E-12
-3.37195506E-12
-4.07131880E-12
 6.70017731E-12
 6.30460788E-12
-2.63683225E-11
-1.47688112E-11
 2.19236469E-11
 1.09659469E-11
 6.93455501E-11
 3.45650869E-11
-1.49473822E-10
 2.16496515E-10
 3.39067385E-10
-1.33675127E-10
-1.10179910E-09
-4.48004245E-10
 1.22685240E-09
 1.54653357E-09
-7.66230523E-10
-3.65049851E-10
 4.41744641E-09
 5.56469704E-10
-2.29974173E-09
-6.73750389E-09
-3.93854593E-09
 1.82425168E-08
 1.43520689E-08
-2.33880311E-08
-1.19954322E-08
-6.13755713E-09
 1.64828524E-08
 2.50333576E-09
 1.55435025E-08
 2.96030489E-09
-1.91106562E-08
-1.52900625E-08
-7.82349563E-09
-6.02629813E-09
-5.63099878E-09
-2.17502327E-09
 9.22380750E-09
 2.94644451E-08
 4.72014037E-08
 5.99448740E-08
 6.40442650E-08
 2.10462634E-08
-1.40385383E-08
 8.53480842E-09
 4.65182985E-08
 4.04319422E-08
 1.04262234E-08
-2.28943779E-08
-1.89010620E-08
 1.94738226E-09
 8.72576589E-09
 1.62543010E-08
 2.09795203E-08
 1.19947794E-08
 6.10381434E-09
-5.77758863E-09
-9.90539384E-09
-1.89975966E-10
-5.34169153E-10
-9.11140674E-09
 5.94627769E-09
 2.19141061E-08
 1.76904447E-09
 3.21188942E-09
 5.86158233E-09
 9.03343000E-09
 3.32042172E-09
 1.12151382E-08
 7.85113663E-09
-3.34673333E-09
-1.51205951E-10
 7.65290165E-10
-2.77564727E-09
 1.40811762E-09
 9.39992306E-10
-1.06234055E-09
-1.32071784E-10
-1.55590085E-09
 8.60140920E-02
 8.60140920E-02
 8.60140920E-02
 8.60140920E-02
 8.60140920E-02
 8.60140920E-02
 8.60140920E-02
 8.60140920E-02
 8.60140920E-02
 8.60140920E-02
 8.60140920E-02
 8.60140920E-02
 8.60140920E-02
 8.60140920E-02
 8.60140920E-02
 8.60140920E-02
 8.60140920E-02
 8.60140920E-02
 8.60140920E-02
 8.60140920E-02
 8.60140920E-02
 8.60140920E-02
 8.60140920E-02
 8.60140920E-02
 8.60140920E-02
 8.60140920E-02
 8.60140920E-02
 8.60140920E-02
 8.60140920E-02
 8.60140920E-02
 8.60140920E-02
 8.60140920E-02
 8.60140920E-02
 8.60140920E-02
 8.60140920E-02
 8.60140920E-02
 8.60140920E-02
 8.60140920E-02
 8.60140920E-02
 8.60140920E-02
 8.60140920E-02
 8.60140920E-02
 8.60140920E-02
 8.60140920E-02
 8.60140920E-02
 8.60140920E-02
 8.60140920E-02
 8.60140920E-02
 8.60140920E-02
 8.60140920E-02
 8.60140920E-02
 8.60140920E-02
 8.60140920E-02
 8.60140920E-02
 8.60140920E-02
 8.60140920E-02
 8.60140920E-02
 8.60140920E-02
 8.09639492E-15
 1.71698576E-14
 2.49633315E-14
 3.10378723E-14
 3.52515190E-14
 3.69460728E-14
 3.55967426E-14
 3.14157405E-14
 2.57008990E-14
 1.98903411E-14
 1.46937177E-14
 1.05593143E-14
 7.63075889E-15
 5.62275505E-15
 4.40498552E-15
 3.46076275E-15
 3.18273562E-15
 3.09171049E-15
 2.74139715E-15
 2.67780318E-15
 2.78158230E-15
 3.49945881E-15
 4.31674121E-15
 5.10481346E-15
 6.15001697E-15
 7.63130692E-15
 9.33554059E-15
 9.84444985E-15
 1.19550298E-14
 1.30177995E-14
 1.26311849E-14
 1.27810055E-14
 1.27317302E-14
 1.93060662E-14
 2.80122944E-14
 3.44753150E-14
 3.65992399E-14
 2.85422253E-14
 1.29811323E-14
 1.22419487E-14
 9.86077810E-15
 6.10626518E-15
 9.10493469E-14
 2.68777988E-14
 1.67249197E-14
 2.74332911E-13
 2.14731431E-13
 1.41920140E-13
 4.17275996E-13
-6.11499133E-13
-4.88641842E-13
-4.30687793E-13
 1.90069965E-13
 3.66328577E-13
-8.58787528E-14
 2.03968943E-15
-9.55364694E-13
-1.08615666E-12
-5.40672758E-12
-8.00791074E-13
 5.72352625E-12
 4.01145480E-12
-3.45223828E-12
-3.50724251E-13
 4.77032649E-11
 3.59989677E-11
-2.86713726E-11
-7.99599068E-11
-2.07697661E-11
 5.74199438E-11
-6.07458832E-12
-3.67966130E-10
-5.32123408E-11
 9.45151624E-10
-6.33519279E-11
-2.18515450E-09
 1.40807532E-09
 2.88494428E-09
 8.25927216E-10
 5.96216854E-10
 1.67122930E-11
-5.90677451E-10
 8.53193960E-09
 1.46854955E-08
 7.81047138E-09
-3.43111561E-09
 4.58147698E-09
-3.03445020E-08
-1.16316841E-08
 5.11292519E-08
 7.26940357E-08
 4.16862171E-08
-1.40606904E-08
-3.85272187E-08
 3.46981999E-08
 8.24746422E-08
 2.19870326E-08
 3.00777927E-08
 3.52586831E-08
 3.01514937E-08
 2.01024335E-08
 1.60527236E-08
 3.16429443E-08
 5.88237796E-08
 1.30654030E-08
-6.56470505E-08
-1.03157824E-07
-4.43575985E-08
 8.81664874E-08
 1.46473113E-07
 7.35746966E-08
 8.33550295E-09
 1.22998598E-08
 5.75345105E-08
 7.63880124E-08
 3.67414188E-08
-2.04483293E-08
-3.08449799E-08
 8.58890647E-09
 5.60663977E-08
 5.34538671E-08
 1.59449467E-08
-9.72434844E-09
-6.75945211E-09
 1.05963061E-08
 5.73738745E-09
-1.91798613E-08
 3.66128128E-09
 1.05147251E-08
 2.32787456E-09
 3.84755205E-09
-1.90890468E-08
-1.04891091E-08
 6.74129597E-09
-5.07095432E-09
-1.67384662E-09
 1.20383259E-08
-2.03576267E-09
-3.71950359E-09
 2.17752971E-09
 1.69714642E-09
 4.50656901E-10
 1.75491033E-09
 8.60140920E-02
 8.60140920E-02
 8.60140920E-02
 8.60140920E-02
 8.60140920E-02
 8.60140920E-02
 8.60140920E-02
 8.60140920E-02
 8.60140920E-02
 8.60140920E-02
 8.60140920E-02
 8.60140920E-02
 8.60140920E-02
 8.60140920E-02
 8.60140920E-02
 8.60140920E-02
 8.60140920E-02
 8.60140920E-02
 8.60140920E-02
 8.60140920E-02
 8.60140920E-02
 8.60140920E-02
 8.60140920E-02
 8.60140920E-02
 8.60140920E-02
 8.60140920E-02
 8.60140920E-02
 8.60140920E-02
 8.60140920E-02
 8.60140920E-02
 8.60140920E-02
 8.60140920E-02
 8.60140920E-02
 8.60140920E-02
 8.60140920E-02
 8.60140920E-02
 8.60140920E-02
 8.60140920E-02
 8.60140920E-02
 8.60140920E-02
 8.60140920E-02
 8.60140920E-02
 8.60140920E-02
 8.60140920E-02
 8.60140920E-02
 8.60140920E-02
 8.60140920E-02
 8.60140920E-02
 8.60140920E-02
 8.60140920E-02
 8.60140920E-02
 8.60140920E-02
 8.60140920E-02
 8.60140920E-02
 8.60140920E-02
 8.60140920E-02
 9.50458465E-15
 2.32207171E-14
 3.56364616E-14
 4.59048455E-14
 5.37389889E-14
 5.83526080E-14
 5.76032752E-14
 5.22063167E-14
 4.31797779E-14
 3.33743856E-14
 2.48075198E-14
 1.78927189E-14
 1.29913941E-14
 9.02867242E-15
 6.81062559E-15
 5.27910574E-15
 3.08955056E-15
 2.74979950E-15
 3.41364887E-15
 4.39353618E-15
 5.17587953E-15
 5.75721010E-15
 6.59998205E-15
 7.85748081E-15
 9.40626530E-15
 1.10013791E-14
 1.24314011E-14
 1.44308478E-14
 1.78725324E-14
 1.95977877E-14
 2.15190770E-14
 2.57899171E-14
 3.02214139E-14
 2.57114225E-14
 2.16848854E-14
 2.81452447E-14
 4.00820734E-14
 3.05657362E-14
-2.85117761E-14
 4.25588757E-14
 1.25824644E-13
 2.63823760E-14
-1.37502504E-13
 7.37641217E-14
 3.46567935E-13
-6.19394889E-13
-7.03789078E-13
 8.35185599E-13
 9.75545491E-13
-1.06009374E-12
 1.02565769E-13
 2.49271025E-12
 8.57740528E-13
-9.03436722E-13
-3.49284322E-13
 3.52129220E-12
 4.11116372E-13
 6.95175959E-13
 2.11382669E-12
-2.95121609E-12
 5.37629967E-12
 9.36206234E-12
-7.99703880E-12
-5.65572589E-12
-1.25248536E-11
-9.46815057E-11
-7.19568155E-11
 1.71082842E-10
 8.20283216E-11
-3.08787329E-10
 1.31936892E-10
 4.47020532E-10
-7.56715024E-10
 6.08846196E-10
 9.98540473E-10
-1.59478020E-09
 3.15842352E-09
 2.49374343E-09
-4.58411886E-09
 1.00572706E-09
 1.78034636E-08
 1.02932276E-08
-7.28068095E-09
-1.08880549E-08
 3.64009267E-10
 1.48981298E-08
 2.02270964E-08
 1.45142858E-08
 1.35588643E-08
 6.59593713E-09
 5.72209657E-08
 6.65096849E-08
-5.53774804E-09
-1.14686522E-07
-1.50742366E-07
-2.41148257E-08
 1.48771292E-07
 9.39619227E-08
-1.41683984E-07
 7.88739669E-08
 2.64729891E-07
 2.50709974E-07
 3.95099029E-08
 7.42391393E-08
 2.03508890E-07
 2.84531325E-07
 3.11399475E-07
 2.76715554E-07
 2.00898072E-07
 5.32605533E-08
-1.24696777E-08
-5.13123268E-08
-1.34552664E-07
-1.48147180E-07
-8.73154775E-08
-6.33537312E-09
 3.99444104E-08
 2.37064111E-08
-1.33164475E-08
-3.30666268E-08
-2.65850648E-08
-3.78942921E-09
 1.52306079E-08
 3.71081725E-08
 6.93973234E-08
 7.87086378E-08
 3.77900626E-08
 3.90324129E-09
 2.93591196E-08
 2.03895851E-08
-1.81393744E-08
 2.39923388E-08
 5.13068485E-08
-1.63006397E-09
 4.63950922E-09
 1.67598913E-08
-2.56170498E-08
-9.18031873E-09
-1.19314469E-09
 2.86057822E-09
 2.65296629E-09
 7.80081444E-10
-2.60200802E-12
 9.19475107E-10
-3.21925797E-09
 8.60140920E-02
 8.60140920E-02
 8.60140920E-02
 8.60140920E-02
 8.60140920E-02
 8.60140920E-02
 8.60140920E-02
 8.60140920E-02
 8.60140920E-02
 8.60140920E-02
 8.60140920E-02
 8.60140920E-02
 8.60140920E-02
 8.60140920E-02
 8.60140920E-02
 8.60140920E-02
 8.60140920E-02
 8.60140920E-02
 8.60140920E-02
 8.60140920E-02
 8.60140920E-02
 8.60140920E-02
 8.60140920E-02
 8.60140920E-02
 8.60140920E-02
 8.60140920E-02
 8.60140920E-02
 8.60140920E-02
 8.60140920E-02
 8.60140920E-02
 8.60140920E-02
 8.60140920E-02
 8.60140920E-02
 8.60140920E-02
 8.60140920E-02
 8.60140920E-02
 8.60140920E-02
 8.60140920E-02
 8.60140920E-02
 8.60140920E-02
 8.60140920E-02
 8.60140920E-02
 8.60140920E-02
 8.60140920E-02
 8.60140920E-02
 8.60140920E-02
 8.60140920E-02
 8.60140920E-02
 8.60140920E-02
 8.60140920E-02
 8.60140920E-02
 8.60140920E-02
 8.60140920E-02
 8.60140920E-02
 1.01085403E-14
 3.06312762E-14
 5.03200353E-14
 6.75842303E-14
 8.18720024E-14
 9.16932546E-14
 9.46100294E-14
 8.74935500E-14
 7.43117590E-14
 5.80472221E-14
 4.30065021E-14
 3.07979248E-14
 2.23163519E-14
 1.56987155E-14
 1.14983181E-14
 9.78573352E-15
 6.65326508E-15
 6.13717468E-15
 7.57659367E-15
 7.87457647E-15
 6.97120016E-15
 6.28490442E-15
 7.38798315E-15
 1.10829823E-14
 1.53307526E-14
 1.68676007E-14
 1.77248302E-14
 2.08835516E-14
 2.72541541E-14
 3.11227552E-14
 3.01825080E-14
 3.08623739E-14
 3.80799484E-14
 4.76347240E-14
 4.24339214E-14
 3.68326856E-14
 5.07856866E-14
 6.79371110E-14
 4.84035114E-14
-1.66916126E-14
 7.17950073E-14
 1.53270558E-13
 6.50159180E-14
-7.28866972E-14
 1.85964068E-14
 1.20897297E-13
-1.21567009E-13
-1.82035051E-13
 7.37739405E-13
-8.43335764E-13
-2.98769310E-13
 1.73286168E-12
 1.11452059E-12
-2.90189205E-12
-2.32489527E-12
 4.87401395E-12
 3.43023434E-13
-1.67984962E-12
 1.33361829E-11
 1.47924849E-11
-1.41328381E-11
-2.19993919E-11
 2.08011698E-11
 4.87217905E-11
 3.78812389E-12
-8.27629840E-11
-3.29018236E-11
 1.88427565E-10
 2.76208195E-10
 2.18093987E-10
 4.79313478E-10
 2.81461576E-10
 3.97883254E-10
 2.99963887E-10
 1.46960777E-09
 8.74383121E-10
-1.57608454E-10
 4.38656933E-09
 4.07785672E-09
-5.58899949E-09
-2.26084929E-09
 8.87161367E-09
 1.10316489E-09
-9.05108077E-09
 9.38736311E-10
 2.14467804E-08
 3.65446553E-08
 3.24816760E-08
 6.17842755E-09
-2.14247531E-09
 1.07482272E-08
 9.46393186E-08
-7.23635267E-08
-2.80005821E-07
-6.91647273E-08
 3.89814375E-07
 2.41728316E-07
-2.06677981E-07
-4.06904746E-07
-2.77178287E-07
-1.98909031E-08
 1.08403761E-07
-8.33267038E-08
-1.74125191E-07
 1.43587030E-07
 2.83844997E-07
 9.73891545E-08
 1.18252501E-07
 1.62775024E-07
-3.99249238E-08
-2.06417610E-07
 2.24444932E-07
 5.39657954E-08
 4.36892350E-07
 4.89184004E-07
 2.68963333E-07
-2.54179540E-08
-1.73258901E-08
 1.17972782E-07
 1.64487844E-07
 1.31833232E-07
 8.93767549E-08
 6.94174318E-08
 3.01246033E-08
 7.84491050E-09
 2.88555722E-08
-4.47720119E-08
-1.01065659E-07
-5.51886210E-11
 6.18338731E-08
 2.91888718E-08
-1.98382981E-08
 8.08852429E-10
 3.36232375E-08
 1.60757914E-08
 3.87492793E-09
 1.74547949E-08
 5.24143857E-08
 1.52079878E-08
 2.08771400E-09
 1.08737988E-08
-4.68453054E-09
-2.33968511E-10
-1.04501352E-09
 3.39484907E-09
-1.41655143E-09
 9.72246283E-10
 8.60140920E-02
 8.60140920E-02
 8.60140920E-02
 8.60140920E-02
 8.60140920E-02
 8.60140920E-02
 8.60140920E-02
 8.60140920E-02
 8.60140920E-02
 8.60140920E-02
 8.60140920E-02
 8.60140920E-02
 8.60140920E-02
 8.60140920E-02
 8.60140920E-02
 8.60140920E-02
 8.60140920E-02
 8.60140920E-02
 8.60140920E-02
 8.60140920E-02
 8.60140920E-02
 8.60140920E-02
 8.60140920E-02
 8.60140920E-02
 8.60140920E-02
 8.60140920E-02
 8.60140920E-02
 8.60140920E-02
 8.60140920E-02
 8.60140920E-02
 8.60140920E-02
 8.60140920E-02
 8.60140920E-02
 8.60140920E-02
 8.60140920E-02
 8.60140920E-02
 8.60140920E-02
 8.60140920E-02
 8.60140920E-02
 8.60140920E-02
 8.60140920E-02
 8.60140920E-02
 8.60140920E-02
 8.60140920E-02
 8.60140920E-02
 8.60140920E-02
 8.60140920E-02
 8.60140920E-02
 8.60140920E-02
 8.60140920E-02
 8.60140920E-02
 8.60140920E-02
 9.78138401E-15
 3.94802667E-14
 7.00132430E-14
 9.79083757E-14
 1.23265154E-13
 1.43564048E-13
 1.53573077E-13
 1.48344770E-13
 1.29304662E-13
 1.02384355E-13
 7.53996407E-14
 5.34559816E-14
 3.82417419E-14
 2.79205099E-14
 1.88432491E-14
 1.22075540E-14
 7.81741445E-15
 8.06025456E-15
 8.72515341E-15
 1.10943740E-14
 1.26996692E-14
 1.31605076E-14
 1.37873874E-14
 1.60987658E-14
 2.01581390E-14
 2.22647354E-14
 2.31197880E-14
 2.57133250E-14
 3.21215392E-14
 4.18640037E-14
 4.69933100E-14
 4.64169142E-14
 4.96989636E-14
 5.82351008E-14
 6.81196636E-14
 6.67604061E-14
 6.00220083E-14
 6.66482115E-14
 8.91130567E-14
 1.05467786E-13
 6.87341351E-14
 2.78477752E-14
 4.61191821E-14
 8.74331125E-14
 1.76806567E-13
-3.78863302E-14
 2.35541323E-13
 1.53657401E-13
 6.37207030E-14
 2.73764030E-13
-2.34442647E-13
 7.80807385E-13
-3.90502328E-13
-8.96859626E-13
-2.16826272E-13
 4.06292621E-12
 9.62081109E-12
-5.84692190E-12
-8.04232115E-12
 2.33333179E-11
 1.66063101E-11
-2.00257888E-12
-6.10554229E-12
 9.61374990E-12
 1.90773040E-11
 2.68457756E-11
 1.37768366E-10
 8.30017929E-11
-9.54526388E-11
 2.21400079E-10
 5.77285386E-10
-6.25010821E-10
 4.62915511E-10
 2.36908582E-09
 8.00688515E-10
 5.03592168E-10
 2.86674662E-09
 3.52130081E-09
 1.25103927E-09
-3.66758046E-09
-2.26821539E-09
 3.84972321E-09
 6.82327572E-09
 4.98002173E-09
 2.45936427E-08
 1.21161365E-08
-2.76482250E-08
 5.32420543E-08
 1.94078098E-07
 3.64877373E-08
 3.71304338E-08
 2.77869617E-07
 3.08491479E-07
-7.60032837E-09
 4.20871729E-08
 4.88837429E-07
 1.09308047E-07
 2.90078276E-07
-8.80292760E-07
-6.64203768E-08
-4.89214528E-07
-1.58206524E-06
-3.22698668E-07
 8.55857422E-07
 6.14141982E-07
 6.38028098E-07
 6.15645661E-07
 5.67817438E-07
 3.19676786E-07
 8.36892184E-07
 7.44938404E-07
 2.23166296E-07
 4.81869108E-07
 1.89601508E-07
-4.29462091E-07
-3.40849965E-07
-1.82526918E-07
 4.35484493E-09
 8.41624725E-08
 5.45670780E-08
 8.84997498E-09
 1.84054522E-10
 6.50240182E-08
 9.18553908E-08
 4.57952929E-08
-2.46786236E-09
 2.02053858E-08
 6.03462027E-08
 1.12450721E-07
 1.75218190E-07
 4.42867929E-08
 9.08777320E-09
 3.11358015E-08
 5.31463620E-08
 1.47721710E-08
 4.83873883E-08
 5.10893150E-09
 1.45517784E-08
 9.20871646E-09
-2.95331457E-08
-3.02879455E-09
 2.70895661E-08
-1.38061074E-09
 6.80247680E-09
 1.40847023E-08
-5.10617160E-10
 2.00782835E-09
 2.67976619E-09
-5.39349188E-09
 8.60140920E-02
 8.60140920E-02
 8.60140920E-02
 8.60140920E-02
 8.60140920E-02
 8.60140920E-02
 8.60140920E-02
 8.60140920E-02
 8.60140920E-02
 8.60140920E-02
 8.60140920E-02
 8.60140920E-02
 8.60140920E-02
 8.60140920E-02
 8.60140920E-02
 8.60140920E-02
 8.60140920E-02
 8.60140920E-02
 8.60140920E-02
 8.60140920E-02
 8.60140920E-02
 8.60140920E-02
 8.60140920E-02
 8.60140920E-02
 8.60140920E-02
 8.60140920E-02
 8.60140920E-02
 8.60140920E-02
 8.60140920E-02
 8.60140920E-02
 8.60140920E-02
 8.60140920E-02
 8.60140920E-02
 8.60140920E-02
 8.60140920E-02
 8.60140920E-02
 8.60140920E-02
 8.60140920E-02
 8.60140920E-02
 8.60140920E-02
 8.60140920E-02
 8.60140920E-02
 8.60140920E-02
 8.60140920E-02
 8.60140920E-02
 8.60140920E-02
 8.60140920E-02
 8.60140920E-02
 8.60140920E-02
 8.60140920E-02
 6.08647213E-15
 4.79446567E-14
 9.45973307E-14
 1.40487895E-13
 1.83764692E-13
 2.23168611E-13
 2.48350358E-13
 2.49227207E-13
 2.24456291E-13
 1.82307525E-13
 1.36979810E-13
 9.74366800E-14
 6.74946684E-14
 4.59448831E-14
 3.14033772E-14
 2.22769953E-14
 1.69582162E-14
 1.70218250E-14
 1.92544650E-14
 1.56328773E-14
 1.44322759E-14
 1.42525423E-14
 1.39399651E-14
 1.71344770E-14
 2.39839158E-14
 3.23593928E-14
 3.76080359E-14
 4.23393620E-14
 4.89812387E-14
 5.54171170E-14
 6.14349270E-14
 6.65745738E-14
 7.00172613E-14
 7.36329332E-14
 7.99489056E-14
 9.46256894E-14
 1.03846056E-13
 8.97777675E-14
 8.05191891E-14
 9.11562424E-14
 9.49609925E-14
 1.15759683E-13
 1.63592610E-13
 1.30605230E-13
 6.17020541E-14
 1.65510157E-13
 2.29911684E-13
 1.91416178E-13
 9.68228590E-14
 2.31314723E-13
 3.95968279E-13
 7.10346549E-13
 1.20149669E-12
 7.21791875E-13
-5.54090573E-13
 2.37421020E-12
-5.64505344E-12
 3.31114194E-12
-2.81356058E-12
 7.14050303E-12
 5.69719922E-12
 2.15274115E-13
 1.32374476E-11
 3.42452889E-12
-1.32977284E-11
-6.69839401E-12
 7.88846310E-13
 4.29204285E-12
 9.47011775E-11
 2.03452422E-10
-1.54680140E-11
-5.98364469E-10
 2.72818879E-10
 9.63588431E-10
-4.39596831E-10
-1.00432007E-09
 2.60950528E-09
 3.94779986E-09
 2.27452013E-09
 1.39294443E-09
 3.41400708E-09
 3.21314819E-09
 1.35493821E-08
 3.03872447E-08
 3.82660268E-08
 2.90884365E-08
 1.52660693E-08
-1.64993601E-08
 3.34362298E-08
 6.46791989E-08
 3.43098101E-08
-7.57049001E-09
 1.67552443E-07
 2.29071986E-07
 4.70352681E-08
 5.07299262E-07
 1.16138608E-06
-7.34609173E-08
-9.50021615E-07
 5.89191416E-07
 1.94257473E-06
 6.72077340E-06
 8.27261101E-06
 2.81986354E-06
 6.47244121E-07
 5.26526208E-07
-6.50399386E-07
-7.73577597E-07
 2.99051067E-07
 1.29991861E-06
 8.96125243E-07
 1.01430498E-06
 9.95247049E-08
 1.41941968E-07
 2.65898336E-07
 7.51123082E-07
 6.56213103E-07
 7.31796263E-07
 3.32992585E-08
 1.27287848E-07
 2.82427209E-07
 2.17462585E-07
 6.04590227E-08
 7.37154693E-08
 1.07859513E-07
 1.01359298E-07
 8.32493612E-08
 9.15170730E-08
 7.19496569E-08
-1.18481482E-08
-6.21208613E-08
-7.35861816E-10
-1.99011836E-07
-6.04068973E-08
 1.95590218E-07
-2.56328492E-09
-7.46782334E-08
 4.75844857E-08
 2.05309831E-08
 5.95975824E-10
-4.47953745E-08
 1.01085881E-07
 5.19430223E-08
 1.63281673E-08
 3.29669803E-08
-9.10327724E-09
-1.37619418E-08
 1.13815346E-09
 4.51642612E-10
 4.26625046E-09
 4.81378981E-09
 8.60140920E-02
 8.60140920E-02
 8.60140920E-02
 8.60140920E-02
 8.60140920E-02
 8.60140920E-02
 8.60140920E-02
 8.60140920E-02
 8.60140920E-02
 8.60140920E-02
 8.60140920E-02
 8.60140920E-02
 8.60140920E-02
 8.60140920E-02
 8.60140920E-02
 8.60140920E-02
 8.60140920E-02
 8.60140920E-02
 8.60140920E-02
 8.60140920E-02
 8.60140920E-02
 8.60140920E-02
 8.60140920E-02
 8.60140920E-02
 8.60140920E-02
 8.60140920E-02
 8.60140920E-02
 8.60140920E-02
 8.60140920E-02
 8.60140920E-02
 8.60140920E-02
 8.60140920E-02
 8.60140920E-02
 8.60140920E-02
 8.60140920E-02
 8.60140920E-02
 8.60140920E-02
 8.60140920E-02
 8.60140920E-02
 8.60140920E-02
 8.60140920E-02
 8.60140920E-02
 8.60140920E-02
 8.60140920E-02
 8.60140920E-02
 8.60140920E-02
 8.60140920E-02
 8.60140920E-02
 8.60140920E-02
 5.38323252E-14
 1.22298940E-13
 1.96272103E-13
 2.70418751E-13
 3.39937497E-13
 3.95100429E-13
 4.15440685E-13
 3.90159313E-13
 3.26963933E-13
 2.49352839E-13
 1.77000314E-13
 1.21805140E-13
 8.42153970E-14
 5.79880043E-14
 4.01194343E-14
 3.04597723E-14
 2.72350806E-14
 2.52208854E-14
 2.18592980E-14
 1.70934772E-14
 1.91060834E-14
 2.59556560E-14
 3.25377847E-14
 3.51597617E-14
 3.95802708E-14
 4.76550121E-14
 5.87737866E-14
 6.38493232E-14
 6.02200310E-14
 6.12505110E-14
 8.67162245E-14
 1.05484394E-13
 1.13083005E-13
 1.15314808E-13
 1.13087687E-13
 1.30897734E-13
 1.36914636E-13
 1.39368118E-13
 1.52479510E-13
 1.61197377E-13
 1.26408798E-13
 1.17099025E-13
 1.70008159E-13
 1.98476598E-13
 1.20185681E-13
 2.31383977E-13
 2.05781911E-13
 9.76404491E-14
 5.81414149E-13
 5.40243794E-13
-3.16553343E-13
-9.60965682E-13
-1.37999231E-13
 1.49950289E-12
 4.02578524E-13
 2.27106907E-13
 3.15569554E-12
 1.18851786E-11
-8.41937197E-12
-3.45635174E-12
 1.90401622E-12
 1.20342321E-11
 9.48672044E-12
-2.48933773E-11
 3.80011647E-11
 1.10364544E-10
 1.10860453E-11
-1.60563160E-10
-2.15861690E-10
-5.56056208E-11
 1.51736804E-10
-1.05305514E-10
 1.02913053E-10
 9.03872588E-10
 1.09578110E-10
-6.90715540E-11
 4.08041689E-09
 1.64521008E-10
-1.67356795E-09
 7.73139064E-09
 3.04670267E-09
 6.38292708E-09
-5.88952220E-09
 7.63439978E-09
 2.70986096E-08
 5.43635359E-08
 9.75303749E-08
 6.22545784E-08
 5.28924780E-08
 1.77694623E-08
-3.71221098E-08
-3.93149380E-09
 1.17900605E-07
 9.67878080E-08
 1.05526148E-07
 2.56610804E-07
-7.03437479E-07
 1.72490275E-06
-2.31940794E-06
 1.18947389E-06
 1.23111329E-06
 1.16680724E-06
-8.09116136E-06
 2.31851857E-07
-3.89093384E-06
 9.60169587E-07
-1.18413402E-06
-1.30111374E-07
 2.22555150E-06
 1.87981232E-06
 1.56511123E-06
 6.62092475E-07
 6.06671469E-09
 1.41209614E-06
-5.76038985E-07
 8.06942353E-07
-5.27469297E-07
 2.33228590E-07
 7.70948361E-07
-1.40838466E-07
 2.28617481E-07
 5.84558791E-07
 3.90842501E-07
 2.74740131E-07
 1.73310255E-07
 2.15725777E-07
 2.14308272E-07
 8.16927965E-08
 6.61924702E-08
 6.36363779E-08
 2.23200260E-07
 3.01100755E-07
 2.41594563E-07
 2.74354534E-07
 4.35265093E-07
 2.88060932E-07
 1.17972029E-07
 2.07666460E-07
 2.36236389E-07
 2.18739032E-07
 2.51286934E-07
 3.16426934E-07
 2.10681463E-07
 4.43537651E-08
 2.53080379E-09
 1.31287359E-09
 1.37075435E-08
 2.48575418E-08
-1.40562291E-08
-1.61709812E-09
 1.01165143E-09
 1.78013480E-08
 8.60140920E-02
 8.60140920E-02
 8.60140920E-02
 8.60140920E-02
 8.60140920E-02
 8.60140920E-02
 8.60140920E-02
 8.60140920E-02
 8.60140920E-02
 8.60140920E-02
 8.60140920E-02
 8.60140920E-02
 8.60140920E-02
 8.60140920E-02
 8.60140920E-02
 8.60140920E-02
 8.60140920E-02
 8.60140920E-02
 8.60140920E-02
 8.60140920E-02
 8.60140920E-02
 8.60140920E-02
 8.60140920E-02
 8.60140920E-02
 8.60140920E-02
 8.60140920E-02
 8.60140920E-02
 8.60140920E-02
 8.60140920E-02
 8.60140920E-02
 8.60140920E-02
 8.60140920E-02
 8.60140920E-02
 8.60140920E-02
 8.60140920E-02
 8.60140920E-02
 8.60140920E-02
 8.60140920E-02
 8.60140920E-02
 8.60140920E-02
 8.60140920E-02
 8.60140920E-02
 8.60140920E-02
 8.60140920E-02
 8.60140920E-02
 8.60140920E-02
 8.60140920E-02
 5.42169798E-14
 1.48154506E-13
 2.63834934E-13
 3.88222440E-13
 5.10695002E-13
 6.15991470E-13
 6.79173406E-13
 6.68709229E-13
 5.84311787E-13
 4.58482915E-13
 3.34301326E-13
 2.28491271E-13
 1.52246068E-13
 1.00416583E-13
 6.60007598E-14
 4.35185064E-14
 3.45570774E-14
 2.65150112E-14
 2.14013360E-14
 2.21786734E-14
 2.95282292E-14
 4.15238556E-14
 5.45187573E-14
 6.31978126E-14
 6.45274849E-14
 6.18382231E-14
 6.21876072E-14
 7.67719967E-14
 9.23229863E-14
 1.03285138E-13
 1.14098225E-13
 1.38166524E-13
 1.58032170E-13
 1.45900856E-13
 1.36126706E-13
 1.64938633E-13
 2.09602436E-13
 1.89301469E-13
 1.72939435E-13
 2.09099583E-13
 2.48803717E-13
 2.34260067E-13
 3.00729466E-13
 3.03192611E-13
 1.30827071E-13
 4.17543495E-13
 3.75847411E-13
 1.82927444E-13
 6.50369840E-13
-1.74063520E-12
 3.52776890E-14
 5.06814425E-12
-3.39609178E-12
-9.11655040E-12
 2.56183768E-12
 1.04746958E-11
-1.39985575E-11
-1.41325309E-12
 2.83598631E-11
 2.02549887E-11
 3.84502109E-13
-5.46427140E-11
 7.22097729E-11
 5.81994522E-11
-1.21902488E-10
-2.27860491E-11
 9.81703607E-11
-5.49665435E-12
-1.58090624E-10
 1.03582705E-10
 3.77927717E-10
-7.62228558E-10
-4.71790218E-10
 1.18252030E-09
-6.49880080E-11
-2.42255216E-09
-8.41640424E-10
 2.47894549E-09
-2.49265719E-09
-4.33151337E-09
 7.22996163E-10
 1.30378885E-09
 2.40074072E-09
 2.60536082E-09
 2.13608917E-08
-9.42081613E-09
 4.74476032E-08
 6.48034586E-08
 1.53947894E-08
 6.12441298E-08
 3.21072832E-07
 2.66915123E-07
-4.52691751E-09
-4.13702992E-08
 1.74356938E-08
 1.36248161E-07
 9.46627438E-07
 1.19941546E-06
 6.82338055E-07
 1.42962779E-06
-4.97874225E-07
 2.05235051E-06
 3.44056798E-06
 5.11314283E-06
 1.40855173E-05
 1.84588189E-05
 7.32525859E-06
 8.63187779E-06
 6.22663401E-06
 2.77729077E-06
 1.92228549E-06
 3.20618256E-06
 5.24899860E-06
 5.19283321E-06
 4.27691430E-06
 2.23688994E-06
 9.44183569E-07
-9.27021858E-07
-2.48690071E-07
 5.99892815E-07
 5.62281230E-07
 6.96876370E-08
-3.08306225E-09
 2.51660509E-07
 2.03744449E-07
 1.43594121E-07
 1.29269722E-07
 4.17152144E-08
 1.11216181E-07
 2.49320635E-07
 1.95897329E-07
 2.99407816E-07
 2.16312216E-07
-1.52361338E-07
-2.48644710E-07
-2.88651904E-07
-4.17027763E-07
-1.93109656E-07
-1.55716362E-09
-4.62328060E-08
 2.98273832E-08
 1.09644020E-07
-2.80095716E-08
-5.23972794E-08
 5.45917622E-08
 1.51051736E-07
 1.15992158E-07
 1.10662853E-07
 1.83432769E-09
-8.29482616E-09
 7.07650472E-08
-2.70854361E-08
-3.51786760E-08
-3.37130324E-08
 8.60140920E-02
 8.60140920E-02
 8.60140920E-02
 8.60140920E-02
 8.60140920E-02
 8.60140920E-02
 8.60140920E-02
 8.60140920E-02
 8.60140920E-02
 8.60140920E-02
 8.60140920E-02
 8.60140920E-02
 8.60140920E-02
 8.60140920E-02
 8.60140920E-02
 8.60140920E-02
 8.60140920E-02
 8.60140920E-02
 8.60140920E-02
 8.60140920E-02
 8.60140920E-02
 8.60140920E-02
 8.60140920E-02
 8.60140920E-02
 8.60140920E-02
 8.60140920E-02
 8.60140920E-02
 8.60140920E-02
 8.60140920E-02
 8.60140920E-02
 8.60140920E-02
 8.60140920E-02
 8.60140920E-02
 8.60140920E-02
 8.60140920E-02
 8.60140920E-02
 8.60140920E-02
 8.60140920E-02
 8.60140920E-02
 8.60140920E-02
 8.60140920E-02
 8.60140920E-02
 8.60140920E-02
 8.60140920E-02
 8.60140920E-02
 4.85830045E-14
 1.64809437E-13
 3.32445226E-13
 5.30697881E-13
 7.36710768E-13
 9.33416647E-13
 1.08040551E-12
 1.11994225E-12
 1.02959535E-12
 8.38709310E-13
 6.21850770E-13
 4.30126881E-13
 2.86801561E-13
 1.88738239E-13
 1.23354113E-13
 9.09496951E-14
 7.81182641E-14
 3.44769413E-14
 3.48283651E-14
 4.65363594E-14
 5.54569310E-14
 5.97455367E-14
 4.89127646E-14
 4.45265739E-14
 5.03123747E-14
 6.40903956E-14
 9.06910587E-14
 1.02287502E-13
 1.10943020E-13
 1.42054676E-13
 1.57906769E-13
 1.45909462E-13
 1.64809044E-13
 1.65035032E-13
 1.64425480E-13
 2.02275601E-13
 2.76215791E-13
 2.90062408E-13
 2.46393943E-13
 2.51487660E-13
 2.84391461E-13
 2.83451485E-13
 1.82844232E-13
 3.14086620E-13
 3.88433887E-13
 6.65794026E-13
 6.89105999E-13
-3.46009977E-13
 1.46164959E-12
 1.27459089E-12
-1.13992886E-12
-4.75015101E-13
 3.74961217E-12
-1.02614022E-12
-1.95520618E-12
 3.96106542E-12
 4.67418595E-12
 2.00499643E-12
 8.59269340E-12
 1.36762138E-11
-1.98417983E-11
-1.73511049E-11
 4.09280908E-11
 7.61359031E-11
-2.95230541E-11
-1.07000318E-10
 4.13970681E-12
 1.87032598E-10
 2.49360081E-11
-1.39201026E-10
 2.37999870E-10
 7.03888448E-10
 4.36800096E-10
-3.94158234E-10
-5.12681841E-10
 4.25901370E-10
 1.68586284E-10
-4.34518865E-10
-1.18961174E-09
-1.89945948E-09
 3.78065934E-09
 5.36198508E-09
-3.82961796E-09
 4.21455670E-09
 2.34494024E-08
 3.11792512E-08
 3.36607044E-08
 6.51703136E-09
 4.55972824E-08
-5.01273156E-08
 4.49234747E-08
 9.22184782E-08
 3.70140896E-07
 6.70587212E-07
 9.59080353E-07
 8.28317184E-07
-3.04374538E-07
 3.06903729E-07
 4.87933221E-07
 5.46438969E-07
 7.48560751E-07
-4.78283823E-07
-8.16295156E-08
-4.42790906E-06
-6.61374827E-07
-4.71776985E-07
-1.20566010E-05
 2.92212519E-07
 3.56426472E-06
 2.82604219E-06
 6.43699877E-06
 8.09004632E-06
 7.18721822E-06
 1.21676676E-05
 1.45659737E-06
 1.70249201E-08
-1.42614977E-06
 5.18196430E-07
 3.12882321E-06
 2.75856655E-06
 1.64421840E-06
 9.61950946E-07
 8.36412823E-07
 7.43203486E-07
 9.18630121E-07
 9.53678978E-07
 9.14203724E-07
 7.66223025E-07
 5.74513706E-07
 4.08450603E-07
 3.33756333E-07
 3.80789857E-07
 5.04193906E-07
 5.89527417E-07
 6.48192838E-07
 8.81877611E-07
 1.41083274E-06
 1.21616768E-06
 8.33917625E-07
 7.10092422E-07
 7.86489750E-07
 6.17632622E-07
 2.71122360E-07
 2.34255864E-07
 5.71645387E-07
 5.06245954E-07
 2.73446346E-07
 1.48538533E-07
 2.83186409E-07
-3.15803526E-08
 1.44880104E-07
 9.11920761E-09
-1.06989987E-07
-5.29559472E-08
-1.66989675E-08
 8.35151823E-08
 8.60140920E-02
 8.60140920E-02
 8.60140920E-02
 8.60140920E-02
 8.60140920E-02
 8.60140920E-02
 8.60140920E-02
 8.60140920E-02
 8.60140920E-02
 8.60140920E-02
 8.60140920E-02
 8.60140920E-02
 8.60140920E-02
 8.60140920E-02
 8.60140920E-02
 8.60140920E-02
 8.60140920E-02
 8.60140920E-02
 8.60140920E-02
 8.60140920E-02
 8.60140920E-02
 8.60140920E-02
 8.60140920E-02
 8.60140920E-02
 8.60140920E-02
 8.60140920E-02
 8.60140920E-02
 8.60140920E-02
 8.60140920E-02
 8.60140920E-02
 8.60140920E-02
 8.60140920E-02
 8.60140920E-02
 8.60140920E-02
 8.60140920E-02
 8.60140920E-02
 8.60140920E-02
 8.60140920E-02
 8.60140920E-02
 8.60140920E-02
 8.60140920E-02
 8.60140920E-02
 8.60140920E-02
 3.70715015E-14
 1.67337430E-13
 3.86728789E-13
 6.82296342E-13
 1.02279860E-12
 1.36608823E-12
 1.66463002E-12
 1.81610543E-12
 1.75757705E-12
 1.50342987E-12
 1.15811375E-12
 8.17534408E-13
 5.45005068E-13
 3.58845495E-13
 2.24026472E-13
 1.50809934E-13
 9.87366520E-14
 6.16311743E-14
 7.01000943E-14
 9.94962508E-14
 1.05025919E-13
 6.99035692E-14
 5.16004543E-14
 7.45904328E-14
 1.09357259E-13
 1.30083349E-13
 1.32276094E-13
 1.47961057E-13
 1.73420211E-13
 1.69900105E-13
 1.67647892E-13
 1.62001177E-13
 2.19601410E-13
 2.84258511E-13
 3.32464687E-13
 3.59204582E-13
 3.52231373E-13
 2.98379512E-13
 2.90000120E-13
 2.97359251E-13
 3.13919436E-13
 4.28739997E-13
 5.23812818E-13
 5.14019545E-13
 6.58112779E-13
 1.99889570E-13
 8.32789133E-13
 1.15911642E-12
 4.49145576E-13
 2.23786961E-12
 5.21856267E-13
 1.15249943E-12
 1.68892309E-12
 5.61144284E-14
 1.81964903E-12
 6.30891389E-13
-1.19553846E-12
 1.32187501E-12
-1.48363440E-12
 3.58195331E-12
 3.25919088E-12
 2.65638401E-12
 1.04242819E-12
-2.48254143E-11
 7.18946907E-12
 4.81771428E-11
 6.59964401E-12
 5.27093343E-12
 9.21335508E-11
-5.36022268E-11
-2.68017636E-10
 5.61232831E-11
-1.75883905E-10
 6.64799105E-10
 1.53600507E-10
 6.73496592E-10
 2.55524664E-11
-6.75061784E-10
-6.91368796E-10
 1.33937605E-09
 4.87255125E-09
 9.01114239E-10
 6.19910345E-09
 2.71653793E-08
 3.12642072E-08
 5.48198251E-08
 3.92371788E-08
 1.59486675E-07
 3.01576222E-07
 3.13879696E-07
 7.97819951E-07
 1.16614763E-06
 9.79841388E-07
 1.43091643E-06
 2.59547824E-06
 3.37526353E-06
 4.44162151E-06
 6.42164969E-06
 6.96490088E-06
 5.97372718E-07
 7.72589829E-06
 1.16512201E-05
-2.29707510E-07
 9.45964894E-06
 1.55525031E-05
 2.51729543E-05
 1.43536554E-05
 3.30052790E-05
 1.81339001E-05
 2.60733650E-05
 3.44723740E-05
 1.25918132E-05
 2.49176010E-05
 1.53216042E-05
 6.44533611E-06
 1.15872408E-05
 6.83883718E-06
 1.73820063E-05
 1.24366834E-05
 3.58480179E-06
 6.51753567E-08
-3.40510678E-06
-2.07910534E-06
 3.50710479E-07
 1.56854469E-06
 6.65493076E-07
 3.29676794E-07
 1.02896206E-06
 1.72334796E-06
 1.78815515E-06
 1.02634101E-06
 4.36006616E-07
 1.73509977E-06
 1.17118111E-06
 9.20412219E-07
 3.45683475E-07
-2.43629330E-07
-4.49915888E-07
-6.00055785E-07
-5.77343997E-07
-1.16433526E-07
 2.65054183E-07
-1.05951365E-07
 3.53741036E-08
 5.54906535E-07
 3.57497981E-07
-1.38864946E-08
 1.85050197E-07
 8.25776226E-07
 3.76320287E-07
-4.13424184E-09
 3.92683745E-07
 3.14304600E-08
 9.53274508E-08
 8.64489991E-08
 1.59644120E-08
-1.19873604E-08
-1.22639449E-07
 8.60140920E-02
 8.60140920E-02
 8.60140920E-02
 8.60140920E-02
 8.60140920E-02
 8.60140920E-02
 8.60140920E-02
 8.60140920E-02
 8.60140920E-02
 8.60140920E-02
 8.60140920E-02
 8.60140920E-02
 8.60140920E-02
 8.60140920E-02
 8.60140920E-02
 8.60140920E-02
 8.60140920E-02
 8.60140920E-02
 8.60140920E-02
 8.60140920E-02
 8.60140920E-02
 8.60140920E-02
 8.60140920E-02
 8.60140920E-02
 8.60140920E-02
 8.60140920E-02
 8.60140920E-02
 8.60140920E-02
 8.60140920E-02
 8.60140920E-02
 8.60140920E-02
 8.60140920E-02
 8.60140920E-02
 8.60140920E-02
 8.60140920E-02
 8.60140920E-02
 8.60140920E-02
 8.60140920E-02
 8.60140920E-02
 8.60140920E-02
 8.60140920E-02
 2.15934363E-14
 1.59260924E-13
 4.20567254E-13
 8.34658731E-13
 1.37476272E-12
 1.96748499E-12
 2.51151899E-12
 2.87066486E-12
 2.91819628E-12
 2.62611851E-12
 2.10653738E-12
 1.53408189E-12
 1.04028006E-12
 6.89577627E-13
 4.28528334E-13
 2.77093534E-13
 1.84550075E-13
 1.19518558E-13
 1.20977054E-13
 1.29159541E-13
 1.02825565E-13
 7.80655244E-14
 7.53168822E-14
 8.46992493E-14
 1.18340247E-13
 1.65460405E-13
 1.70080313E-13
 1.41724753E-13
 1.43141602E-13
 1.85698082E-13
 2.42115139E-13
 2.87485910E-13
 3.31725695E-13
 3.41345306E-13
 2.85285494E-13
 2.43677908E-13
 3.24831552E-13
 4.26069417E-13
 4.28497488E-13
 4.48838314E-13
 6.73558431E-13
 5.71586561E-13
 5.20629004E-13
 4.52847124E-13
 7.56864894E-13
 8.57548733E-13
 1.06984777E-12
 8.16071277E-13
 8.69746820E-13
 6.98708994E-13
 1.35290943E-12
 1.29346111E-12
 5.98191527E-13
 1.41621426E-12
-6.96222051E-14
-1.49050423E-12
-1.89152730E-12
 3.91998023E-12
-2.42726354E-14
-4.70015303E-12
 1.38300775E-12
 5.90209739E-12
-1.18106662E-11
 9.84315101E-14
 1.64310718E-11
-6.12642879E-12
 8.01309106E-12
-1.65366262E-11
 9.13165377E-13
 2.07877431E-11
 2.21047989E-11
-1.81922255E-11
-1.52449123E-10
 1.60483252E-10
 2.69087374E-11
 4.14644430E-10
-4.12242913E-11
 4.37083703E-10
 2.85183877E-09
 2.50513388E-09
 6.50729604E-09
 1.62551377E-08
 2.45355114E-08
 5.53617667E-08
 1.18965318E-07
 2.32630498E-07
 4.33636700E-07
 7.40978294E-07
 1.43233513E-06
 2.34338199E-06
 3.61139496E-06
 5.59927230E-06
 8.91589843E-06
 1.31956422E-05
 1.82079257E-05
 2.47850385E-05
 3.37858000E-05
 4.16575094E-05
 5.17695480E-05
 6.20100036E-05
 7.19648742E-05
 8.00793787E-05
 7.41878393E-05
 6.61133818E-05
 8.47995470E-05
 7.02316902E-05
 1.47605915E-05
 5.60872140E-05
 6.13044540E-05
 1.19915849E-05
-1.57848717E-05
-5.79513562E-06
 2.75270049E-05
 6.47880079E-05
 5.93680015E-05
 2.95626032E-05
 2.61653950E-05
 1.37832203E-05
-6.60009050E-07
-1.86555044E-05
 1.22465883E-06
 7.66053461E-07
 6.17342084E-06
 1.53593355E-05
 1.58051607E-05
 9.86696705E-06
 3.40836255E-06
 2.34407094E-06
 7.82585630E-06
 4.54766541E-06
 1.32908838E-06
 2.39278575E-06
 3.97762551E-06
 2.56544490E-06
 8.18852300E-07
 2.16658873E-06
 5.52507981E-06
 5.33405091E-06
 4.01303714E-06
 3.79902349E-06
 2.24911264E-06
 2.18002242E-06
 2.21558003E-06
 1.33349602E-06
 6.54018095E-07
 1.14857289E-06
 1.43118723E-06
 4.86091778E-07
 3.59093178E-07
 1.23321524E-06
 5.11030237E-07
-3.45827857E-07
 4.69514816E-07
 5.92771926E-07
 8.64273986E-08
-7.93855364E-08
-1.35714351E-09
-3.47689131E-08
-4.52540299E-08
 1.80232590E-07
 8.60140920E-02
 8.60140920E-02
 8.60140920E-02
 8.60140920E-02
 8.60140920E-02
 8.60140920E-02
 8.60140920E-02
 8.60140920E-02
 8.60140920E-02
 8.60140920E-02
 8.60140920E-02
 8.60140920E-02
 8.60140920E-02
 8.60140920E-02
 8.60140920E-02
 8.60140920E-02
 8.60140920E-02
 8.60140920E-02
 8.60140920E-02
 8.60140920E-02
 8.60140920E-02
 8.60140920E-02
 8.60140920E-02
 8.60140920E-02
 8.60140920E-02
 8.60140920E-02
 8.60140920E-02
 8.60140920E-02
 8.60140920E-02
 8.60140920E-02
 8.60140920E-02
 8.60140920E-02
 8.60140920E-02
 8.60140920E-02
 8.60140920E-02
 8.60140920E-02
 8.60140920E-02
 8.60140920E-02
 8.60140920E-02
 8.60140920E-02
 1.31187297E-13
 4.27684635E-13
 9.77590621E-13
 1.78470758E-12
 2.77672069E-12
 3.75011827E-12
 4.47319091E-12
 4.75767559E-12
 4.50062600E-12
 3.78224448E-12
 2.85792917E-12
 1.99215948E-12
 1.31614088E-12
 8.27408129E-13
 5.05458902E-13
 3.16427494E-13
 2.25218390E-13
 1.75731229E-13
 1.26209441E-13
 1.02646292E-13
 7.21943460E-14
 5.46707794E-14
 1.16592039E-13
 1.88357183E-13
 2.18220759E-13
 1.67680933E-13
 1.57410258E-13
 2.54514237E-13
 3.04190809E-13
 3.04992495E-13
 3.27131253E-13
 3.55090442E-13
 3.15255363E-13
 4.01033075E-13
 4.94654393E-13
 5.55653722E-13
 6.02513319E-13
 6.40634898E-13
 5.79045329E-13
 5.14862350E-13
 7.08822324E-13
 8.53074230E-13
 9.22890779E-13
 9.37185984E-13
 1.07156731E-12
 1.18124510E-12
 1.55473952E-12
 2.06851441E-12
 2.26510108E-12
 2.26946305E-12
 2.33377293E-12
 2.49481295E-12
 1.58690032E-12
 1.16921826E-12
 1.80926270E-12
 2.07141444E-12
 9.15460307E-13
 4.67226691E-12
-1.77982141E-12
 1.18528538E-12
 4.25080370E-12
-5.86272567E-12
 3.54458563E-12
 1.12122117E-11
-1.42756935E-11
-2.00614594E-11
 3.31746922E-11
-1.93993658E-11
-7.56342836E-11
 1.03660740E-10
-9.52284432E-12
-1.03928342E-11
-7.33139660E-11
 3.94137778E-11
-4.40408335E-11
 9.44500922E-10
 1.92791139E-09
 2.99008507E-09
 1.11814789E-08
 7.13648740E-09
 4.16359711E-08
 5.58502080E-08
 1.60345806E-07
 3.38978481E-07
 6.12670249E-07
 1.22571407E-06
 2.19791991E-06
 3.97510667E-06
 7.47373588E-06
 1.28812871E-05
 2.16036533E-05
 3.50141854E-05
 5.47649142E-05
 8.38169508E-05
 1.25023216E-04
 1.79039183E-04
 2.43066257E-04
 3.19748768E-04
 4.09064174E-04
 5.03433461E-04
 5.90572658E-04
 6.72477705E-04
 7.35366659E-04
 7.78004760E-04
 7.84481410E-04
 7.71862862E-04
 7.49261759E-04
 6.77347416E-04
 5.33775485E-04
 3.38116603E-04
 4.19408811E-04
 4.21257690E-04
 1.58478273E-04
 1.25041755E-04
 1.41647921E-04
 8.81587039E-05
 7.05796701E-05
 2.39897054E-05
 1.81899395E-05
 8.20154673E-05
 5.56947562E-05
 7.10419909E-06
 1.95622724E-05
-1.07399701E-05
 4.53072789E-06
 9.99919507E-07
 2.62650428E-05
 1.02354343E-05
-3.21154289E-06
 2.37642575E-06
 2.41159023E-06
 4.07063271E-06
 7.34286778E-06
 7.45353964E-06
 4.47298453E-06
 5.22825485E-06
 3.80694496E-06
 2.19638878E-07
 2.31632794E-06
 6.82997188E-06
 3.67442044E-06
-5.35236438E-07
-6.09759411E-07
 1.97039685E-06
 1.35408879E-06
-9.94006015E-08
-2.19110490E-07
 1.33144567E-06
 2.15404793E-06
 1.73652973E-06
 6.01481105E-08
 2.23696884E-06
 1.93178334E-06
 3.30392339E-07
-7.01086194E-08
 3.38607919E-07
 4.39621147E-07
-8.96507402E-08
-8.50106918E-09
 7.90919756E-08
-3.29142040E-07
 8.60140920E-02
 8.60140920E-02
 8.60140920E-02
 8.60140920E-02
 8.60140920E-02
 8.60140920E-02
 8.60140920E-02
 8.60140920E-02
 8.60140920E-02
 8.60140920E-02
 8.60140920E-02
 8.60140920E-02
 8.60140920E-02
 8.60140920E-02
 8.60140920E-02
 8.60140920E-02
 8.60140920E-02
 8.60140920E-02
 8.60140920E-02
 8.60140920E-02
 8.60140920E-02
 8.60140920E-02
 8.60140920E-02
 8.60140920E-02
 8.60140920E-02
 8.60140920E-02
 8.60140920E-02
 8.60140920E-02
 8.60140920E-02
 8.60140920E-02
 8.60140920E-02
 8.60140920E-02
 8.60140920E-02
 8.60140920E-02
 8.60140920E-02
 8.60140920E-02
 8.60140920E-02
 8.60140920E-02
 1.02919768E-13
 3.95786539E-13
 1.04244413E-12
 2.15567928E-12
 3.69194952E-12
 5.39709163E-12
 6.80000804E-12
 7.56892205E-12
 7.51762107E-12
 6.65712754E-12
 5.26344593E-12
 3.80014770E-12
 2.52504723E-12
 1.61656842E-12
 9.88128741E-13
 6.52539817E-13
 4.28250426E-13
 2.71796664E-13
 2.12505632E-13
 1.68522639E-13
 1.73676286E-13
 2.02142922E-13
 2.49392358E-13
 3.23244903E-13
 3.71000675E-13
 3.31608249E-13
 3.00845720E-13
 3.44479707E-13
 4.81821885E-13
 5.29859034E-13
 3.66433636E-13
 5.03038258E-13
 6.79471887E-13
 5.64808237E-13
 5.96802881E-13
 7.17237088E-13
 7.60550043E-13
 7.30289581E-13
 8.23512374E-13
 8.57570200E-13
 7.64376951E-13
 6.63032183E-13
 7.76695765E-13
 1.01802507E-12
 1.27087034E-12
 1.62424371E-12
 2.19215206E-12
 2.24302109E-12
 2.59206133E-12
 3.16483341E-12
 2.95152271E-12
 2.86945077E-12
 2.79153718E-12
 2.78184767E-12
 2.30276713E-12
 2.29910990E-12
 6.46074340E-13
 3.12465060E-13
 1.12954275E-12
-1.08405776E-12
-9.70512936E-14
 2.89670891E-12
 4.27535828E-13
 9.32447587E-13
 9.77263322E-12
 6.73004144E-12
-5.51092548E-12
 2.24410074E-12
-3.89132962E-11
 2.68490143E-11
-5.36491511E-11
 2.52573379E-10
-3.68238551E-10
 3.95243477E-10
 3.95703165E-10
 1.18752530E-09
 1.57453095E-09
 4.96083219E-09
 8.66313865E-09
 2.02084181E-08
 3.88732886E-08
 8.67000836E-08
 2.32428192E-07
 4.75480419E-07
 9.28135535E-07
 1.88172703E-06
 3.80741494E-06
 7.35604908E-06
 1.37700508E-05
 2.54045844E-05
 4.54918845E-05
 7.86334131E-05
 1.33409849E-04
 2.18421148E-04
 3.44616157E-04
 5.34524384E-04
 7.94957974E-04
 1.14893506E-03
 1.59989996E-03
 2.14440725E-03
 2.78211385E-03
 3.48528614E-03
 4.20059450E-03
 4.86823171E-03
 5.43595245E-03
 5.82131231E-03
 6.02053246E-03
 5.84969204E-03
 5.59946150E-03
 4.84925043E-03
 4.68423823E-03
 3.68612749E-03
 2.95501878E-03
 2.46899994E-03
 1.85825326E-03
 1.34764088E-03
 9.99707496E-04
 6.87120249E-04
 5.21536393E-04
 3.46572604E-04
 1.69439503E-04
 1.03736260E-04
 9.79892866E-05
 4.81958159E-05
 5.73770703E-05
 7.49294850E-05
 3.59261321E-05
 1.45169715E-05
-1.99015103E-05
 1.32156283E-05
 1.32652831E-05
 1.36647268E-05
 1.39608819E-05
 1.29919617E-05
 1.26105351E-05
 1.43804127E-05
 1.66648315E-05
 1.83844259E-05
 1.94286313E-05
 2.05546039E-05
 2.02549400E-05
 1.33059284E-05
 4.81113466E-06
 1.94616041E-06
 6.09080553E-06
 6.12642179E-06
 2.36382220E-06
 8.38363462E-07
 4.62168509E-06
 2.52909422E-06
 1.60732952E-06
 3.04376863E-06
 1.31354977E-06
 2.54622228E-06
 1.34791799E-06
 1.52495465E-06
 1.88327556E-06
 7.46432590E-07
-2.00154616E-07
 1.57889974E-06
-2.76255463E-07
-1.27197765E-07
 2.59635669E-07
 8.60140920E-02
 8.60140920E-02
 8.60140920E-02
 8.60140920E-02
 8.60140920E-02
 8.60140920E-02
 8.60140920E-02
 8.60140920E-02
 8.60140920E-02
 8.60140920E-02
 8.60140920E-02
 8.60140920E-02
 8.60140920E-02
 8.60140920E-02
 8.60140920E-02
 8.60140920E-02
 8.60140920E-02
 8.60140920E-02
 8.60140920E-02
 8.60140920E-02
 8.60140920E-02
 8.60140920E-02
 8.60140920E-02
 8.60140920E-02
 8.60140920E-02
 8.60140920E-02
 8.60140920E-02
 8.60140920E-02
 8.60140920E-02
 8.60140920E-02
 8.60140920E-02
 8.60140920E-02
 8.60140920E-02
 8.60140920E-02
 8.60140920E-02
 8.60140920E-02
 8.03166466E-14
 3.09157837E-13
 1.00056454E-12
 2.35337596E-12
 4.48040259E-12
 7.12608878E-12
 9.70397634E-12
 1.15031665E-11
 1.20514093E-11
 1.12594352E-11
 9.40446766E-12
 7.09060154E-12
 4.87585406E-12
 3.15348659E-12
 1.99298911E-12
 1.15718015E-12
 6.53911495E-13
 4.70665119E-13
 3.52983918E-13
 3.00496010E-13
 2.61960402E-13
 2.46781707E-13
 2.66320928E-13
 2.73491977E-13
 1.82971463E-13
 2.31094224E-13
 1.79815228E-13
 1.29517436E-13
 2.89965507E-13
 5.34294397E-13
 5.40009389E-13
 3.58703383E-13
 3.28397194E-13
 5.31505558E-13
 6.88793152E-13
 8.52790820E-13
 8.56457863E-13
 7.38662007E-13
 7.05906525E-13
 9.13402925E-13
 1.31605393E-12
 1.66588043E-12
 1.56793881E-12
 1.55700420E-12
 1.81889183E-12
 2.15382031E-12
 2.37925716E-12
 2.56288046E-12
 2.92002945E-12
 3.78425243E-12
 4.38793446E-12
 4.00159116E-12
 3.78607388E-12
 2.91266165E-12
 2.00385064E-12
 2.67084358E-12
 2.25247859E-12
 1.48658798E-12
 2.67502275E-12
 3.69208136E-12
-2.77591101E-13
-9.09514001E-13
 1.67728938E-12
 1.83848488E-12
-8.59951325E-13
 1.76242300E-12
 1.72032982E-12
 1.53472309E-12
-1.96017542E-11
 4.38467491E-11
-3.43098189E-11
 1.72406076E-10
 1.44150143E-11
 1.81766477E-10
 4.58560995E-10
 9.39538669E-10
 2.27523667E-09
 5.17344478E-09
 7.82435983E-09
 2.00019095E-08
 3.93263200E-08
 7.54651381E-08
 1.81253270E-07
 3.75617645E-07
 7.38360825E-07
 1.54692475E-06
 3.17211652E-06
 6.11785981E-06
 1.24232165E-05
 2.32871680E-05
 4.45688565E-05
 8.34598177E-05
 1.53140034E-04
 2.69320590E-04
 4.75614681E-04
 8.04181327E-04
 1.32625643E-03
 2.12156307E-03
 3.28568858E-03
 4.90576122E-03
 7.05141155E-03
 9.84188821E-03
 1.31043373E-02
 1.68630686E-02
 2.08497550E-02
 2.48839539E-02
 2.84760911E-02
 3.14728692E-02
 3.34149078E-02
 3.40736210E-02
 3.34290229E-02
 3.12235262E-02
 2.76157502E-02
 2.35538352E-02
 1.94202270E-02
 1.53343296E-02
 1.15922149E-02
 7.90885277E-03
 5.61169442E-03
 3.88261327E-03
 2.67075747E-03
 1.72532955E-03
 1.28537859E-03
 6.32846146E-04
 6.21651765E-04
 4.07144456E-04
 1.47929561E-04
 1.19999269E-04
 1.11860783E-04
 1.00175574E-04
 8.28090706E-05
 3.47462810E-05
 2.71222125E-05
 4.37739727E-05
 4.94951346E-05
 4.53576286E-05
 3.75203308E-05
 3.28784117E-05
 3.00904376E-05
 2.49907916E-05
 3.36040175E-05
 2.63854818E-05
-1.27046587E-06
-1.43268619E-06
 8.51725872E-06
 1.56026344E-05
 1.04493147E-05
 4.44447278E-06
 3.92544280E-06
 2.67874998E-06
-2.04906996E-06
-6.30681654E-07
 4.60760475E-06
 5.66603103E-06
 3.47382866E-06
 2.35929269E-06
 3.92166476E-06
 3.09044731E-06
 1.78260450E-06
-1.02593390E-07
-3.72934380E-07
-1.52728387E-06
-1.74226614E-07
 4.59673572E-07
 3.74639569E-07
 8.60140920E-02
 8.60140920E-02
 8.60140920E-02
 8.60140920E-02
 8.60140920E-02
 8.60140920E-02
 8.60140920E-02
 8.60140920E-02
 8.60140920E-02
 8.60140920E-02
 8.60140920E-02
 8.60140920E-02
 8.60140920E-02
 8.60140920E-02
 8.60140920E-02
 8.60140920E-02
 8.60140920E-02
 8.60140920E-02
 8.60140920E-02
 8.60140920E-02
 8.60140920E-02
 8.60140920E-02
 8.60140920E-02
 8.60140920E-02
 8.60140920E-02
 8.60140920E-02
 8.60140920E-02
 8.60140920E-02
 8.60140920E-02
 8.60140920E-02
 8.60140920E-02
 8.60140920E-02
 8.60140920E-02
 8.60140920E-02
 8.60140920E-02
 1.81006916E-13
 7.96636357E-13
 2.22492749E-12
 4.83043770E-12
 8.53243864E-12
 1.26937696E-11
 1.63124549E-11
 1.83422253E-11
 1.81868184E-11
 1.60893816E-11
 1.27217984E-11
 9.15341240E-12
 6.14047398E-12
 3.90118797E-12
 2.37705493E-12
 1.47980033E-12
 9.95980208E-13
 6.49671289E-13
 4.43445953E-13
 3.32838629E-13
 3.19193673E-13
 3.64444640E-13
 4.16446202E-13
 3.99854303E-13
 3.39545232E-13
 5.43022224E-13
 9.16789648E-13
 9.43463948E-13
 8.62865714E-13
 8.40051607E-13
 7.74297401E-13
 1.01900888E-12
 1.57341436E-12
 1.60498654E-12
 1.08705547E-12
 1.06008399E-12
 1.38716057E-12
 1.56890961E-12
 1.51010530E-12
 1.57371468E-12
 1.33679743E-12
 1.10572977E-12
 1.91136386E-12
 1.98015345E-12
 2.41769538E-12
 2.77564105E-12
 4.02652130E-12
 4.93003858E-12
 4.50042737E-12
 4.75090540E-12
 5.14236397E-12
 4.65143896E-12
 5.05668424E-12
 5.23690206E-12
 3.34408998E-12
 3.63182683E-12
 3.59635325E-12
 2.15499255E-12
 1.38766429E-12
-8.95921859E-14
 2.14844201E-12
-2.29865389E-13
-3.08125357E-12
 8.49261633E-12
 3.11244758E-12
-1.35234419E-11
 1.75216178E-11
-4.79601905E-12
 1.61420287E-11
 3.82426452E-11
 5.87352736E-12
 2.14059270E-10
 1.13605771E-10
 1.02508717E-10
 8.37614422E-10
 9.84486936E-10
 2.13480167E-09
 5.05013453E-09
 4.91157248E-09
 1.73810371E-08
 3.43134623E-08
 6.37875317E-08
 1.38126609E-07
 2.65380834E-07
 5.31281898E-07
 1.09772418E-06
 2.24214409E-06
 4.42528608E-06
 8.83997564E-06
 1.77086004E-05
 3.52141578E-05
 6.94141636E-05
 1.34729489E-04
 2.60145142E-04
 4.89383470E-04
 9.05831403E-04
 1.64212694E-03
 2.88496027E-03
 4.95198974E-03
 8.17028992E-03
 1.30771240E-02
 2.00923979E-02
 2.96120383E-02
 4.19718251E-02
 5.69903776E-02
 7.39301294E-02
 9.18052420E-02
 1.09371901E-01
 1.25114024E-01
 1.37481332E-01
 1.44843340E-01
 1.47265136E-01
 1.43314630E-01
 1.32997721E-01
 1.18200615E-01
 1.00038603E-01
 8.10302868E-02
 6.33789673E-02
 4.71449010E-02
 3.31011564E-02
 2.25611050E-02
 1.52186919E-02
 9.73655470E-03
 6.38826564E-03
 4.19593975E-03
 2.15141149E-03
 1.36690424E-03
 9.65080108E-04
 6.32144103E-04
 3.08330607E-04
 1.91595580E-04
 2.66044866E-04
 1.14477174E-04
 1.01874088E-04
 1.10589615E-04
 1.04785351E-04
 9.44912827E-05
 7.44701974E-05
 4.36936098E-05
 2.48163215E-05
 6.95965937E-05
 1.01406556E-04
 7.75224034E-05
 3.29880604E-05
 1.38246951E-05
 2.21327027E-05
 1.71038428E-05
 5.86746955E-06
-2.68612939E-06
 5.31695741E-06
 2.07856265E-05
 4.49614345E-06
 1.13933866E-05
 3.89960678E-06
 4.37928884E-06
 8.38524284E-06
 6.89061426E-06
 4.41333623E-06
 3.24676125E-06
 4.75567231E-06
 3.63868958E-06
 1.59984438E-06
 1.57835950E-06
-2.46931677E-07
 7.18651563E-07
-1.58141233E-06
 8.60140920E-02
 8.60140920E-02
 8.60140920E-02
 8.60140920E-02
 8.60140920E-02
 8.60140920E-02
 8.60140920E-02
 8.60140920E-02
 8.60140920E-02
 8.60140920E-02
 8.60140920E-02
 8.60140920E-02
 8.60140920E-02
 8.60140920E-02
 8.60140920E-02
 8.60140920E-02
 8.60140920E-02
 8.60140920E-02
 8.60140920E-02
 8.60140920E-02
 8.60140920E-02
 8.60140920E-02
 8.60140920E-02
 8.60140920E-02
 8.60140920E-02
 8.60140920E-02
 8.60140920E-02
 8.60140920E-02
 8.60140920E-02
 8.60140920E-02
 8.60140920E-02
 8.60140920E-02
 8.60140920E-02
 5.00567131E-14
 4.93637900E-13
 1.80419340E-12
 4.54085250E-12
 9.02211292E-12
 1.49423564E-11
 2.11654496E-11
 2.59824714E-11
 2.79028363E-11
 2.63663865E-11
 2.21720298E-11
 1.67087403E-11
 1.17237114E-11
 7.58849060E-12
 4.56939001E-12
 2.79089035E-12
 1.81743542E-12
 9.15297243E-13
 6.53908405E-13
 6.90811557E-13
 5.90040874E-13
 4.87000034E-13
 4.65977246E-13
 5.42241328E-13
 6.43628597E-13
 7.06843384E-13
 6.79038585E-13
 5.90327917E-13
 6.20840727E-13
 7.29687632E-13
 1.04159249E-12
 1.07453846E-12
 1.18237852E-12
 1.01176066E-12
 7.05009347E-13
 8.74795353E-13
 1.66362291E-12
 2.11881749E-12
 1.70914726E-12
 1.58903424E-12
 1.64532700E-12
 1.87015811E-12
 2.13606324E-12
 2.40676164E-12
 2.76812059E-12
 3.21735910E-12
 2.58514802E-12
 4.94168335E-12
 6.03047169E-12
 6.34550962E-12
 6.44252186E-12
 7.43498665E-12
 6.55161559E-12
 2.66261037E-12
 4.01873890E-12
 1.86908171E-12
 3.65181973E-12
 1.29248744E-13
 2.61234198E-12
 6.05810280E-12
 2.83782611E-12
 1.47750464E-12
 4.92939240E-12
-3.71259360E-12
-2.60927846E-12
 4.57029770E-12
 1.93308542E-12
 6.46508834E-13
 4.36159615E-12
 1.34811433E-11
 1.58014019E-11
 5.58901363E-11
 6.74640691E-11
 2.80767853E-10
 4.44486462E-11
 7.85425280E-10
 1.66566171E-11
 3.98620553E-10
 2.00580397E-09
 3.88779897E-09
 6.39497388E-09
 1.28611655E-08
 2.32601192E-08
 4.27600817E-08
 8.60760423E-08
 1.50782768E-07
 3.43728232E-07
 6.53736436E-07
 1.38426083E-06
 2.78182597E-06
 5.93573850E-06
 1.22967567E-05
 2.52900991E-05
 5.42548369E-05
 1.10319321E-04
 2.28713965E-04
 4.70633066E-04
 9.37040895E-04
 1.84490660E-03
 3.54301161E-03
 6.62803417E-03
 1.20285647E-02
 2.10813992E-02
 3.55333723E-02
 5.74643016E-02
 8.88564587E-02
 1.30897164E-01
 1.83602437E-01
 2.44736567E-01
 3.10165644E-01
 3.74017894E-01
 4.30144370E-01
 4.72906828E-01
 4.98611540E-01
 5.04628420E-01
 4.89591062E-01
 4.55279350E-01
 4.02752161E-01
 3.41074675E-01
 2.73822397E-01
 2.07898349E-01
 1.53451130E-01
 1.07460313E-01
 7.19110221E-02
 4.75410223E-02
 2.96746641E-02
 1.83051974E-02
 1.25076454E-02
 6.80741621E-03
 4.77430504E-03
 3.24514927E-03
 1.82042527E-03
 8.29818251E-04
 4.46193386E-04
 4.50201012E-04
 3.35802120E-04
 2.23986062E-04
 2.47717981E-04
 2.94220255E-04
 2.78347114E-04
 1.39850643E-04
 5.10543578E-05
 4.66354068E-05
 5.36007792E-05
 5.68841897E-05
 1.13793300E-04
 1.03914324E-04
 1.28922039E-07
 1.14915301E-05
 1.04784876E-05
 7.06027140E-06
 2.22619019E-05
 7.60129069E-06
 3.16946125E-06
 3.74960632E-06
 1.23719356E-05
 1.31571232E-05
 1.31516081E-05
 1.07498427E-05
 8.67275503E-06
 5.11034295E-06
 1.71519389E-06
-6.70602390E-07
 2.33592846E-06
-9.09978723E-07
-5.85021041E-07
 1.07818221E-06
-5.91144094E-08
 8.60140920E-02
 8.60140920E-02
 8.60140920E-02
 8.60140920E-02
 8.60140920E-02
 8.60140920E-02
 8.60140920E-02
 8.60140920E-02
 8.60140920E-02
 8.60140920E-02
 8.60140920E-02
 8.60140920E-02
 8.60140920E-02
 8.60140920E-02
 8.60140920E-02
 8.60140920E-02
 8.60140920E-02
 8.60140920E-02
 8.60140920E-02
 8.60140920E-02
 8.60140920E-02
 8.60140920E-02
 8.60140920E-02
 8.60140920E-02
 8.60140920E-02
 8.60140920E-02
 8.60140920E-02
 8.60140920E-02
 8.60140920E-02
 8.60140920E-02
 8.60140920E-02
 8.60140920E-02
 2.56867200E-13
 1.32870288E-12
 3.86853743E-12
 8.63838862E-12
 1.57883984E-11
 2.47596874E-11
 3.35324372E-11
 3.96104261E-11
 4.08366362E-11
 3.69581275E-11
 2.96931334E-11
 2.16493507E-11
 1.45785346E-11
 9.02588334E-12
 5.34312091E-12
 3.28898519E-12
 1.84773377E-12
 9.59547979E-13
 9.57240363E-13
 1.18751742E-12
 1.00506951E-12
 6.75335764E-13
 5.97095669E-13
 7.85487289E-13
 8.39660427E-13
 8.53814036E-13
 9.56873469E-13
 9.87840777E-13
 1.03748227E-12
 1.26071191E-12
 1.43265250E-12
 1.42923130E-12
 1.63348848E-12
 2.16364058E-12
 3.19337200E-12
 2.80562054E-12
 2.50607564E-12
 1.43537038E-12
 2.51099965E-12
 2.54961373E-12
 3.17307227E-12
 4.05042753E-12
 3.11409167E-12
 3.82141064E-12
 5.35549339E-12
 7.69559937E-12
 5.74266806E-12
 6.62073131E-12
 9.31691529E-12
 9.11912126E-12
 7.08002537E-12
 6.28004853E-12
 1.44779076E-11
 1.11933605E-11
 5.93862633E-12
 6.20066195E-12
 8.18603171E-12
 4.85548927E-12
 3.25408544E-15
 9.72556671E-13
 2.47228236E-12
-1.68313725E-12
 2.88568187E-13
 8.41813761E-13
-5.65657981E-13
 1.80509362E-12
-1.52448019E-12
 3.64082505E-12
 6.26628176E-12
 1.49505269E-11
-2.68581641E-12
 3.75388991E-11
 6.96286223E-11
-4.15775053E-11
-2.35339054E-10
 3.06130121E-10
 9.41037526E-11
 4.35848330E-10
 5.02984154E-10
 2.34853248E-09
-6.37875142E-10
 4.26305169E-09
 7.46238626E-09
-3.83389809E-09
 2.41618068E-08
 5.90865445E-09
 6.45972875E-08
 7.11596186E-08
 2.22547499E-07
 4.24858655E-07
 1.01978753E-06
 1.91176196E-06
 4.44814032E-06
 9.31197155E-06
 2.21875762E-05
 5.51367593E-05
 1.17576310E-04
 2.59066874E-04
 5.73048252E-04
 1.23444828E-03
 2.62098410E-03
 5.42394072E-03
 1.09262094E-02
 2.13037468E-02
 4.00172696E-02
 7.20930547E-02
 1.24136396E-01
 2.03388527E-01
 3.16033870E-01
 4.64200288E-01
 6.43556535E-01
 8.41176093E-01
 1.03689349E+00
 1.20919454E+00
 1.33909631E+00
 1.41359258E+00
 1.42911255E+00
 1.38413024E+00
 1.28295183E+00
 1.13674355E+00
 9.60378110E-01
 7.67044604E-01
 5.82578480E-01
 4.20432240E-01
 2.88222849E-01
 1.90942302E-01
 1.22929059E-01
 7.62002319E-02
 4.63231690E-02
 2.85416525E-02
 1.67318508E-02
 9.19827912E-03
 5.99701283E-03
 4.25640400E-03
 2.57884013E-03
 1.46364397E-03
 9.00814950E-04
 6.97524694E-04
 2.32935490E-04
-1.05086525E-04
 7.06280756E-04
 1.49101033E-04
 1.97275091E-04
 2.38772453E-04
 9.90149783E-05
-2.89338004E-05
 5.60976623E-05
 5.22617229E-05
 5.49210090E-05
 2.70599012E-05
 5.36894113E-05
 2.84829130E-05
-1.00349735E-05
-9.29022190E-06
 4.48459514E-06
 1.10272313E-05
 8.51696859E-06
 7.61778847E-06
 1.22634237E-05
 1.51164495E-05
 1.53059264E-05
 1.51343811E-05
 1.28870106E-05
-1.96580572E-07
-2.75783941E-06
 7.68457880E-07
-1.75752587E-06
 9.93538379E-07
-4.01837860E-06
 8.60140920E-02
 8.60140920E-02
 8.60140920E-02
 8.60140920E-02
 8.60140920E-02
 8.60140920E-02
 8.60140920E-02
 8.60140920E-02
 8.60140920E-02
 8.60140920E-02
 8.60140920E-02
 8.60140920E-02
 8.60140920E-02
 8.60140920E-02
 8.60140920E-02
 8.60140920E-02
 8.60140920E-02
 8.60140920E-02
 8.60140920E-02
 8.60140920E-02
 8.60140920E-02
 8.60140920E-02
 8.60140920E-02
 8.60140920E-02
 8.60140920E-02
 8.60140920E-02
 8.60140920E-02
 8.60140920E-02
 8.60140920E-02
 8.60140920E-02
-2.38731408E-14
 7.81218243E-13
 3.05956606E-12
 7.71845348E-12
 1.56545436E-11
 2.68016980E-11
 3.97449504E-11
 5.14219743E-11
 5.81402738E-11
 5.74832335E-11
 4.99267572E-11
 3.87240240E-11
 2.73500111E-11
 1.78454231E-11
 1.10701535E-11
 6.84130487E-12
 4.22917474E-12
 2.59651328E-12
 1.99405705E-12
 1.88672732E-12
 1.24229240E-12
 7.73042221E-13
 8.38127907E-13
 1.24539008E-12
 1.57352278E-12
 1.46595670E-12
 1.09890883E-12
 1.46384218E-12
 2.11516720E-12
 2.12089851E-12
 2.42916798E-12
 2.78791270E-12
 2.33558203E-12
 2.40231771E-12
 2.86603358E-12
 2.04471899E-12
 1.09674726E-12
 1.98050647E-12
 4.48049670E-12
 5.51212548E-12
 2.76709515E-12
 2.69385187E-12
 3.80799082E-12
 5.10305383E-12
 2.94779999E-12
 3.86464211E-12
 7.92942881E-12
 8.21426260E-12
 7.57684453E-12
 1.05230468E-11
 1.02637291E-11
 9.88142641E-12
 6.04933031E-12
 1.71695123E-12
 9.42291384E-12
 6.56336704E-12
-4.47528121E-15
 4.10629950E-12
 3.43586379E-12
 3.29196869E-12
 1.71666023E-12
 5.15179432E-14
 1.08931776E-12
-4.58419347E-14
-6.54972631E-14
 1.44523542E-12
-4.14403711E-12
 1.36912270E-11
-6.70655328E-12
 1.17621407E-11
-9.44847933E-13
 4.27562812E-11
-1.13762000E-10
 2.18143115E-10
-2.65746973E-11
 1.09298716E-10
-1.81546611E-10
 7.62957406E-11
 8.41823694E-11
 2.52780491E-10
-6.28155722E-11
-1.25748034E-09
 1.80395954E-09
 5.58749380E-10
-5.43934120E-10
-2.05302730E-09
 1.26538033E-08
-5.48999013E-10
 2.50609347E-08
 5.70654741E-08
-6.86694932E-08
 2.30211299E-07
 2.18894797E-07
 6.32303568E-07
 8.83098664E-07
 2.23196980E-06
 3.09775896E-06
 1.79479066E-05
 4.41273951E-05
 9.93880894E-05
 2.32736886E-04
 5.59405191E-04
 1.30240433E-03
 2.99881538E-03
 6.71901321E-03
 1.45908585E-02
 3.07390504E-02
 6.19564801E-02
 1.19781479E-01
 2.20342293E-01
 3.84338975E-01
 6.31709635E-01
 9.77471292E-01
 1.41596210E+00
 1.91869533E+00
 2.43165779E+00
 2.89241481E+00
 3.23196101E+00
 3.42541480E+00
 3.45907807E+00
 3.34472847E+00
 3.09526992E+00
 2.73348999E+00
 2.30067396E+00
 1.83131802E+00
 1.37683141E+00
 9.86557722E-01
 6.71224356E-01
 4.35929894E-01
 2.75409758E-01
 1.67927653E-01
 1.00505307E-01
 6.11103848E-02
 3.70923541E-02
 2.06903610E-02
 1.12942755E-02
 6.19870890E-03
 4.13477840E-03
 3.21557582E-03
 1.90221530E-03
 1.04189978E-03
 1.41806819E-03
 2.36910273E-04
 6.59704034E-04
 2.98257655E-04
 5.29630634E-04
 3.82802944E-04
 1.02953782E-04
 1.31121255E-04
 1.71012012E-04
 8.48190321E-05
-7.47481863E-06
 1.07563674E-05
 1.13695940E-04
 5.37508495E-05
 3.55566226E-05
 3.61287639E-05
 3.61740349E-05
 3.63459149E-05
 3.34603501E-05
 2.51238343E-05
 2.41548496E-05
 2.21225418E-05
 7.52817368E-06
 6.88059754E-06
 2.71441677E-05
 3.15865486E-06
-4.60651518E-06
 5.91414346E-06
 7.66739595E-06
-1.88321872E-06
 8.60140920E-02
 8.60140920E-02
 8.60140920E-02
 8.60140920E-02
 8.60140920E-02
 8.60140920E-02
 8.60140920E-02
 8.60140920E-02
 8.60140920E-02
 8.60140920E-02
 8.60140920E-02
 8.60140920E-02
 8.60140920E-02
 8.60140920E-02
 8.60140920E-02
 8.60140920E-02
 8.60140920E-02
 8.60140920E-02
 8.60140920E-02
 8.60140920E-02
 8.60140920E-02
 8.60140920E-02
 8.60140920E-02
 8.60140920E-02
 8.60140920E-02
 8.60140920E-02
 8.60140920E-02
 8.60140920E-02
 8.60140920E-02
 3.63180731E-13
 2.06092587E-12
 6.52370649E-12
 1.47477360E-11
 2.76411689E-11
 4.43388000E-11
 6.23524288E-11
 7.66835484E-11
 8.25864516E-11
 7.80051301E-11
 6.51231985E-11
 4.89581500E-11
 3.36299738E-11
 2.14745461E-11
 1.31496003E-11
 7.63448072E-12
 4.25474586E-12
 2.53306751E-12
 1.89882290E-12
 1.53523765E-12
 1.17949574E-12
 1.91659015E-12
 2.07888502E-12
 1.93284126E-12
 1.87165192E-12
 1.83225353E-12
 1.88872746E-12
 1.90182050E-12
 1.72089632E-12
 1.35821107E-12
 1.47910189E-12
 2.26518977E-12
 2.89508413E-12
 3.48439246E-12
 3.10283461E-12
 4.80051502E-12
 6.39725729E-12
 6.33685248E-12
 3.58934648E-12
-5.80093021E-14
-7.73097949E-13
 3.64221760E-12
 9.52919254E-12
 1.02767708E-11
 7.76759559E-12
 8.45386261E-12
 1.30899883E-11
 8.28440962E-12
 1.65225004E-11
 2.29918549E-11
 9.70507182E-12
 9.63903870E-12
 1.88665038E-11
 1.49769051E-11
 2.82443583E-13
 6.75139502E-12
 5.65423749E-12
 9.44988554E-13
-2.94329746E-13
 9.79257365E-13
 1.94057856E-12
-4.55049898E-13
 1.58955217E-12
 1.37913368E-12
 8.51971813E-13
 2.04065649E-12
 2.64530650E-12
 4.01825925E-12
 2.37965585E-11
-2.50050779E-11
-1.37468249E-11
 1.02376080E-10
 1.94079735E-11
 1.82551571E-10
-2.38901732E-10
 1.80689547E-10
 3.80380089E-10
-1.04436647E-10
 5.27280386E-10
-1.47571322E-09
 1.81899185E-09
 7.02383651E-10
 1.16701604E-09
 1.61223213E-09
 6.72579104E-09
 1.35430236E-08
 2.52928096E-08
-3.79545728E-10
 4.79017253E-08
 1.45735370E-07
 1.40819182E-07
-4.08356904E-08
-1.93420632E-07
-5.57688544E-08
 3.50766697E-07
 7.80199969E-07
 1.14744523E-06
 1.29744933E-06
 2.06394407E-06
 1.07600126E-05
 2.90689459E-05
 7.45303187E-05
 1.91910105E-04
 4.98733541E-04
 1.26121799E-03
 3.12571554E-03
 7.50653166E-03
 1.76077653E-02
 3.98484580E-02
 8.58784169E-02
 1.77270785E-01
 3.47532421E-01
 6.43116176E-01
 1.11609638E+00
 1.81340671E+00
 2.74406147E+00
 3.85546803E+00
 5.02471495E+00
 6.09250736E+00
 6.88595390E+00
 7.32664585E+00
 7.38165617E+00
 7.11365747E+00
 6.54803276E+00
 5.76636314E+00
 4.82396078E+00
 3.81699276E+00
 2.84399128E+00
 2.00414157E+00
 1.34166896E+00
 8.63752186E-01
 5.31772137E-01
 3.20202887E-01
 1.91030309E-01
 1.10291965E-01
 6.38704523E-02
 3.94526571E-02
 2.19281595E-02
 1.19663365E-02
 6.67752698E-03
 3.61956563E-03
 1.66740944E-03
 2.08274182E-03
 1.43395667E-03
 3.72891664E-04
 2.25913653E-04
 4.38304472E-04
 2.04697717E-04
-9.37948062E-06
 1.59232906E-04
 2.81560991E-04
 1.18817254E-04
 7.30225929E-06
 4.58482755E-05
 7.71520208E-05
 3.13616401E-05
 8.64750018E-06
 1.38188682E-06
 1.01899486E-05
 2.94332440E-05
 4.38723328E-05
 3.91128306E-05
 3.38663558E-05
 2.36502347E-05
 2.91409797E-05
-1.03317643E-05
-2.39530345E-05
 9.35728076E-06
-8.06694061E-06
-1.97533586E-06
 9.35800927E-07
 2.74828653E-06
 8.60140920E-02
 8.60140920E-02
 8.60140920E-02
 8.60140920E-02
 8.60140920E-02
 8.60140920E-02
 8.60140920E-02
 8.60140920E-02
 8.60140920E-02
 8.60140920E-02
 8.60140920E-02
 8.60140920E-02
 8.60140920E-02
 8.60140920E-02
 8.60140920E-02
 8.60140920E-02
 8.60140920E-02
 8.60140920E-02
 8.60140920E-02
 8.60140920E-02
 8.60140920E-02
 8.60140920E-02
 8.60140920E-02
 8.60140920E-02
 8.60140920E-02
 8.60140920E-02
 8.60140920E-02
 8.60140920E-02
 1.08606689E-12
 4.65206389E-12
 1.25480225E-11
 2.66099295E-11
 4.68322776E-11
 7.14907161E-11
 9.54935644E-11
 1.11683350E-10
 1.14386153E-10
 1.03153736E-10
 8.28956973E-11
 6.06036957E-11
 4.08727011E-11
 2.57497565E-11
 1.53417279E-11
 8.92425890E-12
 5.34947997E-12
 3.76368815E-12
 3.28172949E-12
 2.93096363E-12
 2.70688918E-12
 2.95475363E-12
 3.60263447E-12
 3.74454764E-12
 2.97938432E-12
 2.59920189E-12
 2.82893283E-12
 3.17292525E-12
 3.96373689E-12
 4.56448811E-12
 4.28372745E-12
 4.39911605E-12
 5.97654261E-12
 6.48696938E-12
 4.54932186E-12
 5.58781060E-12
 7.37723424E-12
 4.56553025E-12
 8.02648746E-12
 1.64981882E-11
 1.47544060E-11
 7.28044448E-12
 4.10374946E-12
 1.39947767E-11
 1.50130654E-11
 1.58414254E-11
 1.37463079E-11
 1.35359762E-11
 1.56264706E-11
 7.31789455E-12
 4.93714141E-12
 5.48873490E-12
 1.13897442E-11
 1.71212974E-11
 1.51240912E-11
 3.06162929E-12
 2.84924037E-12
 5.29786588E-12
 1.57157571E-13
 1.76826782E-12
 1.55465495E-12
 8.89890158E-13
 1.50721265E-12
 1.02472349E-12
 7.88675809E-12
-4.93890605E-12
 1.06871812E-11
-1.63952896E-11
 1.25641485E-11
-6.90348039E-12
 1.53497826E-10
-1.86686472E-10
-2.42562276E-10
 3.01063167E-11
-3.38774120E-10
 4.88160956E-10
-2.18651475E-09
 1.57665447E-09
-4.45793802E-09
 5.04559861E-09
 6.25101348E-09
-4.89680474E-09
-1.50754857E-08
 1.84934255E-08
 2.02770867E-08
-1.94273184E-08
-1.52711532E-08
-1.93174743E-09
-1.24116477E-08
 3.48116167E-08
 1.49434285E-07
-1.30692470E-07
-1.32435943E-07
 1.88183492E-07
-6.46833428E-07
 1.02406534E-06
-1.93567644E-07
 1.11449583E-06
 5.52604774E-07
 3.81095720E-06
 2.02791512E-06
 1.13482538E-05
 2.48757042E-05
 6.26501569E-05
 1.45765487E-04
 4.75683803E-04
 1.20396458E-03
 3.27399070E-03
 8.37767124E-03
 2.08400767E-02
 4.98956591E-02
 1.14616826E-01
 2.50813097E-01
 5.17772019E-01
 1.00894499E+00
 1.83925629E+00
 3.11964297E+00
 4.89867258E+00
 7.10215330E+00
 9.47677040E+00
 1.16658707E+01
 1.32838583E+01
 1.41597519E+01
 1.42190065E+01
 1.35996265E+01
 1.24528265E+01
 1.08874960E+01
 9.03398609E+00
 7.06744289E+00
 5.20220661E+00
 3.61160731E+00
 2.38153076E+00
 1.50526345E+00
 9.13390875E-01
 5.50106168E-01
 3.24086308E-01
 1.84788212E-01
 1.05725907E-01
 5.80683388E-02
 3.96897718E-02
 2.25893557E-02
 1.14027774E-02
 7.77393067E-03
 4.95477440E-03
 3.11389659E-03
 1.72237854E-03
 1.55642140E-03
 1.13910786E-03
 3.85978288E-04
-4.51838278E-05
 3.06375383E-04
 2.77161133E-04
 1.82571821E-04
 1.10369459E-04
 7.38161252E-05
 9.26415159E-05
 1.16959221E-04
 1.20208184E-04
 1.02185702E-04
 7.95209344E-05
 7.70539773E-05
 3.26999470E-05
 5.74141159E-05
 7.51406842E-05
 2.52891823E-05
 4.39585347E-05
 7.25210411E-05
 3.66409549E-05
 1.40848658E-06
-8.71860630E-06
 3.07184706E-07
-9.70897418E-07
-1.68935594E-06
 8.60140920E-02
 8.60140920E-02
 8.60140920E-02
 8.60140920E-02
 8.60140920E-02
 8.60140920E-02
 8.60140920E-02
 8.60140920E-02
 8.60140920E-02
 8.60140920E-02
 8.60140920E-02
 8.60140920E-02
 8.60140920E-02
 8.60140920E-02
 8.60140920E-02
 8.60140920E-02
 8.60140920E-02
 8.60140920E-02
 8.60140920E-02
 8.60140920E-02
 8.60140920E-02
 8.60140920E-02
 8.60140920E-02
 8.60140920E-02
 8.60140920E-02
 8.60140920E-02
 3.45844203E-13
 2.78296223E-12
 9.61918479E-12
 2.33321678E-11
 4.59019940E-11
 7.71371717E-11
 1.12442652E-10
 1.42821907E-10
 1.58903044E-10
 1.54777954E-10
 1.33713318E-10
 1.03984162E-10
 7.42435557E-11
 4.91942043E-11
 3.04004738E-11
 1.79157522E-11
 1.06137417E-11
 6.90546361E-12
 5.12152213E-12
 3.97597146E-12
 3.25803143E-12
 3.37086544E-12
 3.68852518E-12
 3.24816671E-12
 2.11330909E-12
 2.28870221E-12
 4.14852874E-12
 4.71021139E-12
 3.96289642E-12
 3.61059837E-12
 4.48842612E-12
 5.24494424E-12
 5.70933752E-12
 5.53409315E-12
 5.01928013E-12
 6.83544844E-12
 1.19036612E-11
 9.51227725E-12
 2.47036831E-12
 4.42274386E-12
 1.68522592E-11
 1.02460150E-11
 1.90933918E-11
 1.19204707E-11
-2.54378246E-12
 1.17528869E-11
 2.32913341E-11
 2.39112046E-11
 1.27070342E-11
 1.93905048E-11
 2.27506711E-11
 2.36726819E-11
 3.19940914E-11
 1.33633833E-11
 5.74822872E-12
 5.55076558E-12
 3.76415565E-12
 2.29221394E-12
 1.10943026E-12
 1.42490371E-12
 2.07084024E-12
 2.38224588E-12
 1.48759195E-12
 7.30300282E-12
 4.46638820E-12
 1.10020569E-11
-6.36350651E-12
-2.36813433E-11
 5.07314746E-11
-4.40010355E-11
 6.70992220E-11
-2.06227549E-10
-1.21581453E-10
-5.51086232E-10
 2.27733749E-10
-2.62274480E-10
-1.40611645E-09
 2.82761758E-10
-1.19996890E-09
 4.01507994E-11
-3.28641808E-10
 6.15482554E-10
-2.80689405E-09
 1.20941506E-08
 1.47240451E-08
-2.42270168E-08
 9.95924587E-09
 4.67134704E-08
-2.62933959E-08
-7.69928263E-08
 1.36564978E-07
 9.36402245E-08
-7.16494313E-08
 1.24244977E-07
-2.15220997E-08
-2.56278213E-07
 8.62832678E-07
 6.28601754E-07
-1.26018631E-06
 5.20774029E-06
 8.54869597E-07
 2.46097875E-06
 1.33461444E-05
 9.34664695E-06
 9.72357248E-06
 3.99158271E-05
 9.58825040E-05
 1.72446336E-04
 5.54963248E-04
 1.37855113E-03
 3.55620473E-03
 9.74632055E-03
 2.51887999E-02
 6.35709167E-02
 1.55063987E-01
 3.53037030E-01
 7.66403794E-01
 1.55296731E+00
 2.94523811E+00
 5.16022444E+00
 8.32746792E+00
 1.23494205E+01
 1.67661362E+01
 2.07877693E+01
 2.37905617E+01
 2.52222462E+01
 2.51404648E+01
 2.38409023E+01
 2.16359863E+01
 1.87207890E+01
 1.53596201E+01
 1.18380136E+01
 8.55694771E+00
 5.84323788E+00
 3.76739478E+00
 2.33005285E+00
 1.40684938E+00
 8.22431147E-01
 4.79904383E-01
 2.76249528E-01
 1.56809092E-01
 8.75873789E-02
 4.97642867E-02
 3.01649347E-02
 1.64057892E-02
 1.10086147E-02
 3.47238127E-03
 1.70135056E-03
 1.86579616E-03
 1.44783512E-03
 4.50368505E-04
 3.78897908E-04
 5.31335128E-04
 4.55419096E-04
 3.96963063E-04
 2.58831715E-04
 9.06370697E-05
 6.51744049E-05
 1.49452229E-04
 1.50441963E-04
 1.74862420E-04
 8.98936996E-05
 1.38563380E-04
 1.62648066E-04
 3.90072237E-05
 9.86290106E-05
 5.46574847E-05
-2.74911181E-05
-4.98104673E-05
 1.28418424E-05
 2.28382232E-05
-2.45519404E-05
 1.14354134E-05
-1.91485797E-05
 1.60850996E-05
 8.60140920E-02
 8.60140920E-02
 8.60140920E-02
 8.60140920E-02
 8.60140920E-02
 8.60140920E-02
 8.60140920E-02
 8.60140920E-02
 8.60140920E-02
 8.60140920E-02
 8.60140920E-02
 8.60140920E-02
 8.60140920E-02
 8.60140920E-02
 8.60140920E-02
 8.60140920E-02
 8.60140920E-02
 8.60140920E-02
 8.60140920E-02
 8.60140920E-02
 8.60140920E-02
 8.60140920E-02
 8.60140920E-02
 8.60140920E-02
 8.60140920E-02
 1.29757143E-12
 6.50914002E-12
 1.88622486E-11
 4.21139373E-11
 7.81865891E-11
 1.24932759E-10
 1.73271036E-10
 2.09604126E-10
 2.21387075E-10
 2.05746892E-10
 1.70694389E-10
 1.29141906E-10
 9.02627903E-11
 5.86962701E-11
 3.59088280E-11
 2.11829738E-11
 1.26223684E-11
 7.87341199E-12
 5.40718512E-12
 4.32425406E-12
 6.33876241E-12
 6.23287142E-12
 6.42874642E-12
 7.29904765E-12
 9.32247161E-12
 9.98345157E-12
 8.88587381E-12
 7.43192313E-12
 6.41691388E-12
 7.41229474E-12
 7.86088295E-12
 5.58294209E-12
 9.79109935E-12
 8.46131585E-12
 1.39125612E-11
 1.16537309E-11
 1.11672538E-11
 1.90410500E-11
 2.64380375E-11
 2.38325349E-11
 7.12654024E-12
 1.82368513E-11
 3.82565750E-11
 4.10072774E-11
 2.34152715E-11
 2.11623739E-11
 1.74243207E-11
 1.79919794E-11
 1.75870464E-11
 2.95456958E-11
 2.38340701E-11
-1.96862427E-12
 2.49230081E-11
 1.54381022E-11
 3.12949948E-12
 2.99318838E-12
 2.74276326E-12
 3.30236316E-12
 4.25783269E-13
 2.14522801E-12
 6.41151281E-12
 3.71760305E-12
 5.28607149E-12
 4.02063929E-12
 9.29129343E-12
 9.59420564E-12
 1.61669653E-11
 8.17469877E-12
 5.02948204E-11
-9.39760839E-11
-1.71412259E-10
-3.58809954E-10
 5.59158664E-10
-9.11391657E-11
 2.91789870E-10
-9.60705626E-10
-5.04304820E-10
 3.10591086E-09
 1.64352298E-09
-5.30795319E-09
 3.82879328E-09
 3.83790999E-09
-7.21377091E-09
 1.02272391E-09
 1.93518890E-08
-9.45085077E-09
 1.13126823E-08
 3.71484319E-08
 1.41749066E-08
 6.95453162E-09
-2.09722408E-08
-4.49257165E-08
 1.34323813E-07
 1.65727787E-08
 2.47939766E-07
-7.76696822E-08
-5.28725650E-08
 6.86504791E-07
 8.48790478E-07
-3.65003103E-08
 8.82975314E-07
 4.33104742E-06
 7.07506558E-07
 4.42125793E-06
 1.30172366E-05
 2.31915292E-05
 4.33187233E-05
 7.67619276E-05
 1.91902815E-04
 2.15687120E-04
 3.13109893E-04
 1.67366746E-03
 4.71427245E-03
 1.15092909E-02
 3.21331322E-02
 8.63306075E-02
 2.16581956E-01
 5.17334938E-01
 1.15882051E+00
 2.42054462E+00
 4.69643354E+00
 8.43739319E+00
 1.38660297E+01
 2.07731953E+01
 2.83489380E+01
 3.51792641E+01
 3.99500046E+01
 4.19555397E+01
 4.14097748E+01
 3.87942924E+01
 3.47910461E+01
 2.97034531E+01
 2.39580479E+01
 1.80980816E+01
 1.27901516E+01
 8.54013062E+00
 5.39542484E+00
 3.29108953E+00
 1.93345368E+00
 1.14180470E+00
 6.49512947E-01
 3.69145960E-01
 2.11759031E-01
 1.20228313E-01
 6.78995103E-02
 4.12130728E-02
 2.42351461E-02
 1.27928611E-02
 7.20146531E-03
 4.17801365E-03
 2.51783221E-03
 1.42354250E-03
 1.19531853E-03
 1.03106094E-03
 7.29223888E-04
 4.59328759E-04
 4.25277569E-04
 5.16018830E-04
 3.88397835E-04
 1.29157779E-04
 1.89256374E-04
 6.10698189E-05
 3.87724103E-05
 2.23855634E-04
 1.47285173E-04
 1.28777829E-04
 1.83738710E-04
 1.87090729E-04
 9.30987007E-05
 1.07272615E-04
 7.38823073E-05
-2.38825523E-05
-1.02175125E-06
-5.56759151E-05
-2.22785748E-05
-5.64665834E-06
 8.60140920E-02
 8.60140920E-02
 8.60140920E-02
 8.60140920E-02
 8.60140920E-02
 8.60140920E-02
 8.60140920E-02
 8.60140920E-02
 8.60140920E-02
 8.60140920E-02
 8.60140920E-02
 8.60140920E-02
 8.60140920E-02
 8.60140920E-02
 8.60140920E-02
 8.60140920E-02
 8.60140920E-02
 8.60140920E-02
 8.60140920E-02
 8.60140920E-02
 8.60140920E-02
 8.60140920E-02
 8.60140920E-02
 3.39550057E-13
 3.57643060E-12
 1.36843323E-11
 3.57796258E-11
 7.42728518E-11
 1.31295613E-10
 1.99038883E-10
 2.63235822E-10
 3.02701531E-10
 3.03469971E-10
 2.69374412E-10
 2.15671064E-10
 1.58971225E-10
 1.08802682E-10
 6.96531791E-11
 4.21673044E-11
 2.46184080E-11
 1.49922054E-11
 1.04086418E-11
 8.38741836E-12
 7.92998306E-12
 9.65252704E-12
 9.64554304E-12
 6.35273474E-12
 7.43694429E-12
 8.65618861E-12
 7.49607928E-12
 5.87972596E-12
 6.72475617E-12
 1.10869378E-11
 1.68358591E-11
 1.37593123E-11
 9.79044883E-12
 9.95391963E-12
 1.61983725E-11
 2.06846224E-11
 7.53745070E-12
 1.24022485E-11
 1.19157418E-11
-5.92527112E-12
 3.50375631E-11
 2.52324672E-11
-2.97314842E-12
 1.82326272E-11
 2.07260702E-11
 2.91054819E-11
 1.59892152E-11
 2.46460803E-11
 4.37065002E-11
 2.00798093E-11
 1.90984086E-11
 9.57049856E-11
 3.18262187E-11
 8.62140914E-12
 5.32182545E-12
 3.29760026E-12
-1.50886573E-12
 3.88032878E-12
 1.75945781E-12
 3.87661908E-12
 8.92207402E-12
 9.68650247E-12
 1.36623820E-11
 3.86129149E-12
-5.66592910E-12
 1.64640263E-11
 3.14007292E-11
 5.71134008E-11
 3.43471605E-11
 2.15091417E-11
-4.22929136E-10
-1.08490841E-10
 1.74196199E-10
 9.16820925E-11
 1.55867028E-10
 4.70722294E-10
-5.87168203E-10
 4.12784751E-10
 1.48082802E-09
-6.58876009E-10
 1.17698096E-09
-3.86131838E-09
 5.20686783E-09
-2.99858360E-09
 1.04716529E-08
 2.16705431E-09
-2.52207357E-08
 3.49858595E-08
 3.02567749E-08
-5.99386212E-08
-2.90554674E-08
 1.54140920E-07
 4.34311653E-09
-1.49184132E-07
 1.64385341E-07
 6.30045633E-07
-1.68562025E-07
-5.02266801E-07
 6.88434341E-07
 1.49358368E-06
 4.78549737E-07
 1.80998327E-07
 1.31164416E-06
 8.06940352E-06
 5.73556554E-06
 9.21763512E-06
 1.08244822E-05
 8.90474075E-06
 1.88019221E-05
 3.15961734E-05
 1.13489637E-04
 1.71979409E-04
 8.64696121E-05
 5.04974974E-04
 2.52552005E-03
 6.54560095E-03
 1.84869692E-02
 4.83296514E-02
 1.30558580E-01
 3.25120538E-01
 8.01679730E-01
 1.81456888E+00
 3.87403893E+00
 7.63868427E+00
 1.38362665E+01
 2.28465290E+01
 3.42308159E+01
 4.63949127E+01
 5.69566917E+01
 6.37813339E+01
 6.59349213E+01
 6.40092239E+01
 5.91818085E+01
 5.22828560E+01
 4.38335342E+01
 3.45552940E+01
 2.53995991E+01
 1.75027504E+01
 1.13652868E+01
 7.03110647E+00
 4.21033669E+00
 2.45981812E+00
 1.42027080E+00
 8.18641841E-01
 4.68939424E-01
 2.61975318E-01
 1.40289277E-01
 7.90882409E-02
 4.85565141E-02
 2.76192762E-02
 1.35544138E-02
 9.48620401E-03
 4.89681028E-03
 2.37347535E-03
 1.70239341E-03
 1.39278686E-03
 1.11115666E-03
 7.36740825E-04
 4.76394576E-04
 4.53952263E-04
 6.48085552E-04
 4.90531151E-04
 5.47093805E-04
 6.01941370E-04
 3.19484039E-04
 1.97903821E-04
 3.68241017E-04
 3.15798272E-04
-5.34584724E-05
-5.46083720E-05
 1.22204234E-04
-2.06784069E-04
-4.61968593E-05
 6.56997654E-05
 1.06716332E-04
-1.64221365E-05
 2.71670669E-05
 8.60140920E-02
 8.60140920E-02
 8.60140920E-02
 8.60140920E-02
 8.60140920E-02
 8.60140920E-02
 8.60140920E-02
 8.60140920E-02
 8.60140920E-02
 8.60140920E-02
 8.60140920E-02
 8.60140920E-02
 8.60140920E-02
 8.60140920E-02
 8.60140920E-02
 8.60140920E-02
 8.60140920E-02
 8.60140920E-02
 8.60140920E-02
 8.60140920E-02
 8.60140920E-02
 8.60140920E-02
 8.60140920E-02
 1.51101137E-12
 8.42064612E-12
 2.75675125E-11
 6.62635086E-11
 1.30109701E-10
 2.17452695E-10
 3.14357929E-10
 3.94084626E-10
 4.30144753E-10
 4.10201345E-10
 3.49328122E-10
 2.70397343E-10
 1.93863592E-10
 1.29905045E-10
 8.21140031E-11
 4.94557589E-11
 2.93552856E-11
 1.83830520E-11
 1.30414022E-11
 1.08102173E-11
 1.10448274E-11
 1.04897115E-11
 1.11126646E-11
 1.61320037E-11
 1.95854531E-11
 2.32076094E-11
 2.43937925E-11
 2.31129213E-11
 2.05474908E-11
 1.61229155E-11
 1.71011000E-11
 3.31960535E-11
 4.21232008E-11
 4.21333107E-11
 3.03034299E-11
 3.06481056E-11
 3.67974158E-11
 9.38439326E-11
 9.35716366E-11
 3.39413497E-11
 4.77806371E-11
 5.08133743E-11
 4.29114556E-11
 4.62991000E-11
 4.06450464E-11
 2.09480957E-11
 5.36998120E-11
 3.45402387E-11
 4.99548250E-11
 4.64552528E-11
 1.33127979E-11
-3.78401845E-13
 2.50393248E-11
 3.01303288E-11
 2.46833196E-11
 1.18104604E-12
-1.56498230E-12
 5.38089582E-12
 2.64763710E-12
 9.65447427E-12
 1.98052165E-11
 2.25150593E-11
 3.65809605E-11
 4.91859470E-11
 2.31975008E-12
 7.95571733E-11
 1.46977638E-10
-5.23268130E-11
-8.06881853E-11
 2.45108128E-10
 2.13147191E-11
-3.25376462E-11
 2.73986667E-10
 4.40560199E-10
 8.24647184E-10
 1.34995448E-09
 1.99366121E-10
 6.61521615E-10
 2.48096654E-09
 3.09952897E-11
 4.27477553E-10
 2.03479011E-09
-7.13946635E-09
-1.01372821E-08
 6.13501117E-09
 1.54367026E-08
 9.20290422E-09
 1.44540335E-08
 4.84228213E-09
-1.97268175E-08
 5.00577926E-08
 1.52333399E-07
 1.11090181E-07
 5.79505652E-08
 1.47594378E-07
 2.77227969E-07
 7.40008659E-08
-1.80843472E-07
 3.86787548E-07
 4.63197154E-07
-4.65565194E-07
 2.05743049E-06
 4.22532594E-06
 5.07763070E-06
 9.17418038E-06
 1.80250609E-05
 2.53986627E-06
 2.09105783E-05
 6.44182728E-05
 5.56324630E-05
-3.87305136E-06
 4.66303645E-05
 1.42799545E-04
 3.64416919E-04
 6.21302694E-04
 9.45897365E-04
 3.16825788E-03
 8.07011221E-03
 2.53378376E-02
 7.04201460E-02
 1.97802916E-01
 5.33928871E-01
 1.30110168E+00
 2.99530125E+00
 6.43466663E+00
 1.27092810E+01
 2.29426250E+01
 3.75771637E+01
 5.55114746E+01
 7.39092560E+01
 8.87918243E+01
 9.71308060E+01
 9.82817001E+01
 9.37630005E+01
 8.52316055E+01
 7.38424225E+01
 6.04414482E+01
 4.62108994E+01
 3.29478302E+01
 2.19672832E+01
 1.38807268E+01
 8.42583942E+00
 4.95992994E+00
 2.86828208E+00
 1.64402235E+00
 9.31126833E-01
 5.48868418E-01
 3.05794358E-01
 1.74623087E-01
 9.85903591E-02
 5.34105599E-02
 2.95855273E-02
 1.81404687E-02
 9.01588984E-03
 5.04450360E-03
 3.86862177E-03
 2.94414931E-03
 2.39982898E-03
 1.85155158E-03
 1.15285744E-03
 1.01055310E-03
 6.04181027E-04
 7.29148567E-04
 6.65849482E-04
 5.88042640E-05
 4.77101334E-04
 4.46825608E-04
-7.90550694E-05
 3.24372406E-04
 2.77769635E-04
 1.41514800E-04
 5.92725293E-04
 8.06284152E-05
-3.71071474E-05
 1.16830424E-05
-9.50287431E-05
-5.56821760E-06
-1.22046686E-05
 8.60140920E-02
 8.60140920E-02
 8.60140920E-02
 8.60140920E-02
 8.60140920E-02
 8.60140920E-02
 8.60140920E-02
 8.60140920E-02
 8.60140920E-02
 8.60140920E-02
 8.60140920E-02
 8.60140920E-02
 8.60140920E-02
 8.60140920E-02
 8.60140920E-02
 8.60140920E-02
 8.60140920E-02
 8.60140920E-02
 8.60140920E-02
 8.60140920E-02
 8.60140920E-02
 8.60140920E-02
 3.81263814E-12
 1.86841913E-11
 5.37846365E-11
 1.20554192E-10
 2.23998750E-10
 3.55485585E-10
 4.88061036E-10
 5.80991644E-10
 6.02017824E-10
 5.47608014E-10
 4.47813758E-10
 3.35756561E-10
 2.35064052E-10
 1.54903743E-10
 9.65209510E-11
 5.79679256E-11
 3.51272379E-11
 2.24906795E-11
 1.66953708E-11
 1.51271686E-11
 1.55748019E-11
 1.70588960E-11
 1.77640888E-11
 2.30241538E-11
 2.24246212E-11
 1.35411959E-11
 1.19107606E-11
 1.94048094E-11
 2.82128904E-11
 2.42628192E-11
 1.52379359E-11
-3.79575277E-12
-9.03950352E-12
 1.29362519E-11
 1.38557022E-11
 3.60641898E-11
 2.47778404E-12
 1.24873844E-11
 9.50384146E-11
 3.75108104E-11
 3.82875502E-11
 3.98202478E-11
 2.48573974E-11
 3.09956193E-11
 2.60795881E-11
 2.10873229E-11
 1.70610297E-11
 6.39000866E-11
 9.97197810E-11
 3.59877926E-11
 8.97996677E-11
 8.66325414E-11
 9.40222639E-12
 4.02006622E-11
 1.70311768E-11
 1.16113005E-11
 3.47016253E-12
 6.01550060E-12
 9.35798661E-12
 2.14781023E-11
 6.33147146E-11
 4.74617776E-11
 6.30805547E-11
 8.40341338E-11
-2.08305664E-11
 1.35591136E-10
 5.86231133E-11
 3.75467185E-10
 1.75847087E-10
-5.09568013E-11
 2.17519155E-10
 6.84511947E-10
 1.29420619E-09
 1.88608928E-09
 1.13500465E-09
 2.17549978E-09
 3.04265058E-09
 1.58047697E-09
 1.73555192E-09
 1.05625897E-09
 5.60367486E-09
 1.20453700E-08
 2.81150969E-09
-2.62505817E-09
 5.89212590E-09
-5.17522414E-10
 6.87780100E-09
 4.42022881E-08
 5.60955442E-08
-5.99232752E-09
-5.31678346E-08
 3.83065046E-09
 3.06682857E-08
 1.24985720E-08
 3.39955761E-08
 1.49133584E-07
 3.73980953E-07
 5.32498063E-07
 5.45670332E-07
 1.32307753E-06
 3.41704322E-06
 7.30695638E-06
 3.95556845E-06
 1.67935116E-06
 9.93033700E-06
 2.46182972E-05
 3.20649488E-05
 1.00491607E-05
 7.43257215E-06
 3.57161916E-05
 5.05161297E-05
 2.87501643E-05
 7.84803924E-05
 2.10034268E-04
 2.48322845E-04
 2.50142446E-04
 5.49375487E-04
 1.48510234E-03
 5.00640739E-03
 1.52120283E-02
 4.34619375E-02
 1.26606271E-01
 3.49917650E-01
 9.14384544E-01
 2.25009489E+00
 5.21218395E+00
 1.10840130E+01
 2.16738338E+01
 3.84702415E+01
 6.16761398E+01
 8.86781616E+01
 1.14529984E+02
 1.33302109E+02
 1.41473206E+02
 1.39749115E+02
 1.30521454E+02
 1.16378998E+02
 9.83210526E+01
 7.78334808E+01
 5.73424377E+01
 3.93703995E+01
 2.53803463E+01
 1.56205330E+01
 9.29635429E+00
 5.40354633E+00
 3.10724497E+00
 1.77225590E+00
 1.00919521E+00
 5.70302248E-01
 3.23927641E-01
 1.82573244E-01
 1.04156613E-01
 5.77470250E-02
 3.30172479E-02
 1.85229518E-02
 9.13899392E-03
 4.85134264E-03
 3.72250937E-03
 3.63492221E-03
 3.06685036E-03
 1.90598262E-03
 1.72589463E-03
 2.74818763E-03
 3.37336655E-03
 2.14756979E-03
-3.58635007E-04
-1.77050199E-04
 1.64805760E-03
 1.22794544E-03
-1.97941117E-04
-3.22566455E-04
-1.16357274E-04
-2.23286363E-04
 4.80567323E-05
 1.09022789E-04
-1.96465426E-05
 5.51740486E-05
-1.33603999E-05
 8.60140920E-02
 8.60140920E-02
 8.60140920E-02
 8.60140920E-02
 8.60140920E-02
 8.60140920E-02
 8.60140920E-02
 8.60140920E-02
 8.60140920E-02
 8.60140920E-02
 8.60140920E-02
 8.60140920E-02
 8.60140920E-02
 8.60140920E-02
 8.60140920E-02
 8.60140920E-02
 8.60140920E-02
 8.60140920E-02
 8.60140920E-02
 8.60140920E-02
 8.60140920E-02
 1.23121218E-12
 1.01878350E-11
 3.85831922E-11
 1.01719778E-10
 2.14124246E-10
 3.78274523E-10
 5.71358960E-10
 7.45213613E-10
 8.41697823E-10
 8.27552193E-10
 7.20023319E-10
 5.67876024E-10
 4.14708295E-10
 2.84513357E-10
 1.84595839E-10
 1.14259456E-10
 6.87411100E-11
 4.23201231E-11
 2.85652578E-11
 2.28510180E-11
 2.11156145E-11
 2.17550734E-11
 2.50593973E-11
 2.95236301E-11
 3.16709228E-11
 3.39915665E-11
 4.64150836E-11
 6.13109494E-11
 6.09268469E-11
 5.27665689E-11
 5.42218943E-11
 6.76719861E-11
 9.07140543E-11
 1.20283242E-10
 7.65468036E-11
 3.13574756E-11
 6.36519379E-11
 6.20397969E-11
 2.72953448E-11
 7.99002045E-11
 7.82235873E-11
 8.14413051E-11
 4.75250950E-11
 9.01963226E-11
 5.84063423E-11
 1.74817175E-10
 2.02985295E-10
 6.66259478E-11
 1.04105530E-10
 1.03679232E-10
 1.02923559E-10
-4.37949503E-12
-2.48506576E-12
 5.81903796E-11
 4.00426463E-11
 4.12536359E-11
 1.38189018E-11
-2.35582539E-12
 1.24723253E-11
 2.32116704E-11
 5.68714902E-11
 1.43820553E-10
 1.12536140E-10
 5.15799209E-11
 2.75248629E-10
-6.85456344E-11
 1.95290131E-10
 2.79971213E-10
 4.64150496E-10
 7.30318361E-10
-3.16488363E-10
 4.22492957E-10
 3.37252615E-10
 6.50207249E-11
 1.16564214E-09
 1.30143285E-09
 9.41083655E-10
-1.78539294E-09
 1.45672052E-09
 2.47007836E-09
-2.93171531E-09
-4.34895719E-09
 1.73074943E-09
 8.19302903E-10
-4.68182781E-09
-4.36687086E-09
-3.50398892E-08
-8.91383323E-09
 2.51561030E-08
 3.93564008E-08
 2.90538829E-08
 2.20423839E-08
 5.75320094E-08
 1.49931225E-07
 2.54465959E-07
 2.07656527E-07
 2.46161591E-07
 7.30373415E-07
 1.33372475E-06
 1.31581544E-06
 6.42951477E-07
 4.80133508E-07
 2.94348024E-06
 5.51086305E-06
 4.38017378E-06
 2.29313355E-06
 3.74624574E-06
 6.90680145E-06
 8.09594167E-06
-1.17104435E-06
 8.06372464E-06
 2.90105381E-05
 1.23518439E-05
 6.69182873E-06
 4.01908801E-05
-1.20277118E-05
 3.72844806E-05
 2.05636607E-04
 4.28769563E-04
 1.13581389E-03
 2.80975853E-03
 9.09121893E-03
 2.87184268E-02
 8.34933221E-02
 2.39292443E-01
 6.60428405E-01
 1.70078552E+00
 4.15822935E+00
 9.43931103E+00
 1.97557888E+01
 3.76539803E+01
 6.49221497E+01
 1.00397835E+02
 1.38875549E+02
 1.72049332E+02
 1.92291824E+02
 1.97413147E+02
 1.89801437E+02
 1.73466309E+02
 1.50587570E+02
 1.23004837E+02
 9.34606934E+01
 6.59675827E+01
 4.33915176E+01
 2.71216908E+01
 1.63076096E+01
 9.56334209E+00
 5.51653624E+00
 3.14391851E+00
 1.79106009E+00
 1.02307081E+00
 5.80916166E-01
 3.28605026E-01
 1.81883529E-01
 1.03289135E-01
 5.55198081E-02
 3.16634253E-02
 1.85963251E-02
 1.23168956E-02
 8.87810811E-03
 6.01606164E-03
 6.92077214E-03
 2.80809752E-03
-1.60430686E-03
-1.42798491E-03
 1.28737371E-03
 3.47427698E-03
 5.48670592E-04
-2.26253687E-04
 3.65099724E-04
 6.17108424E-04
 1.30601402E-03
 5.95516991E-04
 1.55537331E-04
 1.78059112E-04
 6.41523684E-06
 7.21353208E-05
-3.60200429E-05
-2.18778951E-05
 3.70987473E-05
 8.60140920E-02
 8.60140920E-02
 8.60140920E-02
 8.60140920E-02
 8.60140920E-02
 8.60140920E-02
 8.60140920E-02
 8.60140920E-02
 8.60140920E-02
 8.60140920E-02
 8.60140920E-02
 8.60140920E-02
 8.60140920E-02
 8.60140920E-02
 8.60140920E-02
 8.60140920E-02
 8.60140920E-02
 8.60140920E-02
 8.60140920E-02
 8.60140920E-02
 3.74274006E-12
 2.41061910E-11
 7.65829761E-11
 1.86759455E-10
 3.73717834E-10
 6.29959196E-10
 9.06225817E-10
 1.12134346E-09
 1.19874699E-09
 1.11958065E-09
 9.34742617E-10
 7.13444692E-10
 5.09456644E-10
 3.44212048E-10
 2.20389235E-10
 1.36151285E-10
 8.30309224E-11
 5.24875317E-11
 3.66422899E-11
 3.12551131E-11
 2.78839122E-11
 3.40417972E-11
 3.63285617E-11
 3.94512062E-11
 4.70166892E-11
 5.43315323E-11
 4.76901713E-11
 4.43256334E-11
 3.96202203E-11
 2.99176482E-11
 4.53396383E-11
 4.86590872E-11
 9.81547829E-12
 5.44494831E-11
 8.71316769E-11
 7.81760212E-11
 2.31245426E-10
 1.63894467E-10
 7.48435272E-11
 7.94752111E-11
 1.07078971E-10
 1.63997219E-10
 2.31197769E-10
 1.11219485E-10
 1.28806037E-11
 3.56868250E-11
 1.10028320E-10
 4.19552587E-11
 2.88303166E-11
 7.34910952E-11
 1.32119746E-10
 1.79349938E-10
 8.01337885E-11
 3.86841557E-12
 1.44945000E-10
 3.51246397E-12
 3.85184662E-11
 1.43519736E-11
 2.28723984E-11
 4.88056436E-11
 1.98079012E-10
 4.66732875E-10
 5.15832266E-10
 1.75390397E-10
 3.77652465E-10
 9.43653822E-10
 6.36958264E-10
 8.20294943E-10
 1.14385568E-09
 1.46385026E-09
 4.50391502E-09
 8.07655454E-09
 5.46192735E-09
 3.39798412E-09
 1.65105429E-09
 1.33702649E-09
 1.74083903E-09
 3.61014951E-09
 5.63096991E-09
 7.81146348E-09
 4.72816541E-09
 2.76952306E-09
 1.15496701E-09
 5.69039083E-09
 1.86945286E-08
 3.12629247E-08
 1.77497430E-08
 5.08509457E-09
 2.79847190E-09
 7.03495173E-09
 1.47553507E-08
 2.86723019E-08
 5.96258403E-08
 1.14748595E-07
 2.04633764E-07
 2.84128475E-07
 2.17796085E-07
 5.66645213E-07
 1.59235799E-06
 1.92819562E-06
 1.43130126E-06
 1.52770929E-06
 5.10333678E-07
-9.00596206E-07
 5.24461996E-07
 1.96185988E-06
-1.55448092E-07
-1.94586931E-07
 6.96060897E-06
 9.66144671E-06
 2.35714970E-06
 1.22666288E-05
 4.42398195E-05
 3.53453943E-05
 4.54041656E-05
 9.15284254E-05
 4.59919283E-05
 6.23320084E-05
-1.05928748E-05
 2.72588659E-04
 6.40589395E-04
 2.07913970E-03
 6.20948570E-03
 2.03621946E-02
 5.83881997E-02
 1.73773795E-01
 4.85115737E-01
 1.30963683E+00
 3.35451436E+00
 8.01211357E+00
 1.77537594E+01
 3.59907074E+01
 6.61512070E+01
 1.09159592E+02
 1.60838959E+02
 2.11338776E+02
 2.48945999E+02
 2.66194641E+02
 2.63988556E+02
 2.46905853E+02
 2.19517273E+02
 1.84226776E+02
 1.43953110E+02
 1.04158653E+02
 7.00171356E+01
 4.43551941E+01
 2.69121971E+01
 1.58297415E+01
 9.22388554E+00
 5.29974318E+00
 3.02631450E+00
 1.72322917E+00
 9.75555062E-01
 5.55748820E-01
 3.10107678E-01
 1.69286013E-01
 1.01693489E-01
 5.37230186E-02
 3.11434194E-02
 1.58627238E-02
 1.24449553E-02
 1.40475286E-02
 1.14748655E-02
 1.91944616E-03
 1.18315185E-03
 6.03585271E-03
 3.60584888E-03
 5.25307318E-04
 2.13882537E-03
 2.05781148E-03
-1.04478782E-03
 5.99837105E-04
 7.18696901E-05
 8.46403491E-05
 1.38522853E-04
 1.23745587E-04
 8.19158140E-06
 7.75155640E-05
 4.75159759E-05
-2.88611659E-06
 8.60140920E-02
 8.60140920E-02
 8.60140920E-02
 8.60140920E-02
 8.60140920E-02
 8.60140920E-02
 8.60140920E-02
 8.60140920E-02
 8.60140920E-02
 8.60140920E-02
 8.60140920E-02
 8.60140920E-02
 8.60140920E-02
 8.60140920E-02
 8.60140920E-02
 8.60140920E-02
 8.60140920E-02
 8.60140920E-02
 8.60140920E-02
 8.92413476E-13
 1.17373776E-11
 5.15196670E-11
 1.48243015E-10
 3.42444351E-10
 6.47519149E-10
 1.04003794E-09
 1.41752832E-09
 1.65557046E-09
 1.67324354E-09
 1.48920842E-09
 1.19861698E-09
 8.92513285E-10
 6.25571372E-10
 4.15783352E-10
 2.64474997E-10
 1.63331418E-10
 1.00358631E-10
 6.46689438E-11
 4.96348622E-11
 4.03467502E-11
 4.06952493E-11
 5.07825032E-11
 5.16652138E-11
 4.70328949E-11
 6.75466905E-11
 8.14664794E-11
 5.14761428E-11
 9.17510304E-11
 1.43929507E-10
 1.42969053E-10
 1.62760777E-10
 1.39512332E-10
 5.44712539E-11
 7.71051209E-11
 1.49556409E-10
 5.19812977E-11
 6.99100638E-11
 1.97756700E-10
 1.14173788E-10
 3.93245075E-10
 2.70848788E-10
 7.92212407E-11
 1.39189285E-10
 4.56129495E-10
 2.25970423E-10
 2.41777466E-11
 1.97084349E-10
 1.13886907E-10
 1.23130631E-10
 2.99964664E-10
-1.51335351E-11
 2.47594251E-10
-8.31843101E-12
 1.69742387E-10
 3.87367603E-11
 1.59987690E-10
 2.38216599E-11
 3.44801653E-11
 9.60773475E-11
 1.20437715E-10
 3.99801914E-10
 1.23755761E-09
 5.49720269E-10
-2.10552936E-10
 2.85149171E-09
 2.35564168E-09
 3.97712002E-10
 4.45994908E-10
 6.12490414E-09
 5.86427085E-09
-8.17736046E-10
 5.60560487E-09
 6.86612145E-09
 6.23677199E-09
 9.19089338E-09
 1.01116431E-08
 6.72173739E-09
 7.76825104E-10
 4.90109842E-10
 6.35292663E-09
 1.32932199E-08
 5.73460479E-09
-8.60977156E-09
-7.36266825E-09
 7.86879806E-09
 2.92695690E-09
-7.23483495E-10
 1.88666007E-08
 4.24189217E-08
 5.18585352E-08
 6.22564187E-08
 4.07885601E-08
 6.83658357E-08
 2.11253379E-07
 4.75741388E-07
 7.21792446E-07
 6.32992908E-07
 3.07887206E-07
-7.87455789E-09
-1.87268967E-07
-7.72181750E-08
 9.40452139E-07
 6.03235605E-07
-5.69868206E-08
 1.82811334E-06
 5.57929343E-06
 3.02959347E-06
-4.35270749E-06
 5.95154859E-07
 8.07229026E-06
 4.46408967E-06
 3.78197683E-06
 1.14973691E-05
 5.27440752E-05
 4.77698959E-05
-1.24766711E-05
 4.23865777E-06
 1.75226349E-04
 1.98338472E-04
 8.01464339E-05
 2.35482017E-04
 5.20816655E-04
 1.20939431E-03
 4.92484448E-03
 1.43910162E-02
 4.27122414E-02
 1.28856450E-01
 3.75903398E-01
 1.04858613E+00
 2.77989602E+00
 6.90164852E+00
 1.60370159E+01
 3.41708412E+01
 6.63035431E+01
 1.15754097E+02
 1.80609756E+02
 2.50378525E+02
 3.09904572E+02
 3.45253845E+02
 3.53256531E+02
 3.38289276E+02
 3.07292755E+02
 2.63670013E+02
 2.11179688E+02
 1.56262482E+02
 1.06885201E+02
 6.86073608E+01
 4.21580963E+01
 2.49591923E+01
 1.45402117E+01
 8.38293362E+00
 4.79827213E+00
 2.73490047E+00
 1.56030226E+00
 8.83922219E-01
 4.93662477E-01
 2.78734773E-01
 1.50084600E-01
 8.55111331E-02
 4.81398590E-02
 2.81976666E-02
 1.86570361E-02
 1.19723482E-02
 7.13556958E-03
 1.18877161E-02
 1.28038013E-02
 4.86241002E-03
-2.12349766E-03
 2.67703406E-04
 4.30900743E-03
 9.63039463E-04
 2.53102684E-04
 4.25133258E-05
 7.07672385E-04
 3.29730392E-04
 3.91552952E-04
 1.08759465E-04
 2.24177602E-05
-1.73532533E-06
-8.62719935E-06
 8.60140920E-02
 8.60140920E-02
 8.60140920E-02
 8.60140920E-02
 8.60140920E-02
 8.60140920E-02
 8.60140920E-02
 8.60140920E-02
 8.60140920E-02
 8.60140920E-02
 8.60140920E-02
 8.60140920E-02
 8.60140920E-02
 8.60140920E-02
 8.60140920E-02
 8.60140920E-02
 8.60140920E-02
 8.60140920E-02
 8.60140920E-02
 3.78197213E-12
 2.67484004E-11
 1.01068792E-10
 2.76810463E-10
 6.07496164E-10
 1.09525411E-09
 1.66761605E-09
 2.15433760E-09
 2.37987208E-09
 2.28548536E-09
 1.95110927E-09
 1.52261559E-09
 1.10830156E-09
 7.63313357E-10
 5.01425734E-10
 3.17286142E-10
 1.97422689E-10
 1.24855196E-10
 8.34538480E-11
 6.21376284E-11
 5.49737131E-11
 6.46200662E-11
 7.17251258E-11
 7.15159945E-11
 8.65717636E-11
 1.10360485E-10
 1.22171079E-10
 1.21413532E-10
 1.66099495E-10
 1.34664085E-10
 1.60460204E-11
 2.23545488E-11
 2.03891432E-10
 3.07322418E-10
 2.28118441E-10
 9.51000945E-11
 1.10569789E-10
 3.98160310E-10
 4.51411158E-10
 4.62562766E-11
 2.65951206E-10
 7.03401337E-10
 6.02468575E-10
-5.13726006E-11
 1.72656542E-10
 3.43239950E-11
 4.63805973E-11
 3.92491206E-10
 1.51997762E-10
 3.27424587E-10
 4.38959508E-10
 6.02196237E-10
 1.66105754E-10
 1.59047650E-10
 1.74828953E-11
 8.70833960E-11
 3.32420376E-11
 5.06855911E-11
 3.10136153E-11
 1.97637517E-10
 2.95366287E-10
 3.85173449E-10
 5.13098897E-10
 4.79133844E-10
 4.14672119E-09
 7.63166241E-09
 5.80278803E-09
 3.14796766E-09
 2.12408180E-09
-2.23404828E-09
 3.13064619E-09
 1.11212657E-08
 1.75997670E-08
 7.51788942E-09
-3.65243813E-09
-2.92051805E-09
 2.98936409E-09
 5.34998534E-09
 2.21946864E-10
-7.43788364E-09
-7.36115557E-10
 1.50101656E-08
 2.03457926E-08
 2.12122053E-08
 2.99476461E-08
 4.12622221E-08
 1.83473432E-08
-1.21575958E-08
-2.48971972E-08
 3.97483753E-08
 1.02589219E-07
 1.14336451E-07
 1.18772284E-07
 1.13753437E-07
 8.27431990E-08
 8.85485463E-08
 1.91593855E-07
 1.01651835E-07
 5.15714476E-07
 9.79965534E-07
 7.01249746E-07
 2.07980335E-08
 3.19990846E-07
 6.97841415E-07
-2.20796750E-07
-1.92316080E-07
 6.41916756E-07
 4.12509110E-07
 1.92313928E-06
 6.71812040E-06
 9.11771895E-06
 1.00718617E-05
 1.58357871E-05
-2.73699720E-06
 2.50429875E-05
 1.06856947E-04
 1.67190956E-04
 1.39770680E-04
 8.42910777E-06
-1.58005314E-05
 1.49478510E-04
 6.67294022E-04
 8.19553679E-04
 5.37387736E-04
 8.06622207E-04
 3.70366964E-03
 1.14282826E-02
 3.42135765E-02
 1.05944723E-01
 3.10813367E-01
 8.80433679E-01
 2.39101720E+00
 6.12902927E+00
 1.47397127E+01
 3.27592621E+01
 6.63972015E+01
 1.21588852E+02
 1.99140701E+02
 2.89823364E+02
 3.74760040E+02
 4.34097015E+02
 4.57951355E+02
 4.49111481E+02
 4.15904449E+02
 3.63887451E+02
 2.97262512E+02
 2.24123276E+02
 1.55756195E+02
 1.01158394E+02
 6.25538063E+01
 3.73444405E+01
 2.18877926E+01
 1.26224241E+01
 7.24173975E+00
 4.16084671E+00
 2.37887955E+00
 1.35256851E+00
 7.53454268E-01
 4.15369034E-01
 2.29644179E-01
 1.24127991E-01
 6.64370060E-02
 4.11298499E-02
 2.87387967E-02
 2.96758744E-03
-7.94508681E-03
 8.00324883E-03
 8.12590495E-03
 4.58381185E-03
 3.56043782E-03
-1.78987952E-03
 1.62977129E-04
 2.46346951E-03
 9.74245893E-04
 7.79134862E-04
 8.27262527E-04
 3.72009265E-04
 5.43874921E-04
 3.34530458E-04
-2.03600648E-05
 2.15036489E-04
-1.46596823E-04
 8.60140920E-02
 8.60140920E-02
 8.60140920E-02
 8.60140920E-02
 8.60140920E-02
 8.60140920E-02
 8.60140920E-02
 8.60140920E-02
 8.60140920E-02
 8.60140920E-02
 8.60140920E-02
 8.60140920E-02
 8.60140920E-02
 8.60140920E-02
 8.60140920E-02
 8.60140920E-02
 8.60140920E-02
 1.65240665E-13
 1.06042623E-11
 5.75448370E-11
 1.98345715E-10
 5.06618802E-10
 1.04559661E-09
 1.79220783E-09
 2.58326494E-09
 3.16506177E-09
 3.32842576E-09
 3.06349723E-09
 2.52821164E-09
 1.91974703E-09
 1.36976996E-09
 9.31311084E-10
 6.05663797E-10
 3.80862591E-10
 2.37788400E-10
 1.53939902E-10
 1.08556809E-10
 9.09184325E-11
 8.85287815E-11
 8.38288328E-11
 9.42068437E-11
 1.14237009E-10
 1.25809585E-10
 1.14283631E-10
 1.53763141E-10
 3.01027619E-10
 1.14478156E-10
 3.09892750E-10
 4.14433543E-10
 3.42690071E-10
 1.04878002E-10
 9.31689934E-11
 1.42905035E-10
 4.92929031E-10
 2.34655573E-10
 1.49817353E-10
 6.77122358E-10
 8.97941277E-10
 1.12439627E-10
 1.11931089E-10
 3.97259448E-10
 4.67979211E-10
 1.17447566E-10
-4.17431749E-11
 9.72640996E-11
 6.59693022E-10
 2.22440857E-10
 1.01603947E-10
 2.82725426E-10
 5.47228207E-10
 2.38962766E-10
 1.37374362E-10
 7.74959402E-11
 1.60982047E-10
 1.22703708E-10
 1.35031403E-10
 4.00063704E-10
 4.45323861E-10
 7.82655385E-10
 7.82623022E-10
 2.28523889E-09
 2.34543207E-09
 4.84451590E-10
-1.75132597E-09
-1.11683118E-09
 6.80232493E-09
 3.42389228E-08
 2.60970570E-08
 1.22563684E-08
 1.10052190E-08
 1.52304669E-09
 3.44489379E-08
 2.43545983E-08
 2.57431783E-08
 3.19374074E-08
 2.06823749E-08
 5.81052184E-09
 1.35565070E-08
 2.87650721E-08
 2.03495549E-08
-5.08789855E-09
-1.94515835E-08
-2.12890594E-09
 3.56159724E-08
 3.33130750E-08
 1.84634015E-08
 4.45247252E-08
 7.70341160E-08
 7.37812655E-08
 6.98540319E-08
 1.87341016E-07
 2.47140349E-07
 1.66925901E-07
 1.22332509E-07
 1.77640658E-07
 1.19324621E-08
-2.20719727E-08
-2.08487805E-07
 1.55024736E-07
 3.21597952E-07
 2.82324748E-07
 9.38462961E-07
 1.76889500E-06
 1.57380407E-06
 8.08148499E-08
 2.68545705E-07
 4.87350553E-06
 8.14686882E-06
 7.13711597E-06
 1.97638255E-05
 3.76261996E-05
 3.65915839E-05
 1.79693743E-05
 2.43118247E-05
-1.36329199E-05
 5.14189051E-05
 5.67558855E-05
 1.56217914E-06
 1.23941893E-04
 2.78697669E-04
 1.59655887E-04
 7.63258286E-05
 5.45077841E-04
 1.23588985E-03
 3.63747613E-03
 1.08126765E-02
 2.90909167E-02
 8.98062959E-02
 2.74751335E-01
 7.73942769E-01
 2.15948844E+00
 5.64428425E+00
 1.39400129E+01
 3.19561424E+01
 6.71669006E+01
 1.27837433E+02
 2.18085724E+02
 3.30709534E+02
 4.44627869E+02
 5.33269226E+02
 5.78741577E+02
 5.80223694E+02
 5.47182556E+02
 4.86929138E+02
 4.04053101E+02
 3.09268585E+02
 2.17894989E+02
 1.42688034E+02
 8.89474106E+01
 5.33591118E+01
 3.13541660E+01
 1.81793957E+01
 1.04683113E+01
 5.98938513E+00
 3.42372417E+00
 1.97006214E+00
 1.10077083E+00
 6.03945553E-01
 3.11284363E-01
 1.70755178E-01
 1.15728416E-01
 7.28969127E-02
 3.05691641E-02
 4.10491135E-04
 1.36042526E-03
 1.42710702E-02
 1.68195367E-02
 8.81923828E-03
 1.13782566E-03
 6.30186812E-04
 3.08827776E-03
 2.78596272E-04
 5.67870447E-04
 1.72005396E-03
 4.00541292E-04
 6.61086175E-04
 7.86504243E-04
 1.95239889E-04
-3.23584004E-06
 6.25578032E-05
 8.60140920E-02
 8.60140920E-02
 8.60140920E-02
 8.60140920E-02
 8.60140920E-02
 8.60140920E-02
 8.60140920E-02
 8.60140920E-02
 8.60140920E-02
 8.60140920E-02
 8.60140920E-02
 8.60140920E-02
 8.60140920E-02
 8.60140920E-02
 8.60140920E-02
 8.60140920E-02
 8.60140920E-02
 2.50153392E-12
 2.48733829E-11
 1.21360380E-10
 3.77495535E-10
 9.07192821E-10
 1.76220571E-09
 2.85436497E-09
 3.89299437E-09
 4.53512738E-09
 4.56678473E-09
 4.05093115E-09
 3.24697402E-09
 2.40851938E-09
 1.67993186E-09
 1.12275844E-09
 7.27054583E-10
 4.62687444E-10
 2.93090135E-10
 1.93065577E-10
 1.42264936E-10
 1.13643324E-10
 1.08720463E-10
 1.26872360E-10
 1.20500665E-10
 1.22953245E-10
 2.05654799E-10
 1.99495198E-10
 2.28829677E-10
 2.49900378E-10
 9.09385553E-11
 2.34335745E-10
 5.73056769E-10
 5.25295418E-10
 7.00117853E-10
 7.81845810E-10
 5.56341306E-10
 1.26031596E-09
 1.99010275E-09
 1.34671829E-09
 6.43869069E-10
 7.87186649E-10
 8.02570677E-10
 3.79415221E-10
 8.50708393E-11
 1.62246591E-10
 6.92736035E-10
 5.68961878E-10
 1.55399360E-10
 4.55812194E-10
 7.80204013E-10
 5.58205038E-10
-1.12298934E-10
 1.06036979E-09
-4.90047100E-11
 3.58362284E-10
-2.00887328E-11
 3.00564157E-10
-4.32500286E-11
 1.97186947E-10
 9.95613592E-10
 6.97541747E-10
 1.17694343E-09
 2.35744135E-09
 6.71056810E-09
 3.15672399E-09
 1.70647709E-08
 2.85083086E-08
 5.65026470E-09
-7.46412709E-10
-2.80400547E-09
-5.59701485E-09
 3.41072859E-09
 2.51284007E-08
 3.20729541E-08
 2.93832425E-08
 1.13797558E-08
-1.54271129E-09
-1.53279756E-09
 8.25595148E-09
 1.49907340E-08
 2.05523190E-08
 3.86149672E-08
 4.25287716E-08
 4.05619573E-08
 5.42020615E-08
 3.82128249E-08
 1.39713174E-08
 3.11011306E-08
 3.59655132E-08
 4.25289564E-08
 2.33977442E-08
-2.73661129E-08
 7.61826868E-09
 1.24658158E-07
 4.54898768E-08
-9.31219191E-08
-1.65807421E-08
 3.18368620E-07
 3.14183268E-07
 5.39730891E-08
 3.13681397E-07
 6.25413804E-07
 2.18935270E-07
-7.91822458E-07
-3.16876566E-07
 1.79626375E-06
 2.03029322E-06
 4.78292861E-07
-4.89661431E-07
 1.54095198E-06
 5.39239454E-06
 4.59105513E-06
 4.80830340E-06
 2.12947343E-05
 5.81624263E-05
 5.90017589E-05
 4.16172261E-05
 7.39519819E-05
 1.29832537E-04
 3.42707790E-05
 1.35916198E-05
 2.19195077E-04
 4.72219952E-04
 3.30371578E-04
 2.29718382E-04
 5.93110337E-04
 1.06847985E-03
 2.65182112E-04
 4.42183251E-03
 1.19228512E-02
 2.56295223E-02
 8.34967569E-02
 2.48910695E-01
 7.33354032E-01
 2.03813839E+00
 5.42128706E+00
 1.36119614E+01
 3.19935493E+01
 6.92314835E+01
 1.35822403E+02
 2.39350723E+02
 3.75439789E+02
 5.21549377E+02
 6.44507690E+02
 7.17332581E+02
 7.33890747E+02
 7.03711426E+02
 6.34718628E+02
 5.33043457E+02
 4.13167969E+02
 2.93219666E+02
 1.93416138E+02
 1.20962082E+02
 7.28262634E+01
 4.30654716E+01
 2.50004501E+01
 1.44384766E+01
 8.32362556E+00
 4.76096106E+00
 2.72340417E+00
 1.53233445E+00
 8.27581227E-01
 4.35409009E-01
 2.22453102E-01
 1.08835146E-01
 5.35874180E-02
 3.23109664E-02
 2.23046802E-02
 8.43665376E-03
-1.13993406E-03
-2.10536481E-03
-1.05179579E-03
 2.23324122E-03
 5.85097773E-03
 1.90954283E-03
 3.12600809E-04
 2.51485035E-03
 1.92822597E-03
 1.03899196E-03
 9.01592080E-04
 7.63303542E-04
 2.08362195E-04
 1.04437248E-04
 4.89534141E-05
 8.60140920E-02
 8.60140920E-02
 8.60140920E-02
 8.60140920E-02
 8.60140920E-02
 8.60140920E-02
 8.60140920E-02
 8.60140920E-02
 8.60140920E-02
 8.60140920E-02
 8.60140920E-02
 8.60140920E-02
 8.60140920E-02
 8.60140920E-02
 8.60140920E-02
 8.60140920E-02
 7.36654748E-12
 5.82141696E-11
 2.40043541E-10
 7.00269065E-10
 1.57959434E-09
 2.89756663E-09
 4.43282433E-09
 5.73387382E-09
 6.36396580E-09
 6.14531492E-09
 5.26559507E-09
 4.10638945E-09
 2.99109026E-09
 2.05712758E-09
 1.35857736E-09
 8.78739581E-10
 5.63420199E-10
 3.66664366E-10
 2.56900473E-10
 2.03530942E-10
 1.62050554E-10
 1.24121921E-10
 1.43804399E-10
 2.18296631E-10
 2.59679084E-10
 2.29359767E-10
 2.53808086E-10
 3.00449693E-10
 5.12038800E-10
 8.01422095E-10
 6.21134477E-10
 2.01806016E-10
 9.97228758E-11
 5.59757463E-10
 9.61521529E-10
 7.28518634E-10
-2.64424371E-10
 5.81607706E-10
 1.47045609E-09
 7.35052963E-10
 7.80974244E-11
 3.29743399E-10
 7.02649161E-10
 7.48786144E-10
 4.61524187E-11
 3.38745837E-11
 4.85338658E-10
 6.80637269E-10
 6.35650310E-10
 4.05394829E-10
 1.22874366E-09
-2.21053953E-10
-2.74177958E-10
 1.12400023E-09
-1.98824464E-11
 2.15337248E-10
 3.69096947E-10
-2.55288282E-12
 5.53555812E-10
-3.95728561E-10
 5.34263478E-09
 2.80565549E-09
 6.76234446E-09
 1.40370213E-08
 3.30683676E-08
 2.32459474E-08
 9.81261916E-09
 5.16949994E-09
 3.28887886E-08
 4.40918555E-08
 3.30691456E-08
 4.53573579E-09
 8.98164743E-09
 1.17569021E-08
 2.36752236E-08
 5.63214257E-08
 9.90077709E-08
 1.24766117E-07
 1.06407391E-07
 4.88337015E-08
-7.06454673E-09
-1.26972672E-08
 2.60480615E-08
 5.68790242E-08
 4.91926180E-08
 6.07455508E-09
-2.92326376E-08
 5.90623417E-09
 6.51532588E-08
 1.03516157E-07
 3.70682720E-08
 1.28392665E-08
 1.12897993E-07
 1.25198241E-07
-7.15519590E-08
 1.47314116E-08
 3.54571540E-07
 2.60716689E-07
-1.51827280E-07
-3.94872558E-07
 8.37781613E-08
 9.36884419E-07
 1.10509575E-06
-1.52311628E-07
 9.53228323E-08
 1.74016145E-06
 2.40933014E-06
 4.35188167E-06
 9.17628950E-06
 9.73218721E-06
 1.44255364E-05
 1.60482268E-05
 1.47224591E-05
 4.47496241E-05
 2.25135354E-05
-5.37624464E-06
 1.90002484E-05
 9.08031288E-05
 1.23522084E-04
 8.49933494E-05
 1.04751547E-04
 2.06728801E-04
 3.32363881E-04
 3.84457235E-04
 2.64611823E-04
 1.22730632E-03
 3.34044802E-03
 3.46297002E-03
 1.18302391E-03
 3.31645506E-03
 1.74108781E-02
 2.86680311E-02
 7.23424256E-02
 2.46430174E-01
 7.22433031E-01
 1.99981642E+00
 5.43572617E+00
 1.38567781E+01
 3.31116295E+01
 7.30215607E+01
 1.46753906E+02
 2.65301849E+02
 4.26927582E+02
 6.09114563E+02
 7.71073486E+02
 8.76972351E+02
 9.12386414E+02
 8.86470154E+02
 8.08965637E+02
 6.86152771E+02
 5.35440247E+02
 3.81796509E+02
 2.52873245E+02
 1.58794388E+02
 9.59176025E+01
 5.68246078E+01
 3.31201286E+01
 1.91236095E+01
 1.10346069E+01
 6.31133032E+00
 3.59239101E+00
 2.03233981E+00
 1.10317850E+00
 5.75928509E-01
 2.98168600E-01
 1.61340848E-01
 7.85963833E-02
 4.14268523E-02
 2.42584702E-02
 5.47620887E-03
 3.43689648E-03
 5.14963875E-03
 4.75467648E-03
 6.96107326E-03
 4.49442165E-03
-1.77501817E-03
 9.71265254E-04
 3.94763937E-03
 1.57352793E-03
 1.94670993E-03
 1.68639619E-03
 8.22501141E-04
 3.52907460E-04
 8.46569019E-05
 8.60140920E-02
 8.60140920E-02
 8.60140920E-02
 8.60140920E-02
 8.60140920E-02
 8.60140920E-02
 8.60140920E-02
 8.60140920E-02
 8.60140920E-02
 8.60140920E-02
 8.60140920E-02
 8.60140920E-02
 8.60140920E-02
 8.60140920E-02
 8.60140920E-02
 1.67280729E-12
 1.90438620E-11
 1.24484395E-10
 4.62677729E-10
 1.25467892E-09
 2.65246825E-09
 4.59533345E-09
 6.66831257E-09
 8.23815682E-09
 8.74228068E-09
 8.10687162E-09
 6.72754830E-09
 5.11973708E-09
 3.66656172E-09
 2.50447352E-09
 1.65869840E-09
 1.07699683E-09
 6.91700752E-10
 4.51078702E-10
 3.18640891E-10
 2.59910593E-10
 2.30888947E-10
 2.04233852E-10
 2.24371730E-10
 2.89875290E-10
 3.42445017E-10
 3.38911926E-10
 3.29743732E-10
 5.17163756E-10
 7.54174445E-10
 8.57596327E-10
 9.72625314E-10
 1.53163804E-09
 2.11818274E-09
 1.63721470E-09
 3.12164711E-10
 3.15206661E-09
 3.78549458E-09
 8.56556714E-10
 5.22984045E-10
 1.65184078E-09
 1.21162091E-09
 3.91940119E-10
 1.26370053E-10
 8.20687351E-10
 8.29633640E-10
 3.23804400E-10
 5.21265565E-11
 2.73172512E-10
 8.93181362E-10
 4.92848373E-10
 8.29721916E-11
 7.51167628E-10
 2.07809192E-09
 1.76742801E-10
 1.15059873E-09
-3.30391492E-10
 1.65354647E-10
 1.21419896E-09
 1.66464309E-09
 2.85334312E-09
 1.22554207E-08
 2.11842703E-08
 6.61948540E-09
-1.25081367E-09
 5.19885823E-09
 1.65910112E-08
 2.88551405E-08
 3.00585690E-08
 2.41238602E-08
 1.47342689E-08
 5.00729946E-09
-4.21605950E-09
 6.00272188E-09
 3.43970541E-08
 6.04733899E-08
 5.29937694E-08
 3.47934090E-08
 4.50207622E-08
 8.51708606E-08
 1.41852027E-07
 1.05283554E-07
 3.94946831E-08
 5.59921887E-08
 9.45978940E-08
 1.07661528E-07
 8.16341412E-08
 4.60996432E-08
 7.03233525E-08
 7.77341356E-08
 5.35856737E-09
-5.48811947E-08
-3.26939187E-09
 1.13857745E-07
 7.02836056E-09
-1.30594742E-07
-2.08716617E-08
 1.62809130E-07
 1.45945194E-07
-5.99812111E-08
 1.58005975E-07
 1.03377238E-06
 4.29793573E-07
-5.39339226E-07
-4.85560804E-07
 8.49719584E-07
 1.64956361E-06
 2.63940706E-06
 3.48370145E-06
 3.24299640E-06
 2.13370504E-06
 6.44035799E-06
 2.39079509E-05
 4.68963226E-05
 2.21873179E-05
-5.19224386E-06
 1.19170481E-05
 5.81199711E-05
 7.97903995E-05
 2.06184068E-05
 7.25089631E-05
 1.30535045E-04
 2.22922288E-04
 3.76222364E-04
 5.93047182E-04
 6.98694261E-04
 4.80015791E-04
 3.46479181E-04
 1.66491896E-03
 1.32106664E-03
 6.15745084E-04
 1.84118573E-03
 1.55509226E-02
 3.24803330E-02
 7.57941604E-02
 2.53029734E-01
 7.65559733E-01
 2.07611203E+00
 5.72613192E+00
 1.46691227E+01
 3.54275398E+01
 7.92775269E+01
 1.61894119E+02
 2.98173492E+02
 4.89370667E+02
 7.11828003E+02
 9.18051758E+02
 1.06148877E+03
 1.12001624E+03
 1.10044080E+03
 1.01288330E+03
 8.63354248E+02
 6.75439697E+02
 4.82918915E+02
 3.19384186E+02
 2.00713242E+02
 1.21498634E+02
 7.19282303E+01
 4.19388313E+01
 2.44396763E+01
 1.41250954E+01
 8.02921295E+00
 4.65187597E+00
 2.53470111E+00
 1.35639215E+00
 7.54070342E-01
 3.79487067E-01
 1.68262362E-01
 7.89423883E-02
 4.43415940E-02
 1.62850842E-02
 7.73873786E-03
 4.16558236E-03
-2.39052082E-04
 4.43344587E-04
 2.12326669E-03
 1.91617524E-03
 2.05540424E-03
 3.09841800E-03
 1.94062153E-03
 2.37658154E-03
 2.97508552E-03
 1.50432356E-03
 1.00606564E-03
 4.24662838E-04
 9.98216492E-05
 8.60140920E-02
 8.60140920E-02
 8.60140920E-02
 8.60140920E-02
 8.60140920E-02
 8.60140920E-02
 8.60140920E-02
 8.60140920E-02
 8.60140920E-02
 8.60140920E-02
 8.60140920E-02
 8.60140920E-02
 8.60140920E-02
 8.60140920E-02
 4.51285320E-12
 4.50176389E-11
 2.42380976E-10
 8.35093439E-10
 2.12028062E-09
 4.25038671E-09
 6.98174674E-09
 9.69962777E-09
 1.14825252E-08
 1.17190684E-08
 1.04811564E-08
 8.46065440E-09
 6.31503072E-09
 4.46498705E-09
 3.05139758E-09
 2.03127026E-09
 1.31090550E-09
 8.59758320E-10
 6.01039163E-10
 4.40763870E-10
 3.45681594E-10
 3.24241523E-10
 3.40502487E-10
 3.07419756E-10
 2.72126238E-10
 2.89550967E-10
 4.91577390E-10
 6.66765088E-10
 4.35987330E-10
 2.82934592E-10
 8.96119512E-10
 6.30440533E-10
 9.71354885E-10
 1.82326199E-09
 1.19292598E-09
 9.25786947E-10
 3.21078741E-09
 3.99614875E-09
 2.60096789E-09
 1.74045212E-09
 3.95328270E-10
 1.93724772E-10
 1.87016203E-09
 1.04613762E-09
 2.16447540E-10
 8.89333218E-10
 1.92598659E-10
 2.02147743E-09
-6.12258508E-11
 1.40651668E-09
 5.80068926E-09
 8.95424956E-10
 3.80494258E-09
 2.15323381E-09
 8.98965458E-10
 7.43364093E-10
 2.27751107E-09
-3.40435319E-11
 1.10647091E-09
 4.11528456E-09
 2.58858024E-09
-1.16629317E-09
 1.32177460E-08
 8.55980460E-08
 9.63404148E-08
 6.48778382E-08
 2.11394777E-08
 4.32726779E-08
 9.37394304E-08
 8.77938007E-08
 5.71982426E-08
 6.74679868E-08
 7.59690622E-08
 1.03602254E-07
 1.48348605E-07
 1.63939077E-07
 8.91878855E-08
 6.87376289E-09
 7.12674506E-08
 1.24314766E-07
 9.52684687E-08
 1.53768625E-08
-4.45265940E-08
-3.11704476E-08
 1.60882563E-09
 5.83875437E-09
-4.37306831E-08
-5.34394609E-08
 1.95292209E-08
 3.92886719E-08
-1.38488887E-10
 7.02077596E-09
 1.27936033E-07
 2.42688117E-07
-1.31170452E-08
 4.64913574E-09
 3.13555347E-07
 5.17611966E-07
 2.16436931E-07
-2.40397213E-07
-3.03229122E-08
 2.61905768E-07
 4.35143193E-07
 9.77481477E-07
 2.16605940E-06
 3.22923916E-06
 1.56887870E-06
 3.57826934E-06
 9.66639163E-06
 1.39286340E-05
 1.11395912E-05
 2.83517056E-06
 3.80225697E-06
 2.13407493E-05
 3.22820015E-05
 3.52953430E-05
 4.35314432E-05
 6.68196881E-05
 6.78653814E-05
 8.95740504E-06
-7.76335298E-07
 1.10027489E-04
 2.44992756E-04
 2.74918188E-04
 7.60383336E-05
-2.48947646E-04
-3.07150156E-04
 1.90492021E-04
 1.15369889E-03
 1.83649349E-03
 2.63946736E-03
 4.48017800E-03
 2.78909365E-03
 9.61760990E-03
 3.25854719E-02
 9.67375562E-02
 2.79447317E-01
 8.23505819E-01
 2.29569983E+00
 6.32025290E+00
 1.62066803E+01
 3.93252716E+01
 8.86377411E+01
 1.83031189E+02
 3.41017212E+02
 5.67207153E+02
 8.35901306E+02
 1.09236121E+03
 1.27750952E+03
 1.36215881E+03
 1.34968640E+03
 1.24828711E+03
 1.06592761E+03
 8.31696228E+02
 5.92284607E+02
 3.92217926E+02
 2.45990311E+02
 1.48994675E+02
 8.82760162E+01
 5.18051414E+01
 3.01491318E+01
 1.73158340E+01
 9.91845322E+00
 5.59664392E+00
 3.09952450E+00
 1.63987720E+00
 8.60040009E-01
 4.25871104E-01
 2.11343884E-01
 1.10230543E-01
 4.62674424E-02
 1.22783175E-02
 1.36087984E-02
 1.07110748E-02
 2.60351156E-03
 5.73887781E-04
 2.38277134E-03
 2.36861175E-03
 3.52375605E-03
 4.27123811E-03
 4.18964634E-03
 4.41863993E-03
 3.29109584E-03
 2.39745411E-03
 1.17407332E-03
 2.89742049E-04
 8.60140920E-02
 8.60140920E-02
 8.60140920E-02
 8.60140920E-02
 8.60140920E-02
 8.60140920E-02
 8.60140920E-02
 8.60140920E-02
 8.60140920E-02
 8.60140920E-02
 8.60140920E-02
 8.60140920E-02
 8.60140920E-02
-2.02065469E-12
 9.90925658E-12
 9.12606588E-11
 4.40768450E-10
 1.40636169E-09
 3.39067618E-09
 6.46232223E-09
 1.01996100E-08
 1.36187683E-08
 1.55327111E-08
 1.53068029E-08
 1.33198919E-08
 1.04879501E-08
 7.71413067E-09
 5.43676926E-09
 3.69004871E-09
 2.41790965E-09
 1.59833224E-09
 1.13400900E-09
 8.30334856E-10
 6.13732176E-10
 4.87420215E-10
 4.67101358E-10
 5.16643284E-10
 4.87146268E-10
 4.01466804E-10
 6.70533962E-10
 1.01921371E-09
 1.00657360E-09
 7.79301623E-10
 1.48534485E-09
 1.82530169E-09
 1.99414063E-09
 2.57890198E-09
 2.19712759E-09
 4.25880442E-09
 5.55357049E-09
 1.35683431E-09
-1.72345097E-10
 3.06124481E-09
 1.78756887E-09
 3.47766438E-09
 1.36111389E-09
 1.47633594E-09
 1.27505428E-09
 3.68690981E-11
 8.58755900E-10
 7.35924210E-10
 1.14385501E-09
 6.93505386E-09
 3.12897930E-09
-1.24504296E-09
 6.98762070E-09
 2.69062084E-09
 1.68254688E-09
 9.49445522E-10
 2.84720225E-09
 5.56500623E-09
 1.05054134E-08
 1.87153915E-09
 3.56435881E-09
 2.73789400E-08
 3.62676857E-08
-2.69226685E-08
 1.19458914E-08
-5.30416910E-09
 1.63694325E-09
 7.54022480E-08
 7.28919787E-08
 6.90355240E-09
-9.99338745E-09
 7.45958939E-09
 1.53691904E-08
 2.65422226E-08
 7.50929843E-08
 1.77303960E-07
 2.98727656E-07
 3.32070329E-07
 2.65878867E-07
 1.83790618E-07
 1.21102673E-07
 8.28630888E-08
 6.81795456E-08
 9.45244736E-08
 1.87554789E-07
 2.32399017E-07
 1.27644768E-07
 5.12002742E-08
 1.32777913E-07
 2.27934706E-07
 7.87457850E-08
-2.25391844E-07
-1.55621240E-08
 3.63633745E-07
 7.53261062E-08
-3.14125629E-07
 9.08348596E-08
 4.14244255E-07
-3.01322984E-07
-3.98624849E-07
 1.27057137E-06
 1.52196844E-06
 4.88131548E-07
-1.69588373E-06
-2.82650535E-06
 4.84221164E-06
 4.84984412E-06
-5.35469235E-06
-2.06256300E-06
 1.03802959E-05
 1.99330625E-05
 1.73986136E-05
 4.32382785E-06
-9.57088378E-06
 6.26447854E-06
 3.04276546E-05
-2.26889515E-05
-4.37117124E-05
 3.78152472E-05
 9.42643601E-05
 3.19559258E-05
-8.73213212E-05
-1.28033062E-04
-1.32762998E-05
 1.39817465E-04
 3.04890476E-04
 5.65135910E-04
 9.86942789E-04
 1.58082123E-03
 2.08895025E-03
 1.78226561E-03
 1.01460260E-03
 1.47527584E-03
 5.84303960E-03
 4.92857629E-03
 1.54486047E-02
 3.33848521E-02
 1.09229028E-01
 3.33987534E-01
 9.38112319E-01
 2.69194388E+00
 7.17137241E+00
 1.86460419E+01
 4.53522530E+01
 1.02243805E+02
 2.12508408E+02
 3.97827515E+02
 6.66476013E+02
 9.88775024E+02
 1.30116248E+03
 1.53251990E+03
 1.64476697E+03
 1.63843115E+03
 1.51577039E+03
 1.28957104E+03
 9.99237061E+02
 7.08334778E+02
 4.66353729E+02
 2.92235077E+02
 1.76583160E+02
 1.04697815E+02
 6.15654297E+01
 3.59014206E+01
 2.06644745E+01
 1.18095522E+01
 6.61881304E+00
 3.60926533E+00
 1.96313405E+00
 9.80211258E-01
 5.08200705E-01
 2.31255278E-01
 1.03405893E-01
 5.03580533E-02
 2.41346341E-02
 9.11407173E-03
 2.22575362E-03
 3.82474647E-03
 4.86639561E-03
 3.08240857E-03
 3.79355415E-03
 5.13215642E-03
 5.41184051E-03
 6.18015323E-03
 6.05601119E-03
 4.22477908E-03
 2.62454222E-03
 9.05458583E-04
 1.97713423E-04
 8.60140920E-02
 8.60140920E-02
 8.60140920E-02
 8.60140920E-02
 8.60140920E-02
 8.60140920E-02
 8.60140920E-02
 8.60140920E-02
 8.60140920E-02
 8.60140920E-02
 8.60140920E-02
 8.60140920E-02
 1.61679047E-12
 1.95393684E-11
 1.76401768E-10
 7.52538587E-10
 2.26017827E-09
 5.14397813E-09
 9.43516909E-09
 1.43921470E-08
 1.85642399E-08
 2.04836663E-08
 1.95830676E-08
 1.66629253E-08
 1.29483535E-08
 9.38027700E-09
 6.55653354E-09
 4.44233672E-09
 2.98224356E-09
 2.04587436E-09
 1.39126433E-09
 9.58210511E-10
 6.83712920E-10
 5.55279656E-10
 5.74196579E-10
 6.42260634E-10
 6.28814889E-10
 4.70818773E-10
 6.88762714E-10
 9.45187151E-10
 8.64234961E-10
 1.03229159E-09
 2.20236518E-09
 2.52363974E-09
 2.15131313E-09
 2.68200329E-09
 4.09872447E-09
 6.49674758E-09
 2.70331557E-09
 1.28774404E-08
 1.03768123E-08
 6.10773609E-09
-3.26772720E-10
 1.73008974E-09
 1.02867208E-08
 3.29347394E-09
 5.14642728E-09
 1.21001389E-10
 3.80473431E-09
 6.06515016E-09
 3.18862203E-09
 8.63153460E-09
 2.08881801E-08
 5.95629857E-09
 8.64545058E-09
 2.91692670E-09
 3.95026650E-11
 3.60054053E-09
 2.99938008E-09
-2.93729513E-10
 1.39088574E-09
 4.66721950E-09
 6.08129369E-09
 5.16608090E-10
 1.35863587E-07
 2.38845445E-07
 2.06599850E-07
 2.24274856E-07
 1.40839973E-07
 9.32933375E-08
 9.24854504E-08
 1.70356699E-07
 1.45970176E-07
 1.69779170E-07
 1.70704439E-07
 1.10809211E-07
 5.18340997E-08
 2.88178104E-08
-3.89992678E-08
-1.34467921E-08
 2.15985585E-09
 1.37875666E-08
 2.71115184E-08
 3.08714192E-08
 2.05269455E-08
 3.23925526E-08
 9.81672272E-08
 2.57842174E-08
-1.04241956E-07
-1.10012586E-07
 5.66570613E-08
 7.91861510E-08
-1.90673845E-07
 4.08619414E-08
 5.08625988E-07
 4.76783441E-07
-1.88962773E-07
-2.12632791E-08
 1.19893662E-06
 5.85429405E-07
-5.50918969E-07
 2.42391280E-07
 2.84747125E-06
 1.64744131E-06
-4.02777960E-06
 6.58090357E-07
 1.08014810E-05
 1.41244927E-05
 3.87946830E-06
-8.61774424E-06
-4.73716727E-06
 5.39379380E-06
 1.23376994E-05
 1.24035250E-05
 6.36426284E-06
-1.58516400E-06
-4.86997260E-06
 5.19150017E-05
 6.90195884E-05
-8.67494327E-06
 4.19228900E-06
 8.30481949E-05
 1.18005599E-04
 1.16387273E-04
 1.60982556E-04
 3.22522596E-04
 5.63016103E-04
 2.30383113E-04
-2.03620410E-04
 2.69721437E-04
 1.13363471E-03
 2.02682684E-03
 2.34033423E-03
 1.49588136E-03
 2.33854307E-03
 3.60946939E-03
 4.14227508E-03
 1.20687988E-02
 1.53134046E-02
 4.79403213E-02
 1.34026647E-01
 4.01261419E-01
 1.14905965E+00
 3.25258517E+00
 8.67986488E+00
 2.22473469E+01
 5.40084991E+01
 1.22026970E+02
 2.52864426E+02
 4.74283630E+02
 7.94461548E+02
 1.18045898E+03
 1.55583691E+03
 1.83598608E+03
 1.97610400E+03
 1.97049231E+03
 1.81763501E+03
 1.53129932E+03
 1.17662695E+03
 8.24002808E+02
 5.39749023E+02
 3.36725586E+02
 2.03328049E+02
 1.20477936E+02
 7.10197144E+01
 4.13328781E+01
 2.38654652E+01
 1.35654135E+01
 7.49352264E+00
 4.06258821E+00
 2.11817408E+00
 1.08128560E+00
 5.19901335E-01
 2.33345985E-01
 1.11370064E-01
 4.82601039E-02
 2.33438313E-02
 1.18415663E-02
 4.97569097E-03
 3.14090680E-03
 2.73301732E-03
 3.81683093E-03
 6.97636046E-03
 7.34572066E-03
 7.98224937E-03
 8.50983243E-03
 7.40495184E-03
 5.16927335E-03
 2.72253784E-03
 8.64468573E-04
 8.60140920E-02
 8.60140920E-02
 8.60140920E-02
 8.60140920E-02
 8.60140920E-02
 8.60140920E-02
 8.60140920E-02
 8.60140920E-02
 8.60140920E-02
 8.60140920E-02
 8.60140920E-02
 8.60140920E-02
 3.34734866E-12
 4.74319542E-11
 3.18826521E-10
 1.23962995E-09
 3.49084317E-09
 7.57350982E-09
 1.34102089E-08
 1.97355892E-08
 2.47305234E-08
 2.65078857E-08
 2.47450895E-08
 2.06583497E-08
 1.58685225E-08
 1.13643566E-08
 7.88848631E-09
 5.36660183E-09
 3.68565622E-09
 2.57670507E-09
 1.84199367E-09
 1.39490575E-09
 1.24332056E-09
 1.03061926E-09
 8.24114055E-10
 7.97339195E-10
 9.15273024E-10
 1.09602138E-09
 9.62226632E-10
 1.31946898E-09
 9.08500830E-10
 1.03266573E-09
 1.88189020E-09
 2.61144373E-09
 1.70773262E-09
 3.27232708E-09
 4.49464777E-09
 6.21630636E-10
 4.81953188E-09
 6.00992756E-10
-6.10870354E-10
 2.14646145E-09
 3.15153770E-09
 2.12130313E-09
 3.62875374E-09
 1.12935972E-08
 2.88687096E-09
 2.03614925E-09
 5.53750379E-09
 5.43296963E-09
 2.32181012E-08
 2.48602365E-08
 1.69022289E-08
 7.30058236E-09
 2.39799003E-09
 1.84403137E-09
 2.70264366E-09
-3.04946540E-10
 1.84513400E-08
 1.14628289E-08
 3.17000826E-08
 3.88904162E-08
 1.91408134E-08
 6.91804392E-09
 8.09642273E-08
-5.62265541E-08
 2.95816101E-08
 2.73951795E-08
 8.70268551E-08
 1.68994163E-07
 1.82331206E-07
-4.09937222E-08
 5.19694154E-08
 1.55429049E-07
 3.46198334E-07
 4.44532134E-07
 4.77103299E-07
 3.64696547E-07
 2.95614740E-07
 2.89992073E-07
 2.17606484E-07
 1.30374303E-07
 1.38555180E-07
 1.65617848E-07
 1.21538037E-07
 1.00704085E-07
 2.10538445E-07
 1.94212276E-07
 1.48279824E-07
 2.46668748E-07
 4.09846166E-07
 2.71833244E-07
 7.14284454E-08
 2.56257323E-07
 4.25973070E-07
-6.35195434E-08
-7.73171109E-07
 4.58350968E-07
 1.22436245E-06
-3.63234818E-07
-1.95455800E-06
-5.37008361E-07
 2.90237745E-06
 8.21781555E-07
-3.20877803E-06
-1.18022092E-06
 3.18035700E-06
 2.39146357E-06
-2.68960775E-06
 2.18227387E-06
 8.32813021E-06
 9.65765321E-06
 8.14480609E-06
 6.06631374E-06
 5.95837628E-06
 9.46987620E-06
 1.63204277E-05
 2.59142053E-05
 7.85348748E-05
 3.37425263E-05
 2.54752922E-05
 6.33330856E-05
 9.68097011E-05
 5.96891259E-05
-1.32539153E-05
 6.43026287E-05
 2.96750426E-04
 3.67347035E-04
-1.27537787E-04
-5.53023012E-04
-2.03112941E-04
 1.15369319E-03
 2.15375959E-03
 1.50321133E-03
 2.17792974E-03
 4.47674748E-03
 3.88995907E-03
 7.78464775E-04
 9.24052577E-03
 3.22260335E-02
 6.10356629E-02
 1.58540457E-01
 5.01152813E-01
 1.47460413E+00
 4.01136732E+00
 1.08641348E+01
 2.77146072E+01
 6.65413284E+01
 1.49977554E+02
 3.09125336E+02
 5.77107483E+02
 9.61609009E+02
 1.42234338E+03
 1.86806067E+03
 2.19941626E+03
 2.36530151E+03
 2.34962915E+03
 2.14887939E+03
 1.78801917E+03
 1.35192969E+03
 9.37379272E+02
 6.07745850E+02
 3.76842865E+02
 2.27190948E+02
 1.34910156E+02
 7.95471191E+01
 4.63999062E+01
 2.67550621E+01
 1.51192245E+01
 8.25667095E+00
 4.36683750E+00
 2.25587177E+00
 1.13900292E+00
 5.44909775E-01
 2.57429808E-01
 1.20868608E-01
 5.62219918E-02
 2.49112397E-02
 7.44929817E-03
 5.59933437E-03
 1.00353668E-02
 7.91544281E-03
 4.87933215E-03
 9.64478217E-03
 1.11289956E-02
 1.10473474E-02
 1.08217560E-02
 8.81356280E-03
 5.57093229E-03
 2.39574048E-03
 3.73194052E-04
 8.60140920E-02
 8.60140920E-02
 8.60140920E-02
 8.60140920E-02
 8.60140920E-02
 8.60140920E-02
 8.60140920E-02
 8.60140920E-02
 8.60140920E-02
 8.60140920E-02
 8.60140920E-02
 8.00074850E-12
 9.39955752E-11
 5.66195035E-10
 2.00930694E-09
 5.30208899E-09
 1.09935154E-08
 1.87079703E-08
 2.67278608E-08
 3.24671277E-08
 3.38839712E-08
 3.09467261E-08
 2.53549501E-08
 1.92349230E-08
 1.37040237E-08
 9.51696677E-09
 6.53813181E-09
 4.45566606E-09
 3.03296233E-09
 2.21894081E-09
 1.76670012E-09
 1.46936552E-09
 1.33394940E-09
 1.32965494E-09
 1.18220489E-09
 1.14846321E-09
 1.15289367E-09
 9.61673297E-10
 1.43711798E-09
 2.44494536E-09
 2.71937917E-09
 3.52394292E-09
 5.42697665E-09
 7.13723081E-09
 6.96505342E-09
 6.94741509E-09
 9.68738245E-09
 1.65038401E-08
 1.84082705E-08
 6.25815000E-09
 1.28102293E-08
 9.00761155E-09
 1.64459806E-08
 2.36327828E-08
 3.89358590E-09
 1.47857779E-08
 6.69209266E-09
 1.01876969E-08
 1.28452937E-08
-2.88329516E-09
 9.90802551E-09
 5.56841195E-09
 3.98386302E-09
 7.49451168E-10
 5.62060620E-09
 2.28253771E-09
 1.51509401E-08
-1.06141611E-08
 1.19119736E-08
 1.40571321E-09
 1.34237979E-07
 1.88664046E-07
 2.90095642E-07
 5.88810167E-07
 4.51948722E-07
 4.31309445E-07
 5.71415768E-08
 2.68299488E-07
-1.70518817E-08
 1.80705129E-07
 5.35511845E-07
 5.78310960E-07
 2.45144150E-07
-6.64476474E-08
-4.76972524E-08
 1.18655876E-07
 1.66663824E-07
 1.68230727E-07
 1.02774528E-07
 5.80760329E-08
 5.54841080E-08
 1.58587895E-07
 2.81926305E-07
 2.88311753E-07
 2.37589973E-07
 2.17722388E-07
 5.66417953E-08
-5.02106445E-08
 1.18384747E-07
 9.39110407E-08
-1.86480690E-07
 7.72321087E-08
 7.84293263E-07
 8.08198877E-07
-2.07571880E-08
-6.36118713E-08
 1.31941351E-06
 1.00567547E-06
-5.92606568E-07
 8.73740305E-07
 2.15305863E-06
 1.66151801E-06
 9.55511837E-07
 1.31602633E-06
 3.20233744E-06
-5.29025726E-07
-3.01673845E-06
-1.21741971E-06
 5.49270089E-06
 1.70962776E-05
 2.17150500E-05
 1.15153052E-05
-2.14900388E-06
-8.34260572E-06
-2.66620674E-07
 2.09331210E-05
 4.12268673E-05
 4.35727488E-05
 9.83296377E-06
-6.32809360E-06
 1.12563966E-05
 4.37024501E-05
 5.93025397E-05
 3.57434037E-05
-1.76790800E-05
-2.84530252E-05
 1.94011984E-04
 3.67804983E-04
 4.53523971E-04
 7.02171528E-04
 1.17948244E-03
 1.33443077E-03
 5.23696544E-05
 1.31890073E-03
 6.79443032E-03
 9.41045862E-03
 4.68147593E-03
 3.92087415E-04
 5.36038540E-03
 3.34004052E-02
 9.49496105E-02
 2.29032204E-01
 6.75474763E-01
 1.96759045E+00
 5.28764248E+00
 1.40797758E+01
 3.56098366E+01
 8.51587677E+01
 1.89602814E+02
 3.87427307E+02
 7.15891479E+02
 1.18170654E+03
 1.73084436E+03
 2.25333350E+03
 2.63767310E+03
 2.81958594E+03
 2.77916187E+03
 2.50815723E+03
 2.05013574E+03
 1.52041028E+03
 1.03789905E+03
 6.64851501E+02
 4.10188477E+02
 2.47699020E+02
 1.47059631E+02
 8.64731598E+01
 5.01437111E+01
 2.87663269E+01
 1.61984367E+01
 8.79725742E+00
 4.61579275E+00
 2.34358549E+00
 1.15657389E+00
 5.38954020E-01
 2.33061284E-01
 1.00956738E-01
 5.16732447E-02
 2.58628000E-02
 5.04089054E-03
 7.20557896E-03
 9.63573158E-03
 8.99009965E-03
 1.12556973E-02
 1.34281935E-02
 1.54001378E-02
 1.51808290E-02
 1.34025021E-02
 9.72744543E-03
 5.28033962E-03
 1.73580833E-03
 8.60140920E-02
 8.60140920E-02
 8.60140920E-02
 8.60140920E-02
 8.60140920E-02
 8.60140920E-02
 8.60140920E-02
 8.60140920E-02
 8.60140920E-02
 8.60140920E-02
 8.60140920E-02
 1.71678626E-11
 1.89974120E-10
 9.69660019E-10
 3.21884630E-09
 7.94946420E-09
 1.58168376E-08
 2.59036508E-08
 3.58478580E-08
 4.22019539E-08
 4.29435012E-08
 3.83726402E-08
 3.10476658E-08
 2.31846862E-08
 1.65873697E-08
 1.14319505E-08
 7.71855024E-09
 5.49227952E-09
 4.09712397E-09
 3.08435943E-09
 2.72974710E-09
 2.18683871E-09
 1.40226097E-09
 1.48027890E-09
 1.34697120E-09
 1.67386560E-09
 2.13368656E-09
 1.80381743E-09
 2.34242403E-09
 2.09631246E-09
 2.88679125E-09
 1.89563787E-09
 1.10712828E-09
 4.96213914E-09
 5.53149127E-09
 9.24648980E-09
 1.29617028E-08
 8.26206481E-09
-3.63283204E-09
 1.48260479E-08
 2.12644036E-08
 6.30567243E-08
 1.06658092E-07
 9.68249125E-09
-3.44426376E-10
 6.23553698E-09
 2.12103979E-09
 2.95062974E-09
 2.16894325E-08
 1.68967897E-08
 9.26808852E-09
 6.23315932E-09
 6.56633103E-09
 3.50835005E-09
 6.18281115E-09
 1.19588277E-08
 3.86282402E-08
 3.74807598E-08
 2.79731847E-08
-2.94642022E-09
 9.23220398E-08
-4.32683365E-08
 1.68826645E-07
-6.04448260E-08
-5.26383950E-08
 1.47623965E-07
 1.99691300E-07
 4.45534809E-08
-6.44662492E-08
 3.20781226E-07
 9.51221296E-07
 1.25498207E-06
 1.16051865E-06
 8.41018505E-07
 6.27535940E-07
 5.72704892E-07
 2.96635534E-07
 4.16857517E-07
 5.96939060E-07
 6.33911327E-07
 4.34042050E-07
 3.01651767E-07
 2.03692480E-07
 1.47107883E-07
 2.09692132E-07
 3.05481308E-07
 3.77921566E-07
 7.75179672E-07
 1.01128160E-06
 6.01287752E-07
-1.76863594E-07
 1.70976691E-07
 7.31384318E-07
 3.84730697E-07
-1.95599540E-07
-6.08822788E-08
 6.18577133E-07
 1.40724623E-07
-4.02838509E-08
 4.15697315E-07
 3.37658236E-07
-7.92076094E-07
-7.13386157E-07
 1.77327274E-06
 3.90136529E-06
 4.63862534E-06
 4.02916521E-06
 2.99226122E-06
 2.84745852E-06
 4.83960912E-06
 9.66395783E-06
 1.15829407E-05
 4.25243616E-06
-1.88168474E-06
 1.52645396E-06
 1.65685851E-05
 3.48982467E-05
 4.05632127E-05
 1.66081700E-05
-1.78447444E-05
 3.53132928E-05
 1.40393357E-04
 2.31617669E-04
 2.55569670E-04
 1.93413594E-04
 8.31136058E-05
 4.24873579E-05
 2.23274241E-04
 5.30309801E-04
 9.22514126E-04
 1.30029069E-03
 1.19495392E-03
-3.10292598E-05
 2.29882682E-03
 1.83965603E-03
 5.44505019E-04
 3.04857548E-03
 8.98758508E-03
 1.41511774E-02
 1.78525411E-02
 3.58898938E-02
 1.09367169E-01
 3.16597432E-01
 9.35572684E-01
 2.68196273E+00
 7.20416594E+00
 1.90552616E+01
 4.74429550E+01
 1.12098686E+02
 2.46293579E+02
 4.96867523E+02
 9.04732361E+02
 1.47136987E+03
 2.12276123E+03
 2.72915869E+03
 3.16135889E+03
 3.34741504E+03
 3.25654761E+03
 2.88261206E+03
 2.30198340E+03
 1.66666162E+03
 1.11741187E+03
 7.08884277E+02
 4.35614777E+02
 2.61445465E+02
 1.56065704E+02
 9.22816238E+01
 5.32378044E+01
 3.01987381E+01
 1.66392593E+01
 8.93783379E+00
 4.58779907E+00
 2.27521777E+00
 1.12360299E+00
 5.15413821E-01
 2.29939640E-01
 1.21894285E-01
 5.04695512E-02
 2.26939768E-02
 1.51913995E-02
 1.39340218E-02
 1.12065235E-02
 1.30496416E-02
 1.71964671E-02
 1.96331125E-02
 2.02626456E-02
 1.89454444E-02
 1.55233461E-02
 1.01626283E-02
 4.54524020E-03
 6.68713823E-04
 8.60140920E-02
 8.60140920E-02
 8.60140920E-02
 8.60140920E-02
 8.60140920E-02
 8.60140920E-02
 8.60140920E-02
 8.60140920E-02
 8.60140920E-02
 8.60140920E-02
 3.65783480E-11
 3.61546570E-10
 1.64082248E-09
 5.05652364E-09
 1.18891146E-08
 2.26046080E-08
 3.56737644E-08
 4.77716142E-08
 5.46236585E-08
 5.41196101E-08
 4.75185793E-08
 3.79429821E-08
 2.80590555E-08
 1.96530507E-08
 1.35263383E-08
 9.67942171E-09
 7.04231828E-09
 4.79020112E-09
 3.57386343E-09
 3.15587689E-09
 2.91174440E-09
 2.60542143E-09
 2.86479551E-09
 2.24032237E-09
 1.49623991E-09
 1.58043445E-09
 2.70762057E-09
 2.54433785E-09
 1.55539137E-09
 5.29782884E-09
 7.99224953E-09
 9.37442568E-09
 1.16399645E-08
 1.31749882E-08
 4.00465838E-09
 4.75954653E-09
 1.00950164E-08
 5.00835000E-08
 3.74297358E-08
-4.31526592E-09
-6.05277339E-09
 7.86872878E-09
 1.60220655E-08
 1.98484340E-08
 4.02586497E-09
 3.16927569E-08
 8.23501196E-08
 2.73622067E-08
 1.30730218E-08
 1.19217818E-08
-2.44128029E-09
 1.16664847E-08
 3.03420261E-10
 1.10938192E-08
-5.07856068E-09
 9.30601871E-08
-7.03913505E-09
 1.20087137E-07
 1.97057531E-07
 5.14894396E-07
 7.17748321E-07
 7.56721931E-07
 3.90739444E-07
 7.28527880E-07
 1.23062875E-06
 1.35712696E-06
 1.00034777E-06
 5.04676677E-07
 2.84467802E-07
 5.55766100E-08
-1.55710325E-07
-2.58429168E-07
-1.59763488E-07
 4.24816790E-07
 5.36102789E-07
 1.55267713E-07
-6.20993674E-08
 1.09090180E-07
 4.32210356E-07
 3.58220944E-07
 1.20545550E-07
 1.51021051E-09
 3.45658776E-07
 8.34509649E-07
 7.03300145E-07
 3.97447053E-07
 8.34177115E-07
 1.28112742E-06
 1.03863840E-06
 3.13840445E-07
 9.46425729E-08
 3.17611466E-07
 7.77461864E-08
-1.31870209E-07
 4.60503884E-07
 5.40285157E-07
-4.78813490E-07
 3.57200065E-07
 2.23879147E-06
 2.82631800E-06
 6.90778108E-07
-1.07094263E-06
-6.74645719E-07
 1.19977722E-06
 2.72427178E-06
 3.03062393E-06
 2.01386615E-06
 1.36767596E-07
-1.63582922E-06
-2.05724882E-06
-3.10591531E-07
 2.55075133E-06
 4.53850998E-06
 7.10834865E-06
 1.01121432E-05
 1.40572338E-05
 1.85974150E-05
 2.19031681E-05
 1.38124196E-05
-2.31759059E-05
-4.62509379E-05
-1.66453538E-05
 7.40316391E-05
 1.29570079E-04
 9.61459882E-05
 1.01438463E-05
 5.77082537E-05
 2.11021004E-04
 2.37097411E-04
 2.39525092E-04
 3.45610810E-04
-4.44206875E-04
 2.99237459E-03
 5.20917587E-03
 2.11719400E-03
 2.06534727E-03
 3.56225134E-03
 8.64979718E-03
 1.15420530E-02
 1.70400031E-02
 5.55913411E-02
 1.80828482E-01
 4.72602665E-01
 1.39782405E+00
 3.74673438E+00
 1.01545420E+01
 2.64347763E+01
 6.50025101E+01
 1.51727798E+02
 3.28422852E+02
 6.50562866E+02
 1.16226770E+03
 1.85305261E+03
 2.62307422E+03
 3.31393237E+03
 3.78235034E+03
 3.95205225E+03
 3.77126929E+03
 3.25023389E+03
 2.52155469E+03
 1.78153870E+03
 1.17702893E+03
 7.41647339E+02
 4.52781738E+02
 2.71580872E+02
 1.61638351E+02
 9.48799591E+01
 5.45892982E+01
 3.06862221E+01
 1.66503963E+01
 8.76495838E+00
 4.42966175E+00
 2.17562366E+00
 1.03098845E+00
 4.68789518E-01
 2.07495898E-01
 9.77696478E-02
 4.69200164E-02
 2.46016271E-02
 1.75504871E-02
 1.52390506E-02
 1.75903123E-02
 2.08876524E-02
 2.32211836E-02
 2.43444126E-02
 2.54044887E-02
 2.19225865E-02
 1.61082111E-02
 9.15423129E-03
 2.80097639E-03
 8.60140920E-02
 8.60140920E-02
 8.60140920E-02
 8.60140920E-02
 8.60140920E-02
 8.60140920E-02
 8.60140920E-02
 8.60140920E-02
 8.60140920E-02
 8.60140920E-02
 8.59474922E-11
 6.48881726E-10
 2.68363398E-09
 7.81350540E-09
 1.75046182E-08
 3.21102789E-08
 4.89423080E-08
 6.32753299E-08
 7.03865908E-08
 6.82255887E-08
 5.89904481E-08
 4.63505145E-08
 3.39135440E-08
 2.38092905E-08
 1.65268830E-08
 1.13626690E-08
 7.94309418E-09
 6.54216992E-09
 5.93867311E-09
 5.34498890E-09
 4.19696500E-09
 2.70338063E-09
 3.09851855E-09
 1.90513472E-09
 2.48323806E-09
 2.20856178E-09
 2.24204966E-09
 4.55226745E-09
 4.80328888E-09
 4.87271334E-09
 3.82606258E-09
 4.79786966E-09
 8.27128233E-09
 9.01805208E-09
 1.45942129E-08
 2.60239723E-08
 3.18854632E-08
 4.92644681E-09
 4.06726075E-09
 4.84564602E-08
 8.06623106E-08
 3.70089950E-08
 9.63337232E-09
 5.05556663E-09
 9.06368136E-09
 3.55513485E-08
 2.05612043E-08
 1.41029082E-08
 9.97433802E-11
-4.56133686E-10
 7.86868348E-09
 8.95088004E-09
 3.42426851E-08
 6.70411326E-09
 6.70772096E-08
 1.40866518E-08
-2.22504468E-08
 1.36908696E-07
 3.24519590E-07
 1.92608496E-07
 4.52045725E-07
-1.53184160E-07
 9.71912073E-07
-4.62590606E-08
-1.76677034E-07
-2.37176806E-07
-1.65122785E-07
 3.73823724E-07
 7.75837691E-07
 1.06678647E-06
 1.34714492E-06
 1.58256114E-06
 1.69183193E-06
 1.68133749E-06
 1.28702436E-06
 1.05646927E-06
 1.00711145E-06
 9.97306415E-07
 1.08164215E-06
 1.30783906E-06
 1.17623688E-06
 8.69955272E-07
 1.04752314E-06
 1.32464356E-06
 8.14718362E-07
-6.81154120E-08
 3.92475741E-08
 4.78681272E-07
 4.91661638E-07
 4.95785287E-07
 4.29104659E-07
 2.10975131E-07
-4.28289439E-08
 4.30580542E-07
 8.96780875E-07
 7.24237566E-07
-6.24138352E-07
-3.40260613E-07
 5.33294610E-07
 6.13792906E-07
 1.31840000E-06
 1.28311603E-06
 3.37160230E-07
 1.83531071E-07
 1.61956876E-07
 6.99721614E-09
-1.58320333E-07
-1.91343119E-08
 7.34659523E-07
 1.79259325E-06
 2.26855536E-06
 2.69152952E-06
 3.33809407E-06
 4.58225213E-06
 5.10430164E-06
 3.99324790E-06
 2.50622543E-06
 2.76682226E-06
 7.30980219E-06
 1.49731759E-05
 1.28568536E-05
 1.96048986E-05
 4.57028036E-05
 8.26797113E-05
 9.88996762E-05
 4.84528900E-05
 3.84104278E-05
 1.41212760E-04
 2.92116572E-04
 3.63027706E-04
 2.37133674E-04
 1.05091538E-04
 1.20419264E-03
 9.93004185E-04
 1.95700432E-05
 1.40375050E-03
 5.57906181E-03
 7.20870309E-03
 4.44710674E-03
 1.04818996E-02
 2.65548415E-02
 1.06245756E-01
 2.24203944E-01
 7.07807302E-01
 2.13261890E+00
 5.60573387E+00
 1.48626566E+01
 3.80665321E+01
 9.22643356E+01
 2.10814041E+02
 4.47637146E+02
 8.67672729E+02
 1.51448633E+03
 2.35466382E+03
 3.25615527E+03
 4.03015381E+03
 4.51918213E+03
 4.63045947E+03
 4.30276465E+03
 3.58422363E+03
 2.68824097E+03
 1.85565442E+03
 1.20645581E+03
 7.52335327E+02
 4.58627350E+02
 2.76931915E+02
 1.62963470E+02
 9.51847000E+01
 5.40784073E+01
 3.00685673E+01
 1.60042534E+01
 8.24994946E+00
 4.15013027E+00
 1.98052180E+00
 9.39226806E-01
 4.33792323E-01
 1.92966834E-01
 8.58792663E-02
 4.59368080E-02
 2.81569418E-02
 1.91298500E-02
 2.05047540E-02
 2.61418950E-02
 2.99196411E-02
 3.26661281E-02
 3.32790427E-02
 2.99252290E-02
 2.40040366E-02
 1.57346446E-02
 6.84455549E-03
 8.60140920E-02
 8.60140920E-02
 8.60140920E-02
 8.60140920E-02
 8.60140920E-02
 8.60140920E-02
 8.60140920E-02
 8.60140920E-02
 8.60140920E-02
 8.60140920E-02
 1.67456243E-10
 1.11756415E-09
 4.26788827E-09
 1.17153549E-08
 2.51772008E-08
 4.44725927E-08
 6.59445263E-08
 8.30851974E-08
 9.02534083E-08
 8.61020908E-08
 7.30918543E-08
 5.66251543E-08
 4.09853413E-08
 2.82232406E-08
 1.92773424E-08
 1.37253044E-08
 1.03612177E-08
 8.02250533E-09
 6.41259046E-09
 5.28961763E-09
 3.93038713E-09
 4.80687801E-09
 5.76544990E-09
 5.54572566E-09
 4.13189927E-09
 4.00927025E-09
 4.97563502E-09
 3.93452648E-09
 3.95903932E-09
 5.30618882E-09
 9.95595872E-09
 1.62645239E-08
 1.57649573E-08
 1.92916474E-08
 2.14093596E-08
 3.01513059E-09
 2.44262943E-09
 2.80322645E-08
 5.46331407E-08
 7.04292447E-08
 8.33958325E-08
 2.48417624E-08
 1.02591491E-08
 1.77720718E-08
 1.62884561E-09
 1.35516167E-08
 1.60335354E-08
 1.41040850E-08
 2.20561116E-08
 7.06388414E-09
 1.79818338E-09
 2.56067167E-08
 6.97359326E-08
 5.97158376E-08
-2.26809771E-09
 2.09942797E-07
-6.32454942E-08
 2.79641824E-07
 5.21427182E-07
 6.66324581E-07
 2.01124863E-07
 2.43178874E-07
 1.61162484E-06
 1.84368173E-06
 2.26129941E-06
 1.76224898E-06
 1.52980192E-06
 1.40205577E-06
 1.02718172E-06
 4.34996707E-07
 4.67995847E-08
 2.07577298E-08
 1.43605405E-07
-2.31536461E-07
-2.93530547E-07
 1.95100789E-08
 5.26444843E-08
-9.16457452E-08
-4.71874984E-08
 1.29123706E-07
 4.09891470E-07
 1.03628042E-06
 1.93427877E-06
 2.71893578E-06
 2.93917674E-06
 2.58744740E-06
 1.75523473E-06
 7.69523581E-07
 1.62423618E-07
 2.11754440E-07
 5.63991080E-07
 3.46671442E-07
-7.82934961E-09
-2.48203680E-08
 3.31436667E-07
 7.51002403E-07
 6.80194546E-07
 9.40104172E-08
-3.74671210E-08
 4.39231229E-07
 1.03347656E-06
 1.13651049E-06
 5.89419358E-07
 4.07770131E-07
 1.05702043E-06
 1.77643506E-06
 2.24199903E-06
 2.47595608E-06
 2.60546722E-06
 2.74954527E-06
 2.90599701E-06
 2.83835948E-06
 3.71192687E-06
 4.90947104E-06
-3.83980279E-07
-1.25155264E-09
 2.42995361E-06
 2.90556818E-06
-1.49011257E-07
-4.57263423E-06
-4.42685086E-06
 3.80769484E-06
 2.38630018E-05
 4.96210851E-05
 5.60737026E-05
 1.95089597E-05
-4.56050338E-06
 4.22365301E-05
 1.55073634E-04
 2.88458250E-04
 4.33373818E-04
 6.94749528E-04
 1.36192760E-03
 1.77882554E-03
 9.13421100E-04
 1.06583384E-03
 6.96890336E-03
 8.31368193E-03
 1.12744821E-02
 1.57949496E-02
 2.60755233E-02
 6.77505508E-02
 1.48082450E-01
 3.83276790E-01
 1.09721315E+00
 3.13653946E+00
 8.51947212E+00
 2.23753567E+01
 5.60111732E+01
 1.33850739E+02
 2.99950043E+02
 6.22621155E+02
 1.17536243E+03
 1.99330261E+03
 3.01243262E+03
 4.05411865E+03
 4.90002148E+03
 5.37262695E+03
 5.35733643E+03
 4.81248682E+03
 3.85609888E+03
 2.79896533E+03
 1.88551453E+03
 1.20666699E+03
 7.43394348E+02
 4.56195251E+02
 2.69477051E+02
 1.61850220E+02
 9.27320633E+01
 5.20800133E+01
 2.85478058E+01
 1.48907309E+01
 7.58705664E+00
 3.67285347E+00
 1.72999179E+00
 8.10104728E-01
 3.50344598E-01
 1.40669167E-01
 8.07790384E-02
 5.10321036E-02
 3.02914847E-02
 2.35892292E-02
 2.72556599E-02
 3.44102159E-02
 3.99147645E-02
 4.26462591E-02
 3.98271121E-02
 3.32626998E-02
 2.44134553E-02
 1.36125814E-02
 4.67033917E-03
 8.60140920E-02
 8.60140920E-02
 8.60140920E-02
 8.60140920E-02
 8.60140920E-02
 8.60140920E-02
 8.60140920E-02
 8.60140920E-02
 3.08678395E-11
 3.18341103E-10
 1.89377625E-09
 6.63428334E-09
 1.72450445E-08
 3.56588856E-08
 6.08879915E-08
 8.79489548E-08
 1.08302729E-07
 1.15353423E-07
 1.08164159E-07
 9.12246350E-08
 6.97978209E-08
 4.96933268E-08
 3.39551463E-08
 2.32611796E-08
 1.67503469E-08
 1.28058248E-08
 9.88947590E-09
 7.39213268E-09
 6.47187282E-09
 7.34065209E-09
 6.89716728E-09
 4.10627354E-09
 1.38633938E-09
 1.96929650E-09
 4.47098403E-09
 5.76775383E-09
 4.31334835E-09
 4.79575579E-09
 8.93617980E-09
 8.30448510E-09
 9.08590625E-09
 1.43141712E-08
 6.47034337E-09
 1.81506916E-08
 4.29274785E-08
 5.37978657E-08
 4.58391547E-08
 2.35635245E-08
 1.42149723E-08
 4.72387605E-08
 2.40072335E-08
 2.33447519E-08
 1.38614347E-08
 1.42921166E-07
 8.41764916E-08
 3.59219641E-08
 2.98986969E-08
 4.45906245E-08
 3.90640897E-09
 1.76089365E-09
 4.59464680E-08
-2.58078430E-08
 5.85701336E-08
 5.27148920E-08
 3.38839101E-07
 2.85968270E-07
 8.17853959E-07
-1.78698500E-07
 1.25845827E-06
 2.63458264E-06
 1.43313719E-06
 6.20005665E-07
 4.72653568E-07
 1.78459061E-06
 1.60971069E-06
 5.89686408E-07
 3.46807752E-07
 5.00083502E-07
 4.90728155E-07
 4.57186729E-07
 1.05010088E-06
 3.30502507E-06
 5.08796847E-06
 4.44997431E-06
 2.79426808E-06
 2.38391908E-06
 3.52650500E-06
 3.75560307E-06
 3.07441951E-06
 2.01095577E-06
 6.99867712E-07
-2.49015272E-07
-3.10952771E-07
 1.51553607E-07
 1.10169867E-06
 1.66861821E-06
 9.42477186E-07
 7.48322222E-08
-8.82777940E-08
 5.42135524E-07
 8.38203164E-07
 6.45010743E-07
 8.62518874E-08
-3.09743399E-07
-3.07687458E-07
 7.92555426E-08
 6.87318902E-07
 6.30809268E-07
 1.40942745E-07
-3.54170112E-07
-4.79513005E-07
 1.72878316E-07
 7.62607556E-07
 1.10438884E-06
 8.56054214E-07
-3.55728851E-08
-1.17423656E-06
-1.60291881E-06
-1.13874512E-06
-1.48339026E-07
 4.79163816E-07
-1.27480675E-07
 1.49833022E-06
 4.82307451E-06
-6.29758929E-08
-4.86237650E-06
-1.75352199E-07
 1.01235082E-05
 2.06279383E-05
 1.34170832E-05
 1.89816228E-06
 8.21010144E-06
 2.94472429E-05
 3.74501178E-05
 3.01932487E-05
 6.47841662E-05
 1.30689688E-04
 1.83434386E-04
 2.28418154E-04
 3.23677203E-04
 6.75153977E-04
 8.83523258E-04
 2.68127257E-03
 4.20704111E-03
 2.29051406E-03
 1.16425974E-03
 7.74578797E-03
 1.43435057E-02
 8.00902862E-03
 3.43397493E-03
 3.09893973E-02
 1.07861340E-01
 2.38496631E-01
 6.15801036E-01
 1.86505413E+00
 5.03757000E+00
 1.34851894E+01
 3.43208580E+01
 8.51741562E+01
 1.98794434E+02
 4.35723145E+02
 8.78941406E+02
 1.61083093E+03
 2.64232520E+03
 3.86799072E+03
 5.05265381E+03
 5.93762695E+03
 6.32641113E+03
 6.09629541E+03
 5.24596973E+03
 4.03506738E+03
 2.83704639E+03
 1.87355676E+03
 1.17824243E+03
 7.28714355E+02
 4.40015503E+02
 2.63390778E+02
 1.54529266E+02
 8.77852554E+01
 4.88530769E+01
 2.60338860E+01
 1.34197531E+01
 6.66945648E+00
 3.15231299E+00
 1.50906563E+00
 7.14752316E-01
 2.88387239E-01
 1.26310155E-01
 7.02162310E-02
 3.51783521E-02
 2.75618192E-02
 3.42806317E-02
 4.34057973E-02
 4.73890714E-02
 5.45389466E-02
 5.31080328E-02
 4.42914553E-02
 3.58543843E-02
 2.16718055E-02
 9.56767239E-03
 8.60140920E-02
 8.60140920E-02
 8.60140920E-02
 8.60140920E-02
 8.60140920E-02
 8.60140920E-02
 8.60140920E-02
 8.60140920E-02
 2.71479176E-11
 5.97268845E-10
 3.09399595E-09
 1.01509361E-08
 2.50212491E-08
 4.98531207E-08
 8.27321855E-08
 1.16316279E-07
 1.40153148E-07
 1.46522467E-07
 1.35653579E-07
 1.13051613E-07
 8.32830835E-08
 6.00771912E-08
 4.21274642E-08
 2.79211445E-08
 1.86005344E-08
 1.32294966E-08
 1.11128022E-08
 1.26817579E-08
 1.46717047E-08
 8.08018008E-09
 6.31406438E-09
 8.96280383E-09
 1.05721316E-08
 1.09613971E-08
 6.69786315E-09
 4.85013585E-09
 6.30826991E-09
 9.59350022E-09
 7.92232768E-09
 6.65283562E-09
 2.84529058E-08
 4.94387713E-08
 2.61293458E-08
 3.88947257E-08
 1.58555125E-08
-5.68438574E-10
 1.79170527E-08
 5.62427687E-08
 1.55013282E-07
 1.11619784E-07
 5.51766739E-08
 3.70875775E-08
 6.06820905E-08
 6.34370920E-08
-1.27817765E-08
 9.29101560E-08
-8.08145462E-09
 1.48115724E-08
 4.40064447E-08
 6.25307734E-08
 2.24008687E-08
 1.60514844E-07
 9.99345886E-08
 8.99611621E-08
-4.88596115E-08
 4.81981431E-07
 3.10979033E-07
 1.78025107E-06
 2.21177334E-06
 1.43572993E-06
 3.30858882E-07
 2.00862223E-06
-5.21679965E-07
 2.70198996E-07
 4.22667938E-07
 5.91474247E-07
 1.44536853E-06
 2.34402296E-06
 2.18085756E-06
 4.73322928E-07
-8.69184191E-07
 1.61537309E-06
 3.43385614E-06
 2.26545239E-06
-4.60222900E-08
-7.44673798E-07
 5.69260806E-07
 7.20671096E-07
 3.05752383E-06
 4.10285202E-06
 3.60483341E-06
 3.19380320E-06
 3.66337008E-06
 2.22575454E-06
 1.93023723E-07
 6.46530452E-07
 1.23157145E-06
 6.36618040E-07
 4.66016331E-07
 3.49813064E-07
 2.41707738E-07
 2.55527198E-07
 3.74900480E-07
 5.07599282E-07
 5.39858945E-07
 3.94571771E-07
 2.85752549E-07
 6.65184757E-07
 6.44020815E-07
 5.20674178E-07
 6.10241216E-07
 9.61094088E-07
 1.32351090E-06
 9.07413607E-07
-4.78856812E-08
-3.11833844E-07
-3.47156366E-08
 7.18142246E-07
 1.76722483E-06
 2.61536115E-06
 1.98752127E-06
-2.51569247E-07
-1.32410219E-06
 6.82703046E-07
 4.62896060E-06
 6.44738930E-06
 2.73163732E-06
 4.33770583E-06
-1.76496735E-06
-1.13121814E-05
-1.29300161E-05
-4.28613561E-07
 2.10038033E-05
 2.77508952E-05
 3.73844123E-05
 7.51272310E-05
 1.37297757E-04
 2.19332986E-04
 2.95172067E-04
 5.40883513E-04
 1.11590454E-03
 1.19419349E-03
 7.01963727E-04
 3.48475180E-03
 4.78060264E-03
 3.31003801E-03
 3.32729658E-03
 1.39317010E-02
 2.80634388E-02
 2.93279849E-02
 2.15110704E-02
 2.80913636E-02
 1.45966321E-01
 5.26860356E-01
 1.21688402E+00
 2.99044847E+00
 8.26346874E+00
 2.17474556E+01
 5.46408958E+01
 1.31808456E+02
 3.01752960E+02
 6.43018066E+02
 1.25757239E+03
 2.22403003E+03
 3.51905884E+03
 4.96613477E+03
 6.27480273E+03
 7.14355420E+03
 7.34416797E+03
 6.77167188E+03
 5.56045312E+03
 4.10283301E+03
 2.80173755E+03
 1.79566711E+03
 1.12483887E+03
 6.93519531E+02
 4.19392365E+02
 2.48120010E+02
 1.43950333E+02
 8.10474625E+01
 4.38697319E+01
 2.28126392E+01
 1.15907230E+01
 5.61663961E+00
 2.59442711E+00
 1.16830242E+00
 4.83887255E-01
 2.67690748E-01
 1.70501664E-01
 5.64966463E-02
 6.84045581E-03
 4.33817580E-02
 6.32667691E-02
 6.15524724E-02
 6.71072602E-02
 7.16771409E-02
 6.01107068E-02
 4.60397415E-02
 3.41476686E-02
 1.62652880E-02
 5.23733208E-03
 8.60140920E-02
 8.60140920E-02
 8.60140920E-02
 8.60140920E-02
 8.60140920E-02
 8.60140920E-02
 8.60140920E-02
 7.41029182E-11
 1.06564246E-09
 4.88462204E-09
 1.51306434E-08
 3.57835930E-08
 6.88776467E-08
 1.11067870E-07
 1.52371740E-07
 1.80093167E-07
 1.85146448E-07
 1.69848548E-07
 1.38336389E-07
 1.01634477E-07
 7.62650387E-08
 5.18117886E-08
 3.53204541E-08
 2.65334013E-08
 1.91865599E-08
 1.31701618E-08
 1.38948977E-08
 1.23029800E-08
 7.06692838E-09
 4.83329954E-09
 9.64925029E-09
 1.37111575E-08
 5.99170935E-09
 1.44057366E-09
 5.64766545E-09
 1.34023823E-08
 1.32820697E-08
 1.10724567E-08
 1.75649877E-08
 1.42657059E-08
 2.58079424E-08
 2.31687256E-08
 3.60307606E-09
 1.70674213E-08
 6.25049879E-08
 1.02252073E-07
 5.90519029E-08
 1.91517657E-07
 8.87027412E-08
 7.30215390E-08
 4.86107190E-08
 1.17039242E-07
 1.72106766E-07
 2.15235417E-07
 8.92479690E-08
 3.70565729E-08
 7.59585603E-08
 9.60521085E-09
 3.26288081E-08
 5.29649924E-08
 3.60759778E-08
 7.58725260E-09
 1.13240645E-07
 4.21605478E-07
 2.75384508E-07
 8.53204597E-07
 2.87478372E-07
 7.48765103E-07
 1.74478885E-06
 2.26827933E-06
 3.74394835E-06
 4.87167790E-06
 4.08054348E-06
 2.39059955E-06
 1.02404658E-06
 1.47320588E-06
 3.14768113E-06
 5.19966989E-06
 5.64131733E-06
 4.15472596E-06
 1.30954004E-06
 5.47126433E-07
 3.98063275E-06
 7.74131513E-06
 1.14817904E-05
 1.28584034E-05
 8.93966262E-06
 2.56641147E-06
-1.20562527E-06
 6.26555618E-07
 3.11280132E-06
 5.02649027E-06
 4.52169979E-06
 2.81086750E-06
 1.58508146E-06
 1.71800946E-06
 1.75483365E-06
 1.25356758E-06
 6.87288036E-07
 3.28768579E-07
 2.61025860E-07
 4.31647152E-07
 7.05358730E-07
 8.81866697E-07
 8.35154196E-07
 5.75770798E-07
 2.91573116E-07
 1.24833804E-07
 7.60213439E-08
-5.79322688E-08
-2.00160841E-07
-1.89985997E-07
-3.90187660E-10
 2.82275874E-08
-5.86712190E-07
-2.08504403E-07
 1.22410029E-06
 3.19805372E-06
 1.09984023E-06
-3.09076472E-06
-4.99157522E-07
 3.78455093E-06
 5.30786338E-06
 4.39927317E-06
 2.65062158E-06
 7.29517069E-06
 1.11017480E-05
 9.83081918E-06
 1.23093178E-05
 2.19072281E-05
 3.75444833E-05
 4.11280707E-05
 1.70865223E-05
 5.58658794E-05
 1.11911257E-04
 1.29454711E-04
 1.25778039E-04
 2.48384342E-04
 6.99157419E-04
 1.45450886E-03
 2.07458995E-03
 1.37167529E-03
 8.50229815E-04
 2.16252520E-03
 5.94149670E-03
 7.79188378E-03
 2.18630163E-03
 1.24169020E-02
 2.03518588E-02
 1.74446478E-02
 2.38878056E-02
 6.51968494E-02
 2.34992340E-01
 6.49024844E-01
 1.95387900E+00
 5.13208866E+00
 1.38906679E+01
 3.56467781E+01
 8.84302826E+01
 2.09032761E+02
 4.65183960E+02
 9.60990173E+02
 1.81427795E+03
 3.08403271E+03
 4.68500098E+03
 6.35896191E+03
 7.74391895E+03
 8.48774707E+03
 8.34422168E+03
 7.30971240E+03
 5.68951465E+03
 4.04316577E+03
 2.67714160E+03
 1.69290588E+03
 1.05702808E+03
 6.44292114E+02
 3.86175110E+02
 2.27026871E+02
 1.30071854E+02
 7.17967377E+01
 3.80883675E+01
 1.94849949E+01
 9.70464325E+00
 4.69548464E+00
 2.13062525E+00
 9.23065841E-01
 4.44972187E-01
 2.37859368E-01
 1.08324736E-01
 3.74513604E-02
 4.77815717E-02
 7.27132484E-02
 6.70147538E-02
 7.62671903E-02
 9.23135132E-02
 8.56256783E-02
 6.19659834E-02
 4.80014533E-02
 2.73103677E-02
 1.20360805E-02
 8.60140920E-02
 8.60140920E-02
 8.60140920E-02
 8.60140920E-02
 8.60140920E-02
 8.60140920E-02
 8.60140920E-02
 1.74247020E-10
 1.76291548E-09
 7.56234098E-09
 2.21006058E-08
 5.01438961E-08
 9.35699447E-08
 1.47474026E-07
 1.98316812E-07
 2.30928890E-07
 2.34408489E-07
 2.12445300E-07
 1.74055046E-07
 1.31048679E-07
 9.24107653E-08
 5.50234915E-08
 3.10336787E-08
 2.27496866E-08
 2.13639293E-08
 1.73563688E-08
 1.85489117E-08
 1.72120469E-08
 1.81535551E-08
 2.07743476E-08
 2.13035971E-08
 1.11009140E-08
 1.05196687E-08
 2.85491879E-08
 3.73350986E-08
 2.40049545E-08
 8.79852469E-10
 3.03863494E-08
 6.89460862E-08
 6.45259703E-08
 4.03364773E-08
 7.42176027E-08
 7.39887298E-08
 5.06615976E-08
 1.12307191E-07
 1.49948036E-07
-1.86545943E-08
 2.50677346E-07
 2.13155005E-07
 2.76547674E-08
 1.41682477E-07
 9.80997967E-08
 1.64969592E-07
 3.86080245E-07
 1.37589371E-08
 6.93171032E-08
 1.40645087E-08
 5.30823101E-08
-7.56879182E-09
 1.12413623E-07
 7.89975800E-08
 3.55075542E-07
 1.45683643E-07
 1.07232346E-07
 9.11831023E-07
-1.63902570E-07
 1.76139523E-07
 3.79266908E-06
 5.73532498E-06
 2.07825701E-06
-4.83638814E-07
-9.74459340E-07
 3.58542280E-07
 1.79637880E-06
 1.91825598E-06
 1.94845984E-06
 2.68808162E-06
 2.36589995E-06
 4.90039019E-06
 7.48322509E-06
 5.43837405E-06
 2.09580617E-06
-6.87769614E-07
-1.55816258E-06
 1.19472043E-06
 6.32910724E-06
 9.86274244E-06
 1.03992043E-05
 8.36002437E-06
 4.89276226E-06
 1.09457801E-06
 7.96359103E-08
 7.33937782E-07
 1.76924721E-06
 2.20972606E-06
 3.17099079E-07
 9.31165573E-07
 1.47515721E-06
 1.68872589E-06
 1.51825236E-06
 1.16504873E-06
 7.48278410E-07
 3.66054621E-07
 1.56563587E-07
 3.58594349E-07
 7.81844335E-07
 8.67637596E-07
 5.74033663E-07
 5.89281626E-07
 1.88134081E-07
 1.50440115E-07
 2.93989245E-07
 5.06712354E-07
 7.29333635E-07
 9.38024186E-07
 1.16394551E-06
 9.47946603E-07
-1.37738459E-06
-3.54150620E-06
-2.17918705E-06
 3.74126307E-06
 8.07403921E-06
 2.42976466E-06
-3.91851609E-06
-2.39677502E-06
 6.15090630E-06
 9.14575776E-06
 6.37553467E-06
-3.08272911E-06
 6.56879865E-06
 3.41272171E-05
 2.73181849E-05
 1.08048926E-05
 3.68697656E-05
 1.25510545E-04
 2.06208701E-04
 3.76332726E-04
 6.10725430E-04
 3.63424188E-04
 3.77228280E-04
 1.19769864E-03
 2.28670635E-03
 1.99471018E-03
 8.15756270E-04
 5.24248136E-03
 1.42889982E-02
 1.71281230E-02
 5.20236837E-03
 1.59478153E-03
 1.67138241E-02
 3.55838463E-02
 5.47358617E-02
 1.95923135E-01
 4.30048257E-01
 1.18598747E+00
 3.57833314E+00
 9.15914440E+00
 2.39041348E+01
 6.02567139E+01
 1.45935837E+02
 3.36285950E+02
 7.27061768E+02
 1.44964648E+03
 2.62562622E+03
 4.27496484E+03
 6.21575342E+03
 8.08937695E+03
 9.44881055E+03
 9.88282715E+03
 9.20313867E+03
 7.60480078E+03
 5.64243604E+03
 3.84907520E+03
 2.48841113E+03
 1.56596704E+03
 9.70588379E+02
 5.88754700E+02
 3.50324615E+02
 2.03539246E+02
 1.14209412E+02
 6.17759171E+01
 3.19652023E+01
 1.57377653E+01
 7.52274847E+00
 3.63173318E+00
 1.76201606E+00
 7.18110263E-01
 2.67971218E-01
 1.09379523E-01
 7.65603408E-02
 8.67842436E-02
 7.33723938E-02
 8.50013047E-02
 1.08185776E-01
 1.16566047E-01
 1.02503695E-01
 9.31630433E-02
 6.87524825E-02
 4.10189331E-02
 2.01214254E-02
 4.15420951E-03
 8.60140920E-02
 8.60140920E-02
 8.60140920E-02
 8.60140920E-02
 8.60140920E-02
 8.60140920E-02
 3.46614876E-10
 2.90644953E-09
 1.13718359E-08
 3.15608091E-08
 6.90053881E-08
 1.25423725E-07
 1.93622967E-07
 2.56478330E-07
 2.94087982E-07
 2.96763972E-07
 2.65588483E-07
 2.14382212E-07
 1.58834482E-07
 1.03927270E-07
 7.14122876E-08
 5.85640123E-08
 4.96749770E-08
 3.37675772E-08
 1.07224025E-08
 1.91049274E-08
 3.21605356E-08
 1.67695511E-08
 1.22676069E-09
 5.52892088E-09
 1.64564469E-08
 1.95682457E-08
 1.63235629E-08
 2.30949055E-08
 1.04682920E-08
 8.33327896E-09
 2.66431033E-09
-1.31437128E-08
 5.40398659E-08
 6.99645781E-08
 5.96759477E-08
 1.69808487E-08
 8.40598204E-08
 2.71309748E-08
 1.94148768E-07
 3.23643462E-07
 5.03783468E-08
 1.58650906E-07
 7.83633780E-08
 1.11384949E-07
 7.90943346E-08
 3.74247065E-07
 2.81705127E-07
 1.13833700E-07
 1.52147990E-07
 1.03416184E-07
 1.69057266E-08
 7.69885062E-08
 1.32684363E-07
 2.63432955E-08
 1.21204963E-07
 2.55444974E-07
 3.84515374E-07
 4.18024541E-07
 3.10980522E-06
 1.74337481E-06
 4.04129423E-08
 1.02361037E-06
 6.91167452E-06
 1.06532589E-05
 1.03105422E-05
 8.31474790E-06
 3.41290843E-06
 5.33313823E-06
 6.55411213E-06
 6.98930478E-07
-2.19048889E-06
 5.59946966E-06
 1.04524970E-05
 1.53556630E-05
 2.08270103E-05
 1.60917862E-05
 1.13652150E-05
 9.00114537E-06
 3.17554395E-06
-1.28435261E-06
-3.09382870E-07
 2.64258051E-06
 5.01531713E-06
 4.93695597E-06
 5.99176883E-06
 9.18210935E-06
 1.01232845E-05
 5.31784099E-06
-1.69933386E-07
 1.11514066E-06
 6.47514014E-07
 5.60988894E-07
 1.51422887E-06
 2.07487346E-06
 1.69769328E-06
 8.95767926E-07
 2.40076389E-07
 8.28923561E-08
 3.10447064E-07
 5.30605575E-07
 3.39870127E-07
 3.98912221E-07
 9.89019213E-07
 2.97215422E-07
 1.43627261E-07
 2.99509566E-07
 3.76641339E-07
-5.14441076E-08
-1.18818571E-06
-1.82220276E-07
 2.09138557E-06
 5.13497298E-06
 7.40999985E-06
 4.65768380E-06
-1.64901201E-06
-3.96733958E-06
 9.35256253E-07
 1.08649747E-05
 1.92044445E-05
 1.36487824E-05
 9.79124616E-06
 1.76183530E-05
 3.36592857E-05
 2.81770099E-05
 1.62490360E-05
 5.90979762E-05
 1.29079621E-04
 6.89498629E-05
 1.06647727E-04
 4.84530989E-04
 8.34261533E-04
 7.63475779E-04
 7.99367903E-04
 1.18413847E-03
 1.43364083E-03
 5.07353060E-03
 3.76523077E-03
 9.35661665E-04
 3.27126845E-03
 9.17719305E-03
 1.29290335E-02
 7.80132739E-03
 4.60916106E-03
 6.47348445E-03
 3.24647427E-02
 1.21105507E-01
 3.00188154E-01
 7.77137399E-01
 2.29123092E+00
 6.21444273E+00
 1.62758827E+01
 4.19561653E+01
 1.03547607E+02
 2.45118851E+02
 5.49277527E+02
 1.14612866E+03
 2.19380933E+03
 3.79979907E+03
 5.89552246E+03
 8.18393457E+03
 1.01698682E+04
 1.13049170E+04
 1.11732051E+04
 9.78645410E+03
 7.63095166E+03
 5.38848047E+03
 3.56123706E+03
 2.26720410E+03
 1.42190125E+03
 8.72104980E+02
 5.25844543E+02
 3.09350952E+02
 1.76114929E+02
 9.65716324E+01
 5.10797234E+01
 2.58434219E+01
 1.25319605E+01
 6.03959036E+00
 2.92169142E+00
 1.34257519E+00
 4.99428540E-01
 2.21324921E-01
 1.63355470E-01
 1.17409617E-01
 9.80340764E-02
 1.05991945E-01
 1.40154183E-01
 1.51163161E-01
 1.38660073E-01
 1.22085869E-01
 9.09484476E-02
 6.17105290E-02
 3.16887721E-02
 1.11979106E-02
 8.60140920E-02
 8.60140920E-02
 8.60140920E-02
 8.60140920E-02
 8.60140920E-02
 8.60140920E-02
 6.73062162E-10
 4.56667726E-09
 1.67308976E-08
 4.41411316E-08
 9.34882252E-08
 1.66423618E-07
 2.52101870E-07
 3.29043331E-07
 3.73844415E-07
 3.73396148E-07
 3.32701546E-07
 2.70255327E-07
 1.97841842E-07
 1.34037535E-07
 9.57545723E-08
 6.61117951E-08
 3.62850372E-08
 1.10961222E-08
 1.07671356E-08
 3.59291761E-08
 5.14744158E-08
 4.59693190E-08
 3.13609547E-08
 3.79244867E-08
 5.88370206E-08
 5.45072893E-08
 3.23023777E-08
 2.67193965E-08
 7.07363483E-08
 9.33376398E-08
 1.05117039E-07
 1.14521271E-07
 1.70465867E-07
 9.31284845E-08
 7.30465572E-08
 4.60558844E-08
 1.78840864E-07
 2.85108825E-07
 2.40787386E-07
 2.42255936E-07
 1.56758375E-07
 3.41516454E-07
 1.01944181E-07
-4.24407318E-08
 6.12240513E-07
 1.62691251E-07
 4.89288254E-07
 5.05000948E-08
-1.53836339E-08
 3.10751851E-08
 3.79704908E-08
 2.08671509E-07
 1.57022768E-07
 8.86002738E-07
 2.45233366E-07
 5.08946300E-07
 1.13432463E-06
 1.73652722E-06
-4.65192642E-07
 1.70969918E-06
 6.34932985E-06
 8.06530261E-06
 6.05267269E-06
 2.24748010E-06
-5.55157783E-07
 1.51865720E-06
 5.84939562E-06
 8.19084107E-06
 8.48528452E-06
 6.66613823E-06
 6.77859953E-06
 1.15074363E-05
 1.45853583E-05
 1.21229332E-05
 7.34654486E-06
 1.14649047E-05
 1.71563352E-05
 1.97082936E-05
 1.89228831E-05
 1.29528280E-05
 4.76866035E-06
 3.09478787E-06
 2.29217630E-06
 4.96293467E-07
-7.30519446E-07
-2.57683354E-07
-5.68788494E-07
 3.76686148E-06
 1.88820411E-06
 3.73531907E-06
 2.27299302E-06
 6.27191923E-07
 3.39741206E-07
 1.33652804E-06
 2.27327905E-06
 1.94164659E-06
 1.15077728E-06
 5.57568796E-07
 3.00084821E-07
 2.36271390E-07
 1.83221985E-07
 3.21081295E-08
-3.04817291E-08
 4.03199749E-07
 1.44229602E-07
 6.08577636E-07
 1.54605584E-06
 1.38756434E-06
-8.22222830E-07
 2.77296249E-06
 6.09684002E-06
 1.24285827E-06
-5.75804825E-06
-6.08604205E-06
-5.97999303E-08
 7.95719643E-06
 1.46578759E-05
 2.11945480E-05
 2.33320170E-05
 1.18472990E-05
 4.84742577E-06
 1.13323567E-05
 3.03777088E-05
 5.53382342E-05
 3.12231750E-05
 2.76775954E-05
 1.27357009E-04
 1.08056651E-04
 2.19031426E-04
 3.19661893E-04
 2.25945507E-04
 5.37208223E-04
 1.01417268E-03
 3.64191568E-04
 2.93073914E-04
 3.63108702E-03
 7.79603608E-03
 5.91860292E-03
 3.20269144E-03
 2.43111677E-03
 6.75843656E-03
 1.57953817E-02
 1.96614843E-02
 2.63971519E-02
 3.35204266E-02
 7.23431706E-02
 2.23725185E-01
 5.95249534E-01
 1.62147248E+00
 4.32659435E+00
 1.16142063E+01
 2.99568996E+01
 7.49787674E+01
 1.81402451E+02
 4.17665955E+02
 9.04380127E+02
 1.81411597E+03
 3.31828955E+03
 5.46424219E+03
 8.06196924E+03
 1.06401328E+04
 1.25445361E+04
 1.31410234E+04
 1.21640234E+04
 9.96674316E+03
 7.32914404E+03
 4.95493262E+03
 3.21120459E+03
 2.03403552E+03
 1.26457397E+03
 7.68945129E+02
 4.57407318E+02
 2.64070770E+02
 1.47268829E+02
 7.87126541E+01
 4.07065811E+01
 2.01586151E+01
 9.61370564E+00
 4.53162861E+00
 2.12637019E+00
 9.50571895E-01
 4.04166758E-01
 2.07235083E-01
 1.02055013E-01
 1.11156516E-01
 1.37600809E-01
 1.64115891E-01
 1.85331061E-01
 1.82274967E-01
 1.58266053E-01
 1.23943858E-01
 8.43431726E-02
 4.76616248E-02
 1.95705052E-02
 2.74778274E-03
 8.60140920E-02
 8.60140920E-02
 8.60140920E-02
 8.60140920E-02
 8.60140920E-02
 1.14457654E-09
 7.02634706E-09
 2.39448390E-08
 6.08318089E-08
 1.25307423E-07
 2.18476444E-07
 3.25868172E-07
 4.19937550E-07
 4.70779099E-07
 4.67455891E-07
 4.17209691E-07
 3.33526089E-07
 2.42616323E-07
 1.70609070E-07
 1.13494053E-07
 6.73505340E-08
 4.09564542E-08
 5.48416033E-08
 6.92270845E-08
 4.93518009E-08
 2.10989430E-08
-2.09558548E-09
 7.51053619E-09
 2.97559506E-08
-1.38903966E-09
-1.34608893E-08
-3.11417492E-09
 2.78672125E-08
 5.04963289E-08
 2.33107311E-08
-1.25284885E-08
 4.07290468E-09
 2.43482123E-08
 7.11139307E-08
 1.60726373E-07
 1.32607767E-07
 3.02017696E-07
 1.44063364E-07
 4.16136885E-07
 8.94313459E-08
 8.34543030E-08
 4.00884829E-07
 6.59014532E-08
 5.99894463E-07
 3.19870850E-07
 7.08127629E-07
 7.72098872E-07
 1.18056349E-07
 4.53463485E-07
 1.00856809E-07
 4.68600462E-07
 1.41378166E-06
 5.18168690E-07
 3.22568887E-08
 4.85408293E-07
-9.67295932E-08
 9.89753971E-07
 2.08365577E-06
 4.13839143E-06
 3.94524659E-06
 5.30053831E-06
 3.15864372E-06
 6.11510450E-06
 2.02025421E-05
 2.38669072E-05
 1.86693305E-05
 1.36829758E-05
 8.51716959E-06
 4.31267154E-06
 3.05040953E-06
 1.16289858E-08
-6.92538265E-07
-1.73084084E-06
-3.80506299E-06
-6.41127770E-07
 2.11744214E-06
 4.50947391E-06
 7.82980169E-06
 9.70407382E-06
 8.89553939E-06
 8.75382466E-06
 1.22799338E-05
 1.31353863E-05
 1.05478457E-05
 7.89750175E-06
 8.70851818E-06
 5.80008236E-06
 2.79347705E-06
 2.81418897E-06
 4.75486877E-06
 4.15290833E-06
 3.26119448E-06
 1.54332429E-06
-4.43519554E-07
 8.02168699E-07
 1.18408093E-06
 9.19330716E-07
 5.34549031E-07
 3.16755518E-07
 1.70869939E-07
 1.60761520E-08
 2.94464371E-07
 9.08428774E-07
 7.84346412E-07
-4.99316108E-08
 2.24692229E-08
 2.06522031E-06
 2.33899485E-07
-2.89343598E-06
-1.34399215E-07
 7.62589298E-06
 6.99689008E-06
 1.42033412E-06
 2.14457691E-06
 1.01521637E-05
 2.04898079E-05
 2.50347111E-05
 1.88807389E-05
 5.31690193E-06
-2.87062994E-06
 7.77982041E-06
 3.08668459E-05
 4.90620441E-05
 6.16821781E-05
 7.61327246E-05
 7.69371836E-05
 6.41286606E-05
 9.57584853E-05
 4.13444795E-04
 5.60934539E-04
 5.56835497E-04
 9.62247956E-04
 1.80418708E-03
 1.75939838E-03
 1.26829674E-03
 1.31419080E-03
 2.09101546E-03
 4.43303306E-03
 6.43314701E-03
 5.96852787E-03
 3.50891100E-03
 4.20956826E-03
 1.37154665E-02
 2.76983734E-02
 3.99218239E-02
 6.10352866E-02
 1.46182835E-01
 4.22874898E-01
 1.17028415E+00
 3.11762905E+00
 8.34802628E+00
 2.18929253E+01
 5.56239128E+01
 1.36645676E+02
 3.21594940E+02
 7.16675049E+02
 1.49569299E+03
 2.86586206E+03
 4.98114502E+03
 7.77908984E+03
 1.08740977E+04
 1.35654336E+04
 1.50209980E+04
 1.46774033E+04
 1.26321475E+04
 9.67516504E+03
 6.74847021E+03
 4.43575684E+03
 2.83995312E+03
 1.78452612E+03
 1.09637598E+03
 6.59665527E+02
 3.85836365E+02
 2.18337753E+02
 1.18475548E+02
 6.16620750E+01
 3.12391777E+01
 1.52122679E+01
 7.15901613E+00
 3.25947046E+00
 1.45963585E+00
 6.93513274E-01
 3.76502723E-01
 2.04384565E-01
 1.13479085E-01
 1.80452198E-01
 2.18445286E-01
 2.34557584E-01
 2.34690517E-01
 2.05815196E-01
 1.63851976E-01
 1.13515906E-01
 6.79177865E-02
 3.07422709E-02
 9.11018625E-03
 8.60140920E-02
 8.60140920E-02
 8.60140920E-02
 8.60140920E-02
 8.60140920E-02
 1.93188887E-09
 1.04990612E-08
 3.36907497E-08
 8.26460607E-08
 1.66096299E-07
 2.84340302E-07
 4.18470904E-07
 5.32956165E-07
 5.94541689E-07
 5.86289218E-07
 5.17983835E-07
 4.12333691E-07
 3.06971998E-07
 2.10333681E-07
 1.32607425E-07
 8.61247145E-08
 6.73692995E-08
 7.76699167E-08
 4.55162272E-08
 6.79076706E-09
 3.08556714E-09
 4.81277134E-08
 1.32222198E-07
 1.37988579E-07
 9.34739433E-08
 9.64794040E-08
 1.55526152E-07
 1.50645917E-07
 2.67211906E-08
 1.34552081E-07
 3.70098377E-07
 3.07612339E-07
 7.91596264E-08
 2.64979860E-07
 4.27314006E-07
 3.11300795E-07
 2.77751070E-07
 9.41562064E-07
 1.77532786E-06
 5.01603836E-07
 2.81273174E-07
 1.04710381E-07
 2.97108631E-08
 9.50449305E-07
 8.31182376E-07
 1.22785627E-06
 3.23994669E-07
 1.95639487E-08
 1.53510186E-07
 5.47482308E-08
 2.42350916E-06
 7.87116903E-07
 1.87709975E-06
 5.14462386E-07
 1.39630424E-06
 2.09008067E-06
-2.18612399E-07
 8.40292785E-07
 1.37429663E-06
-7.32217245E-07
 9.32904982E-07
 1.19325559E-05
 1.42501676E-05
 2.63095171E-06
-3.84843452E-06
 6.62939738E-06
 1.71553893E-05
 1.92420885E-05
 1.39700096E-05
 1.41207529E-05
 2.36680517E-05
 3.01649816E-05
 2.77120034E-05
 2.07358771E-05
 1.18085991E-05
 7.08584412E-06
 3.24041935E-06
-7.87912370E-07
-1.01578257E-06
-8.82482198E-07
-2.40093391E-06
 7.13097734E-07
 4.64583945E-06
 7.60879357E-06
 1.16330839E-05
 1.58023304E-05
 1.22826623E-05
 3.38946325E-06
 1.27785583E-07
 2.50941753E-06
 5.43036231E-06
 5.08246148E-06
 1.70208750E-06
-1.25865540E-09
 6.67785741E-07
 8.06846799E-07
 5.64794334E-07
 2.03802827E-07
-7.68245112E-09
 4.31208882E-08
 5.45109167E-08
 1.80296400E-08
 7.41425310E-07
 1.23440293E-06
 8.52670610E-07
 2.06509753E-07
 9.33441697E-07
 3.62801234E-06
 3.99479995E-06
 2.44210150E-06
 3.63778804E-06
 6.22764946E-06
 8.83006760E-06
 1.01069572E-05
 1.42057479E-05
 1.75358509E-05
 1.48842983E-05
 5.89298725E-06
-1.33797062E-06
 1.21014982E-05
 4.26273800E-05
 5.76283637E-05
 6.19071216E-05
 7.56446243E-05
 1.06325933E-04
 1.47985906E-04
 1.74277637E-04
 1.82697549E-04
 2.63535330E-04
 4.40098112E-04
 8.39852670E-04
 1.08486658E-03
 2.07420019E-03
 2.87600653E-03
 2.09430768E-03
 1.88625650E-03
 1.70158979E-03
 2.64801015E-03
 7.83628505E-03
 1.48737691E-02
 1.85355861E-02
 2.12741122E-02
 1.21473614E-02
 3.49107459E-02
 7.11526796E-02
 9.48272347E-02
 1.21638060E-01
 3.79826307E-01
 8.52979243E-01
 2.16720724E+00
 6.32811403E+00
 1.65633011E+01
 4.21636620E+01
 1.04905556E+02
 2.51089157E+02
 5.75045837E+02
 1.23789087E+03
 2.46854932E+03
 4.49762207E+03
 7.39307178E+03
 1.09055059E+04
 1.43640215E+04
 1.67705645E+04
 1.72688750E+04
 1.56022383E+04
 1.24498789E+04
 8.97218945E+03
 6.01726758E+03
 3.88399683E+03
 2.46073267E+03
 1.52885632E+03
 9.30538513E+02
 5.51539124E+02
 3.15565643E+02
 1.73279770E+02
 9.19510040E+01
 4.65862579E+01
 2.28311405E+01
 1.09986563E+01
 5.11622238E+00
 2.33420110E+00
 1.05714858E+00
 4.95159209E-01
 2.81996191E-01
 2.20077306E-01
 2.20859498E-01
 2.65738130E-01
 2.91343272E-01
 2.93513805E-01
 2.59127051E-01
 2.11107224E-01
 1.51932314E-01
 8.95214900E-02
 4.55469564E-02
 1.61634367E-02
 2.43103132E-03
 8.60140920E-02
 8.60140920E-02
 8.60140920E-02
 4.64493999E-11
 3.11301451E-09
 1.51819872E-08
 4.65550976E-08
 1.10500217E-07
 2.17981366E-07
 3.67545965E-07
 5.34714104E-07
 6.74554258E-07
 7.45343698E-07
 7.32103899E-07
 6.47986610E-07
 5.21113520E-07
 3.83304098E-07
 2.59471733E-07
 1.67175912E-07
 1.12602272E-07
 8.34128215E-08
 5.36591145E-08
 3.77296416E-08
 5.60949012E-08
 1.02678655E-07
 1.34759219E-07
 8.66858301E-08
 1.11978456E-11
-4.81305982E-08
-9.35771016E-09
 7.00609490E-08
 4.78660738E-08
 5.63401414E-09
 1.28160579E-07
 8.99297803E-10
 1.52610653E-07
 5.18669424E-07
 1.94176604E-08
 1.51914833E-07
 7.41487781E-07
 4.32384127E-07
 6.52703420E-08
 5.46850345E-07
 6.21654920E-07
 3.05657727E-06
 1.62616482E-06
 6.80717903E-07
 4.73007503E-07
 1.78592529E-07
 1.71023407E-06
 1.74197481E-07
 6.56770681E-07
 2.34421726E-08
 5.74137403E-07
 1.29543025E-06
 1.37466759E-06
 2.13105113E-06
 6.44964587E-07
-6.76391139E-08
 4.72371795E-07
 1.84185035E-06
 2.09701057E-06
 1.98540579E-06
 4.33684363E-06
 4.95604309E-06
 6.84891984E-06
 1.32690611E-05
 1.65486563E-05
 3.14622521E-05
 6.39943974E-05
 8.69062787E-05
 6.21052459E-05
 2.61517307E-05
 1.41875416E-05
 2.43941740E-05
 3.85799758E-05
 4.34901121E-05
 3.93162663E-05
 2.66886982E-05
 1.17930667E-05
 2.81624125E-06
 5.10182736E-06
 1.05975423E-05
 6.88119417E-06
 1.88086915E-06
-1.65688095E-06
-2.70799596E-08
 1.18655896E-06
 3.84809118E-06
 9.06748664E-06
 9.36672132E-06
 5.18808520E-06
 5.90315835E-07
 9.84162739E-07
 3.51958306E-06
 3.91262438E-06
 1.81705013E-06
 9.32256341E-07
 9.89589239E-07
 9.56128019E-07
 7.40983126E-07
 4.31512177E-07
 1.86289370E-07
 1.28075186E-07
 2.36782910E-07
 2.18838196E-07
 1.20079179E-07
 1.18431821E-07
 2.47592567E-07
 4.92221091E-07
 1.13453859E-06
 1.56129386E-06
 1.28369186E-06
 1.37778079E-06
 1.76444166E-06
 2.60539082E-06
 6.63495121E-06
 1.08851737E-05
 1.47963146E-05
 2.01448111E-05
 2.27095697E-05
 1.95466127E-05
 2.08809306E-05
 3.73849725E-05
 6.46904446E-05
 8.38038832E-05
 6.65963817E-05
 5.26018121E-05
 7.17608855E-05
 1.34394970E-04
 2.20122238E-04
 2.92912417E-04
 2.18821282E-04
 2.18199842E-04
 4.66981786E-04
 4.61637304E-04
 1.14839314E-03
 2.00230652E-03
 1.36109861E-03
 5.00760507E-03
 4.24315454E-03
 2.24841363E-03
 3.93466977E-03
 7.58902263E-03
 1.41034126E-02
 2.19770875E-02
 3.06978729E-03
 2.30445880E-02
 7.96579793E-02
 4.96487506E-02
 5.97342514E-02
 3.79956871E-01
 7.96453416E-01
 1.66805542E+00
 4.76028252E+00
 1.30021048E+01
 3.26343956E+01
 8.30591583E+01
 2.01091110E+02
 4.68214447E+02
 1.03302222E+03
 2.13254907E+03
 4.04569067E+03
 6.96530371E+03
 1.07852139E+04
 1.49550508E+04
 1.83739297E+04
 1.98728652E+04
 1.88517949E+04
 1.56592754E+04
 1.16435752E+04
 7.97473633E+03
 5.21378467E+03
 3.32669458E+03
 2.08442798E+03
 1.28159644E+03
 7.68331055E+02
 4.45624756E+02
 2.48237976E+02
 1.32460571E+02
 6.78994522E+01
 3.37760353E+01
 1.63148785E+01
 7.61590815E+00
 3.56429315E+00
 1.64539897E+00
 7.34050274E-01
 3.72433305E-01
 2.76490420E-01
 2.86863595E-01
 3.22119772E-01
 3.48687083E-01
 3.58236909E-01
 3.22347581E-01
 2.67720670E-01
 1.93699256E-01
 1.23472363E-01
 6.59596100E-02
 2.72309948E-02
 7.52562704E-03
 8.60140920E-02
 8.60140920E-02
 8.60140920E-02
 2.84943041E-10
 4.79710760E-09
 2.14196696E-08
 6.27629078E-08
 1.45690734E-07
 2.83363704E-07
 4.72931703E-07
 6.80360017E-07
 8.49708215E-07
 9.34193963E-07
 9.14146483E-07
 8.05911213E-07
 6.41069789E-07
 4.67580861E-07
 3.21749525E-07
 2.20335124E-07
 1.46730059E-07
 9.05946607E-08
 6.88641677E-08
 6.21103240E-08
 9.54285326E-08
 1.01055655E-07
 1.01658602E-08
 5.70878100E-09
 2.22954398E-07
 4.53858291E-07
 4.70321453E-07
 1.98044432E-07
 2.78133541E-07
 6.74894238E-07
 6.29338004E-08
 5.84837949E-07
 6.79566767E-07
 3.44599187E-07
 5.58582542E-07
 6.22963853E-07
 1.00878538E-06
 9.11351719E-07
 9.27081260E-07
 2.64274740E-06
 1.06403138E-06
-7.10605377E-07
 6.04784645E-06
 2.44263560E-06
 2.02141720E-07
 1.51237862E-06
 5.73092791E-07
 7.49951084E-07
 1.48281444E-07
 5.21427012E-07
 3.61149063E-07
 2.25685085E-06
 9.57106522E-07
-8.46062918E-08
 2.94543202E-06
 3.27541306E-06
 3.21467223E-06
 1.60323953E-06
 2.63794504E-06
 6.20091851E-06
 1.22445699E-05
 2.57218153E-06
-1.06338223E-06
 1.89296134E-05
 2.93341618E-05
 2.43474387E-05
 1.26247769E-05
 6.12141321E-06
 1.65339509E-06
-5.47588525E-06
-4.81169491E-06
 2.66124312E-06
 2.57436977E-06
-3.09794677E-06
 4.90101638E-06
 6.52361450E-06
 3.95024972E-06
 1.20048908E-05
 2.52954487E-05
 2.73398618E-05
 2.45020856E-05
 2.11612787E-05
 1.42959761E-05
 8.48885702E-06
 1.17057539E-06
 3.48245999E-06
 7.78718095E-06
 1.24547278E-05
 1.04899891E-05
 5.77341143E-06
 1.96610290E-06
 2.70048940E-06
 2.46103809E-06
 9.61933551E-07
 2.20431559E-07
 2.68743321E-07
 4.72976410E-07
 5.63597382E-07
 5.10715836E-07
 4.20477733E-07
 4.29854907E-07
 5.97356404E-07
 7.93677145E-07
 7.76971547E-07
 3.74752460E-07
-5.40956115E-08
 4.47340405E-08
 7.82895370E-07
 1.86393095E-06
 1.21268840E-06
 1.07214339E-06
 4.14216265E-06
 8.83233406E-06
 1.22740139E-05
 1.49179050E-05
 1.71743613E-05
 2.01680523E-05
 2.40993231E-05
 2.57454431E-05
 2.19012800E-05
 2.02938882E-05
 3.11938747E-05
 5.82326575E-05
 8.88500072E-05
 8.47266347E-05
 6.83803300E-05
 9.53004565E-05
 1.37282506E-04
 2.98952189E-04
 7.05340761E-04
 6.97144133E-04
 5.52215846E-04
 3.96797754E-04
 6.26301451E-04
 4.85058816E-04
 8.89354676E-04
 2.60392297E-03
 3.44101107E-03
 4.81903600E-03
 7.74725527E-03
 9.73442476E-03
 1.65206175E-02
 2.52507962E-02
 1.26041993E-02
 3.05740945E-02
 1.05681866E-01
 1.07811540E-01
 4.62660193E-02
 2.61072665E-01
 6.52337134E-01
 1.34131706E+00
 3.53677344E+00
 1.05666647E+01
 2.61436329E+01
 6.64966660E+01
 1.64216278E+02
 3.87751831E+02
 8.75097534E+02
 1.85487085E+03
 3.64599536E+03
 6.53685352E+03
 1.05820234E+04
 1.53662783E+04
 1.98298789E+04
 2.24811426E+04
 2.22998887E+04
 1.92731621E+04
 1.47822852E+04
 1.03168008E+04
 6.85092529E+03
 4.41693945E+03
 2.78856543E+03
 1.73203394E+03
 1.04950281E+03
 6.15235596E+02
 3.46471436E+02
 1.86546158E+02
 9.66662369E+01
 4.82337685E+01
 2.33802547E+01
 1.11825762E+01
 5.28081512E+00
 2.40946484E+00
 1.10650909E+00
 5.63627899E-01
 3.82720977E-01
 3.60706866E-01
 3.85348141E-01
 4.15478736E-01
 4.32071865E-01
 3.93604606E-01
 3.26516628E-01
 2.48538062E-01
 1.65732220E-01
 8.95515755E-02
 3.79105695E-02
 1.20988684E-02
 8.60140920E-02
 8.60140920E-02
 8.60140920E-02
 5.98083860E-10
 7.04413106E-09
 2.97511189E-08
 8.38756762E-08
 1.90740650E-07
 3.65637021E-07
 6.02942009E-07
 8.60555588E-07
 1.06774075E-06
 1.16850515E-06
 1.14309159E-06
 1.01211015E-06
 8.04813283E-07
 6.08671769E-07
 4.18153377E-07
 2.65459391E-07
 1.55759210E-07
 1.20780967E-07
 1.02421296E-07
 6.76213148E-08
 5.02389277E-08
 5.65855522E-08
 1.02352168E-07
 1.35085983E-07
 1.45354903E-07
 2.05505259E-07
 2.41706744E-07
 6.01603318E-08
-2.90839459E-08
 2.17208466E-07
 1.34079556E-07
 4.89342028E-07
 7.42052578E-07
 3.33541436E-07
 1.64753118E-07
 7.45541001E-07
 1.14612965E-06
 1.82622853E-06
 8.92929336E-07
 3.42922135E-07
 6.11301994E-06
 2.18682885E-06
 5.09526217E-06
 7.15597707E-07
 3.14031536E-06
-1.02040190E-07
 1.91362204E-07
 2.43098640E-07
 6.05298794E-07
 3.59040911E-07
 5.07858715E-07
 1.14906288E-06
 6.39010250E-06
 8.36654635E-06
 3.64443110E-07
-1.30574892E-06
 3.02336252E-06
 5.21967831E-06
 3.16578758E-06
 5.99971145E-06
 1.09031344E-05
-1.41974738E-06
 6.58595400E-06
 2.92465720E-05
 2.92766799E-05
 9.45851662E-06
 1.82545943E-08
 6.60643809E-06
 2.32063630E-05
 4.85706259E-05
 6.94541741E-05
 6.80381054E-05
 3.19613828E-05
 1.22955416E-05
 1.21474286E-05
 6.78828792E-06
 6.60465912E-06
 1.33192807E-05
 1.63892346E-05
 1.70176118E-05
 2.00282229E-05
 2.72506277E-05
 3.10939758E-05
 2.52926893E-05
 1.67207982E-05
 8.08244477E-06
 8.53582878E-06
 9.19017293E-06
 7.19707714E-06
 5.76641742E-06
 7.59019315E-07
 3.29558389E-07
 1.53872918E-06
 9.99584586E-07
 3.05913744E-07
 5.92977983E-07
 1.15832768E-06
 1.18264586E-06
 9.31203488E-07
 5.25636381E-07
 1.69524213E-07
 4.02705069E-08
 1.79759240E-07
 4.97800784E-07
 9.96413519E-07
 1.24396195E-06
 9.77814011E-07
 5.00471629E-07
 1.10295537E-06
 2.68701069E-06
 3.27042358E-06
 2.06534105E-06
 2.13399517E-06
 4.79410664E-06
 6.43529529E-06
 9.29525140E-06
 1.78100454E-05
 3.66698659E-05
 4.72347383E-05
 3.63241925E-05
 2.60399938E-05
 2.42914484E-05
 4.19279604E-05
 8.48842974E-05
 1.53526285E-04
 2.15654232E-04
 2.13822103E-04
 1.71700856E-04
 2.48077238E-04
 6.59931859E-04
 1.14797696E-03
 1.42843882E-03
 1.40213710E-03
 1.46703189E-03
 1.41081819E-03
 1.44738273E-03
 1.71561213E-03
 4.47678706E-03
 9.33495257E-03
 1.09007722E-02
 8.22387263E-03
 1.43989054E-02
 4.07848805E-02
 2.27530748E-02
-1.79404183E-03
 4.01358977E-02
 9.11171362E-02
 6.35082424E-02
 1.06068328E-01
 5.45044661E-01
 1.26328111E+00
 2.96388793E+00
 8.36879921E+00
 2.19402065E+01
 5.53952408E+01
 1.37767380E+02
 3.27941620E+02
 7.53607178E+02
 1.63392310E+03
 3.30682495E+03
 6.13995166E+03
 1.03477910E+04
 1.56794473E+04
 2.11460137E+04
 2.50861914E+04
 2.59368477E+04
 2.33075410E+04
 1.83604355E+04
 1.31571787E+04
 8.87245312E+03
 5.77075439E+03
 3.66685010E+03
 2.29370386E+03
 1.40114282E+03
 8.29619690E+02
 4.72600983E+02
 2.57295410E+02
 1.34222061E+02
 6.73863678E+01
 3.29473801E+01
 1.57825518E+01
 7.45346403E+00
 3.47720957E+00
 1.61266792E+00
 8.45854819E-01
 5.34331799E-01
 4.51517135E-01
 4.71408457E-01
 5.05563736E-01
 5.05969107E-01
 4.70464230E-01
 3.99451315E-01
 2.97238469E-01
 2.03196555E-01
 1.14681199E-01
 4.87894081E-02
 1.35816000E-02
 8.60140920E-02
 8.60140920E-02
 8.60140920E-02
 1.18271448E-09
 1.03407496E-08
 4.03230942E-08
 1.10710751E-07
 2.47314887E-07
 4.68224243E-07
 7.65671928E-07
 1.08340771E-06
 1.33740900E-06
 1.45997944E-06
 1.42621923E-06
 1.25849647E-06
 1.00889565E-06
 7.42223335E-07
 4.97756105E-07
 3.18055015E-07
 2.32773004E-07
 1.86176351E-07
 1.35132993E-07
 7.90683856E-08
 7.40167891E-08
 1.30275055E-07
 1.71248914E-07
 1.46737221E-07
 9.62387077E-08
 1.41129519E-07
 3.99342298E-07
 8.37898654E-07
 1.11866643E-06
 7.94729374E-07
 4.90689160E-07
 1.28681938E-06
 1.95080005E-07
 1.65363133E-06
 1.75851653E-06
 2.54510638E-07
 8.88320244E-07
 2.31710396E-06
 3.02174431E-06
 9.66313564E-07
 1.22746144E-06
 1.31452725E-05
 9.21093852E-06
 4.37055542E-06
 1.28274209E-07
-8.83352342E-08
 2.91436618E-06
 4.13409111E-08
 9.68471454E-07
 1.72358426E-07
 9.00553687E-07
 2.30594628E-06
 1.17917659E-06
-1.64103437E-06
 8.22361562E-06
 1.63409477E-05
 1.58718467E-06
 6.94084292E-07
-6.71134103E-07
 5.89175306E-06
 7.42282691E-06
 1.26678360E-05
 1.60926411E-05
 1.57982959E-05
 7.03687192E-06
-2.00255772E-06
 9.07749927E-06
 4.73360742E-05
 8.50152283E-05
 1.04182538E-04
 1.17612537E-04
 1.03883554E-04
 5.54440776E-05
 4.99899143E-05
 4.11432666E-05
 1.58970815E-05
 1.10814599E-05
 2.62099620E-05
 3.13425480E-05
 2.67272299E-05
 1.72194286E-05
 5.43021360E-06
 1.07500828E-05
 2.31429476E-05
 1.46534085E-05
 6.58433009E-06
 4.05582296E-06
 2.01816965E-06
 2.87100761E-06
 4.32666411E-06
 2.86934232E-06
 5.75692468E-07
 1.76791173E-06
 1.54456484E-06
 1.06816208E-06
 2.80054223E-07
 1.35709797E-07
 8.16257852E-07
 1.79707035E-06
 2.36352912E-06
 1.97394547E-06
 8.86842770E-07
 2.42744505E-07
 1.51583947E-07
 5.71970418E-07
 1.18571927E-06
 1.52034772E-06
 1.26862903E-06
 6.13199234E-07
 1.42350382E-06
 1.85122803E-06
 1.45409547E-06
 3.53054202E-06
 9.63687307E-06
 1.60934687E-05
 1.09004950E-05
-1.72960245E-06
 2.07923094E-05
 4.85697856E-05
 3.09102761E-05
 2.48346696E-05
 2.82274414E-05
 4.86119134E-05
 9.49393434E-05
 1.69352948E-04
 2.58951914E-04
 3.27555521E-04
 3.07725306E-04
 1.68841725E-04
 5.19650966E-05
 9.09626833E-05
 3.64518462E-04
 9.62037826E-04
 2.00070534E-03
 2.32884218E-03
 1.57584902E-03
 1.49807637E-03
 5.85702946E-03
 1.33493468E-02
 1.15006082E-02
 7.12711457E-03
 2.02027168E-02
 6.02363981E-02
 5.94269149E-02
 1.24803213E-02
 6.02563582E-02
 1.40372038E-01
 1.44494459E-01
 9.16402936E-02
 2.66161352E-01
 1.08595693E+00
 2.70321798E+00
 6.79330063E+00
 1.83650970E+01
 4.71316528E+01
 1.17300240E+02
 2.84462067E+02
 6.61244812E+02
 1.46174048E+03
 3.03087988E+03
 5.80366650E+03
 1.01290986E+04
 1.59424209E+04
 2.23655254E+04
 2.76792637E+04
 2.97754102E+04
 2.77488555E+04
 2.24892754E+04
 1.64738789E+04
 1.12668652E+04
 7.39598242E+03
 4.73058398E+03
 2.97861597E+03
 1.83375354E+03
 1.09650708E+03
 6.30385193E+02
 3.46191162E+02
 1.81692993E+02
 9.16654358E+01
 4.52424088E+01
 2.18766747E+01
 1.03351755E+01
 4.90670204E+00
 2.31149602E+00
 1.15613139E+00
 6.70291424E-01
 5.50758421E-01
 5.68156064E-01
 5.97425103E-01
 5.82538962E-01
 5.31780243E-01
 4.49877203E-01
 3.46294761E-01
 2.31486976E-01
 1.37509018E-01
 6.01249672E-02
 1.71043668E-02
 8.60140920E-02
 8.60140920E-02
 8.60140920E-02
 1.83996984E-09
 1.44261989E-08
 5.36300888E-08
 1.44049764E-07
 3.16483806E-07
 5.95665597E-07
 9.67334358E-07
 1.36008373E-06
 1.67660653E-06
 1.82472093E-06
 1.77632523E-06
 1.57398790E-06
 1.27235012E-06
 9.40944460E-07
 6.52165340E-07
 4.61077093E-07
 3.00625885E-07
 1.87038964E-07
 1.15264768E-07
 1.01071471E-07
 1.55441938E-07
 1.00148618E-07
 4.91101062E-08
 1.00132759E-07
 4.35820311E-07
 9.36313995E-07
 7.43456894E-07
 8.40136579E-07
 9.71122063E-07
 7.99475757E-08
 1.77160712E-06
 9.97818574E-07
 3.75089689E-06
 4.26185397E-06
 1.06740424E-06
 3.61376874E-06
 2.58190744E-06
 5.31809235E-07
 3.49020979E-06
 4.89316199E-06
 2.44510943E-06
-5.95336971E-08
 1.87482044E-06
 1.97492705E-06
 3.09597885E-06
-3.27023884E-07
 6.38776271E-07
 1.45446631E-06
 1.25845611E-06
 6.46596902E-07
 4.66140023E-07
 1.55916155E-06
 3.02422654E-06
 7.75768513E-06
 5.56190253E-06
 1.28306929E-05
-1.69609575E-06
 8.86667476E-06
 1.22217043E-05
 3.52727426E-07
-1.56084695E-06
 1.38768451E-06
 5.22605569E-06
 7.67969414E-06
 9.92491459E-06
 1.61869029E-05
 2.81838402E-05
 3.77663637E-05
 4.14500682E-05
 4.36260816E-05
 4.02358928E-05
 1.99364695E-05
 7.14464431E-06
 3.34073161E-06
 3.14516413E-08
 4.60433375E-06
 3.24797766E-05
 9.53040435E-05
 1.41096374E-04
 1.20465869E-04
 4.93206062E-05
 1.11052705E-05
 3.52557231E-06
 1.53144993E-05
 1.87145179E-05
 1.29394048E-05
 7.39841425E-06
 4.37901235E-06
 4.33249988E-06
 6.23332971E-06
 7.89362457E-06
 7.15119450E-06
 6.16482748E-06
 4.27477016E-06
 2.65891413E-06
 2.12060581E-06
 1.69153748E-06
 4.95556378E-07
-1.69575202E-07
 8.02801523E-08
 9.15496628E-07
 1.65557958E-06
 1.56643023E-06
 4.07066949E-07
-2.01650778E-07
 2.86479576E-07
 1.13794454E-06
 1.39985070E-06
 2.75950583E-07
 7.86834846E-08
 3.75073614E-06
 4.96661778E-06
 4.22823405E-06
 4.93589869E-06
 1.57569832E-06
-1.82306121E-06
 5.45890407E-06
 5.10848577E-06
 3.36918856E-05
 2.55109717E-05
 3.95239003E-05
 5.84170994E-05
 7.38865710E-05
 8.57799532E-05
 1.15237912E-04
 2.53278005E-04
 3.47896392E-04
 2.85712769E-04
 5.19746507E-04
 1.26094476E-03
 1.47413544E-03
 1.13812485E-03
 8.97366321E-04
 1.47355266E-03
 2.59188493E-03
 2.09794822E-03
 1.48782367E-03
 5.69619937E-03
 1.60451923E-02
 1.97636690E-02
 1.00036226E-02
 1.30011318E-02
 4.40600812E-02
 5.92775419E-02
 2.10109707E-02
 3.75021286E-02
 1.08231880E-01
 1.44571751E-01
 1.13010056E-01
 1.94080457E-01
 6.15206718E-01
 2.73483777E+00
 5.92307806E+00
 1.56169395E+01
 4.23142281E+01
 1.03546692E+02
 2.52620895E+02
 5.93115540E+02
 1.33022412E+03
 2.81667480E+03
 5.53713525E+03
 9.95920117E+03
 1.62185664E+04
 2.35955020E+04
 3.02985234E+04
 3.38505391E+04
 3.25557578E+04
 2.71661270E+04
 2.03007012E+04
 1.40746338E+04
 9.30938672E+03
 5.99958057E+03
 3.80135693E+03
 2.35896460E+03
 1.42166821E+03
 8.23823120E+02
 4.55905151E+02
 2.40595230E+02
 1.21784775E+02
 5.97101974E+01
 2.86265392E+01
 1.37668962E+01
 6.44766140E+00
 2.87423229E+00
 1.44974899E+00
 9.53180909E-01
 7.76599348E-01
 6.52123272E-01
 6.59185171E-01
 6.84698164E-01
 6.46079063E-01
 5.13187885E-01
 3.97339880E-01
 2.93788016E-01
 1.67693481E-01
 8.19061771E-02
 2.29476243E-02
 8.60140920E-02
 8.60140920E-02
 8.60140920E-02
 2.98538483E-09
 1.98391898E-08
 7.03357870E-08
 1.84437283E-07
 4.02891260E-07
 7.53487825E-07
 1.21862308E-06
 1.70596752E-06
 2.09034920E-06
 2.27998703E-06
 2.22412177E-06
 1.97220083E-06
 1.59659135E-06
 1.17957757E-06
 8.32889498E-07
 5.59779153E-07
 3.38311082E-07
 1.98259613E-07
 1.33465662E-07
 1.40410350E-07
 1.59326973E-07
 1.75138709E-07
 2.00849925E-07
 2.22292243E-07
 2.25399376E-07
-1.92260714E-08
-1.82341040E-07
 1.71948813E-07
 5.80277003E-07
 9.24352321E-07
 1.88156821E-06
-3.24267432E-07
-3.42412676E-07
 7.24235122E-07
-4.97897645E-07
 4.24796190E-06
 5.60889293E-06
 8.84667429E-07
 2.07097287E-06
 2.37088398E-06
 4.45675278E-06
 1.11404161E-05
 3.49376523E-06
 1.32813666E-05
 3.41288796E-07
 4.41825432E-06
 2.63829452E-06
 4.67796127E-07
 6.69830627E-07
 6.75381045E-07
 1.49961079E-06
 1.34968582E-06
-1.60540674E-06
 1.05510044E-05
 5.88396006E-06
 6.97506994E-06
 1.72412183E-05
 5.62921605E-06
 7.15538181E-06
 2.90812659E-06
 7.78887897E-06
 1.77062975E-05
 1.81101677E-05
 4.04145203E-06
-3.96403175E-06
 4.87629723E-06
 1.51602917E-05
 1.47521050E-05
 6.83422468E-06
-2.26886800E-06
-2.04505636E-06
 2.00233244E-05
 4.51775632E-05
 5.22699411E-05
 3.73287658E-05
 1.21051316E-05
-6.95203244E-06
-9.47688204E-06
-6.30278748E-07
 9.68084169E-06
 1.75200385E-05
 2.22528561E-05
 2.54065417E-05
 2.83009995E-05
 2.96730741E-05
 2.46257714E-05
 1.63853638E-05
 8.76574541E-06
 3.85747444E-06
 2.06953905E-06
 2.67981000E-06
 4.25647386E-06
 4.08197411E-06
 2.91376546E-06
 2.49762866E-06
 3.75540208E-06
 6.14387909E-06
 6.00988142E-06
 3.34603260E-06
 9.94204356E-07
 2.20557439E-07
 7.94970333E-07
 1.47427363E-06
 1.00779175E-06
 3.03592429E-07
 2.25756381E-07
 8.85426630E-07
 1.68891279E-06
 1.07830397E-06
-1.43594207E-07
 2.22353196E-06
 6.43755175E-06
 8.56111183E-06
 4.21970753E-06
-6.65354719E-06
 2.36751043E-06
 3.20200052E-05
 4.66680794E-05
 3.37220590E-05
 4.92463369E-05
 1.07893298E-04
 1.66836588E-04
 2.23969415E-04
 3.10642383E-04
 4.39646392E-04
 5.51075384E-04
 5.25976240E-04
 5.50333411E-04
 7.27016479E-04
 1.04358734E-03
 1.41242740E-03
 1.50358607E-03
 1.15867541E-03
 1.68959110E-03
 3.08251381E-03
 3.83716356E-03
 3.12846364E-03
 4.02014377E-03
 1.43915070E-02
 1.83373131E-02
 1.66862663E-02
 2.66520157E-02
 3.60431187E-02
 3.55749242E-02
 4.41010334E-02
 8.36289898E-02
 6.54451698E-02
 5.15344441E-02
 1.20273821E-01
 4.19809073E-01
 9.49442863E-01
 1.87150145E+00
 5.17255020E+00
 1.40884581E+01
 3.76521873E+01
 9.33718796E+01
 2.29219727E+02
 5.44975037E+02
 1.23693066E+03
 2.66199829E+03
 5.34320850E+03
 9.87331348E+03
 1.65613145E+04
 2.48835410E+04
 3.30629141E+04
 3.81869297E+04
 3.78349141E+04
 3.23830879E+04
 2.46158945E+04
 1.73084316E+04
 1.15599619E+04
 7.49783301E+03
 4.77305566E+03
 2.97994946E+03
 1.80883203E+03
 1.05467151E+03
 5.87547363E+02
 3.11295898E+02
 1.58651184E+02
 7.86182327E+01
 3.79331284E+01
 1.82796593E+01
 8.83475876E+00
 4.17314863E+00
 2.06258035E+00
 1.18923914E+00
 8.46035361E-01
 7.89136648E-01
 7.94603765E-01
 7.70317078E-01
 7.26564407E-01
 6.26377404E-01
 4.89003420E-01
 3.25419068E-01
 2.07067221E-01
 9.39506963E-02
 2.58886050E-02
 8.60140920E-02
 8.60140920E-02
 8.60140920E-02
 4.33142988E-09
 2.67215885E-08
 9.09929838E-08
 2.35652152E-07
 5.10397228E-07
 9.49469040E-07
 1.52501320E-06
 2.13155818E-06
 2.59925514E-06
 2.83373583E-06
 2.76796231E-06
 2.44891044E-06
 1.99134092E-06
 1.48844458E-06
 1.03920502E-06
 6.92556000E-07
 4.70313893E-07
 3.74434478E-07
 3.51834132E-07
 2.79227095E-07
 1.78228021E-07
 1.99310264E-07
 2.65527632E-07
 2.32795813E-07
 2.38325939E-07
 7.81336439E-07
 1.63265270E-06
 2.51167421E-06
 2.38050325E-06
 1.74470529E-06
 1.36485255E-06
 1.85439364E-06
 9.14689372E-06
 1.15319872E-05
 7.72343537E-06
 1.05481467E-06
 2.63307084E-06
 8.36885283E-06
 1.28883471E-06
 5.76965340E-06
 1.08973472E-05
 1.42702056E-05
 1.27547964E-05
-1.50437222E-06
 6.93318543E-06
 4.29227066E-06
 4.13752878E-06
 2.67106634E-06
 1.48543120E-06
 2.95055474E-06
 1.48670915E-06
 6.79314417E-06
 1.31016714E-05
-1.50207325E-06
 2.81951725E-06
 1.84758046E-05
 1.75091227E-05
 2.97756451E-05
 2.02366573E-05
-1.99864871E-06
-7.53967583E-07
 1.12906446E-05
 1.83614047E-05
 1.82255426E-05
 1.73341177E-05
 2.33769133E-05
 3.14094395E-05
 2.25911135E-05
 1.51619024E-05
 4.32378620E-05
 1.19764009E-04
 1.85976838E-04
 1.96778681E-04
 1.97381014E-04
 1.70858097E-04
 1.30627217E-04
 9.45830325E-05
 7.46173027E-05
 5.70341690E-05
 2.81921293E-05
 1.62468677E-05
 1.48032950E-05
 1.78927639E-05
 1.81981086E-05
 2.00775958E-05
 1.92805983E-05
 1.90413393E-05
 1.75388595E-05
 1.30192693E-05
 8.31734360E-06
 6.03065973E-06
 8.50779634E-06
 1.04847304E-05
 8.40990288E-06
 4.23410529E-06
 1.45519869E-06
 2.35975835E-06
 5.74136357E-06
 4.81428742E-06
 2.03608852E-06
 2.33214962E-07
 5.87601754E-08
 7.08615971E-07
 9.88045713E-07
 9.47375099E-07
 8.78366848E-07
 7.84210783E-07
 1.05359072E-06
 1.63644427E-06
 1.18758760E-06
 1.66142925E-07
 1.19835408E-06
 5.04463151E-06
 9.95540813E-06
 1.08847717E-05
 1.30942217E-05
 2.45762731E-05
 2.96505714E-05
 2.72949710E-05
 6.85002306E-05
 1.39331052E-04
 1.65013189E-04
 1.50519525E-04
 1.56815106E-04
 2.29378551E-04
 3.34017968E-04
 4.52502863E-04
 6.27565489E-04
 8.42295995E-04
 1.06987334E-03
 1.30456861E-03
 1.57676393E-03
 1.35276059E-03
 3.11266258E-03
 6.57016737E-03
 8.41973536E-03
 6.85585709E-03
 3.90362227E-03
 7.54781766E-03
 1.53649589E-02
 1.66843534E-02
 1.61587577E-02
 2.07983665E-02
 1.88167095E-02
 3.53167346E-03
 4.36562113E-02
 8.58931988E-02
 6.94315806E-02
 5.13086431E-02
 2.79209286E-01
 6.92997038E-01
 1.67538381E+00
 5.14286995E+00
 1.33863382E+01
 3.51721458E+01
 8.63681259E+01
 2.14494461E+02
 5.12002258E+02
 1.17372034E+03
 2.56239966E+03
 5.23832324E+03
 9.89999023E+03
 1.70326465E+04
 2.63377188E+04
 3.60464414E+04
 4.28367031E+04
 4.36330195E+04
 3.82122070E+04
 2.94923477E+04
 2.09676211E+04
 1.41187402E+04
 9.22763086E+03
 5.90676709E+03
 3.70442236E+03
 2.26206836E+03
 1.32871619E+03
 7.43646790E+02
 3.95074249E+02
 2.01328018E+02
 1.00042091E+02
 4.83878059E+01
 2.25503807E+01
 1.01452179E+01
 4.71170378E+00
 2.87976098E+00
 1.53621304E+00
 8.16979349E-01
 8.19842577E-01
 9.15881693E-01
 9.35770333E-01
 8.41242433E-01
 6.79177105E-01
 5.92934012E-01
 4.18294549E-01
 2.79010177E-01
 1.28185228E-01
 3.70917693E-02
 8.60140920E-02
 8.60140920E-02
 8.60140920E-02
 6.20228002E-09
 3.45652005E-08
 1.15798500E-07
 2.97283293E-07
 6.41500890E-07
 1.18648484E-06
 1.89867694E-06
 2.64215555E-06
 3.22894925E-06
 3.51652238E-06
 3.45943999E-06
 3.06607672E-06
 2.50022435E-06
 1.89545847E-06
 1.35465496E-06
 9.23746768E-07
 6.20496905E-07
 4.24910610E-07
 2.69890677E-07
 1.08241395E-07
 1.86251327E-07
 1.73912071E-07
 1.94603246E-07
 3.24179723E-07
 5.20831350E-07
 6.54322491E-07
 6.51960931E-07
 3.15521106E-07
-1.90989965E-07
 3.47760050E-07
 4.07390644E-06
 1.10645306E-06
-1.05223012E-06
 2.95187374E-06
-9.40479197E-07
 2.67631981E-06
 9.44681869E-06
-2.46635773E-06
 1.11992031E-05
 1.17125610E-05
 8.02413706E-06
 1.58818659E-06
 1.21376761E-05
 6.10257257E-06
 2.48685092E-06
 4.64548202E-06
 1.78514688E-06
 6.47313300E-07
 1.55619250E-06
 2.06205095E-06
 1.19536116E-06
 4.32806200E-06
 1.63017048E-05
 2.18936748E-05
 1.58458952E-05
 7.32650278E-06
-3.21868583E-06
 3.37475149E-06
 2.67024825E-05
 2.60501292E-05
 1.67494018E-05
 1.31663555E-05
 5.79561356E-06
 6.45021146E-07
 4.12835743E-06
 1.26653358E-05
 8.81705910E-06
-9.19103968E-06
 1.36066892E-05
 7.81787312E-05
 1.66335172E-04
 2.16881250E-04
 1.71354448E-04
 1.63468329E-04
 1.44471749E-04
 1.21493911E-04
 1.08258660E-04
 1.25533465E-04
 1.42845296E-04
 9.88691681E-05
 6.51005612E-05
 3.86252214E-05
 1.35466780E-05
 3.13251689E-06
 1.16940009E-05
 8.64370031E-06
 1.12411954E-05
 1.02958920E-05
 8.10808524E-06
 1.14365985E-05
 1.23121763E-05
 1.90027786E-05
 2.42721617E-05
 1.75424193E-05
 6.20411311E-06
 2.62159642E-06
 5.81902486E-06
 1.89288130E-06
 2.02028588E-07
 7.50837842E-07
 7.96276538E-07
 7.79535355E-07
 5.88007481E-07
 2.27966680E-07
 2.30958449E-07
 2.66658503E-07
-8.41240464E-08
-2.37841206E-07
 7.45101147E-07
 2.16468175E-06
 2.94009595E-07
-6.49568335E-07
 1.96605697E-06
 6.41090128E-06
 1.74297766E-05
 1.48056033E-05
 1.21198800E-05
 4.93021435E-06
 2.32400589E-06
 5.48653588E-05
 9.29722009E-05
 9.42869447E-05
 1.45626298E-04
 2.20752496E-04
 2.89775780E-04
 2.34467108E-04
 7.84590156E-05
 8.87231363E-05
 2.39802903E-04
 4.65600548E-04
 6.74807699E-04
 1.64166070E-03
 2.87099183E-03
 1.21515268E-03
 7.77082925E-04
 2.30182637E-03
 2.50124070E-03
 2.07008654E-03
 2.15252186E-03
 1.49621069E-02
 6.71562040E-03
 2.07550102E-03
 3.40846106E-02
 7.18364045E-02
 4.29032445E-02
 2.08026990E-02
 5.65942787E-02
 8.50495547E-02
 6.30719662E-02
 3.57024461E-01
 9.57727671E-01
 1.90851247E+00
 4.66022110E+00
 1.26600542E+01
 3.27220268E+01
 8.29471741E+01
 2.05714310E+02
 4.94013641E+02
 1.14197485E+03
 2.51782471E+03
 5.22821045E+03
 1.00578740E+04
 1.77004707E+04
 2.80413594E+04
 3.93772461E+04
 4.79896875E+04
 5.00456836E+04
 4.46907656E+04
 3.49819844E+04
 2.50849121E+04
 1.70055898E+04
 1.11779980E+04
 7.19651416E+03
 4.53510303E+03
 2.78679199E+03
 1.64324255E+03
 9.24714539E+02
 4.93578003E+02
 2.51438782E+02
 1.23727249E+02
 5.99499397E+01
 2.89494076E+01
 1.37870684E+01
 6.88756323E+00
 3.81995821E+00
 2.06529236E+00
 1.11279166E+00
 1.11518717E+00
 1.11913633E+00
 1.08323348E+00
 1.06236327E+00
 9.37889874E-01
 7.81382143E-01
 5.36237061E-01
 3.30576599E-01
 1.58448935E-01
 3.88431922E-02
 8.60140920E-02
 8.60140920E-02
 8.60140920E-02
 8.28007973E-09
 4.45629738E-08
 1.44644005E-07
 3.71064402E-07
 7.95295705E-07
 1.46558091E-06
 2.33886908E-06
 3.25554743E-06
 3.98556449E-06
 4.35124412E-06
 4.28223939E-06
 3.83158613E-06
 3.14281010E-06
 2.40849818E-06
 1.71188287E-06
 1.15456646E-06
 7.90691217E-07
 5.67189375E-07
 3.78658683E-07
 2.82894376E-07
 3.26696863E-07
 4.42186831E-07
 7.28745192E-07
 2.31565210E-07
 6.79100765E-07
 1.29235355E-06
 1.63848961E-06
 4.43759973E-06
 7.21420020E-06
 4.68930375E-06
 2.02030037E-06
 7.18546744E-06
 1.53138935E-05
 1.65055044E-05
 6.18585773E-06
 9.72512771E-06
 1.73892568E-05
 8.81449432E-06
 2.39671554E-05
 4.89146123E-06
 1.58888761E-05
 5.00569804E-05
 2.65685921E-05
 3.59400042E-06
-8.06792457E-07
 4.25407507E-06
 1.98675343E-06
 1.09646851E-06
 6.30477962E-06
-1.67144112E-08
 7.72666681E-06
 8.52455378E-06
 1.41021947E-05
-3.13760302E-06
 3.08177659E-05
 6.02232758E-05
 3.70532834E-05
 2.85715578E-05
 1.98912421E-05
 2.88022170E-06
 1.23142684E-06
 1.65867496E-05
 1.59335505E-05
 8.14122814E-06
 8.95265202E-06
 2.41321432E-05
 3.94317212E-05
 3.08067029E-05
 2.06338518E-05
 4.13981688E-05
 1.04665844E-04
 1.08043583E-04
 3.81146856E-05
 1.96842320E-05
 2.04514217E-05
 1.72100517E-05
 1.38973564E-05
 5.80371088E-05
 9.29205125E-05
 7.90287813E-05
 5.23044910E-05
 2.02465744E-05
-1.02084994E-06
 3.13067494E-06
 2.13143630E-05
 2.21956197E-05
 1.35084329E-05
 2.27096480E-05
 1.87066107E-05
 4.55500185E-06
-3.86548572E-06
-6.11929124E-07
 3.14752970E-06
 3.73126886E-06
 5.33265620E-06
 1.08982758E-05
 1.31135484E-05
 6.71287671E-06
 1.70132830E-06
 9.43775603E-07
 8.52292317E-07
 7.58104420E-07
 6.10221150E-07
 5.63465164E-07
 6.34755963E-07
 9.89167575E-07
 1.96809538E-06
 2.66074449E-06
 2.93844346E-06
 4.99619546E-06
 5.11461576E-06
 4.66963093E-06
 2.85542319E-06
 5.18213483E-06
 2.20772254E-05
 2.06258519E-05
 1.21370795E-05
-4.13850921E-06
 1.04140952E-06
 4.71742824E-05
 8.20043060E-05
 7.74172368E-05
 1.18936214E-05
 1.07723943E-04
 3.00824060E-04
 2.50023790E-04
 5.86277929E-05
 3.30206414E-04
 1.02638442E-03
 1.07771775E-03
 1.30876317E-04
 5.17104636E-04
 2.09648348E-03
 2.94373604E-03
 2.02615978E-03
 1.36189151E-03
 6.97577139E-04
 1.49570883E-03
-7.70101033E-04
 1.35660013E-02
 2.97938827E-02
 1.56679396E-02
 1.23258475E-02
 3.32492441E-02
 5.97421564E-02
 1.35622293E-01
 1.50128871E-01
 1.05593391E-01
 6.99425340E-02
 3.16235662E-01
 6.94644034E-01
 1.47463107E+00
 4.31418610E+00
 1.25970707E+01
 3.20796928E+01
 8.10733948E+01
 2.03842712E+02
 4.87464172E+02
 1.13599622E+03
 2.52943042E+03
 5.31251611E+03
 1.03883242E+04
 1.86240078E+04
 3.01235801E+04
 4.31873281E+04
 5.37132695E+04
 5.71526602E+04
 5.18211211E+04
 4.10516250E+04
 2.96463965E+04
 2.02345684E+04
 1.33665137E+04
 8.64146094E+03
 5.48496582E+03
 3.38761450E+03
 2.00146362E+03
 1.13113013E+03
 6.05895874E+02
 3.07832764E+02
 1.50109528E+02
 7.39502411E+01
 3.64045982E+01
 1.59206667E+01
 7.00843859E+00
 3.52242112E+00
 1.81988168E+00
 1.31027222E+00
 1.31468320E+00
 1.27448010E+00
 1.23604870E+00
 1.28811789E+00
 1.08398509E+00
 8.49025846E-01
 6.91507995E-01
 4.50279057E-01
 2.15287223E-01
 7.32349530E-02
 8.60140920E-02
 8.60140920E-02
 4.91704510E-10
 1.10504645E-08
 5.57920039E-08
 1.79215760E-07
 4.53416192E-07
 9.68658696E-07
 1.78601556E-06
 2.84821544E-06
 3.97225404E-06
 4.89098329E-06
 5.37801043E-06
 5.32072136E-06
 4.77558842E-06
 3.94931021E-06
 3.04339824E-06
 2.18418859E-06
 1.49829339E-06
 1.05626509E-06
 8.14814427E-07
 5.84693339E-07
 3.91590277E-07
 4.18505437E-07
 4.16450860E-07
 3.65989763E-07
 3.16247139E-07
 5.63201866E-07
 1.51584709E-06
 5.30297370E-07
 1.40328427E-06
 3.61139337E-06
 1.09066741E-06
 6.47306194E-07
 1.33782341E-05
 1.83735265E-05
 6.58574527E-06
 1.33677249E-05
-4.06395884E-06
 1.11150921E-05
 1.89678995E-05
-2.71901240E-06
 3.71319838E-05
 2.86152699E-05
-2.23946904E-06
 3.78107461E-06
 1.42818208E-05
 1.01465355E-06
 9.02201100E-06
 5.96718337E-06
 1.87149715E-06
 1.17579948E-05
 4.92281697E-06
 1.16626952E-05
 4.54310721E-05
 4.57969963E-06
 1.74576326E-05
 2.32867351E-05
 7.64779770E-07
 2.27996370E-05
 5.93190634E-05
 6.27066620E-05
 4.03447848E-05
 2.23634725E-05
 1.27916437E-05
-1.81420103E-06
 1.49106172E-05
 4.19819771E-05
 2.86827362E-05
 7.43099827E-06
 3.88903427E-05
 3.07782102E-05
 1.98427533E-05
 5.15393913E-05
 1.66900172E-05
-2.39083274E-05
-8.21130743E-06
 2.73049081E-05
 2.74605882E-05
-5.47149102E-06
-3.18601792E-06
 4.68459348E-06
 1.78424034E-05
 1.86586694E-05
 4.06871550E-06
-4.56246624E-07
 1.46266220E-05
 4.07874104E-05
 5.13473133E-05
 2.24357209E-05
 3.11524891E-05
 3.96496835E-05
 3.14204626E-05
 2.55245213E-05
 2.57035244E-05
 1.43012658E-05
 4.53913890E-06
 2.77671575E-06
 6.49831918E-06
 3.90982359E-06
 1.53059273E-06
 3.09247093E-06
 3.99501641E-06
 1.44633441E-06
 1.18696526E-07
 1.35306436E-07
 7.67688505E-07
 1.22013739E-06
 1.05783761E-06
 2.62175405E-07
-7.13931342E-07
-8.90734782E-07
 1.20556547E-06
 4.73206546E-06
 5.82949406E-06
 4.26743372E-06
 6.34549269E-06
 2.41336111E-05
 2.71926983E-05
 1.99460246E-05
 1.31660145E-05
 2.27551282E-05
 5.07781115E-05
 9.65354775E-05
 1.43462617E-04
 1.49696556E-04
 1.14844610E-04
 2.07443649E-04
 2.30951395E-04
 1.03148181E-04
 2.29581696E-04
 7.92379258E-04
 1.07648619E-03
 2.60772853E-04
-2.02053125E-04
 3.37901234E-04
 6.26305235E-04
-2.59507302E-04
 1.87120668E-03
 3.37963877E-03
 2.46206392E-03
-1.09197199E-03
 8.30182713E-03
 2.74802148E-02
 3.77295800E-02
 2.49271337E-02
 7.68406224E-03
 3.01020145E-02
 1.00546218E-01
 1.24974564E-01
 1.05227105E-01
 1.89592406E-01
 4.46295291E-01
 7.37340987E-01
 1.58730590E+00
 4.58696938E+00
 1.28130236E+01
 3.28710136E+01
 8.20102310E+01
 2.05599503E+02
 4.95779785E+02
 1.16066418E+03
 2.59848560E+03
 5.51209668E+03
 1.09189551E+04
 1.98640996E+04
 3.26717500E+04
 4.76568242E+04
 6.02882578E+04
 6.50212188E+04
 5.96854648E+04
 4.77374883E+04
 3.46242891E+04
 2.37985430E+04
 1.57527236E+04
 1.02413232E+04
 6.50927588E+03
 4.03452759E+03
 2.39513574E+03
 1.35166028E+03
 7.23278259E+02
 3.69201080E+02
 1.81391296E+02
 8.81280899E+01
 4.31143684E+01
 2.03517990E+01
 8.99127960E+00
 4.99942827E+00
 3.26478767E+00
 2.15346503E+00
 1.37405944E+00
 1.35895371E+00
 1.65071678E+00
 1.71393836E+00
 1.42825508E+00
 1.25671089E+00
 8.44556332E-01
 6.07458472E-01
 2.84084916E-01
 6.50948137E-02
 8.60140920E-02
 8.60140920E-02
 7.69151576E-10
 1.41243683E-08
 6.86440131E-08
 2.17562445E-07
 5.46932995E-07
 1.16510478E-06
 2.14050328E-06
 3.41657028E-06
 4.78783022E-06
 5.94267931E-06
 6.58109548E-06
 6.57589999E-06
 5.98130009E-06
 4.98379995E-06
 3.85246040E-06
 2.81779512E-06
 1.98660746E-06
 1.39395138E-06
 9.13911833E-07
 5.80884034E-07
 6.87980787E-07
 6.59583463E-07
 4.59347945E-07
 7.86978717E-07
 5.61743377E-07
 1.29866794E-06
 1.12628152E-06
 4.27354644E-06
 5.90043783E-06
 4.78544462E-06
 8.30514091E-06
 7.00794408E-06
 3.11726171E-06
 2.56566955E-06
-1.43229363E-06
 3.68704350E-05
 6.33641030E-05
-3.58195052E-07
 4.03423692E-05
 4.42796845E-05
 6.16181478E-06
 4.97024303E-05
 4.87608268E-05
 6.05134810E-05
 3.63060462E-06
 5.49019774E-07
 9.18434034E-06
 1.97831855E-06
 5.78554818E-06
 2.11996867E-05
 1.00601756E-05
 1.33715739E-05
 7.27945917E-06
 4.69428887E-05
 4.77481626E-05
 3.34759352E-05
 7.38170856E-05
 8.61247172E-05
 2.50706835E-05
-8.63587229E-06
-1.14990944E-05
 2.33418868E-05
 4.60691954E-05
-1.30921705E-06
 2.51250967E-05
 1.12242509E-04
 9.13159165E-05
 8.57230680E-06
-9.84117469E-06
 4.63932556E-05
 8.32612495E-05
 8.59692809E-05
 5.76559032E-05
 9.24199412E-05
 2.01055736E-04
 2.98292434E-04
 2.77635932E-04
 1.59100673E-04
 5.11158833E-05
 9.65366962E-06
 3.45686676E-05
 4.60295669E-05
 3.18211532E-05
 2.35934695E-05
 3.32882009E-05
 5.62606110E-05
 7.15160641E-05
 4.17755582E-05
 2.47234238E-05
 3.28132810E-05
 2.51168040E-05
 4.78540351E-05
 5.20928261E-05
 3.59226142E-05
 2.15288510E-05
 1.69975137E-05
 1.58296116E-05
 1.12262305E-05
-1.55827180E-07
-9.92379938E-08
 3.44282284E-06
 1.06443883E-06
 6.20431535E-07
 1.70639430E-06
 2.78814082E-06
 3.12628890E-06
 2.62519484E-06
 1.68199483E-06
 1.03557522E-06
 1.61559922E-06
 3.82854887E-06
 5.56064606E-06
 5.23932476E-06
 3.61661819E-06
 4.54170413E-06
 1.77783149E-05
 2.63183556E-05
 3.09629322E-05
 3.83890983E-05
 4.91683495E-05
 5.61534944E-05
 1.10623696E-04
 1.98117443E-04
 2.32972641E-04
 1.74593704E-04
 1.22825848E-04
 3.08009272E-04
 4.16772178E-04
 2.90897704E-04
 1.62110053E-04
 5.23006856E-05
 2.88297393E-04
 1.10177044E-03
 2.11036089E-03
 1.60762679E-03
-1.40448901E-04
 3.21143167E-03
 7.14800740E-03
 5.38718747E-03
 9.04214394E-04
 5.40577574E-03
 1.06977187E-02
 1.41691184E-02
 2.79710367E-02
 5.48556633E-02
 7.02088773E-02
 5.91315255E-02
 2.96400543E-02
 3.07483207E-02
 1.76185802E-01
 3.91903043E-01
 7.29629993E-01
 1.84835196E+00
 4.96217012E+00
 1.27113438E+01
 3.30383492E+01
 8.61442490E+01
 2.13504120E+02
 5.16381531E+02
 1.21565015E+03
 2.73610986E+03
 5.85112305E+03
 1.16905615E+04
 2.15280996E+04
 3.58843594E+04
 5.30689492E+04
 6.79808047E+04
 7.39344375E+04
 6.84223594E+04
 5.50578008E+04
 4.00284453E+04
 2.75821797E+04
 1.83138496E+04
 1.19561582E+04
 7.63091504E+03
 4.74448096E+03
 2.82367749E+03
 1.59655969E+03
 8.54759033E+02
 4.36684662E+02
 2.13278976E+02
 1.00731071E+02
 4.81476250E+01
 2.40423756E+01
 1.14532261E+01
 5.00101089E+00
 2.69054532E+00
 2.20390534E+00
 1.85974860E+00
 1.82826579E+00
 2.19672418E+00
 2.07200098E+00
 1.74901843E+00
 1.60564852E+00
 1.14200759E+00
 7.10331857E-01
 4.12137568E-01
 1.11821465E-01
 8.60140920E-02
 8.60140920E-02
 1.27266742E-09
 1.74907555E-08
 8.24635791E-08
 2.60049319E-07
 6.50816048E-07
 1.38056532E-06
 2.53171083E-06
 4.04711409E-06
 5.70385691E-06
 7.14795851E-06
 8.00344606E-06
 8.09075027E-06
 7.41837539E-06
 6.23264714E-06
 4.78975198E-06
 3.53561518E-06
 2.65902690E-06
 1.96570727E-06
 1.26719146E-06
 8.10625409E-07
 7.96945528E-07
 1.02827505E-06
 6.55939516E-07
 2.02559221E-07
 1.17955119E-06
 2.16522449E-06
 1.62238439E-06
 2.70804026E-06
 8.12603776E-06
 1.03987350E-05
 1.49957923E-05
 6.17364276E-06
 9.13457370E-06
 6.29678107E-05
 5.61220768E-05
 1.67736162E-05
 1.22785632E-05
 1.84661458E-05
 6.13018492E-05
 2.29821053E-05
 2.51476722E-05
 9.54652387E-06
 2.02501342E-05
-7.63657044E-06
 1.42435974E-05
 7.86860528E-06
-1.83556415E-06
 1.36922963E-05
 2.33309288E-06
 3.89043953E-06
 2.65723374E-05
 4.64755612E-05
 2.42424376E-05
 3.90880487E-05
 8.77584243E-05
 9.00361192E-05
 5.95524834E-05
 3.95983516E-05
 6.89257577E-05
 7.24153360E-05
 6.39631544E-05
 8.35044120E-05
 7.03550832E-05
 1.66343361E-05
-1.51888698E-05
 3.80979473E-05
 7.25711143E-05
 6.84161278E-05
 2.15683140E-05
 3.18482089E-05
 7.78911199E-05
 7.66665180E-05
 9.92375717E-05
 2.29175537E-04
 4.40255477E-04
 6.10318733E-04
 5.51927020E-04
 3.00471467E-04
 8.93838005E-05
 3.93614682E-05
 7.08058724E-05
 6.37937264E-05
 7.91675629E-05
 9.03975815E-05
 7.33662309E-05
 6.75184347E-05
 7.11864268E-05
 5.54612816E-05
 1.29267228E-05
 3.58926172E-06
 5.85561293E-06
 4.65680423E-05
 3.93546252E-05
 2.91694469E-05
 1.85737281E-05
 1.55884918E-05
 1.50688811E-05
 2.21833652E-05
 1.45370504E-05
 5.88543980E-06
 4.81881762E-06
 5.74208707E-06
 4.41699058E-06
 3.62331230E-06
 1.37966720E-06
-2.82786090E-07
-5.84605800E-07
 4.92429820E-07
 2.58064233E-06
 4.94907135E-06
 6.07354195E-06
 6.88039336E-06
 7.24691699E-06
 5.56394207E-06
 2.71742442E-06
 5.71684086E-06
 1.64442336E-05
 3.23289496E-05
 4.96488792E-05
 6.03698900E-05
 5.28111159E-05
 1.05578285E-04
 1.83818556E-04
 1.28182262E-04
 4.70673076E-05
 1.76542526E-05
 9.47996523E-05
 2.47565971E-04
 3.38394224E-04
 2.76370411E-04
 2.78874359E-04
 6.29310380E-04
 8.70610820E-04
 8.86016525E-04
 5.20544418E-04
-2.85070797E-04
 9.73911199E-04
 3.04248207E-03
 3.16612842E-03
 4.37340979E-03
 1.66481659E-02
 2.07316149E-02
 1.08436495E-02
 8.01762473E-03
 3.70171852E-02
 1.21740296E-01
 1.56639352E-01
 1.01946354E-01
 8.46262127E-02
 2.34260812E-01
 2.63567865E-01
 3.95941705E-01
 1.67500341E+00
 5.54110718E+00
 1.39541769E+01
 3.61317444E+01
 9.19409485E+01
 2.28429428E+02
 5.55098450E+02
 1.30547900E+03
 2.95037622E+03
 6.35070996E+03
 1.27749229E+04
 2.37436465E+04
 3.99509727E+04
 5.96102031E+04
 7.69823750E+04
 8.40689219E+04
 7.79696953E+04
 6.29635625E+04
 4.58051875E+04
 3.16840117E+04
 2.10938105E+04
 1.38259521E+04
 8.86077930E+03
 5.51251074E+03
 3.28795386E+03
 1.85680298E+03
 9.90935364E+02
 5.02482605E+02
 2.48205978E+02
 1.18978989E+02
 5.72488289E+01
 2.83266487E+01
 1.32207241E+01
 6.17061949E+00
 3.76518297E+00
 2.96075892E+00
 2.32948256E+00
 2.31012511E+00
 2.85610580E+00
 2.90514231E+00
 2.36886597E+00
 1.89250708E+00
 1.51967907E+00
 9.95386720E-01
 5.12599647E-01
 1.59318939E-01
 8.60140920E-02
 8.60140920E-02
 1.91745730E-09
 2.09283328E-08
 9.73357004E-08
 3.03821423E-07
 7.62066861E-07
 1.60677007E-06
 2.93783501E-06
 4.72213696E-06
 6.69858400E-06
 8.49422213E-06
 9.64848732E-06
 9.85177394E-06
 9.17599573E-06
 7.80124356E-06
 6.21097251E-06
 4.62772414E-06
 3.10979635E-06
 2.33033597E-06
 1.70969008E-06
 1.29417492E-06
 1.15289401E-06
 1.03736329E-06
 9.79552283E-07
 7.44828185E-07
 1.17489526E-06
 1.42361205E-06
 1.10887015E-06
 3.27376074E-06
 5.83948577E-06
 3.03115428E-07
 2.88449246E-06
 1.26816713E-05
 2.44978401E-05
 4.28467429E-05
 2.17770266E-05
 5.38249078E-05
 1.69048799E-05
 1.04694693E-04
 3.42191124E-05
 1.87566238E-05
 8.26699325E-05
 8.86324706E-05
 9.23818734E-05
 6.02540531E-05
 2.69872507E-05
-1.07471543E-07
 1.12067573E-05
 1.99424426E-06
 8.65282891E-06
 1.31940715E-05
 1.21564949E-06
 6.03616854E-07
 4.23664687E-06
-6.57554551E-07
 3.90689056E-05
 3.40122351E-05
 2.11972350E-04
 1.23443693E-04
 1.20984878E-04
 1.49117070E-04
 1.73568638E-04
 2.09440932E-05
 2.67490232E-05
 7.46553196E-05
 1.05835170E-04
 7.25369609E-05
-3.30605849E-06
 8.40118082E-05
 9.69671237E-05
 1.83903303E-05
-9.21326773E-06
-1.29740247E-05
 3.02817534E-05
 1.46357546E-04
 2.79354455E-04
 3.69802874E-04
 2.75459490E-04
 1.23004138E-04
 1.73430089E-05
 4.81338502E-05
 6.68177381E-05
 1.39014392E-05
 1.69655004E-06
 1.98670441E-05
 5.04907621E-05
 7.26219660E-05
 6.68553766E-05
 4.63114702E-05
 1.56792721E-05
-3.85562362E-06
 3.00104039E-05
 4.85024575E-05
 1.03979983E-05
 5.95004167E-06
 5.06230163E-06
 3.27009570E-06
 3.00564352E-06
 1.42526351E-05
 2.57120155E-05
 1.50628130E-05
 9.79011293E-06
 7.64782453E-06
 6.03252192E-06
 5.34689298E-06
 3.47529385E-06
 2.26056568E-06
 2.87908097E-06
 4.42589089E-06
 4.98773534E-06
 2.75151410E-06
-3.61377658E-07
 3.09155052E-06
 1.30420267E-05
 2.21707596E-05
 2.01586536E-05
 9.51143375E-06
 1.07400965E-05
 2.34775398E-05
 4.02097940E-05
 5.01599643E-05
 4.31415065E-05
 8.37995467E-05
 7.23252742E-05
 1.45663260E-04
 3.99825629E-04
 3.13034951E-04
 3.08463495E-04
 2.98943167E-04
 1.37167270E-04
 1.52858251E-04
 5.77828207E-04
 5.87448187E-04
 2.87738530E-05
-1.69374820E-04
 8.46937997E-04
 1.03036943E-03
 1.37641106E-03
 1.73314824E-03
 2.59368517E-03
 7.85594340E-03
 1.09962476E-02
 3.45667489E-02
 4.83521782E-02
 2.55864821E-02
 1.10072233E-02
 4.67946641E-02
 5.79182543E-02
 3.21900249E-02
 8.72573033E-02
 2.86337554E-01
 3.87080312E-01
 7.03839421E-01
 2.28248572E+00
 5.95259809E+00
 1.48588543E+01
 3.97524261E+01
 1.01551735E+02
 2.52339310E+02
 6.11894531E+02
 1.44139734E+03
 3.26781128E+03
 7.04150195E+03
 1.42584189E+04
 2.66657324E+04
 4.51305273E+04
 6.76714609E+04
 8.75684922E+04
 9.56551328E+04
 8.86410938E+04
 7.12200156E+04
 5.20605273E+04
 3.59179414E+04
 2.40288496E+04
 1.57649131E+04
 1.01438252E+04
 6.32584131E+03
 3.77379956E+03
 2.12262500E+03
 1.12965649E+03
 5.76479126E+02
 2.83195435E+02
 1.35824585E+02
 6.44211655E+01
 3.09972916E+01
 1.47515268E+01
 7.42553711E+00
 4.59554291E+00
 3.48310876E+00
 2.85160279E+00
 2.69854116E+00
 3.32102799E+00
 3.67480421E+00
 3.42348480E+00
 2.68341446E+00
 1.96819210E+00
 1.31386900E+00
 6.74779177E-01
 2.06234112E-01
 8.60140920E-02
 8.60140920E-02
 2.26481056E-09
 2.44092107E-08
 1.11271518E-07
 3.48742532E-07
 8.70653821E-07
 1.83377892E-06
 3.35643881E-06
 5.40942892E-06
 7.77629066E-06
 9.97329244E-06
 1.14901832E-05
 1.19245624E-05
 1.12393054E-05
 9.62969534E-06
 7.76008346E-06
 5.84520421E-06
 4.24725386E-06
 2.81252778E-06
 2.47299272E-06
 1.94357131E-06
 9.16631109E-07
 7.12762073E-07
 1.07390360E-06
 1.31785237E-06
 1.65674896E-06
 1.65424217E-06
 2.59816511E-06
 8.05326363E-06
 1.07455298E-06
 5.83424116E-06
 1.27261492E-05
 2.50067151E-05
 1.78231985E-05
 7.81918061E-06
 1.32190080E-05
 1.28151820E-04
 7.22528202E-05
 5.97737198E-05
 1.23672115E-04
 2.45653122E-04
 1.31140157E-04
 5.38493732E-05
 4.44085344E-05
 9.39727761E-06
 2.41351408E-05
 1.44029218E-05
 1.33500271E-05
 1.07362939E-05
 2.80918357E-06
 3.47364835E-06
 5.27478333E-05
 9.06898567E-05
 7.98704568E-05
 7.02880279E-05
 8.44818278E-05
 1.59781586E-04
 1.49634696E-04
 3.62889623E-05
 9.25469794E-05
-1.99687183E-05
 5.56537307E-05
 2.03275995E-05
 4.55300797E-05
 1.89483602E-04
 2.28643723E-04
 1.10636094E-04
 8.26255473E-06
 1.49630750E-06
 1.91478903E-04
 1.67544480E-04
 1.31896610E-04
 1.18564581E-04
 5.85848284E-05
-6.20333012E-05
 1.24800034E-04
 1.28087035E-04
-1.06736632E-04
-2.80020831E-05
 6.15957179E-05
 1.36985793E-04
 1.38462652E-04
 6.63432947E-05
 1.46034390E-05
-9.53990457E-06
-9.41458347E-06
 5.67008055E-06
 2.49865025E-05
 4.09518907E-05
 5.34097562E-05
 7.11061002E-05
 9.30389870E-05
 7.68312020E-05
 9.05408979E-06
-3.60189432E-07
 1.23180425E-05
 8.71099292E-06
-1.60594212E-07
 1.96628139E-06
 1.41484115E-05
 2.35791758E-05
 1.24420158E-05
 8.03736202E-06
 1.90785750E-06
 3.76255343E-07
 4.38901725E-06
 5.62975947E-06
 5.60186027E-06
 4.34914591E-06
 2.14864303E-06
 1.19223705E-06
 7.11805751E-06
 2.45894116E-05
 4.48685023E-05
 4.99040943E-05
 3.72366485E-05
 3.16837504E-05
 3.05949725E-05
 3.14832614E-05
 3.40445840E-05
 4.13794114E-05
 5.59969558E-05
 9.13296317E-05
 2.61310051E-04
 6.02340617E-04
 9.02752741E-04
 7.33492256E-04
 6.07680471E-04
 4.43994242E-04
 4.13693982E-04
 1.03997055E-03
 1.29561778E-03
 6.57616998E-04
-9.16108547E-05
 1.55133905E-03
 2.22750730E-03
 1.41996238E-03
 3.49979941E-03
 4.09646984E-03
 4.53244057E-03
 8.65848828E-03
 4.00270987E-03
 6.00885088E-03
 1.50165455E-02
 2.85089947E-02
 3.57131325E-02
 2.16713939E-02
 1.38988001E-02
 2.19201371E-02
 1.15738370E-01
 2.67812163E-01
 3.52002591E-01
 7.90551960E-01
 2.49740672E+00
 6.13092041E+00
 1.69846420E+01
 4.52995644E+01
 1.14153770E+02
 2.85207642E+02
 6.94304932E+02
 1.63524243E+03
 3.70808838E+03
 8.01618213E+03
 1.62664336E+04
 3.05127148E+04
 5.17439844E+04
 7.76105938E+04
 1.00238672E+05
 1.08851688E+05
 1.00066875E+05
 8.01704609E+04
 5.85809023E+04
 4.03352383E+04
 2.70180371E+04
 1.77877910E+04
 1.14775078E+04
 7.16159033E+03
 4.25460498E+03
 2.38599536E+03
 1.26828381E+03
 6.40378174E+02
 3.11256409E+02
 1.49911255E+02
 7.37043304E+01
 3.67207184E+01
 1.80672722E+01
 8.84987926E+00
 4.96893501E+00
 4.01861382E+00
 4.09839201E+00
 4.35413599E+00
 4.65488577E+00
 4.77991438E+00
 4.51017237E+00
 3.41343570E+00
 2.61791015E+00
 1.71408367E+00
 8.47384572E-01
 2.82590300E-01
 8.60140920E-02
 8.60140920E-02
 2.86991875E-09
 2.77190733E-08
 1.24195950E-07
 3.90258776E-07
 9.70685505E-07
 2.04609091E-06
 3.75598870E-06
 6.12101985E-06
 8.87114493E-06
 1.15684134E-05
 1.35487480E-05
 1.42836261E-05
 1.36303688E-05
 1.18799435E-05
 9.71159170E-06
 7.31049522E-06
 5.45129433E-06
 3.91319099E-06
 2.20174729E-06
 2.09830614E-06
 2.29658554E-06
 2.25610052E-06
 1.75933712E-06
 1.21386188E-06
 1.61633704E-06
 2.75205252E-06
 1.42067506E-06
 2.40217514E-06
 2.06774234E-06
 1.69839532E-05
 2.34337585E-05
 1.60093641E-05
 4.00102690E-05
 1.12406728E-04
 1.55489601E-04
 1.25566992E-04
 5.77678184E-05
 7.69694270E-06
 3.76058015E-05
 7.01012759E-05
 3.77548458E-05
 7.33072593E-05
 9.91262641E-06
 1.00147954E-04
 6.81152915E-06
 2.20652419E-05
 5.43254646E-06
 4.57130272E-06
 5.18832849E-06
 6.99120051E-07
 2.94648071E-05
-5.87270733E-06
 2.97628158E-05
 5.94555531E-05
 3.37174642E-05
 6.33334712E-05
 4.08947670E-07
 1.98904454E-04
 3.17494443E-04
 3.35792167E-04
 2.59359542E-04
 1.83562050E-04
 1.08903914E-04
 6.76166528E-05
 3.44240980E-05
 1.88996437E-05
-2.03509421E-06
-9.00457235E-06
 7.65670193E-05
 2.04906915E-04
 1.90391977E-04
 3.66456516E-05
 4.18647960E-06
 2.97320716E-04
 5.49610937E-04
 9.68508903E-05
 3.55572993E-05
 3.73529794E-04
 9.42279439E-05
 9.47682493E-05
 1.99814065E-04
 2.07828009E-04
 1.79029579E-04
 1.37232782E-04
 9.75993535E-05
 7.00163873E-05
 6.24718159E-05
 8.44304595E-05
 1.00729136E-04
 1.36147719E-04
 1.17022173E-04
 1.02735386E-04
 4.83464610E-05
 3.37770871E-05
 6.22947700E-05
 5.09481288E-05
 2.37228232E-05
 5.60448143E-06
 3.35123218E-06
 1.11355375E-05
 1.64254561E-05
 7.53860286E-06
 3.07564937E-06
 3.47535752E-06
 7.33438264E-06
 8.34494222E-06
 7.90768172E-06
 7.40743690E-06
 8.03954572E-06
 1.06361531E-05
 1.49866783E-05
 2.02442607E-05
 2.81577668E-05
 2.77519466E-05
 2.76212995E-05
 2.71065146E-05
 2.67537325E-05
 3.22119995E-05
 5.05539574E-05
 9.00464511E-05
 1.60843381E-04
 2.25480399E-04
 4.25614213E-04
 7.54357665E-04
 1.02548033E-03
 8.28501361E-04
 4.34936519E-04
 1.60693147E-04
 9.06211324E-04
 1.53012387E-03
 1.19193213E-03
 3.90159024E-04
 1.03442953E-03
 3.32253403E-03
 2.58920249E-03
 6.81042788E-04
 1.51030696E-03
 5.72222983E-03
 6.58243289E-03
 7.80628016E-03
 4.85790987E-03
 9.59174614E-03
 5.50108915E-03
 1.09180147E-02
 5.16371056E-02
 6.55742064E-02
 2.65109502E-02
 7.28935818E-04
 8.04088488E-02
 1.89019129E-01
 3.25524658E-01
 8.72253478E-01
 3.06880713E+00
 8.49909115E+00
 2.00435810E+01
 5.23680229E+01
 1.35083832E+02
 3.32731384E+02
 8.09437683E+02
 1.90601538E+03
 4.32208008E+03
 9.34684375E+03
 1.89690371E+04
 3.55891680E+04
 6.02409023E+04
 8.99464922E+04
 1.15195180E+05
 1.23954609E+05
 1.12529570E+05
 8.94118750E+04
 6.49834609E+04
 4.48046953E+04
 3.00475137E+04
 1.98115410E+04
 1.28014277E+04
 7.98539941E+03
 4.72874072E+03
 2.64468555E+03
 1.40200085E+03
 7.05643005E+02
 3.48078186E+02
 1.70589478E+02
 8.30754242E+01
 3.88817787E+01
 1.91306820E+01
 9.63193226E+00
 5.40409851E+00
 4.23129559E+00
 4.31818056E+00
 5.95381260E+00
 6.70642233E+00
 6.66762733E+00
 6.22495604E+00
 4.89759207E+00
 3.41860366E+00
 2.26630974E+00
 1.15225494E+00
 3.58099729E-01
 8.60140920E-02
 8.60140920E-02
 2.87749380E-09
 3.00947640E-08
 1.34975764E-07
 4.23475996E-07
 1.05272261E-06
 2.22983203E-06
 4.12376403E-06
 6.79207960E-06
 1.00087873E-05
 1.32382575E-05
 1.57809372E-05
 1.68958722E-05
 1.64979083E-05
 1.47322489E-05
 1.19534070E-05
 9.25920449E-06
 7.18289039E-06
 5.83787141E-06
 5.34338324E-06
 3.01442947E-06
 2.34054755E-06
 1.59082128E-06
 1.14386580E-06
 1.77761217E-06
 1.98323414E-06
 3.42595195E-06
 1.99887768E-06
 7.14373482E-06
 7.30525517E-06
 1.32659734E-05
 2.63551510E-06
 1.51439517E-05
 3.23379791E-05
 5.39625908E-05
 5.54555627E-05
 1.11482268E-05
 4.81834868E-05
 2.21537208E-04
 3.03745939E-04
 3.73504648E-04
 2.56164494E-05
 1.84248333E-04
 1.62643817E-04
 5.75134800E-05
 3.17624217E-05
 1.69254145E-05
 1.36710532E-05
 8.59671763E-06
 3.87870296E-06
 1.66336977E-05
 1.87216592E-05
 4.57059650E-05
 1.92754364E-04
 1.51174871E-04
 2.36789674E-06
 5.47913733E-05
 2.23343413E-05
 3.09838186E-04
 1.05540406E-04
 1.36816934E-05
-4.24510326E-05
 3.20668823E-06
 6.91620371E-05
 8.67509079E-05
 1.63022938E-04
 2.49696255E-04
 2.42511334E-04
 1.75722686E-04
 1.27941501E-04
 1.04727420E-04
 5.82212078E-06
 5.37521883E-05
 3.59064143E-04
 7.18377996E-04
 7.16149982E-04
 8.75241167E-05
 4.47753875E-04
 5.78183099E-04
 8.81463173E-04
 3.88883782E-05
 3.57369172E-05
 6.94228074E-05
 1.25725579E-04
 1.18856755E-04
 9.14028133E-05
 7.43932760E-05
 9.06775022E-05
 1.58300376E-04
 3.49999718E-05
 1.37877796E-04
 7.81725976E-05
 2.13364874E-05
 6.23527449E-05
 9.35330099E-05
 1.36211413E-04
 1.13773029E-04
 6.72728711E-05
 2.77068248E-05
 6.87989632E-06
 3.28853457E-06
 8.00284215E-06
 1.05506633E-05
 5.96161726E-06
 5.11943244E-06
 4.73007958E-06
 4.52118502E-06
 5.99649366E-06
 1.00555444E-05
 1.68186307E-05
 2.18966961E-05
 2.34264171E-05
 2.68072272E-05
 2.18350651E-05
 1.70723015E-05
 2.08005586E-05
 3.50592200E-05
 6.33383679E-05
 1.09677567E-04
 1.79558425E-04
 2.80796899E-04
 3.23275744E-04
 1.51681437E-04
 1.38899064E-04
 4.13147034E-04
 7.64449185E-04
 6.36841287E-04
 2.37853383E-04
 7.09699641E-04
 1.57744088E-03
 1.79604196E-03
 9.64589766E-04
 4.88535326E-04
 2.66289688E-03
 3.87437525E-03
 2.47966475E-03
 3.74978001E-04
 5.80725144E-04
 4.94194636E-03
 8.05897359E-03
 7.25548109E-03
 9.57119465E-03
 2.64560394E-02
 4.10398953E-02
 2.55079865E-02
 2.34294739E-02
 3.49095985E-02
 4.25008163E-02
 5.67042455E-02
 1.46830395E-01
 2.58153170E-01
 4.26506758E-01
 9.73825157E-01
 3.57730913E+00
 9.85975838E+00
 2.35839443E+01
 6.34153252E+01
 1.62227707E+02
 3.99920288E+02
 9.71353271E+02
 2.28421045E+03
 5.17340674E+03
 1.11718330E+04
 2.26413691E+04
 4.23114297E+04
 7.12210703E+04
 1.05341648E+05
 1.33069484E+05
 1.40859250E+05
 1.26085531E+05
 9.90810078E+04
 7.16023828E+04
 4.92811719E+04
 3.30831562E+04
 2.18726309E+04
 1.41400244E+04
 8.79751465E+03
 5.19086963E+03
 2.89581201E+03
 1.52765527E+03
 7.72042664E+02
 3.76857422E+02
 1.82181229E+02
 8.94809189E+01
 4.15663834E+01
 2.05971813E+01
 1.28957567E+01
 8.86910629E+00
 6.03539181E+00
 5.42313433E+00
 8.06475353E+00
 9.66566658E+00
 9.69292355E+00
 8.40544796E+00
 6.59485245E+00
 4.50955343E+00
 2.76244283E+00
 1.46269107E+00
 4.48677599E-01
 8.60140920E-02
 8.60140920E-02
 4.27909841E-09
 3.18303925E-08
 1.39737978E-07
 4.36429048E-07
 1.09946757E-06
 2.36743654E-06
 4.43987983E-06
 7.41640042E-06
 1.11022991E-05
 1.49250573E-05
 1.81259966E-05
 1.98410708E-05
 1.96754991E-05
 1.77771526E-05
 1.48999588E-05
 1.17554937E-05
 8.99834504E-06
 6.04795287E-06
 3.20805202E-06
 1.77627646E-06
 2.41694715E-06
 2.83775125E-06
 4.29288002E-06
 3.09344932E-06
 1.20309869E-06
 2.11151541E-06
 7.09144888E-06
 1.09916709E-05
 8.07922243E-06
 9.63618731E-06
 1.19903561E-05
 3.69345325E-05
 5.49808246E-05
 1.08459863E-05
 5.52247511E-05
 8.60275904E-05
 2.20214060E-04
 8.88836348E-06
-3.32274431E-05
 3.76294543E-06
 3.48770380E-04
 3.00332013E-05
 3.71872125E-06
 2.93461944E-05
 1.77374859E-05
 2.36666510E-05
 1.70683816E-05
 1.27408521E-05
 1.63740824E-05
 7.30485226E-06
 2.00110408E-05
 4.85766795E-05
 2.47330136E-05
 2.02636020E-05
 2.19089590E-04
 2.06690936E-04
 1.87329177E-04
 3.71858114E-05
 7.49536266E-05
 5.40893932E-04
 7.50833366E-04
 6.14824414E-04
 3.19761137E-04
 2.68715812E-04
 3.65745800E-04
 1.86775535E-04
 1.30405160E-05
-3.32956770E-05
 1.40094548E-04
 2.27629149E-04
-1.06336938E-05
 9.16633508E-05
 3.50879942E-04
 4.41648328E-04
 2.15114123E-04
-1.97723966E-05
 6.36578014E-04
 7.35673704E-04
 1.22576486E-03
 4.89334459E-04
 4.03429411E-04
-1.02172562E-05
 4.34127214E-05
 7.25211357E-05
 6.45358450E-05
 6.77120188E-05
 1.15843555E-04
 1.68840881E-04
-2.86440045E-05
 1.44626247E-04
 1.72957691E-04
 4.38842435E-05
-2.03765325E-07
 8.31148864E-05
 1.45701066E-04
 1.24158571E-04
 7.40828182E-05
 2.95846239E-05
 4.94390270E-06
 3.36453866E-07
 7.66369340E-06
 1.65217625E-05
 2.01193052E-05
 2.10246126E-05
 2.18641326E-05
 2.11105089E-05
 1.81418745E-05
 1.44383603E-05
 1.44583746E-05
 2.65147355E-05
 4.59226758E-05
 3.76382122E-05
 3.62183891E-05
 2.82879591E-05
 2.50449903E-05
 6.71068483E-05
 1.30983128E-04
 2.21418406E-04
 3.44483560E-04
 5.05290052E-04
 3.36525787E-04
 6.13762604E-05
 1.19890770E-04
 6.07241236E-04
 1.11709442E-03
 1.06847438E-03
 6.51606475E-04
 1.09295803E-03
 1.88946957E-03
 1.92795892E-03
 9.95865441E-04
 9.71936621E-04
 3.26535851E-03
 3.75994225E-03
 2.23971112E-03
 9.68409469E-04
 2.37883185E-03
 6.79091550E-03
 1.01162642E-02
 5.72526269E-03
 1.35506166E-03
 1.18492013E-02
 3.63137797E-02
 3.44348960E-02
 5.85912401E-03
 1.20860469E-02
 5.14747091E-02
 8.39272067E-02
 7.04400390E-02
 6.43280506E-01
 7.91346729E-01
 1.37592041E+00
 4.46695852E+00
 1.15769405E+01
 3.06910324E+01
 7.90355759E+01
 2.01057755E+02
 4.96080780E+02
 1.19988574E+03
 2.81764941E+03
 6.35954834E+03
 1.36680566E+04
 2.75999023E+04
 5.12436602E+04
 8.54660469E+04
 1.24460750E+05
 1.54086812E+05
 1.59578641E+05
 1.40272484E+05
 1.08882281E+05
 7.82339141E+04
 5.36723555E+04
 3.60917969E+04
 2.39011504E+04
 1.54360986E+04
 9.56070898E+03
 5.61860986E+03
 3.12414868E+03
 1.64616821E+03
 8.31889648E+02
 4.09429016E+02
 1.96843597E+02
 9.80191803E+01
 4.66988983E+01
 2.27246056E+01
 1.21054840E+01
 7.80843782E+00
 6.99670315E+00
 8.70923710E+00
 1.16073647E+01
 1.34259977E+01
 1.35488453E+01
 1.17482500E+01
 8.68613338E+00
 5.84959936E+00
 3.62009573E+00
 1.87320352E+00
 5.65014958E-01
 8.60140920E-02
 8.60140920E-02
 3.84922139E-09
 2.94637044E-08
 1.38225161E-07
 4.45437706E-07
 1.12938574E-06
 2.45541810E-06
 4.70188434E-06
 7.97582015E-06
 1.21261328E-05
 1.65946640E-05
 2.05860160E-05
 2.29723064E-05
 2.31048034E-05
 2.16700719E-05
 1.89268558E-05
 1.50020378E-05
 1.09655684E-05
 8.36500567E-06
 7.97147459E-06
 9.15374858E-06
 9.41010057E-06
 6.03057742E-06
 2.27218106E-06
 1.21142477E-06
 2.20420588E-06
 3.42151884E-06
 4.45900514E-06
 3.74187448E-06
-1.25442648E-06
 6.46622084E-06
 3.41114792E-05
 5.11859935E-06
 1.24351154E-05
 4.26168262E-05
 1.61357137E-04
 1.66962025E-04
 1.63074466E-04
 2.39459609E-04
 5.45134128E-04
 2.77390616E-04
 3.02630855E-04
 6.97504438E-04
 1.30289882E-05
 2.40369583E-04
 1.19364740E-04
 2.59521094E-05
 3.96857286E-05
 1.70431831E-05
 6.67883887E-06
 1.49908437E-05
 2.08348883E-05
 2.49534551E-05
 7.23396370E-05
 1.37920550E-04
 2.40724490E-04
-1.76250924E-05
 6.55633703E-05
 7.55987348E-05
 5.86057140E-05
 4.00789111E-04
 1.95536995E-04
-1.00239944E-04
 1.97005975E-05
 1.20064266E-04
 1.06697145E-04
 1.49089828E-04
 1.62423472E-04
 3.25556408E-04
 4.27940045E-04
 3.87758395E-04
 1.91267885E-04
-4.33847981E-06
 1.00412899E-05
-5.44961540E-06
 7.34401983E-05
 4.10510867E-04
 6.11325318E-04
 4.67304431E-04
 2.47602176E-04
 4.87459009E-04
 5.61298279E-04
 3.27868445E-04
 1.21033874E-04
 9.67011947E-05
 5.19720161E-05
 4.12712579E-05
 1.05476094E-04
 1.78254428E-04
 8.00796188E-05
 2.49786477E-04
 4.61447140E-04
 4.48219129E-04
 2.97638355E-04
 5.35170111E-05
 5.53913815E-05
 3.71229835E-05
 8.57850318E-06
 3.13039782E-05
 5.21857110E-05
 6.98694203E-05
 7.45270008E-05
 5.37728447E-05
 1.05293657E-05
 2.35626794E-05
 3.87663458E-05
 2.54326405E-05
 1.34133934E-05
 9.01527346E-06
 2.18009282E-05
 3.92510228E-05
 3.50812334E-05
 1.77024885E-05
 3.34600263E-05
 5.09367710E-05
 3.21606094E-05
 1.64742069E-05
 8.69084615E-05
 2.04115990E-04
 3.61537619E-04
 4.51496686E-04
 2.84258713E-04
 4.38866438E-04
 8.39816232E-04
 1.09454093E-03
 1.41563581E-03
 1.21005462E-03
 8.84206034E-04
 6.66429172E-04
 1.88058952E-03
 3.40264966E-03
 3.30004073E-03
 2.83265929E-03
 4.78912238E-03
 4.40419791E-03
 2.43887398E-03
 1.98688824E-03
 5.39375842E-03
 1.20593822E-02
 1.45996371E-02
 7.43667316E-03
 2.00666934E-02
 2.32254975E-02
 2.04292480E-02
 3.16783157E-03
 2.82083675E-02
 6.44213185E-02
 8.96856114E-02
 9.52452347E-02
 2.05568075E-01
 3.03021312E-01
 7.10983157E-01
 1.80737114E+00
 5.89536190E+00
 1.49886818E+01
 3.94904137E+01
 1.02349800E+02
 2.56127197E+02
 6.34298157E+02
 1.52763220E+03
 3.57264575E+03
 8.03106543E+03
 1.71845078E+04
 3.43489727E+04
 6.32397344E+04
 1.03839492E+05
 1.48129500E+05
 1.78516781E+05
 1.80156516E+05
 1.54784375E+05
 1.18481969E+05
 8.43960000E+04
 5.78903281E+04
 3.89600039E+04
 2.57975508E+04
 1.66280020E+04
 1.02480293E+04
 5.98751514E+03
 3.30760376E+03
 1.73767627E+03
 8.81833191E+02
 4.34815552E+02
 2.08710892E+02
 1.02191093E+02
 5.04093285E+01
 2.72999458E+01
 1.51818714E+01
 9.45276260E+00
 9.90043449E+00
 1.33187971E+01
 1.70001640E+01
 1.90320873E+01
 1.88628101E+01
 1.62279930E+01
 1.16604900E+01
 7.47174644E+00
 4.50143099E+00
 2.31232977E+00
 6.97238386E-01
 8.60140920E-02
 8.60140920E-02
 2.47146859E-09
 2.80215620E-08
 1.36969774E-07
 4.36456872E-07
 1.15286855E-06
 2.53263056E-06
 4.93735888E-06
 8.51958976E-06
 1.31444831E-05
 1.82824188E-05
 2.30999685E-05
 2.64741539E-05
 2.70931159E-05
 2.51958008E-05
 2.23462794E-05
 1.87937239E-05
 1.43969155E-05
 1.14746581E-05
 9.25732911E-06
 5.42888620E-06
 1.54613599E-06
 5.11384087E-06
 7.52148935E-06
 1.15614530E-05
 1.04351893E-05
 4.16378998E-06
 4.68622875E-06
 4.05582159E-06
 3.20583240E-05
 2.00108298E-05
 1.80324969E-05
 6.85579507E-05
 7.51824409E-05
 1.12563859E-04
 4.75035340E-05
 8.28310804E-05
 2.13100720E-05
 9.07610302E-05
-1.44614769E-05
-1.75522309E-05
-5.90288328E-05
 8.66910268E-05
 4.34405374E-04
 1.20528879E-04
 1.34003843E-04
 7.70035185E-05
 1.95690172E-05
 2.50793491E-05
 1.27460580E-05
 8.57261421E-06
-1.73636431E-06
 1.79189683E-05
 9.96949893E-05
 2.38770022E-04
 1.99833667E-04
 4.06645093E-04
 6.96147443E-04
 4.79465729E-04
 3.53518291E-04
 1.80292423E-04
 4.15520044E-04
 1.28071080E-03
 1.48117414E-03
 1.17112999E-03
 5.88612456E-04
 3.02962464E-04
 3.84596176E-04
 3.55354772E-04
 2.66586896E-04
 2.39446948E-04
 2.73306970E-04
 3.11901589E-04
 3.45561712E-04
 4.98288602E-04
 9.93416295E-04
 1.46108912E-03
 1.09495467E-03
 2.99496896E-04
-1.67353995E-04
-4.00487261E-05
 1.61284152E-05
 5.54541875E-05
 2.06414130E-04
 2.08986414E-04
 4.72140528E-05
-1.56868118E-05
 1.06658474E-04
 3.15307640E-04
 3.10953212E-04
 3.15103855E-04
 6.06571208E-04
 7.69174076E-04
 5.82494016E-04
 1.78044575E-04
-6.15890485E-06
 3.34077922E-04
 2.07958074E-04
 1.76667927E-05
 3.74453739E-05
 1.78037299E-04
 2.17292749E-04
 1.31242050E-04
 2.79166397E-05
 4.60730553E-06
 3.29169161E-05
 4.93759617E-05
 3.31232295E-05
 2.05297038E-05
 2.09951340E-05
 2.69423763E-05
 2.87108323E-05
 2.53945254E-05
 5.19908681E-05
 8.85264380E-05
 9.11236930E-05
 5.99030354E-05
 3.12098673E-05
 6.75834526E-05
 1.80899326E-04
 2.82068329E-04
 4.31882450E-04
 5.14856831E-04
 5.33632527E-04
 6.20183360E-04
 9.68186418E-04
 5.72661345E-04
 3.98751203E-04
 1.19680876E-03
 9.82909463E-04
 1.04552135E-03
 3.97349615E-03
 4.90164571E-03
 5.64836385E-03
 4.45785932E-03
 2.13133194E-03
 2.90525076E-03
 1.11576281E-02
 2.09883843E-02
 1.63651686E-02
 1.71706676E-02
 9.34187905E-04
 3.89118679E-02
 3.04329749E-02
 1.76245552E-02
 6.76826909E-02
 1.49419457E-01
 1.29462272E-01
 1.46518692E-01
 3.57196003E-01
 6.22037828E-01
 1.10564399E+00
 2.32539058E+00
 7.36559820E+00
 2.03881416E+01
 5.20192947E+01
 1.35098419E+02
 3.38971771E+02
 8.33598572E+02
 2.00205017E+03
 4.65981055E+03
 1.04163730E+04
 2.20969238E+04
 4.37593125E+04
 7.92512422E+04
 1.27657477E+05
 1.77064500E+05
 2.06559234E+05
 2.02221203E+05
 1.69583078E+05
 1.27917930E+05
 9.04174688E+04
 6.18341875E+04
 4.16261523E+04
 2.75830996E+04
 1.77136094E+04
 1.08521797E+04
 6.29692529E+03
 3.45725732E+03
 1.80732104E+03
 9.14667969E+02
 4.53815643E+02
 2.20030121E+02
 1.07164444E+02
 5.36752548E+01
 2.74439316E+01
 1.59713545E+01
 1.36781178E+01
 1.42811298E+01
 1.86537132E+01
 2.52188053E+01
 2.84335232E+01
 2.72293644E+01
 2.22881832E+01
 1.54125271E+01
 9.54618645E+00
 5.60282898E+00
 2.83369923E+00
 7.53112435E-01
 8.60140920E-02
 8.60140920E-02
-2.99640757E-10
 2.67571387E-08
 1.31887219E-07
 4.32378073E-07
 1.16025194E-06
 2.58970022E-06
 5.15374177E-06
 9.05160960E-06
 1.41368719E-05
 2.00764789E-05
 2.55315972E-05
 3.06471993E-05
 3.15030557E-05
 2.93290996E-05
 2.80888598E-05
 2.51033543E-05
 1.92420212E-05
 1.24460339E-05
 9.45178272E-06
 1.14926552E-05
 1.56663173E-05
 1.39687718E-05
 7.59115528E-06
-1.31823424E-06
-5.20833623E-07
 7.90620288E-06
 1.16119572E-05
 1.64992143E-05
 1.65961592E-05
 3.22070700E-05
 1.47643241E-05
 3.82455837E-05
 5.92825245E-06
 3.77562683E-05
 1.22277313E-04
 1.71541935E-04
 3.48514470E-04
 4.87395504E-04
 5.60257700E-04
 1.13029359E-03
 9.47544526E-04
 3.22659354E-04
 4.39165829E-04
 1.52599590E-04
 5.59761575E-05
 9.08382790E-05
 6.52196759E-05
 4.07300431E-05
 1.73732351E-05
 1.35183891E-05
 7.43316878E-06
 2.21414903E-05
 6.32445444E-05
-4.20366196E-05
-9.30117312E-06
 3.00985557E-04
 1.59902891E-04
-6.71595189E-05
 1.96632449E-04
 3.22588021E-04
 7.07941537E-04
 3.90458677E-04
 2.96682720E-05
-1.60298616E-04
 1.76371832E-04
 8.90496187E-04
 3.06694681E-04
-1.47521263E-04
 1.25589431E-04
 1.22444020E-04
 1.49433239E-04
 1.17889387E-04
 1.58416893E-04
 3.80696496E-04
 7.93388754E-04
 8.80883599E-04
 8.22382164E-04
 8.56042490E-04
 1.23911409E-03
 1.54525077E-03
 1.03129144E-03
 5.15965046E-04
 1.91100902E-04
 2.01775823E-04
 8.49276621E-05
-3.03966644E-05
 1.80150397E-04
 3.39872524E-04
 3.29959788E-04
 4.57047354E-05
 1.06339437E-04
 1.60945288E-04
 3.70385358E-04
 2.56947969E-04
 7.01388126E-05
 4.47785249E-04
 7.62981537E-04
 5.11199120E-04
 2.00139068E-04
 7.43145647E-05
 1.32079542E-04
 1.69786275E-04
 9.15657074E-05
 3.51258350E-05
 2.52803402E-05
 2.68368694E-05
 1.23213795E-05
 1.40166712E-05
 3.90170280E-05
 6.57266428E-05
 6.07666516E-05
 3.55722768E-05
 6.04555498E-05
 9.39824167E-05
 1.15388611E-04
 1.22019337E-04
 1.19127399E-04
 8.21362119E-05
 4.71929343E-05
 3.77670403E-05
 6.10969146E-05
 7.41917975E-05
 6.86554849E-05
 1.54789202E-04
 2.51847785E-04
 3.60634149E-05
 3.21357860E-04
 1.59034727E-03
 2.88514886E-03
 2.26302166E-03
 1.20527262E-03
 1.98616157E-03
 3.56386695E-03
 2.20662588E-03
 1.58366188E-03
 8.34010914E-03
 1.92137975E-02
 2.41837762E-02
 1.36051066E-02
 1.14941923E-02
 3.48791145E-02
 4.60721403E-02
 4.09980826E-02
 4.31020046E-03
 9.72823575E-02
 2.16563657E-01
 1.61021456E-01
 1.35895818E-01
 2.80985713E-01
 1.16864181E+00
 1.47509241E+00
 3.27607560E+00
 1.10508509E+01
 2.83653717E+01
 7.14557343E+01
 1.84588928E+02
 4.63943542E+02
 1.13008459E+03
 2.70497510E+03
 6.24824219E+03
 1.38598936E+04
 2.90935586E+04
 5.67832695E+04
 1.00906133E+05
 1.58238281E+05
 2.12052328E+05
 2.38226719E+05
 2.25294969E+05
 1.83888969E+05
 1.36377781E+05
 9.57549219E+04
 6.54319258E+04
 4.40987695E+04
 2.92024824E+04
 1.86681621E+04
 1.13650020E+04
 6.53787598E+03
 3.55825488E+03
 1.84546729E+03
 9.29524536E+02
 4.61751495E+02
 2.25979156E+02
 1.13522263E+02
 6.12317696E+01
 3.19930534E+01
 1.66141529E+01
 1.59118547E+01
 2.01975765E+01
 2.93058891E+01
 3.80719604E+01
 4.15906563E+01
 3.82590179E+01
 3.02892952E+01
 2.06029644E+01
 1.28726654E+01
 6.91419315E+00
 3.39717293E+00
 8.09385538E-01
 8.60140920E-02
 8.60140920E-02
 6.35392672E-09
 2.16007212E-08
 1.24717630E-07
 4.25340232E-07
 1.15932312E-06
 2.68686722E-06
 5.38686663E-06
 9.57352859E-06
 1.51450904E-05
 2.18951864E-05
 2.82255241E-05
 3.41217819E-05
 3.57096797E-05
 3.53797986E-05
 3.55428165E-05
 3.28103233E-05
 2.64055379E-05
 1.87510122E-05
 1.51133772E-05
 1.64753765E-05
 2.85259580E-06
 2.85657029E-06
 2.63697493E-05
 2.88609317E-05
 1.35162645E-05
 4.77349977E-06
 9.54725238E-06
 1.83393659E-05
 1.78302344E-05
 2.12060659E-05
 4.10241737E-05
 7.41590848E-05
 1.09411914E-04
 1.52976252E-04
 6.83635080E-05
 1.26479063E-04
 2.74218415E-04
 5.61534762E-05
-7.35231079E-05
-6.34447715E-05
 1.62999786E-04
 3.22287262E-04
 1.06281113E-04
 2.11385646E-04
 1.87678801E-04
 1.71575317E-04
 5.61035304E-05
 2.47068383E-05
 1.24338148E-05
 3.90615714E-05
 8.25929674E-05
 7.77379682E-06
 6.28056514E-05
 5.57120424E-04
 4.28464205E-04
 2.74187158E-04
 4.00716905E-04
 8.68453120E-04
 1.42241025E-03
 4.84042976E-04
-1.15473165E-04
 3.75145988E-04
 1.45461853E-03
 2.30749743E-03
 2.52427510E-03
 2.02102656E-03
 1.36760389E-03
 6.66805659E-04
 2.19122099E-04
 2.96159153E-04
 4.81263764E-04
 4.79219394E-04
-4.32394845E-05
 1.97824374E-05
 2.77125218E-04
-1.26876083E-04
 1.33296940E-04
 1.05523842E-03
 2.11171410E-03
 2.43126648E-03
 1.78025069E-03
 1.22167484E-03
 8.52504629E-04
 5.54529368E-04
 2.88233889E-04
 1.90842315E-04
 3.18831735E-04
 4.55779169E-04
 4.77252121E-04
 1.40559923E-05
 3.98708333E-04
 5.03021525E-04
 7.45268044E-05
-1.28937842E-04
 5.52559759E-05
 2.29211422E-04
 8.05147807E-04
 8.51128716E-04
 5.73575147E-04
 2.26425211E-04
-2.83930440E-05
-1.93492469E-05
 1.20157609E-04
 6.82732498E-05
 6.16968464E-06
 3.06634429E-05
 7.45802681E-05
 8.12218423E-05
 9.31065879E-05
 8.69718497E-05
 3.26800073E-05
 2.24251417E-05
 6.94731571E-05
 1.63689838E-04
 2.14141095E-04
 2.13533713E-04
 1.83964599E-04
 1.47526822E-04
 1.20836739E-04
 1.41057651E-04
 2.12413608E-04
 2.97814608E-04
 3.51117516E-04
 3.50122398E-04
 2.07702120E-04
 2.70018354E-04
 7.84516567E-04
 1.64488831E-03
 2.54523405E-03
 2.56286212E-03
 1.77842088E-03
 1.98752084E-03
 3.60039133E-03
 2.96080112E-03
 4.62308852E-03
 1.15592657E-02
 1.90954041E-02
 1.73703656E-02
 1.11134890E-02
 1.14141824E-02
 5.24546243E-02
 1.09154664E-01
 1.06744327E-01
 1.79255828E-02
 4.94587235E-02
 2.10069656E-01
 1.90400526E-01
 9.92309600E-02
 8.23174000E-01
 1.27795351E+00
 1.60307908E+00
 4.96494722E+00
 1.59499359E+01
 3.91622047E+01
 1.02414246E+02
 2.60713837E+02
 6.48906128E+02
 1.58573718E+03
 3.75385547E+03
 8.61735449E+03
 1.89385332E+04
 3.91436797E+04
 7.50374531E+04
 1.30027961E+05
 1.97146109E+05
 2.53397953E+05
 2.72995594E+05
 2.48156547E+05
 1.97044516E+05
 1.43798516E+05
 1.00303641E+05
 6.85623359E+04
 4.62787031E+04
 3.05860039E+04
 1.94316055E+04
 1.17414844E+04
 6.68802344E+03
 3.61290430E+03
 1.86614880E+03
 9.40980408E+02
 4.72358582E+02
 2.31842148E+02
 1.12503052E+02
 5.77650604E+01
 3.36100883E+01
 2.25524845E+01
 2.32670708E+01
 3.38224144E+01
 4.51563950E+01
 5.76779404E+01
 6.13768692E+01
 5.49953041E+01
 4.16940727E+01
 2.75727730E+01
 1.62783089E+01
 8.67738247E+00
 3.75530744E+00
 8.43638659E-01
 8.60140920E-02
 8.60140920E-02
 1.11111764E-09
 2.26950139E-08
 1.33843415E-07
 4.15777635E-07
 1.16500371E-06
 2.74794229E-06
 5.58029205E-06
 1.01028500E-05
 1.63298737E-05
 2.37873373E-05
 3.14085009E-05
 3.78400910E-05
 4.10157882E-05
 4.14564711E-05
 4.08709457E-05
 3.81040591E-05
 2.15324417E-05
 1.47835644E-05
 2.22756626E-05
 3.07724076E-05
 5.09244092E-05
 3.42021194E-05
 3.71014289E-06
 9.98438736E-06
 5.78964000E-06
 2.03698764E-05
 3.26756094E-06
 2.78074731E-05
 3.23333443E-05
 3.22143496E-05
 4.39303585E-05
 2.98233790E-05
 1.24411366E-04
 6.84954284E-05
 1.97333269E-04
 2.95710954E-04
 5.10827667E-05
 7.18984287E-04
 1.71486742E-03
 1.47657283E-03
 1.18439388E-03
 7.85956800E-04
 5.73565194E-04
 1.82883479E-04
 1.46097358E-04
 1.53493005E-04
 3.70766929E-06
 2.89623404E-05
 4.49784893E-05
 7.38244053E-05
 1.26085753E-04
 4.85186247E-05
 3.40784245E-05
-1.03072256E-04
 2.51754303E-04
 3.40686267E-04
 4.72056272E-05
 3.03430774E-04
-7.08894877E-05
 1.58125957E-04
 8.60715052E-04
 1.89926615E-03
 1.22415926E-03
-1.54764886E-04
 2.82599445E-04
 2.52216239E-04
 5.88646682E-04
 9.64339939E-04
 7.44582096E-04
 4.84049560E-05
-6.22905827E-06
 4.71455685E-04
 8.24677467E-04
 9.01977182E-04
 1.22485147E-03
 6.85357023E-04
 5.71984856E-04
 5.46591124E-04
 6.15932047E-04
 7.80594302E-04
 4.79105191E-04
 1.16836905E-04
-1.32655841E-05
 1.54800931E-04
 3.38782556E-04
 1.29910783E-04
 1.92165098E-04
 7.18330382E-04
 8.49397504E-04
 3.05600173E-04
 5.13312349E-04
 1.74630852E-03
 1.68948015E-03
 1.11199613E-03
 5.47921867E-04
 2.70021730E-04
 3.36862751E-04
 4.74240747E-04
 4.53902117E-04
 3.05015768E-04
 1.21407116E-04
 3.37640995E-05
 1.87128549E-04
 3.52516392E-04
 2.92773941E-04
 1.71274107E-04
 7.97361499E-05
 5.00292917E-05
 6.66132764E-05
 8.30618301E-05
 9.01967869E-05
 8.57178748E-05
 7.73742140E-05
 8.03818111E-05
 1.05340783E-04
 1.46160659E-04
 1.67385529E-04
 1.49358908E-04
 1.74172936E-04
 2.92234676E-04
 4.98234411E-04
 7.28528306E-04
 8.58417188E-04
 7.20881042E-04
 4.74371453E-04
 4.58860799E-04
 3.87272827E-04
 1.59296018E-04
 2.03159667E-04
 1.48302596E-03
 4.08409117E-03
 6.78927358E-03
 6.12621754E-03
 2.00773962E-03
 2.42500682E-03
 8.86621978E-03
 1.25053888E-02
 8.69890302E-03
 1.54272653E-02
 2.56869141E-02
 4.32803743E-02
 1.08202361E-01
 9.45344344E-02
 2.22512279E-02
 3.15274224E-02
 1.62241653E-01
 2.29271650E-01
 7.98713267E-02
 3.27854663E-01
 1.16311026E+00
 2.76088142E+00
 7.68217564E+00
 2.52350235E+01
 5.69379692E+01
 1.51500092E+02
 3.83433563E+02
 9.43830444E+02
 2.28260596E+03
 5.37763135E+03
 1.22037070E+04
 2.64376992E+04
 5.37796445E+04
 1.00757062E+05
 1.68894516E+05
 2.45601797E+05
 3.01243750E+05
 3.09194469E+05
 2.69849969E+05
 2.08616016E+05
 1.50177609E+05
 1.04286875E+05
 7.13386641E+04
 4.81586172E+04
 3.16650371E+04
 1.99558516E+04
 1.19318320E+04
 6.73129297E+03
 3.61267847E+03
 1.85860645E+03
 9.26763977E+02
 4.69381561E+02
 2.38340958E+02
 1.14786690E+02
 5.93165245E+01
 3.81426811E+01
 2.98840942E+01
 3.26222801E+01
 5.01022758E+01
 7.22359619E+01
 8.75855179E+01
 8.87275085E+01
 7.61294479E+01
 5.63656349E+01
 3.65847435E+01
 2.08445377E+01
 1.06170301E+01
 4.13082504E+00
 7.18137801E-01
 8.60140920E-02
 8.60140920E-02
-1.09842524E-09
 1.88891072E-08
 1.23629647E-07
 4.12588832E-07
 1.18566606E-06
 2.80394988E-06
 5.73225816E-06
 1.05934987E-05
 1.72915079E-05
 2.56644180E-05
 3.41635714E-05
 4.23763668E-05
 4.74698536E-05
 4.85541132E-05
 4.71669882E-05
 4.07714397E-05
 3.61845159E-05
 3.42477142E-05
 2.79730612E-05
 3.74295050E-05
 1.63167060E-05
-1.04708934E-05
 5.91965500E-06
 7.98656911E-05
 1.35864888E-04
 6.23358428E-05
 1.34042257E-05
 3.20523723E-05
 4.55024237E-05
 4.33447130E-05
 1.53056448E-04
 6.96818752E-05
-5.72112403E-05
 1.46819075E-04
 4.82869073E-04
 2.90148862E-04
 8.21610156E-05
 7.04300182E-04
 1.81946583E-04
 1.66282509E-04
 8.25182069E-04
 8.62651577E-05
 4.11138055E-04
 4.91439481E-04
 2.17002831E-04
 3.29392060E-04
 5.40280744E-05
 1.10989742E-04
 4.27374034E-05
 1.35860959E-04
 5.01685972E-05
 1.37975701E-04
 2.04816592E-04
 4.09746106E-04
 8.69703363E-04
 4.59817442E-04
 1.70931773E-04
 2.21511858E-04
 4.83197713E-04
 1.20772526E-03
 1.07959192E-03
 2.12616767E-04
 5.75493032E-04
 3.08036734E-03
 5.04411338E-03
 4.79541812E-03
 3.63796228E-03
 1.77445647E-03
 7.86538178E-04
 1.23858964E-03
 1.06872059E-03
 1.69705716E-04
-1.80922580E-05
 1.33811170E-03
 2.94288294E-03
 3.13353073E-03
 1.98011193E-03
 5.75116428E-04
-1.72808723E-04
-2.44463517E-05
 2.99092470E-04
 2.10209284E-04
 2.59634893E-04
 6.35620498E-04
 4.36058210E-04
-1.01463738E-04
 2.36398482E-04
 1.01349119E-03
 1.04901730E-03
 4.66056634E-04
 3.63249565E-04
 1.95588241E-03
 2.63995933E-03
 2.39309086E-03
 1.78732572E-03
 1.10684300E-03
 4.82464326E-04
 2.98046303E-04
-8.84689944E-05
-8.53379679E-05
 7.60477269E-05
 1.80057759E-04
 2.36597552E-04
 3.70840717E-04
 3.97363212E-04
 2.77666346E-04
 1.35597045E-04
 5.40818291E-05
 7.78891044E-05
 1.47958184E-04
 1.97765781E-04
 1.97064001E-04
 1.56630034E-04
 1.67000282E-04
 2.25108437E-04
 2.59747874E-04
 1.98689799E-04
 1.40196178E-04
 1.65097241E-04
 2.82671768E-04
 4.39195079E-04
 5.90416603E-04
 7.66080862E-04
 8.91280826E-04
 1.19658909E-03
 9.95321316E-04
 8.95703561E-04
 1.80511165E-03
 2.85853515E-03
 4.90106456E-03
 8.92796181E-03
 8.32697097E-03
 3.09983571E-03
 1.75323337E-03
 7.29317171E-03
 1.53663950E-02
 1.38147995E-02
 1.01336008E-02
 2.99713500E-02
 5.07418960E-02
 4.51012515E-02
 4.24209349E-02
 7.86279514E-02
 7.84594193E-02
 8.04202631E-02
 1.45334423E-01
 2.10260883E-01
 1.55454829E-01
 8.34703922E-01
 2.00410914E+00
 5.58189678E+00
 1.21975002E+01
 3.39788361E+01
 8.96448898E+01
 2.29736572E+02
 5.77712769E+02
 1.41532446E+03
 3.39849146E+03
 7.89170947E+03
 1.77588008E+04
 3.77865586E+04
 7.51652344E+04
 1.36766641E+05
 2.20499062E+05
 3.05176906E+05
 3.54481688E+05
 3.45380719E+05
 2.89865875E+05
 2.18544844E+05
 1.55512859E+05
 1.07811891E+05
 7.38042031E+04
 4.96176953E+04
 3.24340449E+04
 2.02238242E+04
 1.19349561E+04
 6.66854346E+03
 3.55411011E+03
 1.82884216E+03
 9.14421082E+02
 4.58235535E+02
 2.31680298E+02
 1.16863518E+02
 6.55128479E+01
 4.48022232E+01
 4.07999344E+01
 5.17914543E+01
 8.07509613E+01
 1.14596947E+02
 1.34838745E+02
 1.28227402E+02
 1.05177567E+02
 7.47025070E+01
 4.64991150E+01
 2.54302750E+01
 1.21668787E+01
 4.25956392E+00
 6.65592551E-01
 8.60140920E-02
 8.60140920E-02
 8.60140920E-02
 2.17909903E-08
 1.11651175E-07
 4.19468336E-07
 1.15105411E-06
 2.77505933E-06
 5.94197354E-06
 1.10085157E-05
 1.82010754E-05
 2.75766015E-05
 3.75157651E-05
 4.67295795E-05
 5.30090765E-05
 5.50958212E-05
 5.49396500E-05
 4.92037398E-05
 4.86040299E-05
 4.23047459E-05
 2.12331797E-05
 1.84858236E-05
 3.16796068E-05
 4.79961018E-05
 6.93384573E-05
 6.34761382E-05
 1.08589129E-05
-1.44699197E-05
 1.21220641E-04
 2.37024855E-04
 1.98070484E-04
 1.22007623E-05
 1.57741873E-04
 1.82763484E-04
 3.09721334E-04
 5.29288547E-04
 3.47720663E-04
 1.68647312E-05
 2.43552495E-04
 7.12795707E-04
 1.75070309E-03
 2.37899041E-03
 1.20584003E-03
 1.20709348E-03
 7.96637556E-04
 7.02497957E-04
 4.32000408E-04
 7.52298365E-05
 1.50197666E-04
 2.11203631E-04
 1.99598842E-04
 5.79524567E-05
 5.47026175E-05
 1.52506764E-04
 1.69469306E-04
 2.27419630E-04
 7.75994413E-05
 8.39220767E-04
 1.35224278E-03
 5.20278234E-04
 6.47802663E-04
-2.84781818E-05
 6.76192169E-04
 1.72046968E-03
 2.16148398E-03
 1.81537762E-03
 6.79171877E-04
-6.41778752E-04
-1.60428594E-04
 1.16019440E-03
 1.09830755E-03
 7.56874681E-04
 1.36747654E-03
 1.27200549E-03
 3.83477280E-04
-1.82318487E-04
 6.19042898E-04
 2.41690502E-03
 2.60698376E-03
 1.88582926E-03
 1.61759963E-03
 2.24810862E-03
 3.09986668E-03
 2.87580327E-03
 2.36252300E-03
 1.81716483E-03
 1.20468484E-03
 6.96424453E-04
 6.60213991E-04
 7.67646066E-04
 5.72284043E-04
 1.14669390E-04
-1.02635386E-05
 9.32527357E-04
 1.77558989E-03
 1.53681787E-03
 9.86463390E-04
 5.15693391E-04
 2.43420873E-04
 7.88646925E-04
 1.48970168E-03
 1.25109241E-03
 6.82163925E-04
 2.92975223E-04
 2.37741871E-04
 2.09567763E-04
 1.38376403E-04
 5.34684659E-05
 1.81231317E-05
 4.65039848E-05
 8.79930594E-05
 1.29066902E-04
 1.80303832E-04
 2.58413784E-04
 3.68265493E-04
 4.84898745E-04
 5.34589402E-04
 4.68356884E-04
 4.04133636E-04
 3.74507305E-04
 3.32368072E-04
 2.56290747E-04
 2.55905412E-04
 6.70066394E-04
 1.59871718E-03
 2.75658723E-03
 2.54568155E-03
 1.99150643E-03
 2.53449380E-03
 4.49274946E-03
 6.59137126E-03
 7.78658362E-03
 7.66631728E-03
 2.57657352E-03
 3.58422985E-03
 1.56782269E-02
 3.31849158E-02
 4.18595150E-02
 3.19229998E-02
 2.47224532E-02
 4.95843254E-02
 7.57960081E-02
 5.55406064E-02
 1.86245199E-02
 5.98498583E-02
 1.17717430E-01
 1.17805712E-01
 8.62541199E-02
 3.09318304E-01
 2.87785441E-01
 7.63772726E-01
 2.42734313E+00
 7.94041300E+00
 2.16139450E+01
 5.50049553E+01
 1.43514969E+02
 3.59714020E+02
 8.99400574E+02
 2.18828223E+03
 5.19906152E+03
 1.19726895E+04
 2.64357480E+04
 5.51314805E+04
 1.06693359E+05
 1.86995344E+05
 2.87337062E+05
 3.75434625E+05
 4.10795906E+05
 3.78949906E+05
 3.05862969E+05
 2.25897453E+05
 1.59311109E+05
 1.10339711E+05
 7.53165859E+04
 5.04495469E+04
 3.26446113E+04
 2.01144922E+04
 1.17565244E+04
 6.50451904E+03
 3.43862866E+03
 1.75798181E+03
 8.79199707E+02
 4.46297241E+02
 2.29861923E+02
 1.15076042E+02
 6.32845421E+01
 4.74044533E+01
 5.75166283E+01
 8.87151566E+01
 1.34243271E+02
 1.77770355E+02
 1.94587753E+02
 1.78242188E+02
 1.39784378E+02
 9.66455841E+01
 5.86914139E+01
 3.16176968E+01
 1.40538158E+01
 4.34368992E+00
 5.04424453E-01
 8.60140920E-02
 8.60140920E-02
 8.60140920E-02
 9.97184912E-09
 1.02359188E-07
 3.83808555E-07
 1.15830528E-06
 2.81813686E-06
 5.93684945E-06
 1.11056879E-05
 1.92910211E-05
 2.92497098E-05
 4.10278335E-05
 5.24711286E-05
 5.99477207E-05
 6.38527054E-05
 6.31539733E-05
 5.24247116E-05
 4.86416066E-05
 4.53689463E-05
 3.81169775E-05
 3.59649930E-05
 3.83650877E-05
 3.44230466E-05
 2.16599528E-05
 3.93581686E-05
 4.72987122E-05
 1.07261774E-04
 2.22723582E-04
 1.80748320E-04
 2.90119060E-05
 7.77759778E-05
 1.91982661E-04
 9.08928923E-05
 3.53733165E-04
 1.85329322E-04
 1.49132000E-04
 7.62869255E-04
 6.22574356E-04
 5.93846198E-04
 5.17788983E-04
 5.81216300E-04
 3.83764599E-03
 2.40471144E-03
 7.97128014E-04
-8.48947529E-05
 5.51164208E-04
 9.43350315E-04
 3.15070007E-04
 3.73150775E-04
 3.42606727E-05
 3.57539946E-04
 3.43091786E-04
 2.32527236E-04
 2.69814132E-04
 1.82044139E-04
 2.75185012E-04
 1.14733528E-03
 2.66074756E-04
-1.36510265E-04
 6.51748851E-04
 1.61172892E-03
 1.08815741E-03
 1.46492835E-04
 3.54249176E-04
 4.45645914E-04
 3.69215780E-03
 7.83827249E-03
 9.25527886E-03
 1.02666337E-02
 7.21569266E-03
 1.53048802E-03
-5.86128153E-04
 4.59930394E-04
 1.35839183E-03
 2.01581395E-04
 1.71789282E-03
 4.68497572E-04
 1.46553467E-03
 3.23695154E-03
 9.76186013E-04
 1.88123656E-03
 3.04997060E-03
 1.93114078E-03
 8.73830810E-04
 6.57014083E-04
 6.95234863E-04
 6.13544311E-04
 1.27281633E-03
 1.85884698E-03
 1.59811485E-03
 9.27252637E-04
 6.12719043E-04
 8.60315573E-04
 6.59193902E-04
 1.15802752E-04
-6.00624589E-05
 1.41703349E-05
 1.29848864E-04
 4.45511483E-04
 1.33160106E-03
 2.47991318E-03
 2.46405718E-03
 1.86911435E-03
 1.20541896E-03
 6.88532018E-04
 3.86957166E-04
 2.46275711E-04
 1.99486341E-04
 2.07152858E-04
 2.30855047E-04
 2.59232096E-04
 3.00094456E-04
 3.72536917E-04
 5.12659666E-04
 6.62309118E-04
 3.94272793E-04
 5.58901753E-04
 1.85212225E-03
 1.68961775E-03
 1.02043245E-03
 3.69231537E-04
 4.34877904E-04
 1.90208724E-03
 3.17687565E-03
 2.45737238E-03
 1.05769897E-03
 3.53814656E-04
 1.25090731E-03
 3.71270324E-03
 6.29076362E-03
 6.12992421E-03
 2.05294020E-03
 4.07199608E-03
 1.45768151E-02
 2.63042077E-02
 3.59534398E-02
 4.06710953E-02
 2.51158047E-02
 2.02283375E-02
 5.49538396E-02
 9.92630199E-02
 9.08776596E-02
 4.32000980E-02
 7.01418594E-02
 1.50576323E-01
 1.43412501E-01
 3.61241177E-02
 5.72152376E-01
 1.17527163E+00
 1.87291789E+00
 5.02303696E+00
 1.40749550E+01
 3.33816910E+01
 9.26866379E+01
 2.35459091E+02
 5.83998535E+02
 1.45337476E+03
 3.48180078E+03
 8.20245605E+03
 1.85439082E+04
 4.02323633E+04
 8.16769297E+04
 1.52915781E+05
 2.55772656E+05
 3.71456594E+05
 4.54946562E+05
 4.66752000E+05
 4.08382219E+05
 3.18075719E+05
 2.31246328E+05
 1.61419719E+05
 1.11750719E+05
 7.60423828E+04
 5.05740039E+04
 3.23438145E+04
 1.97040195E+04
 1.13691992E+04
 6.20608887E+03
 3.25482666E+03
 1.66074304E+03
 8.27873047E+02
 4.20110748E+02
 2.25349701E+02
 1.17013229E+02
 6.75251236E+01
 6.22146568E+01
 9.46082611E+01
 1.46140900E+02
 2.16754898E+02
 2.69655731E+02
 2.78874695E+02
 2.40962799E+02
 1.80096527E+02
 1.21216492E+02
 7.30593109E+01
 3.85027237E+01
 1.62328930E+01
 4.31475735E+00
 3.52060854E-01
 8.60140920E-02
 8.60140920E-02
 8.60140920E-02
 8.52210025E-10
 8.84349944E-08
 3.46364516E-07
 1.13746432E-06
 2.66454276E-06
 5.89684078E-06
 1.13561373E-05
 1.97402860E-05
 3.08231720E-05
 4.37692797E-05
 5.73079560E-05
 6.74066978E-05
 7.32443223E-05
 7.13750851E-05
 7.13983100E-05
 6.33423988E-05
 4.69378283E-05
 4.08922642E-05
 3.97284239E-05
 3.91625217E-05
 3.27894668E-05
 5.49921460E-05
 5.29885183E-05
 1.47692854E-05
 9.11958778E-05
 5.74801779E-05
-2.38330595E-05
 3.73899296E-04
 6.51133654E-04
 3.37999460E-04
 8.06961616E-05
 5.10186306E-04
 8.29560973E-04
 1.39413774E-03
 1.37690117E-03
 5.93152770E-04
 1.44981474E-04
 1.59711274E-03
 2.71496992E-03
 1.12787494E-03
-1.68192390E-04
 1.75206747E-04
 9.57242213E-04
 1.53810368E-03
 8.58193962E-05
 8.73254321E-05
 1.50433523E-04
 7.56278052E-04
 5.98743674E-04
 2.75516912E-04
 5.06866199E-04
 8.42037389E-06
 6.18985869E-05
 2.42462600E-04
 6.60683378E-04
 7.30874599E-04
 2.38170079E-03
 2.42339890E-03
 5.49717690E-04
 2.52201280E-04
 2.03929469E-03
 3.45644541E-03
 1.40348496E-03
 1.16401869E-04
 2.25370983E-03
 1.32833794E-03
-2.13498739E-03
 1.36593255E-04
 5.06562414E-03
 2.59826728E-03
 2.53762770E-03
 4.36624885E-03
 4.51995665E-03
 7.56265642E-03
 3.97016760E-03
-4.40191536E-04
 1.53238431E-03
 4.21167584E-03
 6.60405669E-04
 6.51363109E-04
 1.43687322E-03
 1.81435258E-03
 1.48907211E-03
 6.33894640E-04
-6.50839589E-04
 9.48679401E-04
 3.95714911E-03
 5.89466654E-03
 5.52008580E-03
 3.68703296E-03
 2.40445626E-03
 2.31415476E-03
 1.39391737E-03
 1.42469560E-03
 1.88235147E-03
 1.51707686E-03
 6.03984285E-04
 1.39508644E-04
 5.37026732E-04
 1.28519954E-03
 1.03316689E-03
 4.71048785E-04
 3.26315523E-04
 7.86420365E-04
 1.03914121E-03
 7.28086685E-04
 4.60969371E-04
 2.54487910E-04
 1.33280977E-04
 3.17627564E-04
 9.03621083E-04
 1.45791343E-03
 1.59895699E-03
 1.04491739E-03
 4.79018170E-04
 1.34027097E-03
 2.16030655E-03
 1.56460702E-03
 2.97185994E-04
 1.02582609E-03
 2.17306940E-03
 2.49789283E-03
 2.06429069E-03
 1.55269017E-03
 1.64789578E-03
 3.02418857E-03
 5.83378691E-03
 9.23988223E-03
 8.40373617E-03
 5.98058105E-03
 7.56465038E-03
 1.04921116E-02
 1.22686289E-02
 1.68692078E-02
 1.95859112E-02
 9.74615011E-03
 5.31388959E-03
 5.35239838E-02
 1.28961623E-01
 1.13749638E-01
 4.74692360E-02
 5.26845679E-02
 1.49846613E-01
 1.90009773E-01
 1.86638430E-01
 8.40114236E-01
 1.19607377E+00
 3.23224926E+00
 1.04133024E+01
 2.19861183E+01
 6.15779572E+01
 1.56911041E+02
 3.93220520E+02
 9.89467834E+02
 2.40387036E+03
 5.74158105E+03
 1.32621250E+04
 2.95266270E+04
 6.23190469E+04
 1.22579750E+05
 2.19812969E+05
 3.48211906E+05
 4.73318625E+05
 5.40144438E+05
 5.18568656E+05
 4.31562281E+05
 3.26723750E+05
 2.33667781E+05
 1.63245516E+05
 1.12518547E+05
 7.63377578E+04
 5.03562422E+04
 3.18235723E+04
 1.90701211E+04
 1.08125068E+04
 5.82435547E+03
 3.02996533E+03
 1.54134021E+03
 7.79506104E+02
 3.96714478E+02
 2.06060654E+02
 1.20255859E+02
 9.35368576E+01
 9.85449448E+01
 1.47459702E+02
 2.42861404E+02
 3.40098877E+02
 3.98308075E+02
 3.85467102E+02
 3.16027771E+02
 2.27611084E+02
 1.47347290E+02
 8.63240204E+01
 4.36438789E+01
 1.71083641E+01
 3.78974938E+00
 1.12474084E-01
 8.60140920E-02
 8.60140920E-02
 8.60140920E-02
 2.40182558E-08
 6.44047518E-08
 3.48769419E-07
 1.03936225E-06
 2.53601911E-06
 5.70324028E-06
 1.08750328E-05
 1.94556196E-05
 3.18599232E-05
 4.67936370E-05
 6.27212139E-05
 7.43684577E-05
 8.96625425E-05
 8.75030164E-05
 8.19123306E-05
 7.12946421E-05
 5.54762628E-05
 5.14117019E-05
 3.94188610E-05
 4.89064550E-05
 5.58392931E-05
 4.93225562E-05
 5.61599300E-05
 5.02425937E-05
 9.27403380E-05
 1.28002037E-04
 2.62520451E-04
 5.58151165E-04
-8.52505691E-05
 1.84562414E-05
 3.86367523E-04
 2.79260712E-04
 1.29345324E-04
 4.03292739E-04
 8.28851655E-04
 1.58460287E-03
 1.58577051E-03
 1.28021208E-03
 1.04956469E-03
 4.17168904E-03
 8.04598723E-03
 5.76768816E-03
 9.34044001E-05
 9.06025758E-04
 5.32079430E-04
 1.94940041E-03
 2.43388815E-03
 6.96257281E-04
 3.93597758E-04
 6.51414812E-05
 1.24047932E-04
 6.82374986E-04
 8.61345325E-04
 4.58436116E-04
 2.26150252E-04
 6.26980676E-04
 1.50833244E-03
-4.50540276E-04
 9.32261522E-04
 2.00110348E-03
 3.17455688E-03
 6.11435215E-04
 9.43846884E-04
 5.62981237E-03
 1.24267898E-02
 1.81257185E-02
 1.87821332E-02
 1.64662413E-02
 1.00706182E-02
 2.91946530E-03
-1.93113956E-04
 2.50775949E-03
 6.11402513E-03
 8.09674338E-03
 6.76237093E-03
 4.25547641E-03
 1.22246915E-03
 4.11974877E-04
 1.57516054E-03
 5.04205190E-03
 9.77609027E-03
 1.18690114E-02
 9.66518000E-03
 5.44128800E-03
 1.93096709E-03
 2.37797410E-03
 4.44676960E-03
 5.16500231E-03
 3.63784260E-03
 1.34675333E-03
 1.33659842E-03
 5.11007570E-03
 1.71208894E-03
 3.89797892E-03
 4.29781666E-03
 3.10592097E-03
 1.50495057E-03
 4.78445087E-04
 2.59322289E-04
 4.74623695E-04
 3.04868998E-04
 1.29709260E-05
 1.82878939E-04
 6.46907836E-04
 9.40359430E-04
 7.51045067E-04
 4.02824138E-04
 3.86390951E-04
 6.27716188E-04
 9.44847940E-04
 1.26432185E-03
 1.51555543E-03
 1.62839890E-03
 1.62998179E-03
 1.56891509E-03
 1.46855880E-03
 1.22014165E-03
 4.99355607E-04
 1.61017029E-04
 8.25895870E-04
 1.74003188E-03
 1.61682954E-03
 6.39516104E-04
 1.24840677E-04
 2.09023105E-03
 8.81720427E-03
 1.21895131E-02
 1.63280815E-02
 7.52615929E-03
 3.56503436E-03
 1.47678833E-02
 1.74696464E-02
 8.86571407E-03
 1.30930571E-02
 3.07346471E-02
 3.83739360E-02
 3.19553465E-02
 6.34982958E-02
 1.27749488E-01
 9.51404124E-02
 3.38508822E-02
 4.87172492E-02
 1.88936010E-01
 3.72862607E-01
 3.96892577E-01
 7.39017069E-01
 1.80768621E+00
 6.57231188E+00
 1.53485212E+01
 4.06930695E+01
 1.13802551E+02
 2.77264130E+02
 6.96224060E+02
 1.71093542E+03
 4.12267432E+03
 9.70604004E+03
 2.20270957E+04
 4.78911523E+04
 9.78696875E+04
 1.85158375E+05
 3.14661781E+05
 4.67639188E+05
 5.90081688E+05
 6.24314688E+05
 5.62287688E+05
 4.47343938E+05
 3.30532594E+05
 2.34374812E+05
 1.63185750E+05
 1.12515352E+05
 7.61321406E+04
 4.97411602E+04
 3.09442715E+04
 1.82242363E+04
 1.01474395E+04
 5.38582910E+03
 2.77414722E+03
 1.41078455E+03
 7.23252747E+02
 3.74483948E+02
 1.99029053E+02
 1.13796974E+02
 1.06500648E+02
 1.49347198E+02
 2.52101959E+02
 3.95729523E+02
 5.19511108E+02
 5.67652710E+02
 5.15633850E+02
 4.04077209E+02
 2.80166260E+02
 1.72935425E+02
 9.53673706E+01
 4.55521660E+01
 1.56954489E+01
 2.50861120E+00
 5.10233156E-02
 8.60140920E-02
 8.60140920E-02
 8.60140920E-02
-2.99981160E-08
 7.37029708E-08
 2.87487779E-07
 9.74213549E-07
 2.49473032E-06
 5.37195547E-06
 1.07630476E-05
 1.98783746E-05
 3.19276078E-05
 4.83300719E-05
 6.77246426E-05
 8.66264163E-05
 9.47579974E-05
 9.67183514E-05
 9.44070052E-05
 8.81240339E-05
 8.13933730E-05
 7.22690384E-05
 6.77931530E-05
 4.76170680E-05
 6.30427312E-05
 5.00708447E-05
 4.33567875E-05
 7.73439679E-05
 8.54461323E-05
 4.93364714E-05
 1.32839050E-04
 1.38432850E-04
 2.56450963E-04
 1.20138528E-03
 1.29520160E-03
 4.37957031E-04
 1.06183137E-03
 1.41278910E-03
 1.59447466E-03
 1.79250480E-03
 1.47639681E-03
 9.99283511E-04
-2.30835867E-04
 3.42711038E-03
 3.98055371E-03
-8.47155927E-04
 8.00844282E-03
 1.62405462E-03
 2.89205136E-03
 7.81780283E-04
 1.28769793E-03
 3.67735425E-04
 1.15330028E-03
 7.99513189E-04
 1.54538240E-04
 9.82009689E-04
 3.53747600E-04
 6.04013840E-05
 1.26522349E-03
 3.40646686E-04
 6.68482739E-04
 1.60583574E-03
 3.85173154E-03
 6.08179392E-03
 1.40387157E-03
 3.68403358E-04
 2.11784197E-03
-5.48118027E-04
-2.33961106E-03
-1.03661593E-03
-2.17742915E-03
 1.65457011E-03
 2.01715948E-03
 3.26851383E-03
 1.86748931E-03
 3.81517661E-04
-5.65838673E-05
 1.05358940E-03
 6.73063425E-03
 1.45505574E-02
 1.92317236E-02
 1.53077338E-02
 5.91194956E-03
-5.84366790E-04
-7.55966466E-04
 1.79333112E-03
 3.16503108E-03
 1.78312173E-03
 1.29601802E-03
 4.52315668E-03
 6.18370390E-03
 4.34544729E-03
 1.14582595E-03
-1.19057565E-03
 2.60946894E-04
 8.60596262E-03
 2.68814969E-03
 8.46574840E-04
-1.38679126E-04
 5.85502712E-04
 1.12124451E-03
 1.74644380E-03
 2.53293663E-03
 4.46554087E-03
 5.38553111E-03
 5.76922763E-03
 3.44825978E-03
 2.25671218E-03
 1.63488789E-03
 1.17999967E-03
 1.02325215E-03
 9.80153563E-04
 1.00484432E-03
 1.01286918E-03
 7.84443051E-04
 2.98784162E-05
 7.75291759E-04
 1.35275954E-03
 5.23244787E-04
 6.33273448E-04
 6.68709690E-04
 1.26602012E-03
 1.37795333E-03
 1.17235573E-03
 1.23575050E-03
 9.17075668E-04
 1.50797528E-03
 5.97753748E-03
 5.77588473E-03
 4.97778598E-03
 1.32582970E-02
 1.63312778E-02
 2.30744947E-03
 9.64532048E-03
 3.66848670E-02
 3.68718281E-02
 1.95272863E-02
 4.05981056E-02
 9.03075561E-02
 1.26110569E-01
 1.15822569E-01
 8.16870332E-02
 1.03036284E-01
 1.24845579E-01
 1.28065825E-01
 1.74400583E-01
 3.60740513E-01
 6.00214541E-01
 9.00152683E-01
 1.99751699E+00
 5.44603872E+00
 1.32529783E+01
 3.04066544E+01
 8.07499771E+01
 2.01583740E+02
 5.08377289E+02
 1.26220947E+03
 3.06062817E+03
 7.27021143E+03
 1.68362715E+04
 3.73315039E+04
 7.87389922E+04
 1.55101547E+05
 2.78802719E+05
 4.45463688E+05
 6.13409688E+05
 7.14503000E+05
 7.00318812E+05
 5.93876688E+05
 4.55504406E+05
 3.30255250E+05
 2.31844359E+05
 1.61955234E+05
 1.11381945E+05
 7.48781016E+04
 4.82593906E+04
 2.95244492E+04
 1.70868223E+04
 9.37422070E+03
 4.91752197E+03
 2.51421533E+03
 1.26933655E+03
 6.28015015E+02
 3.39514679E+02
 2.26857330E+02
 1.41689194E+02
 1.64130325E+02
 2.59570862E+02
 4.30559998E+02
 6.32841370E+02
 7.74452637E+02
 7.83976074E+02
 6.72858643E+02
 4.91891418E+02
 3.15257385E+02
 1.83305588E+02
 9.73740997E+01
 4.29300690E+01
 1.25057878E+01
 1.53046405E+00
 8.68936256E-02
 8.60140920E-02
 8.60140920E-02
 8.60140920E-02
 8.60140920E-02
-3.69377667E-10
 2.53440561E-07
 8.52363485E-07
 2.15058594E-06
 4.98693544E-06
 9.69162465E-06
 1.82541116E-05
 3.10309370E-05
 5.04496456E-05
 6.80923404E-05
 9.46388536E-05
 1.04549399E-04
 1.02556645E-04
 1.11274196E-04
 1.08793400E-04
 8.90524607E-05
 6.34087119E-05
 4.83587064E-05
 3.34132310E-05
 5.53817008E-05
 7.78866888E-05
 1.41958400E-04
 9.26474240E-05
 1.00007586E-04
 5.97820799E-05
 1.71094493E-04
 4.97348956E-05
 4.58959403E-04
 4.51727799E-04
-3.16141697E-04
 6.94954069E-04
 1.49303826E-03
 1.80367017E-04
 9.82692931E-04
 1.74329674E-03
 4.47800988E-03
 4.86465218E-03
 3.12016509E-03
 6.15635188E-04
 2.26077996E-03
 1.10665504E-02
 1.42922634E-02
-6.37404795E-04
 2.44124653E-03
 1.16598920E-03
 4.96443454E-03
 1.23775750E-03
 1.60504249E-03
 2.64700106E-03
 9.77730611E-04
 5.09485428E-04
 6.62124192E-04
 8.74572492E-04
 2.43208953E-03
 1.10061963E-04
 2.08173878E-04
 4.88787657E-04
 5.79003885E-04
 1.15069002E-03
-9.16522986E-04
 4.46485123E-03
 1.26132853E-02
 1.96354389E-02
 2.29044799E-02
 2.75410935E-02
 2.95344088E-02
 1.24662546E-02
-2.76821404E-04
 8.78971629E-03
 2.29764115E-02
 2.01786701E-02
 1.00754816E-02
 1.20632863E-03
-9.58107412E-04
 5.38932101E-04
 1.14496297E-03
 1.54676812E-03
 6.82031503E-03
 1.29062105E-02
 1.53690316E-02
 1.00174956E-02
 2.57593021E-03
-1.53049140E-03
 2.61837128E-03
 8.84229876E-03
 1.21087022E-02
 1.11013483E-02
 7.17100687E-03
 3.30862054E-03
 3.46380216E-03
 1.13328751E-02
 1.05160037E-02
 9.36990045E-03
 4.95748362E-03
 4.62159840E-03
 7.66864512E-03
 4.88003762E-03
-4.38869756E-04
 2.18911166E-03
 2.05701916E-03
 3.11028282E-03
 7.14513054E-03
 7.46277720E-03
 3.71588790E-03
 2.03281501E-03
 1.48557185E-03
 1.44921767E-03
 1.49012113E-03
 1.08056760E-03
 1.52471673E-03
 3.50752496E-03
 4.58306400E-03
 2.96977861E-03
 1.35178037E-03
 2.46348139E-03
 2.26136367E-03
 1.93000585E-03
 1.39887747E-03
 1.37161021E-03
 2.59389076E-03
 5.18119056E-03
 5.30193886E-03
 1.77833100E-03
 2.49301689E-03
 1.25444997E-02
 2.25357618E-02
 1.11461943E-02
 2.99338461E-03
 1.48985898E-02
 2.61058770E-02
 1.86445229E-02
 1.40787312E-03
 3.40244919E-02
 9.51914936E-02
 1.25919238E-01
 1.95769474E-01
 5.99204823E-02
 2.33651832E-01
 3.42648655E-01
 3.13906550E-01
 3.04993421E-01
 5.37882447E-01
 6.75478399E-01
 1.52861106E+00
 4.01655674E+00
 9.03663445E+00
 2.15884495E+01
 6.29113503E+01
 1.58235947E+02
 3.89895020E+02
 9.70804382E+02
 2.36696118E+03
 5.65033057E+03
 1.32194014E+04
 2.97729258E+04
 6.44214922E+04
 1.30601781E+05
 2.45539875E+05
 4.15459844E+05
 6.16262312E+05
 7.81140938E+05
 8.35279625E+05
 7.61269875E+05
 6.13188625E+05
 4.56813406E+05
 3.26468781E+05
 2.28742047E+05
 1.59530312E+05
 1.08926594E+05
 7.23947109E+04
 4.58812539E+04
 2.75670117E+04
 1.56361895E+04
 8.38109473E+03
 4.31854688E+03
 2.22732129E+03
 1.18563013E+03
 6.08587341E+02
 3.04348969E+02
 1.91333511E+02
 1.78301743E+02
 2.58998993E+02
 4.44799744E+02
 7.18629333E+02
 9.78704468E+02
 1.10194580E+03
 1.03926318E+03
 8.21802368E+02
 5.58013245E+02
 3.39655457E+02
 1.84903412E+02
 9.19459305E+01
 3.75282135E+01
 8.95784950E+00
 6.02715492E-01
-5.85476123E-02
 8.60140920E-02
 8.60140920E-02
 8.60140920E-02
 8.60140920E-02
 4.88662799E-08
 3.33063809E-07
 7.17215528E-07
 2.05309107E-06
 4.56631187E-06
 9.07392223E-06
 1.76903577E-05
 2.98190062E-05
 4.88640217E-05
 7.25823265E-05
 1.06122607E-04
 1.15319373E-04
 1.28045504E-04
 1.60816926E-04
 1.64048703E-04
 1.47843122E-04
 1.43482597E-04
 1.54469148E-04
 1.22939469E-04
 1.20219884E-04
 1.95764133E-05
-8.22381662E-06
 1.72776490E-04
 2.45443429E-04
 1.99527916E-04
 2.11750055E-04
 2.21119699E-04
 1.78359711E-04
 5.26784919E-04
 4.93887521E-04
 2.39541917E-03
 2.19282834E-03
 1.21291334E-04
 1.63766101E-03
 1.63869816E-03
 2.63933185E-03
 2.22442462E-03
 2.49912823E-03
 6.88202633E-03
 3.40218004E-03
 6.49778172E-03
 1.41319062E-03
 1.20725613E-02
 2.56162193E-02
 1.21105975E-02
 2.93450896E-03
 2.70092627E-03
 1.38383743E-03
 2.14218884E-03
 6.36232784E-03
 1.61976006E-03
 7.76345260E-04
 1.42808876E-03
 1.08833432E-04
 6.79458841E-04
 3.09205917E-03
 2.68342672E-03
 2.44427519E-03
 1.41987519E-03
 5.32566104E-04
 2.95956396E-02
 1.75088446E-03
-5.61970461E-04
 2.89418123E-04
 9.71792557E-04
 4.89813928E-03
 1.37323868E-02
 1.54327843E-02
 4.84015001E-03
 7.97020458E-03
 6.09431183E-03
 1.20052444E-02
 2.27651261E-02
 2.78112758E-02
 2.45946012E-02
 1.61187463E-02
 1.47121912E-02
 2.10542977E-02
 2.81677488E-02
 2.94653829E-02
 1.97004117E-02
 1.04165170E-02
 1.12194289E-02
 1.90729350E-02
 3.05360984E-02
 3.70851532E-02
 3.55283059E-02
 2.74137091E-02
 1.77953690E-02
 1.05103431E-02
 8.61363672E-03
 1.03402659E-02
 7.48979021E-03
 2.01454689E-03
 1.56199024E-03
 8.48331396E-03
 1.03008430E-02
 3.82349221E-03
 2.54138093E-03
 1.97070721E-03
-1.99165358E-03
-7.59278017E-04
 3.62051837E-03
 6.87444629E-03
 5.92570473E-03
 2.93139834E-03
 1.52593281E-03
 1.32937997E-03
 3.25124827E-03
 5.96721563E-03
 7.31349876E-03
 5.90003608E-03
 2.71453359E-03
 2.28725071E-03
 1.56307151E-03
 2.45092699E-04
 3.26675223E-03
 4.82163159E-03
 4.05850401E-03
 1.45015353E-03
 1.88734115E-03
 1.16129173E-03
 1.30365056E-03
 9.20937862E-03
 1.76425520E-02
 1.08653577E-02
 6.48471387E-03
 1.59197263E-02
 2.38283519E-02
 8.55478644E-03
 2.94605736E-02
 2.12132838E-02
 2.14863475E-02
 7.46488348E-02
 2.53680915E-01
 2.26064771E-01
 1.12444729E-01
 5.07078350E-01
 8.53193521E-01
 7.80702531E-01
 7.10719049E-01
 1.06815135E+00
 1.63892996E+00
 3.23165202E+00
 7.04277515E+00
 2.03228455E+01
 4.98381157E+01
 1.19518715E+02
 3.19878052E+02
 7.67743713E+02
 1.89295605E+03
 4.57036328E+03
 1.07213828E+04
 2.45513066E+04
 5.38530430E+04
 1.11945383E+05
 2.16925188E+05
 3.84289344E+05
 6.05828250E+05
 8.26293625E+05
 9.56425875E+05
 9.39722688E+05
 8.01352812E+05
 6.19386562E+05
 4.51213062E+05
 3.19822688E+05
 2.24198578E+05
 1.55676062E+05
 1.05622969E+05
 6.91435312E+04
 4.29783867E+04
 2.53311152E+04
 1.41488154E+04
 7.51959912E+03
 3.87303418E+03
 2.00228052E+03
 1.03987561E+03
 5.41177612E+02
 3.16637756E+02
 2.36472748E+02
 2.79295807E+02
 4.54487000E+02
 7.73321838E+02
 1.16346313E+03
 1.46029187E+03
 1.51214941E+03
 1.31603711E+03
 9.62840393E+02
 6.13286804E+02
 3.47193451E+02
 1.80879105E+02
 8.35397949E+01
 3.03721371E+01
 5.61917162E+00
 9.74274278E-02
 8.60140920E-02
 8.60140920E-02
 8.60140920E-02
 8.60140920E-02
 8.60140920E-02
 1.07007530E-07
 3.49888552E-07
 8.95143614E-07
 1.69012412E-06
 4.40384019E-06
 7.19787204E-06
 1.61467688E-05
 2.79490050E-05
 4.46288395E-05
 7.03602855E-05
 1.05137755E-04
 1.29211636E-04
 1.38883173E-04
 1.71030755E-04
 1.17403048E-04
 8.56771585E-05
 9.93583162E-05
 9.77465752E-05
 8.79975232E-06
 5.46208830E-05
 2.13343752E-04
 2.72033038E-04
 1.14750590E-04
-3.84902669E-05
 4.55858981E-06
 1.84251519E-04
 2.72011559E-04
 3.56954028E-04
 3.20136896E-04
 6.58305071E-04
 9.07469541E-04
 5.74343430E-04
 4.85038478E-03
 6.62102783E-03
 4.85707493E-03
 3.05347401E-03
 5.57707669E-03
 1.04719540E-02
 1.17821582E-02
 7.02380086E-04
 4.54219338E-03
 8.20618216E-03
 1.95659287E-02
 6.63215108E-03
-1.71869132E-03
 7.82177504E-03
 6.16533076E-03
 7.74144102E-03
 1.95292372E-03
 1.23538654E-02
 3.45129345E-04
 3.13370395E-03
 3.00287246E-03
 2.34158384E-03
 2.74362788E-03
 8.07130127E-04
 6.82422251E-04
 2.55587557E-03
 3.83786811E-03
 1.01058166E-02
 1.12799536E-02
 1.73643902E-02
 5.16457763E-03
 8.29450488E-02
 7.12000281E-02
 4.55660969E-02
 4.14942279E-02
 3.07911858E-02
 3.09360418E-02
 2.69702380E-03
-3.36141646E-04
 1.93788186E-02
 2.79950742E-02
 1.41511112E-02
-6.29192451E-03
 1.50754338E-03
 1.76723823E-02
 1.86032131E-02
 6.12274744E-03
-7.16878055E-03
-3.27983312E-03
 3.02877743E-02
 3.01576015E-02
 1.03118839E-02
-2.93564098E-03
-3.97455785E-03
-2.92591110E-04
 3.56529350E-03
 5.72965899E-03
 4.86657675E-03
 3.14029487E-04
 6.10650470E-03
 2.14452874E-02
 3.08641028E-02
 2.27174871E-02
 4.98895720E-03
 6.88808155E-04
 5.78174833E-03
 1.44958878E-02
 1.98206380E-02
 1.33185573E-02
 5.40107302E-03
 2.64416565E-03
 4.61392198E-03
 7.56983086E-03
 7.34095182E-03
 2.27622013E-03
 1.84293767E-03
 4.00350103E-03
 5.63237257E-03
 4.69943695E-03
 1.59722951E-03
 6.87243009E-04
 4.21472080E-03
 6.76169200E-03
 5.98940672E-03
 4.80493950E-03
 6.39507687E-03
 4.23478615E-03
 4.91037779E-03
 8.21428746E-03
 1.09427134E-02
 1.29258716E-02
 1.70543734E-02
 1.73093863E-02
-1.35465772E-04
 2.29362994E-02
 5.34353890E-02
 3.15839313E-02
 3.17980163E-02
 5.24082072E-02
 1.02553807E-01
 1.41184896E-01
 1.76627025E-01
 4.69985574E-01
 1.76667701E-02
 4.92058992E-01
 8.90179098E-01
 7.34448075E-01
 3.66465032E-01
 1.97329903E+00
 1.82788229E+00
 2.76750135E+00
 6.51988935E+00
 1.51640034E+01
 4.32442360E+01
 1.04091316E+02
 2.65548431E+02
 6.53687927E+02
 1.58454785E+03
 3.85072681E+03
 9.05769238E+03
 2.08886816E+04
 4.63384336E+04
 9.80798281E+04
 1.94682250E+05
 3.56686938E+05
 5.89230562E+05
 8.54643812E+05
 1.06373562E+06
 1.12084650E+06
 1.01755694E+06
 8.19144938E+05
 6.13263062E+05
 4.40933719E+05
 3.11249594E+05
 2.18012469E+05
 1.50871484E+05
 1.01396836E+05
 6.52751484E+04
 3.97605273E+04
 2.28628066E+04
 1.24862861E+04
 6.54399854E+03
 3.37487378E+03
 1.75774658E+03
 9.20219116E+02
 5.01511200E+02
 3.28654816E+02
 3.21372437E+02
 4.65982880E+02
 8.03450623E+02
 1.31355920E+03
 1.81070300E+03
 2.08310815E+03
 1.98225732E+03
 1.59079919E+03
 1.07769714E+03
 6.41988220E+02
 3.43119598E+02
 1.68437469E+02
 7.23759155E+01
 2.29918365E+01
 3.02788401E+00
 8.19114372E-02
 8.60140920E-02
 8.60140920E-02
 8.60140920E-02
 8.60140920E-02
 8.60140920E-02
 6.17923916E-08
 3.65691903E-07
 5.99146290E-07
 1.38624569E-06
 3.95989991E-06
 6.76607260E-06
 1.46696393E-05
 2.58134987E-05
 4.58274662E-05
 6.95576309E-05
 9.94865914E-05
 1.30461078E-04
 1.32804955E-04
 1.56645867E-04
 2.42357943E-04
 1.95418834E-04
 2.18570436E-04
 2.59231194E-04
 1.83744472E-04
 1.83308977E-04
 4.74226283E-04
 3.40306317E-04
 1.46041362E-04
 6.72380906E-04
 8.52683967E-04
 1.61900709E-04
 3.19232640E-04
 6.20017294E-04
 3.11898650E-04
 7.20696698E-04
 2.19983561E-03
 1.18898715E-04
 5.71378460E-03
 1.62159861E-03
 1.83325828E-04
 2.39242869E-03
 6.04269002E-03
 8.36385123E-04
 6.98267668E-03
 9.43034980E-03
 2.83731669E-02
 2.46832818E-02
 1.54651459E-02
 8.37517995E-03
 3.41169871E-02
 3.10025401E-02
 1.13781942E-02
 6.56841043E-03
 3.10649141E-03
 1.34453829E-02
 3.80075537E-03
 8.08954355E-04
 1.70541240E-03
 2.02268711E-03
 2.23581283E-03
 6.49947673E-04
 1.66405109E-03
 7.13509554E-03
 1.66581001E-03
 3.35250772E-03
 5.65335341E-03
-1.84137712E-03
 3.50001603E-02
 2.29948144E-02
-1.43466080E-02
-5.62277809E-03
 6.17165305E-03
 2.33960822E-02
 2.83480156E-02
 1.85976177E-02
 3.40070724E-02
 5.58536276E-02
 4.27691489E-02
 1.71194356E-02
 1.91127025E-02
 5.63164465E-02
 5.35806119E-02
 3.97465341E-02
 3.62367667E-02
 3.80348265E-02
 5.88074103E-02
 7.08300322E-02
 5.68047725E-02
 4.98537011E-02
 6.46302402E-02
 8.69981647E-02
 7.73933232E-02
 4.90006022E-02
 3.44317742E-02
 3.08947712E-02
 2.24785339E-02
 6.01856364E-03
 8.37462582E-03
 1.63909737E-02
 2.52163112E-02
 2.34108362E-02
 1.08283674E-02
 2.67855963E-03
 1.19687198E-02
 3.19441184E-02
 3.00592668E-02
 1.44368270E-02
 6.70989649E-03
 1.01101566E-02
 1.71061140E-02
 1.76810548E-02
 7.61492038E-03
 2.45878985E-03
 5.20524802E-03
 7.44032720E-03
 6.38266886E-03
 5.17771579E-03
 1.13751078E-02
 1.92701928E-02
 1.90077610E-02
 1.11233778E-02
 2.87251943E-03
 3.31537030E-03
 1.20170116E-02
 1.37584079E-02
 9.98686161E-03
 8.91917199E-03
 1.81172397E-02
 3.51071917E-02
 1.61807872E-02
 3.57106701E-03
 4.19289805E-02
 7.31650665E-02
 2.85464134E-02
 8.34988896E-03
 8.94696936E-02
 5.24852574E-02
 2.70486902E-02
 4.08741891E-01
 1.69243619E-01
 5.53855784E-02
 1.03590286E+00
 1.05233622E+00
 6.88338131E-02
 1.94892406E+00
 3.22594309E+00
 2.03916073E+00
 5.79707623E+00
 1.84457302E+01
 3.75188942E+01
 9.18532639E+01
 2.42726486E+02
 5.73887146E+02
 1.40454749E+03
 3.38448828E+03
 7.99231885E+03
 1.84884102E+04
 4.13133438E+04
 8.84393984E+04
 1.78594828E+05
 3.35319500E+05
 5.73502562E+05
 8.72495500E+05
 1.15486862E+06
 1.30226612E+06
 1.25600300E+06
 1.06090800E+06
 8.18826750E+05
 5.98922062E+05
 4.26449781E+05
 3.01726469E+05
 2.11335078E+05
 1.44848500E+05
 9.59614609E+04
 6.05111328E+04
 3.59766797E+04
 2.02810273E+04
 1.09205732E+04
 5.69783984E+03
 2.95902808E+03
 1.55534131E+03
 8.21885437E+02
 4.74346832E+02
 3.83614594E+02
 5.02681152E+02
 8.37647400E+02
 1.43692029E+03
 2.15665991E+03
 2.70929028E+03
 2.84329004E+03
 2.47920483E+03
 1.82494702E+03
 1.14622229E+03
 6.40980286E+02
 3.28337463E+02
 1.51488525E+02
 5.97643356E+01
 1.58268843E+01
 1.33288181E+00
 8.60140920E-02
 8.60140920E-02
 8.60140920E-02
 8.60140920E-02
 8.60140920E-02
 8.60140920E-02
-3.47557849E-09
 2.33148342E-07
 7.05104014E-07
 1.25077929E-06
 3.35716049E-06
 5.10880227E-06
 1.27746853E-05
 2.15227792E-05
 4.15329669E-05
 6.51198861E-05
 1.08457993E-04
 1.26673825E-04
 1.99870105E-04
 1.72243046E-04
 2.50958721E-04
 3.35338264E-04
 2.48524069E-04
 1.24379876E-04
 1.82684496E-04
 1.92090360E-04
 5.82388275E-05
-1.06925501E-04
-1.03086095E-04
 6.02112814E-05
-3.15184880E-05
-1.52308294E-05
 2.41604983E-04
 3.74179974E-04
 2.82138615E-04
 8.50499317E-04
 2.16461765E-03
 4.49815346E-03
 8.91989563E-03
 1.73472974E-03
 1.36611667E-02
 1.39180208E-02
 4.73327190E-03
 8.64660181E-03
 7.88250379E-03
 1.45799099E-02
 9.12600604E-04
 1.29238516E-02
 7.69301178E-03
 1.13890273E-02
 8.94258823E-03
 1.42519604E-02
 1.25376657E-02
 3.92798707E-02
 3.16842012E-02
 9.76163428E-03
 8.66254047E-03
 1.24100791E-02
 8.64599179E-03
 3.22271953E-03
 1.55837822E-03
 3.98761273E-04
 2.88523664E-03
 3.36315925E-03
 3.56546813E-03
 1.49497408E-02
 6.07192051E-03
 4.55460558E-03
 4.03373465E-02
-9.22796666E-04
 1.31962135E-01
 1.82898894E-01
 1.00194745E-01
 3.13425399E-02
 1.05760358E-02
 1.62822399E-02
 3.81304361E-02
 5.03738374E-02
 6.13377057E-03
-1.42606045E-03
 4.10158783E-02
 5.85002340E-02
 1.98681578E-02
 2.36331169E-02
 6.48327172E-02
 8.16325396E-02
 3.83789130E-02
-4.44953749E-03
-4.66661574E-03
 2.63765510E-02
 4.19891179E-02
-3.06647783E-03
 1.31586194E-02
-6.03231322E-03
 4.22667945E-03
 3.45808938E-02
 5.92033565E-02
 6.29817322E-02
 5.74761108E-02
 4.51763980E-02
 4.34312858E-02
 3.74703854E-02
 3.09884511E-02
 2.81940028E-02
 1.32914279E-02
 4.17673233E-04
 5.88089181E-03
 6.64152205E-03
 4.49988153E-03
 6.72433106E-03
 1.08814584E-02
 1.19864326E-02
 9.11749620E-03
 1.51806101E-02
 3.13100629E-02
 3.05404905E-02
 1.50327673E-02
 7.85127468E-03
 2.15437748E-02
 1.66605003E-02
 9.17998666E-04
-4.80741542E-03
 5.37958415E-03
 2.98138559E-02
 2.75871381E-02
 6.93162670E-03
-5.30003663E-03
 4.93304804E-03
 3.04647647E-02
 2.79547255E-02
 1.13327580E-03
 1.32579729E-02
 6.10194393E-02
 5.86410426E-02
 3.61890793E-02
 1.79315343E-01
 2.62456924E-01
 1.43187284E-01
 9.83874649E-02
 4.78898525E-01
 2.95682609E-01
 1.06918827E-01
 6.48892462E-01
 4.05832410E-01
 2.34407246E-01
 2.11907530E+00
 3.67204785E+00
 4.91789722E+00
 1.61161880E+01
 3.85887070E+01
 8.98177948E+01
 2.19954758E+02
 5.36714111E+02
 1.30813586E+03
 3.13086792E+03
 7.38330762E+03
 1.70583652E+04
 3.82933398E+04
 8.24885859E+04
 1.68437609E+05
 3.21673531E+05
 5.63949688E+05
 8.90035125E+05
 1.23525275E+06
 1.47784300E+06
 1.51257312E+06
 1.34309825E+06
 1.07269338E+06
 8.01152938E+05
 5.77165750E+05
 4.10942625E+05
 2.91422875E+05
 2.03449531E+05
 1.37799734E+05
 8.92951875E+04
 5.50211016E+04
 3.19941387E+04
 1.77132246E+04
 9.42937402E+03
 4.91221143E+03
 2.56787964E+03
 1.37055090E+03
 7.88319641E+02
 5.45994568E+02
 5.65100769E+02
 9.01197388E+02
 1.54687207E+03
 2.48066943E+03
 3.38841211E+03
 3.87673730E+03
 3.69316284E+03
 2.94296167E+03
 1.99503223E+03
 1.16968909E+03
 6.20539246E+02
 3.01255646E+02
 1.30428329E+02
 4.65862770E+01
 9.73835754E+00
-3.77650708E-02
 8.60140920E-02
 8.60140920E-02
 8.60140920E-02
 8.60140920E-02
 8.60140920E-02
 8.60140920E-02
 4.81348295E-08
-7.86118193E-09
 5.03463014E-07
 1.05350239E-06
 2.13239559E-06
 4.23858955E-06
 1.15131807E-05
 2.02070441E-05
 4.25893231E-05
 5.60432018E-05
 8.17786859E-05
 1.43118610E-04
 1.98894573E-04
 2.16578337E-04
 1.89336410E-04
 2.79286818E-04
 3.17609985E-04
 2.33331972E-04
 1.80492498E-04
 4.52039181E-04
 6.02108950E-04
 5.10702317E-04
 6.42879691E-04
 1.63522037E-03
 8.48717638E-04
 6.49365189E-04
 2.36244500E-03
 2.97353370E-03
 4.83971002E-04
 1.36667432E-03
 3.66936368E-03
 2.01637228E-03
 1.60414446E-03
 4.49774507E-03
 1.43909864E-02
 3.21258977E-03
 1.36881731E-02
 1.91582851E-02
 9.22119524E-03
 4.57037762E-02
 6.64650574E-02
 1.29242819E-02
 6.59812167E-02
 2.06879135E-02
 3.43490131E-02
 1.90503765E-02
 1.27136987E-02
 7.00182393E-02
-1.40423398E-03
 4.81993891E-02
 3.69023569E-02
 6.98395679E-03
 1.43681257E-03
 3.88521841E-03
 1.39196236E-02
 9.39753372E-03
 5.27861342E-03
 1.85385370E-03
 1.03244660E-02
 3.79693275E-03
-1.22535450E-04
 2.46214513E-02
 2.40469389E-02
-1.98480114E-03
 4.14330550E-02
 5.51309884E-02
 7.82549661E-03
-2.07567378E-03
 3.44697088E-02
 8.14321414E-02
 7.11240768E-02
 3.74740697E-02
 2.40883883E-02
 1.03460781E-01
 1.77435607E-01
 1.14824861E-01
 4.09756340E-02
 2.71516740E-02
 6.14120439E-02
 8.26295465E-02
 5.54078855E-02
 5.60277551E-02
 1.27617180E-01
 1.50914028E-01
 9.76206455E-03
 4.53733541E-02
 1.49166703E-01
 1.14873596E-01
 2.94717252E-02
 5.07243536E-03
 4.69657667E-02
 1.03118829E-01
 7.92246237E-02
 2.26949770E-02
-1.55415740E-02
 3.33959647E-02
 9.05809402E-02
 8.55172426E-02
 6.16519488E-02
 3.46207954E-02
 1.51843969E-02
 1.63031686E-02
 1.74453706E-02
 1.42755248E-02
 7.00866943E-03
 4.89692902E-03
 1.76315736E-02
 3.96159515E-02
 3.21290903E-02
 1.60192158E-02
 1.01488102E-02
 2.53134836E-02
 3.69468778E-02
 1.75645854E-02
 1.45774698E-02
 2.85173822E-02
 4.10948992E-02
 3.81246582E-02
 1.31473811E-02
 7.10782642E-03
 2.67820731E-02
 4.82281707E-02
 3.16883139E-02
 3.44955223E-03
 2.08934359E-02
 8.43206346E-02
 1.31516680E-01
 5.48495352E-02
 6.99579343E-02
 2.87497789E-01
 2.20274314E-01
 7.97607079E-02
 1.06591187E-01
 5.09225905E-01
 2.98251182E-01
 1.82406843E-01
 1.10966158E+00
 7.47767270E-01
 3.04813051E+00
 4.68255949E+00
 4.62825775E+00
 1.78408108E+01
 4.36608734E+01
 8.75422440E+01
 2.24344803E+02
 5.34313293E+02
 1.28305176E+03
 3.04625635E+03
 7.16040381E+03
 1.65078633E+04
 3.70219922E+04
 7.99531406E+04
 1.64286766E+05
 3.16451250E+05
 5.64275500E+05
 9.14481938E+05
 1.31732912E+06
 1.65333625E+06
 1.78302012E+06
 1.66417662E+06
 1.38087150E+06
 1.05585588E+06
 7.70269875E+05
 5.52368750E+05
 3.95076875E+05
 2.79202625E+05
 1.93116094E+05
 1.28584383E+05
 8.17070312E+04
 4.90910977E+04
 2.79965996E+04
 1.53167139E+04
 8.11492773E+03
 4.25787451E+03
 2.23242554E+03
 1.24110339E+03
 7.80812378E+02
 7.18759399E+02
 9.78432434E+02
 1.67789722E+03
 2.81298853E+03
 4.11996045E+03
 5.09460840E+03
 5.27166602E+03
 4.55664941E+03
 3.33470996E+03
 2.08413696E+03
 1.14915784E+03
 5.78839539E+02
 2.63961670E+02
 1.06853592E+02
 3.35596466E+01
 4.28841162E+00
 3.37873586E-02
 8.60140920E-02
 8.60140920E-02
 8.60140920E-02
 8.60140920E-02
 8.60140920E-02
 8.60140920E-02
 8.60140920E-02
 2.60758632E-08
 1.61303547E-07
 6.78595597E-07
 1.59602837E-06
 4.92584513E-06
 9.46342971E-06
 1.51122831E-05
 3.51249219E-05
 5.45721014E-05
 9.37527948E-05
 1.41750468E-04
 1.82805263E-04
 2.09616410E-04
 2.34095292E-04
 3.13546800E-04
 3.46009096E-04
 3.17800499E-04
 3.20783380E-04
 5.63289039E-04
 5.06062352E-04
 1.29330347E-05
 3.19372688E-04
 1.47235044E-03
-1.76893693E-04
-3.16604011E-04
 2.48749135E-03
 1.94630912E-03
-1.09383266E-03
 2.21654167E-03
 4.35114792E-03
-8.78204242E-04
 6.50889473E-03
 7.30368961E-03
 1.21661311E-03
 3.45350779E-03
 8.50713532E-03
 1.08330557E-02
-3.47468001E-03
 1.93462446E-02
 1.32547170E-02
 1.19171917E-01
 6.24726564E-02
 4.89524864E-02
 2.67380457E-02
 1.68720558E-02
 1.26703167E-02
 5.37814908E-02
 2.77929101E-02
 8.12315494E-02
 7.66707882E-02
 6.86671911E-03
 5.08337887E-03
 5.06486697E-03
 1.02111949E-02
 9.90162807E-05
 3.01809306E-03
 1.20453387E-02
 8.02931935E-03
 1.79670956E-02
 7.26230303E-03
 1.62741877E-02
 1.09288571E-02
 4.34852624E-03
 5.04455380E-02
 3.55711542E-02
 2.58621015E-02
 5.96148074E-02
 8.11367333E-02
 1.00878917E-01
 5.92932962E-02
 2.02185381E-02
 7.54977316E-02
 8.80393609E-02
 2.88070776E-02
-1.12847972E-03
 3.86041887E-02
 2.59112231E-02
 5.26972003E-02
 1.14712961E-01
 1.48975998E-01
 6.65823668E-02
 6.25845119E-02
 1.42685184E-02
 6.62973821E-02
 1.75246909E-01
 2.39387631E-01
 2.11276680E-01
 7.69527331E-02
 5.77963423E-03
 2.57630125E-02
 7.69255608E-02
 1.42680898E-01
 1.87834218E-01
 1.49620846E-01
 7.46281147E-02
 1.38014145E-02
-1.12974579E-02
-5.37119247E-03
 1.33917853E-02
 2.51036528E-02
 1.99647136E-02
 1.44401845E-02
 1.53876133E-02
 1.83979478E-02
 2.11395789E-02
 2.80962549E-02
 4.28428762E-02
 2.95983683E-02
 1.83226559E-02
 4.47776839E-02
 9.26147103E-02
 6.88299015E-02
 1.48934582E-02
 1.82423498E-02
 5.62394150E-02
 4.96259294E-02
 9.84460022E-03
 1.34754572E-02
 3.05337589E-02
 5.27763627E-02
 5.02422489E-02
 2.50962488E-02
 9.01236385E-03
 5.10686561E-02
 1.15719222E-01
 9.25960839E-02
 3.89435212E-03
 5.78181259E-03
 3.94550264E-02
 1.73447162E-01
 1.35793105E-01
 4.95099068E-01
 7.35658050E-01
 2.66642421E-02
 1.27104020E+00
 1.70670068E+00
 7.06659317E-01
 3.85941362E+00
 1.01007900E+01
 1.83636532E+01
 4.41193008E+01
 1.00891106E+02
 2.34087036E+02
 5.64378296E+02
 1.33316638E+03
 3.14202148E+03
 7.31735889E+03
 1.67724844E+04
 3.74823711E+04
 8.08033047E+04
 1.66019812E+05
 3.21214750E+05
 5.78012250E+05
 9.51464062E+05
 1.40842375E+06
 1.83699112E+06
 2.07296300E+06
 2.02511988E+06
 1.74322675E+06
 1.37130162E+06
 1.01909269E+06
 7.37251812E+05
 5.29618750E+05
 3.78190312E+05
 2.65281312E+05
 1.80277781E+05
 1.17732883E+05
 7.32096250E+04
 4.31000547E+04
 2.42082754E+04
 1.31317715E+04
 6.98684082E+03
 3.66909204E+03
 2.06622510E+03
 1.21294226E+03
 9.03703003E+02
 1.13741382E+03
 1.85007422E+03
 3.17194531E+03
 4.89156836E+03
 6.50056982E+03
 7.23934961E+03
 6.76695996E+03
 5.32952832E+03
 3.58684448E+03
 2.10315503E+03
 1.08558240E+03
 5.14113770E+02
 2.19245621E+02
 8.14266434E+01
 2.13625221E+01
 1.00121152E+00
 8.60140920E-02
 8.60140920E-02
 8.60140920E-02
 8.60140920E-02
 8.60140920E-02
 8.60140920E-02
 8.60140920E-02
 8.60140920E-02
 8.19704482E-08
 2.15359421E-07
 7.51104722E-07
 2.05953893E-06
 3.07510254E-06
 4.76921696E-06
 1.92718762E-05
 2.18576406E-05
 5.16888831E-05
 1.03842896E-04
 1.17054762E-04
 1.53085508E-04
 3.44019063E-04
 3.67189437E-04
 2.44285591E-04
 2.95751001E-04
 4.85068042E-04
 5.82889188E-04
 7.81262759E-04
 1.12778705E-03
 1.25528302E-03
 1.11475808E-03
 1.36481225E-03
 1.98771060E-03
 3.12100537E-03
 3.90857318E-03
-1.26797779E-04
 1.38900196E-03
 9.03354213E-03
 8.54916032E-03
-6.09068433E-04
 1.36642465E-02
 2.48972364E-02
 2.02527344E-02
 3.15181538E-02
 1.50360754E-02
 6.06842376E-02
 5.34097068E-02
 8.58656988E-02
 6.26276061E-02
 1.14111334E-01
 7.29285087E-03
 3.05755958E-02
 4.82520163E-02
 3.16846445E-02
 5.75514548E-02
 3.69632840E-02
 7.31645226E-02
 1.37188081E-02
 8.91068876E-02
 2.25116760E-02
 4.43333238E-02
 2.36872062E-02
 1.51122594E-02
 8.16979539E-03
 3.40823457E-02
 1.16359089E-02
 3.15490142E-02
 3.04520894E-02
 1.04561727E-02
 4.18302231E-03
 3.99853801E-03
 1.28302081E-02
 2.66328249E-02
 3.15305330E-02
 3.96225639E-02
 7.91223496E-02
 3.08869690E-01
 1.53965056E-01
 8.19309577E-02
 1.01666808E-01
 1.47381514E-01
 1.13691233E-01
 7.77153298E-02
 1.32659867E-01
 2.83054978E-01
 2.18781441E-01
 1.03076980E-01
 3.55914868E-02
 1.95502322E-02
 3.16774659E-02
 8.42935070E-02
 1.68637827E-01
 1.85571328E-01
 1.09163336E-01
-1.55894109E-03
-3.78160663E-02
 1.18453436E-01
 2.96363682E-01
 3.51872474E-01
 2.65153676E-01
 1.07210703E-01
 1.68091599E-02
 1.52227566E-01
 1.14029311E-01
 2.57933754E-02
 8.01798776E-02
 1.25233367E-01
 8.68586376E-02
 2.77824607E-02
 2.51624696E-02
 4.17528301E-02
 5.26827797E-02
 4.70120497E-02
 2.92808898E-02
 1.88381262E-02
 3.86035219E-02
 5.90987466E-02
 5.11198789E-02
 3.26331817E-02
 2.78224684E-02
 3.36814742E-03
 1.98132675E-02
 1.19443193E-01
 1.63235247E-01
 8.32434818E-02
 2.33768560E-02
 1.06540278E-01
 1.38920009E-01
 5.03254049E-02
 8.58198199E-03
 1.13505863E-01
 1.42861128E-01
 6.23334274E-02
 5.02886027E-02
 2.11668476E-01
 3.11876565E-01
 2.70274878E-01
 3.44028920E-01
 5.82537413E-01
 3.61833572E-01
 1.11619532E+00
 9.84255910E-01
 4.05469090E-01
 2.31675148E+00
 4.43786669E+00
 5.84655905E+00
 1.16174974E+01
 2.61002235E+01
 5.13389206E+01
 1.15768921E+02
 2.72790405E+02
 6.39437744E+02
 1.47014563E+03
 3.43293091E+03
 7.90481543E+03
 1.79581777E+04
 3.98242344E+04
 8.53732266E+04
 1.74822953E+05
 3.37451688E+05
 6.08217875E+05
 1.00971525E+06
 1.52106012E+06
 2.03962062E+06
 2.39190000E+06
 2.43181150E+06
 2.17157525E+06
 1.75200625E+06
 1.32786638E+06
 9.72682875E+05
 7.04190125E+05
 5.06429656E+05
 3.60074125E+05
 2.49273250E+05
 1.66332953E+05
 1.06222633E+05
 6.45713789E+04
 3.73270039E+04
 2.07498984E+04
 1.11591914E+04
 5.97284912E+03
 3.26592529E+03
 1.85869397E+03
 1.30653894E+03
 1.45837097E+03
 2.09710034E+03
 3.59800171E+03
 5.79843652E+03
 8.10544238E+03
 9.72285840E+03
 9.75375586E+03
 8.22237402E+03
 5.92039062E+03
 3.69431665E+03
 2.01498218E+03
 9.80023193E+02
 4.31829742E+02
 1.71752472E+02
 5.84317780E+01
 1.05557861E+01
-5.63562095E-01
 8.60140920E-02
 8.60140920E-02
 8.60140920E-02
 8.60140920E-02
 8.60140920E-02
 8.60140920E-02
 8.60140920E-02
 8.60140920E-02
-7.83193776E-09
 3.52757553E-07
 5.96729762E-07
 1.19372612E-06
 3.02267063E-06
 8.23036771E-06
 8.24304334E-06
 2.46213549E-05
 2.23113657E-05
 6.93789552E-05
 1.04694751E-04
 1.37356867E-04
 3.36199795E-04
 2.92601530E-04
 1.62324097E-04
 3.53696989E-04
 8.63485213E-04
 7.03787664E-04
-9.79883625E-05
 1.71172025E-04
 9.90260742E-04
 7.92548817E-04
 2.95520527E-04
 1.96365057E-03
 2.62467517E-03
 1.77726615E-03
 6.80362864E-04
 3.47386743E-03
 6.46863319E-03
 3.17220483E-03
 7.59193863E-05
 9.12384503E-03
 2.49699485E-02
 3.51188667E-02
 4.33825627E-02
 6.07456043E-02
 1.67995654E-02
 5.03998250E-02
 1.36529086E-02
 3.72912511E-02
 5.43217696E-02
 5.89561649E-02
 1.59869894E-01
 1.45072863E-01
 1.00833245E-01
 7.90684149E-02
-2.37407237E-02
 1.25970587E-01
 1.61409870E-01
 2.39453569E-01
 1.22643583E-01
 2.65088044E-02
 3.04736234E-02
 2.65566111E-02
 2.54516024E-02
 2.88383644E-02
 7.46638607E-03
 2.30176952E-02
 1.96318533E-02
 1.53982509E-02
 8.06374382E-03
 2.07206085E-02
-1.80591037E-03
 2.47873515E-02
-3.38089839E-03
 4.86521721E-02
 3.94710861E-02
 1.16487138E-01
 9.57839116E-02
-1.95969027E-02
-1.42188435E-02
 3.82493921E-02
 1.08298704E-01
 1.59707919E-01
 1.48635432E-01
 5.69733270E-02
 4.50428985E-02
 7.73541927E-02
 1.51203781E-01
 2.14302436E-01
 2.95584410E-01
 4.64490861E-01
 4.76918399E-01
 2.93515205E-01
 1.41671509E-01
 1.28332153E-01
 3.74966055E-01
 3.94856691E-01
 1.11357950E-01
-1.51101900E-02
 1.45769147E-02
 8.79637226E-02
 2.95726001E-01
 2.95677215E-01
 1.82799920E-01
 1.38518110E-01
 1.27953768E-01
 8.72006938E-02
 4.90182452E-02
 2.65217330E-02
 2.13518403E-02
 3.17882784E-02
 5.34297004E-02
 7.98716769E-02
 1.03386737E-01
 1.15603000E-01
 1.05409905E-01
 8.87978300E-02
 8.12509060E-02
 9.12362337E-02
 1.34850368E-01
 1.38430819E-01
 1.07513048E-01
 9.09236744E-02
 7.29182065E-02
 3.50778475E-02
 5.88218719E-02
 1.11273527E-01
 8.31625909E-02
 6.17828080E-03
 8.22093785E-02
 2.49812603E-01
 2.03412250E-01
 9.38033778E-03
 4.87503335E-02
 5.77100873E-01
 3.41908395E-01
-2.07544789E-02
 4.68491226E-01
 1.28376222E+00
 1.06632614E+00
 4.17828292E-01
 2.07905912E+00
 4.78013420E+00
 5.31930113E+00
 8.42236328E+00
 1.64349251E+01
 3.18479767E+01
 6.94828873E+01
 1.47377869E+02
 3.38189636E+02
 7.53029663E+02
 1.74715955E+03
 3.97688770E+03
 9.04202539E+03
 2.02920098E+04
 4.45427031E+04
 9.45370547E+04
 1.91737547E+05
 3.67869312E+05
 6.59926375E+05
 1.09630300E+06
 1.66513438E+06
 2.27565775E+06
 2.74427275E+06
 2.88822100E+06
 2.66787850E+06
 2.21045200E+06
 1.70638162E+06
 1.26631900E+06
 9.23433812E+05
 6.70357812E+05
 4.81514875E+05
 3.38688969E+05
 2.30830375E+05
 1.50995656E+05
 9.41904453E+04
 5.60314414E+04
 3.20867793E+04
 1.77499004E+04
 9.68894336E+03
 5.36315234E+03
 3.09639185E+03
 1.96603455E+03
 1.72717688E+03
 2.49085669E+03
 4.15071875E+03
 6.90535840E+03
 1.00794072E+04
 1.27240176E+04
 1.36662090E+04
 1.22528037E+04
 9.43253516E+03
 6.26096680E+03
 3.56826855E+03
 1.81920874E+03
 8.37884521E+02
 3.40036682E+02
 1.27105820E+02
 3.80315895E+01
 4.31846571E+00
 8.60140920E-02
 8.60140920E-02
 8.60140920E-02
 8.60140920E-02
 8.60140920E-02
 8.60140920E-02
 8.60140920E-02
 8.60140920E-02
 8.60140920E-02
 2.05625632E-08
 7.60752243E-08
 3.42737735E-07
 1.28912700E-06
 2.43904105E-06
 4.29685542E-06
 1.04888995E-05
 2.62905487E-05
 6.36773548E-05
 5.79832922E-05
 1.39411903E-04
 1.57242641E-04
 2.68339325E-04
 3.23531509E-04
 2.97716673E-04
 4.12201014E-04
 5.87443414E-04
 3.04249465E-04
 4.51685075E-04
 1.34378753E-03
 2.17712671E-03
 1.28914462E-03
 4.08451539E-04
 2.16510962E-03
 3.24091548E-03
 2.83155590E-03
 3.41911125E-03
 3.56123410E-03
 2.36307853E-03
 3.54081090E-03
 7.02959578E-03
 6.65399292E-03
 1.22571876E-02
 1.78216342E-02
 1.40651949E-02
 1.48244994E-03
 2.60221791E-02
 7.86177292E-02
 5.13691790E-02
 9.45179462E-02
 3.47851031E-02
 2.91770454E-02
 1.14634015E-01
 1.14459492E-01
 6.75113499E-03
 1.55398101E-01
 3.67222786E-01
 3.84922288E-02
 3.68127972E-02
 7.19951764E-02
 2.11971458E-02
 1.15339205E-01
 1.76253393E-02
 2.05304995E-02
 6.76059127E-02
 2.50935070E-02
 1.26029691E-02
 2.13526245E-02
 2.38960702E-02
 3.66073623E-02
 1.06094340E-02
 3.30488198E-03
 2.02967580E-02
 2.02551465E-02
 6.64192438E-02
 1.72372852E-02
 7.95662925E-02
 1.01823226E-01
 2.32201442E-02
 2.35734433E-02
 3.24290544E-01
 5.46909511E-01
 4.32528108E-01
 2.09397957E-01
 5.71432933E-02
 6.54028058E-02
 4.10350382E-01
 6.42491400E-01
 3.74205977E-01
-3.51949744E-02
-5.66334799E-02
 5.62246665E-02
 5.69891632E-02
-2.24143136E-02
 2.83013191E-03
 3.25026721E-01
 5.29447496E-01
 3.30387294E-01
 1.63866684E-01
 3.97964835E-01
 1.02249920E+00
 1.37315404E+00
 8.69146943E-01
 3.07421744E-01
 1.31173581E-01
 8.46705884E-02
 3.36619429E-02
 1.29607320E-01
 2.48140514E-01
 3.23373199E-01
 2.62118489E-01
 1.23818412E-01
 1.33269042E-01
 2.28775948E-01
 3.25690895E-01
 3.21755588E-01
 1.69078261E-01
 5.37633114E-02
 6.63433596E-02
 1.55952364E-01
 1.95758775E-01
 8.18895400E-02
 1.52262049E-02
 1.12882033E-01
 2.81641692E-01
 3.59782219E-01
 2.91083485E-01
 2.41281763E-01
 2.28618160E-01
 2.71223515E-01
 3.83710086E-01
 2.19556764E-01
 9.04685631E-02
 1.54616207E-01
 4.49161857E-01
 8.86239648E-01
 6.29226267E-01
 6.40300035E-01
 1.55684197E+00
 2.56376934E+00
 2.39398861E+00
 3.72411346E+00
 6.85367584E+00
 9.92414570E+00
 1.30243645E+01
 2.49395943E+01
 4.71952477E+01
 9.73477249E+01
 2.07213852E+02
 4.31284210E+02
 9.69084351E+02
 2.18310742E+03
 4.92793799E+03
 1.09685303E+04
 2.42891758E+04
 5.24967344E+04
 1.09824984E+05
 2.19859812E+05
 4.15899750E+05
 7.39052500E+05
 1.22009412E+06
 1.85561788E+06
 2.56308675E+06
 3.15330000E+06
 3.41062400E+06
 3.23769550E+06
 2.75451475E+06
 2.17102225E+06
 1.63019962E+06
 1.19634250E+06
 8.76704750E+05
 6.36395562E+05
 4.53889344E+05
 3.14675781E+05
 2.10358031E+05
 1.34631094E+05
 8.23800234E+04
 4.83271953E+04
 2.74062617E+04
 1.51914053E+04
 8.22111719E+03
 4.56889258E+03
 2.92791113E+03
 2.51716089E+03
 3.05402368E+03
 4.90543311E+03
 8.32984473E+03
 1.25896533E+04
 1.65014766E+04
 1.86825352E+04
 1.78674453E+04
 1.44945488E+04
 1.01138018E+04
 6.14861523E+03
 3.29954761E+03
 1.57064355E+03
 6.72739746E+02
 2.65172363E+02
 9.28836594E+01
 2.07491074E+01
-5.43415189E-01
 8.60140920E-02
 8.60140920E-02
 8.60140920E-02
 8.60140920E-02
 8.60140920E-02
 8.60140920E-02
 8.60140920E-02
 8.60140920E-02
 8.60140920E-02
-1.39153840E-07
 1.92020565E-07
-5.21059178E-08
 1.08008044E-06
 2.36478718E-06
 5.28391729E-06
 1.22284864E-05
 1.35752571E-05
 2.92007589E-05
 5.21150650E-05
 8.99076767E-05
 1.77088325E-04
 3.07635375E-04
 4.61395714E-04
 4.99755668E-04
 3.98799864E-04
 4.97747969E-04
 1.00505247E-03
 1.36436708E-03
 9.25364788E-04
-1.11280584E-04
-4.12802969E-04
 1.55172916E-03
 3.61956516E-03
 3.02360253E-03
 1.07321830E-03
 2.70732353E-03
 9.83420946E-03
 3.80877731E-03
 3.57371243E-03
 1.64229590E-02
 2.02907473E-02
 1.28506403E-02
 5.84316030E-02
 1.18801162E-01
 1.28988951E-01
 1.02207407E-01
 2.09639631E-02
 6.08580373E-02
 9.70736295E-02
 5.44534847E-02
 1.87607273E-01
 1.18842080E-01
 6.80367202E-02
 3.56961608E-01
 3.23714733E-01
 3.27062272E-02
 5.83411932E-01
-1.27471551E-01
 1.74082428E-01
 1.11131661E-01
 1.33386672E-01
 7.24964663E-02
 1.38110325E-01
 3.90021224E-03
 9.88986343E-02
 7.83940963E-03
 1.86308056E-01
 9.85588804E-02
 7.25173578E-02
 5.25059998E-02
 2.09296662E-02
 3.34102549E-02
 4.73020747E-02
 3.59129347E-02
 1.11435568E-02
 6.66004047E-02
 4.75923680E-02
 1.25254273E-01
 1.12447113E-01
 9.31587398E-01
 1.94526762E-01
 7.15915486E-02
 6.13851398E-02
 1.36690855E-01
 1.12273775E-01
 8.09629783E-02
 3.71936969E-02
 4.56694476E-02
 5.39365470E-01
 1.19139779E+00
 1.51802218E+00
 1.39633000E+00
 9.92261589E-01
 6.23062313E-01
 1.80184543E-01
 1.43767782E-02
 3.25309043E-03
 1.47860304E-01
 3.76708359E-01
 2.43245944E-01
 1.48764238E-01
-1.59915999E-01
 6.33877367E-02
 7.86948621E-01
 1.27457726E+00
 1.16228473E+00
 8.75383317E-01
 5.42856693E-01
 2.55005598E-01
 8.28199610E-02
 6.43082187E-02
 1.90822989E-01
 3.93385828E-01
 5.33853292E-01
 4.73270983E-01
 1.90198779E-01
 1.09970510E-01
 3.92303169E-01
 6.30896389E-01
 2.97241688E-01
 1.55024469E-01
 3.63496780E-01
 5.75446904E-01
 5.76474190E-01
 3.73242259E-01
 1.44501254E-01
-8.40533152E-03
 1.78206995E-01
 6.62109315E-01
 6.90978587E-01
 2.84904599E-01
 3.60913813E-01
 9.96579945E-01
 1.40061414E+00
 1.16214395E+00
 1.80086565E+00
 2.95087957E+00
 4.15432072E+00
 5.23930836E+00
 6.97340441E+00
 1.01788673E+01
 1.46219568E+01
 2.30564289E+01
 4.29871254E+01
 7.92702713E+01
 1.47810120E+02
 2.92168671E+02
 6.15531494E+02
 1.33731860E+03
 2.94896509E+03
 6.43584570E+03
 1.41522246E+04
 3.07726348E+04
 6.52304922E+04
 1.34063797E+05
 2.63120375E+05
 4.89407844E+05
 8.55304062E+05
 1.39495988E+06
 2.11030225E+06
 2.92410675E+06
 3.64521050E+06
 4.01329625E+06
 3.90233900E+06
 3.39584225E+06
 2.72635100E+06
 2.07637525E+06
 1.54015038E+06
 1.13666188E+06
 8.31652812E+05
 5.98486438E+05
 4.23335750E+05
 2.87838938E+05
 1.88335250E+05
 1.18256945E+05
 7.11773125E+04
 4.12777891E+04
 2.33463789E+04
 1.30901133E+04
 7.37633691E+03
 4.52828467E+03
 3.60588428E+03
 4.12573047E+03
 6.08441650E+03
 9.93366016E+03
 1.56875547E+04
 2.13975605E+04
 2.51525469E+04
 2.54657637E+04
 2.18359004E+04
 1.61136279E+04
 1.02950859E+04
 5.79855469E+03
 2.89851807E+03
 1.29665161E+03
 5.22541138E+02
 1.95052597E+02
 5.60650482E+01
 6.18705845E+00
 1.13741839E+00
 8.60140920E-02
 8.60140920E-02
 8.60140920E-02
 8.60140920E-02
 8.60140920E-02
 8.60140920E-02
 8.60140920E-02
 8.60140920E-02
 8.60140920E-02
 4.67268144E-08
 6.03073431E-08
 2.24095032E-07
 9.40863913E-07
 2.33095693E-06
 2.99630392E-06
 9.13976965E-06
 2.17589659E-05
 1.72754226E-05
 1.03801096E-04
 1.02759659E-04
 9.70988040E-05
 1.17575612E-04
 2.31343380E-04
 4.14265349E-04
 5.73130848E-04
 5.93048695E-04
 5.97014267E-04
 6.01740321E-04
 6.01629843E-04
 8.08429322E-04
 2.03702692E-03
 5.65921422E-03
 4.36875783E-03
-2.34193838E-04
 6.52722447E-05
 6.73996238E-03
 1.24373715E-02
 4.85454360E-03
-4.69342852E-03
 4.98479372E-03
 1.75663475E-02
 8.64247140E-03
 2.73939897E-03
 6.03425317E-03
-8.59890506E-03
-1.67548377E-02
 4.95013818E-02
 1.22386135E-01
 1.17245667E-01
 9.27066356E-02
 8.04637596E-02
 1.67924166E-01
 3.19048226E-01
 1.05492786E-01
 2.26774856E-01
 3.48699480E-01
-8.27221125E-02
 1.30755734E+00
 3.46956789E-01
 3.59621793E-01
 1.17650986E-01
 2.01179698E-01
 9.41964984E-02
 7.75508657E-02
 1.80572961E-02
 1.65820941E-01
 8.14632326E-02
 1.77290946E-01
 1.41712144E-01
 5.01184613E-02
 1.65801905E-02
 3.10715269E-02
 3.97929810E-02
 1.87350325E-02
 7.68776983E-02
 1.36011802E-02
 1.84543595E-01
 2.57101893E-01
 7.86120594E-02
 9.55381811E-01
 3.51896793E-01
 9.91639029E-03
 2.22031310E-01
 4.33487952E-01
 5.53361356E-01
 4.74547863E-01
 1.08905703E-01
 2.80316681E-01
 4.80324715E-01
-5.28297387E-02
-4.64341164E-01
-1.16908431E-01
 1.38836122E+00
 1.06057060E+00
 2.08078355E-01
 5.57563543E-01
 1.08503890E+00
 1.18616819E+00
 3.23889107E-01
 2.25562006E-01
 1.18224633E+00
 1.94460738E+00
 2.03185225E+00
 1.26121259E+00
-2.93935120E-01
 6.73106790E-01
 1.36908591E-01
 5.11230052E-01
 1.41628349E+00
 1.67759299E+00
 1.57613170E+00
 1.32655001E+00
 1.06457996E+00
 8.34443867E-01
 5.93995512E-01
 5.09080589E-01
 9.02033150E-01
 1.29428744E+00
 1.15029514E+00
 5.04766881E-01
 3.75748754E-01
 3.74770731E-01
 2.96223521E-01
 2.83557594E-01
 6.72229469E-01
 1.29067433E+00
 1.48531866E+00
 1.44382954E+00
 1.56908679E+00
 1.54417241E+00
 1.66591382E+00
 2.70184731E+00
 3.76060224E+00
 4.12165594E+00
 4.45174885E+00
 6.27921104E+00
 8.29751301E+00
 1.04366598E+01
 1.41594925E+01
 2.17457294E+01
 3.16035652E+01
 4.58004341E+01
 7.53536835E+01
 1.28112335E+02
 2.30546997E+02
 4.65374847E+02
 9.40568726E+02
 1.97452429E+03
 4.19499463E+03
 9.03318164E+03
 1.94429883E+04
 4.12128867E+04
 8.55924922E+04
 1.71548312E+05
 3.29014844E+05
 5.97777062E+05
 1.02236194E+06
 1.63838638E+06
 2.44983850E+06
 3.38260775E+06
 4.23853950E+06
 4.72625100E+06
 4.67725250E+06
 4.15460175E+06
 3.39324500E+06
 2.62445075E+06
 1.97337288E+06
 1.46494025E+06
 1.07897712E+06
 7.86069875E+05
 5.60599812E+05
 3.87864656E+05
 2.58791438E+05
 1.66254641E+05
 1.02649047E+05
 6.10283828E+04
 3.51899688E+04
 1.99853945E+04
 1.14780889E+04
 7.00954053E+03
 5.16409424E+03
 5.46431787E+03
 7.85349219E+03
 1.24559971E+04
 1.94120957E+04
 2.76753535E+04
 3.39015234E+04
 3.57012109E+04
 3.23289238E+04
 2.50615664E+04
 1.68647695E+04
 9.98109961E+03
 5.24624756E+03
 2.45165283E+03
 1.02610486E+03
 3.84998016E+02
 1.30652710E+02
 2.83211269E+01
 5.71258843E-01
 8.60140920E-02
 8.60140920E-02
 8.60140920E-02
 8.60140920E-02
 8.60140920E-02
 8.60140920E-02
 8.60140920E-02
 8.60140920E-02
 8.60140920E-02
 8.60140920E-02
 8.60140920E-02
-1.12089626E-08
 3.89258787E-07
 7.75413810E-07
 1.07990888E-06
 3.93635264E-06
 7.57411453E-06
 2.05452652E-05
 2.63772981E-05
 1.55576254E-05
-1.09797038E-05
 1.47556813E-04
 4.27359744E-04
 3.55778408E-04
 1.24131635E-04
 4.30550281E-04
 1.04850018E-03
 9.73448623E-04
 8.45874427E-04
 9.59707482E-04
 6.90820802E-04
-1.49633206E-06
 6.62441307E-04
 2.20758282E-03
 2.21379148E-03
 3.11783771E-03
 6.10429281E-03
 6.39483519E-03
 1.27818831E-03
 1.46091608E-02
 3.16936448E-02
 3.43200117E-02
 2.48102117E-02
 2.88601480E-02
 8.70950446E-02
 1.59821972E-01
 1.69115514E-01
 2.66553253E-01
 2.12243155E-01
 1.15617447E-01
 7.81805664E-02
 3.85186434E-01
 2.93167979E-01
 4.68101613E-02
 4.83220726E-01
 8.29474986E-01
 4.63236094E-01
 3.92964423E-01
 4.66683179E-01
 7.74688959E-01
 2.65613294E+00
 4.33102012E-01
 2.45386764E-01
 1.18255377E-01
 9.92540568E-02
 3.26228619E-01
-2.14998852E-02
-2.31477781E-03
 2.12345243E-01
 7.15411007E-02
 1.07831113E-01
 8.74319971E-02
 1.93560839E-01
 1.48861781E-02
 2.99903098E-02
 3.21854614E-02
 6.84724823E-02
-6.98637497E-03
 1.82334915E-01
 1.04350522E-01
-3.74379382E-02
 3.83918583E-02
 5.34772515E-01
 9.88336444E-01
 1.19728458E+00
 8.52213621E-01
 1.94285318E-01
 1.88811913E-01
 9.53775406E-01
 2.00424647E+00
 2.62905312E+00
 2.77576041E+00
 3.18476963E+00
 2.36348820E+00
 1.01198149E+00
 1.75732404E-01
 9.85601544E-01
 2.16674709E+00
 2.27313042E+00
 2.01354313E+00
 1.93153214E+00
 2.27863264E+00
 2.81357336E+00
 2.40013647E+00
 7.58265972E-01
 2.28602123E+00
 4.83557272E+00
 4.71739244E+00
 2.87134385E+00
 1.83533168E+00
 2.10149193E+00
 2.99076343E+00
 3.00312448E+00
 2.56367183E+00
 2.41413879E+00
 2.77129841E+00
 2.87515664E+00
 2.53295135E+00
 2.12899399E+00
 2.27602148E+00
 3.22093558E+00
 3.76573920E+00
 3.49835706E+00
 3.09898615E+00
 3.61821413E+00
 4.30681992E+00
 3.31970668E+00
 3.17054462E+00
 3.93179941E+00
 5.35605001E+00
 5.88004208E+00
 5.96632576E+00
 6.98508501E+00
 8.40496922E+00
 1.02328510E+01
 1.40576067E+01
 1.88134727E+01
 2.36869793E+01
 2.95513191E+01
 4.35134315E+01
 5.62909775E+01
 8.66725540E+01
 1.34258408E+02
 2.28232605E+02
 3.99882996E+02
 7.68729126E+02
 1.52564954E+03
 3.09128125E+03
 6.45425391E+03
 1.35138330E+04
 2.83021406E+04
 5.85435469E+04
 1.18116391E+05
 2.30076469E+05
 4.28520438E+05
 7.56543438E+05
 1.25916050E+06
 1.97296662E+06
 2.90211900E+06
 3.96976450E+06
 4.96248550E+06
 5.58443450E+06
 5.59190500E+06
 5.05202350E+06
 4.18622375E+06
 3.28033025E+06
 2.49637525E+06
 1.86905212E+06
 1.38666588E+06
 1.02076512E+06
 7.35249938E+05
 5.15698312E+05
 3.50817500E+05
 2.29638047E+05
 1.44776281E+05
 8.82238984E+04
 5.21904844E+04
 3.02590820E+04
 1.76025859E+04
 1.08540771E+04
 7.77655371E+03
 7.38336084E+03
 1.01729326E+04
 1.62509248E+04
 2.50849766E+04
 3.57247188E+04
 4.52048242E+04
 4.96169727E+04
 4.70200664E+04
 3.83243125E+04
 2.71184102E+04
 1.67834180E+04
 9.25209961E+03
 4.54313281E+03
 1.98625537E+03
 7.72897766E+02
 2.69402374E+02
 7.55307541E+01
 9.84907913E+00
 2.72518873E-01
 8.60140920E-02
 8.60140920E-02
 8.60140920E-02
 8.60140920E-02
 8.60140920E-02
 8.60140920E-02
 8.60140920E-02
 8.60140920E-02
 8.60140920E-02
 8.60140920E-02
 8.60140920E-02
-1.68747469E-08
 9.69718954E-08
 1.72362547E-07
 7.90421211E-07
 4.11880683E-06
 4.57526448E-06
 1.47530363E-05
 8.69603718E-06
 9.04712360E-05
 5.89152442E-05
 1.69865903E-04
 2.42259339E-04
 3.32150084E-04
 2.26421980E-04
 5.88621246E-04
 1.15377584E-03
 1.32532837E-03
 7.34390691E-04
 2.04944343E-04
 1.36061711E-03
 3.54765961E-03
 2.61784974E-03
 1.51748257E-03
 2.85757729E-03
 4.70357528E-03
 1.09476745E-02
 1.10361977E-02
 6.68126217E-04
 1.13079911E-02
 2.04599015E-02
 2.81228637E-03
-1.44625735E-02
 4.03732806E-02
 6.11671060E-02
 6.97068963E-03
 1.81647320E-03
 9.06930566E-02
 1.23832608E-02
 3.26578431E-02
 2.05117404E-01
 1.37856230E-01
 1.33973852E-01
 1.89046994E-01
 3.53154004E-01
 2.14101791E-01
 2.63626695E-01
 6.17976725E-01
 4.93800223E-01
 9.39987659E-01
 9.56441343E-01
 7.45803863E-02
 1.42309695E-01
 2.98964173E-01
 3.30404431E-01
 4.95087504E-02
 4.42952454E-01
 2.09579512E-01
 3.92097950E-01
-1.39004722E-01
 1.68571025E-01
 1.56882137E-01
 8.77994597E-02
-1.18786283E-02
 2.22743198E-01
 7.63195455E-02
 1.17117865E-02
 1.45949215E-01
 1.18618138E-01
 1.74026370E-01
 7.46653974E-01
 9.82851803E-01
 1.62379956E+00
 7.38268852E-01
 1.09726501E+00
 2.09970772E-01
 1.86070144E+00
 2.75152636E+00
 2.59815884E+00
 1.14359009E+00
 4.55607504E-01
 1.31540048E+00
 2.08039880E+00
 2.81590891E+00
 3.92700553E+00
 4.82877350E+00
 5.21341419E+00
 5.32517481E+00
 4.81227541E+00
 4.25509453E+00
 4.49932384E+00
 5.92885160E+00
 8.09940147E+00
 9.91111851E+00
 1.10108080E+01
 1.22283459E+01
 1.32941790E+01
 1.27387638E+01
 1.09512138E+01
 1.02309914E+01
 1.08954792E+01
 1.20044098E+01
 1.24352884E+01
 1.19588003E+01
 1.20382614E+01
 1.27968769E+01
 1.34224443E+01
 1.40542269E+01
 1.46910715E+01
 1.41330557E+01
 1.25013456E+01
 1.09606466E+01
 1.08031845E+01
 1.19452105E+01
 1.39329348E+01
 1.31967793E+01
 1.09963408E+01
 1.12179880E+01
 1.46147232E+01
 1.82922020E+01
 1.79720345E+01
 1.84281597E+01
 2.35010529E+01
 3.10005207E+01
 3.71626587E+01
 4.21746445E+01
 5.14568214E+01
 6.53223419E+01
 8.86287537E+01
 1.23407532E+02
 1.71224304E+02
 2.62256104E+02
 4.27162415E+02
 7.45737305E+02
 1.36641992E+03
 2.66006592E+03
 5.18010938E+03
 1.05772598E+04
 2.15229160E+04
 4.37954141E+04
 8.77367891E+04
 1.71215641E+05
 3.22287031E+05
 5.79337375E+05
 9.88295750E+05
 1.59361350E+06
 2.43076875E+06
 3.50397150E+06
 4.72893900E+06
 5.88020900E+06
 6.61536400E+06
 6.68439650E+06
 6.09839300E+06
 5.12550950E+06
 4.06268850E+06
 3.12111075E+06
 2.35802300E+06
 1.76443388E+06
 1.30876312E+06
 9.51731750E+05
 6.76886562E+05
 4.68232969E+05
 3.12405250E+05
 2.01012578E+05
 1.25079820E+05
 7.56098281E+04
 4.45368984E+04
 2.61469199E+04
 1.61731357E+04
 1.16303145E+04
 1.07854316E+04
 1.37753320E+04
 2.11931289E+04
 3.26937520E+04
 4.68174609E+04
 6.04823516E+04
 6.83650234E+04
 6.72145234E+04
 5.72513320E+04
 4.24565117E+04
 2.75485859E+04
 1.58439229E+04
 8.14926367E+03
 3.74609888E+03
 1.52676648E+03
 5.47278870E+02
 1.73048691E+02
 3.52534790E+01
 1.40131056E+00
 8.60140920E-02
 8.60140920E-02
 8.60140920E-02
 8.60140920E-02
 8.60140920E-02
 8.60140920E-02
 8.60140920E-02
 8.60140920E-02
 8.60140920E-02
 8.60140920E-02
 8.60140920E-02
 8.60140920E-02
-3.79790883E-08
 2.53662364E-07
 7.42917166E-07
 1.25070846E-06
 2.96400344E-06
 6.04206798E-06
 1.41530954E-05
 2.85462374E-05
 2.10155849E-05
 3.81983627E-05
 1.20085962E-04
-2.03170475E-05
 1.72948596E-04
 5.76540595E-04
 7.47937418E-04
 7.54140492E-04
 5.61001303E-04
 4.44191683E-04
 1.36236381E-03
 3.09452065E-03
 1.82341202E-03
-5.83315305E-05
 4.59344679E-04
 8.97034071E-04
 1.16305891E-04
 2.82915193E-03
 4.52899793E-03
-2.28648935E-03
 3.44699482E-03
 3.53493504E-02
 7.05939531E-02
 6.97681308E-02
 8.61928388E-02
 1.15947455E-01
 6.80484772E-02
 1.56843409E-01
 4.13278908E-01
 4.49441046E-01
 3.12618971E-01
 3.91322404E-01
 1.53122112E-01
 3.28145713E-01
 3.52455646E-01
 6.22476995E-01
 3.91538382E-01
 8.69731665E-01
 1.09902573E+00
 7.87645042E-01
 7.05699801E-01
 6.61280930E-01
 6.70489430E-01
 3.52677274E+00
 3.59680200E+00
 9.93542433E-01
 3.62985641E-01
 1.20634742E-01
 2.84393430E-01
 9.02071774E-01
 9.21794832E-01
 9.45382774E-01
 3.65806699E-01
 2.13647217E-01
 1.70655996E-01
 1.26775846E-01
 6.10107416E-03
-4.35477123E-02
 5.47346286E-02
-7.33276410E-03
 2.60852098E-01
-1.46879079E-02
 4.40622926E-01
 6.99186802E-01
 2.68597394E-01
 1.86267912E-01
 1.32711232E+00
 3.07217526E+00
 2.22733927E+00
 1.28985429E+00
 6.48445034E+00
 1.05539045E+01
 7.47762060E+00
 1.27960577E+01
 1.01627378E+01
 1.13832073E+01
 1.83365631E+01
 2.19975128E+01
 2.19339275E+01
 2.55832310E+01
 3.41516075E+01
 3.97883148E+01
 4.18366127E+01
 4.00867271E+01
 3.94575768E+01
 4.02927895E+01
 4.17493362E+01
 4.31626625E+01
 4.42786827E+01
 4.56023674E+01
 4.81548462E+01
 4.96311836E+01
 4.98323631E+01
 4.99651871E+01
 5.15158272E+01
 5.12801247E+01
 5.00468712E+01
 4.89538193E+01
 4.83776970E+01
 4.84910698E+01
 4.76202316E+01
 4.53186302E+01
 4.29756889E+01
 4.26549377E+01
 4.47528152E+01
 4.57632179E+01
 4.39598541E+01
 4.42199364E+01
 4.80178528E+01
 5.30042229E+01
 5.40858803E+01
 5.67157936E+01
 6.49935303E+01
 7.64111710E+01
 8.72220306E+01
 9.64308319E+01
 1.16412384E+02
 1.50020355E+02
 1.88779449E+02
 2.52807632E+02
 3.60277527E+02
 5.40821228E+02
 8.60445312E+02
 1.45520276E+03
 2.59872827E+03
 4.84994727E+03
 9.44847559E+03
 1.84680742E+04
 3.64529219E+04
 7.16227969E+04
 1.38140781E+05
 2.59399000E+05
 4.68825062E+05
 8.08982000E+05
 1.32624712E+06
 2.06513312E+06
 3.05630150E+06
 4.30535200E+06
 5.71041600E+06
 7.03477100E+06
 7.87788500E+06
 7.97644800E+06
 7.34009350E+06
 6.23764350E+06
 5.00503600E+06
 3.87840475E+06
 2.95841925E+06
 2.23042875E+06
 1.66804575E+06
 1.22417488E+06
 8.80413062E+05
 6.17149062E+05
 4.18861406E+05
 2.74494438E+05
 1.73753312E+05
 1.06859680E+05
 6.46291562E+04
 3.89243125E+04
 2.43921738E+04
 1.74310820E+04
 1.56410586E+04
 1.91276074E+04
 2.85412891E+04
 4.33357930E+04
 6.18116133E+04
 8.08581953E+04
 9.34858438E+04
 9.47716406E+04
 8.39265312E+04
 6.48423047E+04
 4.40337227E+04
 2.64612227E+04
 1.42082070E+04
 6.84812061E+03
 2.92139771E+03
 1.10624976E+03
 3.65464935E+02
 9.40254059E+01
 1.13428726E+01
 6.14087880E-01
 8.60140920E-02
 8.60140920E-02
 8.60140920E-02
 8.60140920E-02
 8.60140920E-02
 8.60140920E-02
 8.60140920E-02
 8.60140920E-02
 8.60140920E-02
 8.60140920E-02
 8.60140920E-02
 8.60140920E-02
-4.27318696E-08
 1.36251145E-07
 2.83380018E-07
 7.04175932E-07
 1.88170839E-06
 7.23427911E-06
 7.83234100E-06
 1.82679087E-05
 3.45478875E-05
 8.62857560E-05
 1.09962282E-04
 1.15916999E-04
 5.09033911E-04
 5.14868705E-04
 2.37891698E-04
 2.74243677E-04
 6.65041327E-04
 1.17742084E-03
 2.41460442E-03
 1.89348776E-03
 6.31297764E-04
 2.51724431E-03
 9.10424720E-03
 8.72240961E-03
 3.12775723E-04
 7.40190316E-03
 1.91218574E-02
 1.51490588E-02
 2.40737898E-03
 2.72600185E-02
 3.39644402E-02
-1.00835762E-03
-1.56149855E-02
 6.20399900E-02
 1.05501644E-01
 7.76887089E-02
 5.83118089E-02
 1.33989174E-02
 4.64682393E-02
 1.24793835E-01
 4.08721194E-02
 3.00929368E-01
 1.05086796E-01
 1.22795828E-01
 5.97519159E-01
 1.07780778E+00
 3.54645997E-01
 1.69736087E+00
 2.04577136E+00
-2.84295622E-02
 8.01206410E-01
 1.23197126E+00
 2.31006101E-01
 6.72982261E-02
 4.86233771E-01
 9.16917622E-01
 9.09321904E-02
 5.58548272E-01
 1.14956371E-01
 3.46449167E-01
 6.35171592E-01
 3.48265946E-01
 3.01745951E-01
 1.53569430E-01
 3.37096900E-02
 8.65266979E-01
 6.26461446E-01
 2.77400255E-01
 5.52485809E-02
 4.47844058E-01
 1.40296149E+00
 6.44298851E-01
 2.31877232E+00
 3.04161882E+00
 4.21316719E+00
 5.45217896E+00
 4.88487768E+00
 8.15588570E+00
 1.78146610E+01
 2.21384315E+01
 2.35761356E+01
 3.20502968E+01
 3.80446625E+01
 5.14243546E+01
 6.68944550E+01
 8.09177628E+01
 9.37348099E+01
 1.06494072E+02
 1.19900917E+02
 1.35686371E+02
 1.46940643E+02
 1.52887527E+02
 1.58448212E+02
 1.68985733E+02
 1.81493683E+02
 1.87190491E+02
 1.84439804E+02
 1.90270493E+02
 1.93594604E+02
 1.92586502E+02
 1.93716003E+02
 1.96470108E+02
 1.96027588E+02
 1.94252686E+02
 1.93633575E+02
 1.91429398E+02
 1.87856628E+02
 1.83897141E+02
 1.78199524E+02
 1.73409744E+02
 1.69863892E+02
 1.66766785E+02
 1.60159882E+02
 1.51113266E+02
 1.48256592E+02
 1.52245819E+02
 1.57692917E+02
 1.61143463E+02
 1.64493088E+02
 1.76937866E+02
 1.94188507E+02
 2.15590302E+02
 2.45425613E+02
 2.91809113E+02
 3.56545502E+02
 4.43538788E+02
 5.74424011E+02
 7.83693420E+02
 1.15989685E+03
 1.81539917E+03
 3.02042480E+03
 5.28748877E+03
 9.63769141E+03
 1.80498652E+04
 3.41961523E+04
 6.51997656E+04
 1.22940562E+05
 2.27250156E+05
 4.07719281E+05
 7.03068438E+05
 1.15817612E+06
 1.81732638E+06
 2.72414875E+06
 3.90588125E+06
 5.36564400E+06
 6.98288900E+06
 8.47290900E+06
 9.40875400E+06
 9.51899300E+06
 8.79289000E+06
 7.53636100E+06
 6.11696250E+06
 4.79308550E+06
 3.68637475E+06
 2.80645675E+06
 2.11272375E+06
 1.56471262E+06
 1.13729450E+06
 8.08137188E+05
 5.56595750E+05
 3.70545438E+05
 2.38788281E+05
 1.49368125E+05
 9.13715469E+04
 5.61022266E+04
 3.59969766E+04
 2.57835527E+04
 2.26012578E+04
 2.66203262E+04
 3.85266836E+04
 5.78511523E+04
 8.20746562E+04
 1.07709070E+05
 1.26916266E+05
 1.32186344E+05
 1.20979570E+05
 9.68755000E+04
 6.84233672E+04
 4.28184102E+04
 2.40308730E+04
 1.21616299E+04
 5.52405176E+03
 2.20548389E+03
 7.67081665E+02
 2.18510315E+02
 3.88964653E+01
 1.75821102E+00
-1.09977890E-02
 8.60140920E-02
 8.60140920E-02
 8.60140920E-02
 8.60140920E-02
 8.60140920E-02
 8.60140920E-02
 8.60140920E-02
 8.60140920E-02
 8.60140920E-02
 8.60140920E-02
 8.60140920E-02
 8.60140920E-02
 7.44674537E-07
-4.98912186E-07
 3.36053716E-07
 9.02456122E-07
 5.37121480E-07
 5.83361498E-06
 8.06971366E-06
 1.56794831E-05
 4.32077832E-05
 6.35833057E-05
 7.72982748E-05
 1.42197649E-04
 1.36744973E-04
 1.78641232E-04
 6.45514636E-04
 6.95874332E-04
 1.89471105E-03
 2.59719323E-03
 2.01241276E-03
 2.32130103E-03
 2.40949704E-03
 3.10625322E-03
 4.31769202E-03
 3.56655242E-03
 3.99305578E-03
-1.18929573E-04
 1.49541032E-02
 2.36637983E-02
 9.64179728E-03
-1.63980329E-03
 3.53829414E-02
 8.06950107E-02
 1.34668827E-01
 1.79764196E-01
 1.52328134E-01
 1.00364700E-01
 1.13097951E-01
 1.12792201E-01
 5.90052485E-01
 5.81643939E-01
 4.01678354E-01
 6.95652664E-01
 1.03472240E-01
 1.61135471E+00
 2.61823237E-01
 8.59900489E-02
 2.70149302E+00
 1.54882133E+00
 7.22451031E-01
 1.67620766E+00
 1.49843609E+00
 1.28249133E+00
 1.03317881E+00
 3.66017222E+00
 4.20345592E+00
 1.95976758E+00
 2.35689640E+00
-4.38158333E-01
 2.70717293E-01
 1.14919198E+00
-4.32863720E-02
 2.15955228E-02
 8.62397850E-01
 3.17985237E-01
 3.53867739E-01
 1.42843813E-01
 4.54183340E-01
 3.86779755E-01
 2.89232731E-01
 7.68916667E-01
 1.01174212E+00
 1.89236724E+00
 3.83870316E+00
 6.77047729E+00
 8.67157364E+00
 1.17085772E+01
 2.04898090E+01
 3.16788864E+01
 4.04871330E+01
 5.77798195E+01
 8.73453217E+01
 1.21574799E+02
 1.57889542E+02
 1.99297943E+02
 2.48060898E+02
 2.94407990E+02
 3.43371826E+02
 3.98531433E+02
 4.59014313E+02
 5.11452637E+02
 5.46209900E+02
 5.89346008E+02
 6.23994995E+02
 6.48131287E+02
 6.58623413E+02
 6.58119812E+02
 6.71503967E+02
 6.82815979E+02
 6.84455566E+02
 6.81465942E+02
 6.85261475E+02
 6.84384338E+02
 6.82547852E+02
 6.75167786E+02
 6.65993958E+02
 6.56491333E+02
 6.43435303E+02
 6.20198853E+02
 5.92456787E+02
 5.66466492E+02
 5.46282227E+02
 5.30062805E+02
 5.10136658E+02
 4.92839325E+02
 4.80452454E+02
 4.73505219E+02
 4.73177307E+02
 4.82775818E+02
 5.06277740E+02
 5.35999268E+02
 5.72719177E+02
 6.21674805E+02
 7.30701111E+02
 8.49064758E+02
 1.02407532E+03
 1.35073914E+03
 1.83634656E+03
 2.70052271E+03
 4.09149170E+03
 6.68371826E+03
 1.14330928E+04
 2.02959492E+04
 3.66963359E+04
 6.69552031E+04
 1.22058617E+05
 2.19605469E+05
 3.86452000E+05
 6.58043812E+05
 1.07667662E+06
 1.68565875E+06
 2.52691250E+06
 3.64000950E+06
 5.05738900E+06
 6.76876200E+06
 8.62198000E+06
 1.02799070E+07
 1.12882890E+07
 1.13536520E+07
 1.05072310E+07
 9.06556700E+06
 7.41908250E+06
 5.87612500E+06
 4.56261200E+06
 3.50117050E+06
 2.65638375E+06
 1.98552350E+06
 1.45786375E+06
 1.04786556E+06
 7.31531750E+05
 4.94980594E+05
 3.24416656E+05
 2.05902750E+05
 1.28489531E+05
 8.05436797E+04
 5.24746914E+04
 3.75889102E+04
 3.36181719E+04
 3.91751836E+04
 5.40612031E+04
 7.80864453E+04
 1.09676320E+05
 1.44195609E+05
 1.71444844E+05
 1.82052953E+05
 1.71480109E+05
 1.41881469E+05
 1.03717484E+05
 6.74978203E+04
 3.94148789E+04
 2.08274883E+04
 1.00345703E+04
 4.30935986E+03
 1.58799524E+03
 4.79956238E+02
 1.09557030E+02
 1.09396486E+01
-1.03860879E+00
 8.60140920E-02
 8.60140920E-02
 8.60140920E-02
 8.60140920E-02
 8.60140920E-02
 8.60140920E-02
 8.60140920E-02
 8.60140920E-02
 8.60140920E-02
 8.60140920E-02
 8.60140920E-02
 8.60140920E-02
 8.60140920E-02
 8.60140920E-02
-3.95991123E-07
 1.04072114E-06
 6.43947430E-07
 1.71993054E-06
 4.72631427E-06
 6.72427996E-06
 1.47436895E-05
 2.56833282E-05
 5.75013801E-05
 6.03758381E-05
 1.12453999E-04
 1.47219558E-04
 3.86838714E-04
 5.04645752E-04
 5.14787098E-04
 1.75943831E-03
 1.60016131E-03
-4.57563816E-04
 6.97167241E-04
 3.55121819E-03
 2.24949606E-03
 5.54250291E-05
 1.03907846E-02
 2.79034469E-02
 8.97597056E-03
-7.06634892E-04
 3.05703953E-02
 1.29975528E-02
 3.98158608E-03
 5.39890826E-02
 4.69649956E-02
 8.79138708E-03
 1.58997159E-02
 9.57160071E-02
 1.16663434E-01
 1.20703205E-01
 1.97045088E-01
 1.99338153E-01
 3.53878327E-02
 1.46702960E-01
 3.60888727E-02
 1.51609540E-01
 4.73806679E-01
 2.76469827E-01
 1.83838046E+00
 2.69164467E+00
 7.19620109E-01
 2.27514768E+00
 7.20159817E+00
 2.24850059E+00
 4.98227215E+00
 1.68806362E+00
 3.04677081E+00
 3.05894685E+00
 5.01929700E-01
 1.00157952E+00
 1.52950394E+00
 1.98312383E-02
 1.96410000E-01
 1.82551491E+00
 4.49736452E+00
 1.83463466E+00
 1.27655852E+00
-4.70977649E-02
 1.59795249E+00
 5.47327399E-01
 6.17552221E-01
 9.72730756E-01
 1.95217597E+00
 2.99019456E+00
 6.02640867E+00
 1.03678465E+01
 1.47371492E+01
 2.58706303E+01
 4.22386971E+01
 6.51107407E+01
 9.77267609E+01
 1.55617416E+02
 2.19443130E+02
 2.90397614E+02
 3.87800842E+02
 5.10243042E+02
 6.50385010E+02
 8.21389893E+02
 1.00526288E+03
 1.18788110E+03
 1.37584644E+03
 1.56710132E+03
 1.72608716E+03
 1.87600732E+03
 2.01409241E+03
 2.11980347E+03
 2.19314819E+03
 2.25753662E+03
 2.32242236E+03
 2.34980542E+03
 2.34487134E+03
 2.33760840E+03
 2.34670410E+03
 2.34548950E+03
 2.33696582E+03
 2.31239697E+03
 2.26452490E+03
 2.20768701E+03
 2.15094385E+03
 2.08219556E+03
 2.00313391E+03
 1.91934204E+03
 1.83443774E+03
 1.75085144E+03
 1.66615942E+03
 1.58525659E+03
 1.52592041E+03
 1.48626355E+03
 1.45891455E+03
 1.42844434E+03
 1.42786951E+03
 1.45988647E+03
 1.54020264E+03
 1.66577832E+03
 1.84770239E+03
 2.13988306E+03
 2.59985352E+03
 3.33598730E+03
 4.51304248E+03
 6.48903125E+03
 9.91503906E+03
 1.58475059E+04
 2.63575469E+04
 4.49934102E+04
 7.82283672E+04
 1.36418531E+05
 2.36556969E+05
 4.03345656E+05
 6.70477188E+05
 1.07713462E+06
 1.66451612E+06
 2.47121225E+06
 3.53764300E+06
 4.90610950E+06
 6.61116350E+06
 8.61782200E+06
 1.07254730E+07
 1.25347370E+07
 1.35709960E+07
 1.35438350E+07
 1.25227670E+07
 1.08489380E+07
 8.95172900E+06
 7.15676100E+06
 5.61024500E+06
 4.34461550E+06
 3.32339200E+06
 2.50480300E+06
 1.85502538E+06
 1.34469200E+06
 9.48630562E+05
 6.49881875E+05
 4.32452969E+05
 2.80346469E+05
 1.78393750E+05
 1.13572203E+05
 7.60114453E+04
 5.58977188E+04
 4.90942852E+04
 5.61238477E+04
 7.60437422E+04
 1.06826023E+05
 1.47285141E+05
 1.92507766E+05
 2.29918062E+05
 2.47419859E+05
 2.38236797E+05
 2.02971156E+05
 1.53927016E+05
 1.03688016E+05
 6.25262891E+04
 3.42436914E+04
 1.70780176E+04
 7.79891650E+03
 3.15317920E+03
 1.05671680E+03
 2.63714935E+02
 3.88268661E+01
 1.18049014E+00
 3.93865332E-02
 8.60140920E-02
 8.60140920E-02
 8.60140920E-02
 8.60140920E-02
 8.60140920E-02
 8.60140920E-02
 8.60140920E-02
 8.60140920E-02
 8.60140920E-02
 8.60140920E-02
 8.60140920E-02
 8.60140920E-02
 8.60140920E-02
 8.60140920E-02
 9.37101277E-08
 8.96266741E-08
-8.40143798E-07
 1.20923517E-06
 2.71721137E-06
 5.09680331E-06
 1.85810859E-05
 2.25435379E-05
 5.48838325E-05
 8.66777627E-05
 1.37289753E-04
 3.58224468E-04
 2.97167804E-04
 4.50270221E-04
 6.56348420E-04
 1.44624407E-03
 7.79129841E-05
 1.69843109E-03
 8.14706646E-03
 8.86203162E-03
 4.63127624E-03
 1.18722487E-03
 1.45989796E-02
 8.10895581E-03
-9.52013116E-03
 2.09666602E-02
 3.60919647E-02
-2.29909178E-02
 1.23216873E-02
 1.59908786E-01
 9.23429504E-02
-2.20312625E-02
 1.06662460E-01
 3.42873484E-01
 4.01568264E-01
 1.49357244E-01
-9.81890336E-02
 4.69574422E-01
 9.56031561E-01
 1.16316688E+00
 9.83487546E-01
 9.16916430E-01
 4.30447489E-01
 3.32773298E-01
 1.03668070E+00
 8.06339681E-01
 1.26812387E+00
 2.71952271E+00
 3.38163161E+00
 1.38515651E+00
 9.05634785E+00
 7.22605038E+00
 6.55047703E+00
 4.37964821E+00
 3.61136580E+00
 9.97934723E+00
 7.26770163E+00
 1.85190022E+00
-6.60797656E-01
 7.95473194E+00
 1.00526037E+01
 5.22010279E+00
 2.87267828E+00
 1.95490980E+00
 1.43064320E+00
 1.51832163E+00
 4.21532106E+00
 4.22415304E+00
 5.57820559E+00
 9.74236774E+00
 1.74010792E+01
 3.02931175E+01
 5.11720543E+01
 8.50767212E+01
 1.36073425E+02
 2.10271072E+02
 3.11520660E+02
 4.56727631E+02
 6.54964233E+02
 9.07857178E+02
 1.22296411E+03
 1.61958228E+03
 2.06984668E+03
 2.56738794E+03
 3.11621704E+03
 3.70796289E+03
 4.32229492E+03
 4.93235986E+03
 5.50203125E+03
 6.00298682E+03
 6.45456494E+03
 6.85328516E+03
 7.11196240E+03
 7.29562793E+03
 7.43446436E+03
 7.51870801E+03
 7.54903418E+03
 7.53376367E+03
 7.49600000E+03
 7.43267529E+03
 7.30937500E+03
 7.17211133E+03
 7.03355127E+03
 6.86752783E+03
 6.62891211E+03
 6.37951660E+03
 6.10044922E+03
 5.81009814E+03
 5.49579639E+03
 5.18230811E+03
 4.93880859E+03
 4.66002246E+03
 4.41115479E+03
 4.25607617E+03
 4.13314014E+03
 4.09688965E+03
 4.12214893E+03
 4.25735010E+03
 4.53297803E+03
 4.98654346E+03
 5.74124170E+03
 6.95317090E+03
 8.78863672E+03
 1.19137295E+04
 1.68975664E+04
 2.52354082E+04
 3.94276016E+04
 6.34304648E+04
 1.04106875E+05
 1.72215922E+05
 2.85067625E+05
 4.66486438E+05
 7.48656125E+05
 1.16825725E+06
 1.76308788E+06
 2.56851525E+06
 3.62038675E+06
 4.96019850E+06
 6.64118450E+06
 8.69176800E+06
 1.10357550E+07
 1.33978180E+07
 1.53273110E+07
 1.63190120E+07
 1.61283230E+07
 1.48666070E+07
 1.29246990E+07
 1.07414450E+07
 8.66389900E+06
 6.86260200E+06
 5.36483050E+06
 4.14144675E+06
 3.14913675E+06
 2.34990375E+06
 1.71686200E+06
 1.22241338E+06
 8.46737812E+05
 5.69797438E+05
 3.75171812E+05
 2.44053328E+05
 1.59600797E+05
 1.08408781E+05
 8.13224766E+04
 7.32378906E+04
 8.19093984E+04
 1.06545133E+05
 1.46412156E+05
 1.98835453E+05
 2.57138453E+05
 3.06198625E+05
 3.32049906E+05
 3.25094781E+05
 2.83476906E+05
 2.21248906E+05
 1.54626062E+05
 9.65040000E+04
 5.46692891E+04
 2.80326465E+04
 1.31693584E+04
 5.63611865E+03
 2.09299487E+03
 6.14022766E+02
 1.10087517E+02
 1.02180862E+01
 1.27385616E+00
 6.40734911E-01
 8.60140920E-02
 8.60140920E-02
 8.60140920E-02
 8.60140920E-02
 8.60140920E-02
 8.60140920E-02
 8.60140920E-02
 8.60140920E-02
 8.60140920E-02
 8.60140920E-02
 8.60140920E-02
 8.60140920E-02
 8.60140920E-02
 8.60140920E-02
-3.86631143E-07
 5.41664690E-07
 8.97003417E-07
 1.29188140E-06
 3.25993074E-06
 3.36790390E-06
 1.15029534E-05
 1.69994546E-05
 4.06835134E-05
 1.24855360E-04
 3.45486915E-05
 1.37515191E-04
 1.95041590E-04
 6.04233122E-04
 5.83168759E-04
 1.34528882E-03
 2.11601402E-03
 1.66829990E-03
 3.37987160E-03
 2.89301760E-03
-1.22289185E-03
 4.01669927E-03
 1.76040065E-02
 1.57646723E-02
 1.05102649E-02
 3.27992849E-02
 5.85839711E-02
-1.38424924E-02
 2.34645642E-02
 1.11780427E-01
 6.38285801E-02
-2.25711446E-02
 8.34000781E-02
 2.41488129E-01
 2.07704052E-01
 3.72568378E-03
 2.49471068E-01
 7.80035198E-01
 9.83300388E-01
 8.00489411E-02
-4.52144258E-02
 4.40160543E-01
 5.54320931E-01
 9.63429391E-01
 1.86639285E+00
 7.74968207E-01
 1.12626112E+00
 8.49908769E-01
 3.06273103E+00
 3.29744029E+00
 2.63403463E+00
 1.66148496E+00
 2.38538337E+00
 3.52588272E+00
 9.96935940E+00
 4.05593872E+00
 6.91503108E-01
 3.40817308E+00
 1.12246771E+01
 1.40070486E+00
 1.05371666E+01
 1.27432337E+01
 6.45168591E+00
 6.05650091E+00
 3.49927831E+00
 3.52017093E+00
 5.30462170E+00
 4.75695848E+00
 1.31141205E+01
 2.69426212E+01
 4.77473602E+01
 8.28628998E+01
 1.40474152E+02
 2.30840500E+02
 3.69569946E+02
 5.75820190E+02
 8.69830383E+02
 1.27916650E+03
 1.83012805E+03
 2.53974170E+03
 3.42825195E+03
 4.51137207E+03
 5.85705811E+03
 7.34316357E+03
 8.99109180E+03
 1.07678203E+04
 1.26020508E+04
 1.44434141E+04
 1.62480957E+04
 1.78881973E+04
 1.93227539E+04
 2.05610547E+04
 2.14885996E+04
 2.21750430E+04
 2.26669004E+04
 2.29712363E+04
 2.30697383E+04
 2.29422949E+04
 2.27129590E+04
 2.24675918E+04
 2.19934199E+04
 2.14619922E+04
 2.08745156E+04
 2.01787715E+04
 1.94171875E+04
 1.85539473E+04
 1.76779219E+04
 1.67331016E+04
 1.58173760E+04
 1.48652705E+04
 1.39822900E+04
 1.32456328E+04
 1.26472656E+04
 1.21515098E+04
 1.18828232E+04
 1.18225391E+04
 1.20822441E+04
 1.27781152E+04
 1.40113809E+04
 1.60815479E+04
 1.93849355E+04
 2.46806895E+04
 3.29430586E+04
 4.62998398E+04
 6.75173984E+04
 1.01679492E+05
 1.56778656E+05
 2.44984188E+05
 3.83794438E+05
 5.97759875E+05
 9.17445375E+05
 1.37700275E+06
 2.00973912E+06
 2.84610900E+06
 3.91731650E+06
 5.26237300E+06
 6.93845250E+06
 9.00384600E+06
 1.14623930E+07
 1.41693880E+07
 1.67711070E+07
 1.87305580E+07
 1.95907820E+07
 1.91491860E+07
 1.75866840E+07
 1.53295430E+07
 1.28324850E+07
 1.04420710E+07
 8.35099850E+06
 6.58773950E+06
 5.13125450E+06
 3.93831825E+06
 2.96520300E+06
 2.18337700E+06
 1.57109238E+06
 1.10024338E+06
 7.51759750E+05
 5.01948812E+05
 3.30958844E+05
 2.21884641E+05
 1.56157078E+05
 1.19669758E+05
 1.08233016E+05
 1.19827227E+05
 1.51643312E+05
 2.01796312E+05
 2.67947625E+05
 3.41473000E+05
 4.04823188E+05
 4.41148844E+05
 4.36596219E+05
 3.87322750E+05
 3.08960969E+05
 2.21504469E+05
 1.43015141E+05
 8.36405234E+04
 4.45143984E+04
 2.17682637E+04
 9.60326465E+03
 3.84376392E+03
 1.26576514E+03
 3.14365784E+02
 3.71773300E+01
 6.28112173E+00
-8.79950821E-01
 8.60140920E-02
 8.60140920E-02
 8.60140920E-02
 8.60140920E-02
 8.60140920E-02
 8.60140920E-02
 8.60140920E-02
 8.60140920E-02
 8.60140920E-02
 8.60140920E-02
 8.60140920E-02
 8.60140920E-02
 8.60140920E-02
 8.60140920E-02
 8.60140920E-02
 8.60140920E-02
 9.75712453E-08
 2.45127922E-07
-2.52809230E-07
 2.26102657E-06
 3.27380553E-06
 1.09279872E-05
 2.05562046E-05
 3.87044711E-05
 3.83951956E-05
 1.40546603E-04
 3.30080744E-04
 1.74745466E-04
 6.53327035E-04
 4.98690759E-04
 4.53756889E-04
 2.27490696E-03
 2.49144225E-03
 3.49015417E-03
 4.61390847E-03
 7.06136320E-03
 1.59619972E-02
 1.09158587E-02
-5.63645503E-04
 1.53119466E-03
 2.18831636E-02
 2.56955419E-02
 9.18263383E-03
 4.57324386E-02
 8.12190697E-02
 3.57662849E-02
-9.28096380E-03
 8.92254487E-02
 1.21599108E-01
 6.34649992E-02
 1.02267317E-01
 4.99221653E-01
 2.02489093E-01
 2.94964761E-01
 3.78007591E-01
 1.19757557E+00
 2.94029593E+00
 1.62148726E+00
 7.97554255E-01
 2.37021661E+00
 2.50436753E-01
 3.87653637E+00
 5.11314392E+00
 1.68823218E+00
 2.05835128E+00
 1.10350399E+01
 1.50963898E+01
 1.11693459E+01
 1.03925743E+01
 3.73303819E+00
 3.80169940E+00
 1.66715221E+01
 1.60478497E+01
 1.04748945E+01
 5.83794022E+00
 1.25094500E+01
-1.68686497E+00
-2.90952349E+00
 7.02918816E+00
 7.94167137E+00
 6.47519970E+00
 1.21424980E+01
 1.99821301E+01
 3.92984505E+01
 6.67796478E+01
 1.18993980E+02
 2.09058716E+02
 3.59095490E+02
 5.87442688E+02
 9.46571533E+02
 1.46496033E+03
 2.22430884E+03
 3.27503491E+03
 4.68092480E+03
 6.54739648E+03
 8.94907422E+03
 1.18400801E+04
 1.53826025E+04
 1.94695840E+04
 2.40593105E+04
 2.91262656E+04
 3.44460664E+04
 3.98699883E+04
 4.52074141E+04
 5.01770273E+04
 5.45681484E+04
 5.83588984E+04
 6.15042188E+04
 6.39298984E+04
 6.55894297E+04
 6.64885938E+04
 6.67236016E+04
 6.63707188E+04
 6.55557422E+04
 6.45018594E+04
 6.30197891E+04
 6.12420391E+04
 5.92192852E+04
 5.69633398E+04
 5.44988047E+04
 5.18691367E+04
 4.91214727E+04
 4.63852500E+04
 4.36518789E+04
 4.10885586E+04
 3.88228438E+04
 3.68137422E+04
 3.53438008E+04
 3.45156289E+04
 3.43793555E+04
 3.52043086E+04
 3.72669570E+04
 4.10336289E+04
 4.72124219E+04
 5.69069961E+04
 7.18735312E+04
 9.46392891E+04
 1.29600156E+05
 1.83187750E+05
 2.64633344E+05
 3.88074781E+05
 5.72633938E+05
 8.42655250E+05
 1.22725925E+06
 1.75652850E+06
 2.45894575E+06
 3.35917075E+06
 4.48260050E+06
 5.86642050E+06
 7.56703800E+06
 9.65986900E+06
 1.21930020E+07
 1.51168870E+07
 1.81727020E+07
 2.09291200E+07
 2.28134940E+07
 2.34152480E+07
 2.26111320E+07
 2.06828280E+07
 1.80876400E+07
 1.52449090E+07
 1.25260210E+07
 1.01169260E+07
 8.05039000E+06
 6.32289800E+06
 4.89098750E+06
 3.71455825E+06
 2.75889925E+06
 2.00385450E+06
 1.42326300E+06
 9.86556750E+05
 6.70942688E+05
 4.51301531E+05
 3.07519500E+05
 2.21155969E+05
 1.74979266E+05
 1.60402234E+05
 1.75548297E+05
 2.16953094E+05
 2.80735250E+05
 3.63715469E+05
 4.54690188E+05
 5.34081750E+05
 5.80945812E+05
 5.77419812E+05
 5.19858406E+05
 4.21228219E+05
 3.07979062E+05
 2.03372766E+05
 1.22154578E+05
 6.69218047E+04
 3.34922930E+04
 1.54218594E+04
 6.41890918E+03
 2.36805615E+03
 6.83976379E+02
 1.14732399E+02
 4.30685663E+00
 3.17834586E-01
-1.11142337E+00
 8.60140920E-02
 8.60140920E-02
 8.60140920E-02
 8.60140920E-02
 8.60140920E-02
 8.60140920E-02
 8.60140920E-02
 8.60140920E-02
 8.60140920E-02
 8.60140920E-02
 8.60140920E-02
 8.60140920E-02
 8.60140920E-02
 8.60140920E-02
 8.60140920E-02
 8.60140920E-02
-2.42182637E-07
-1.66294640E-08
 1.34516995E-06
 5.72623229E-08
 7.79597576E-06
 7.39787765E-07
 1.83439424E-05
 3.57032040E-05
 7.75650478E-05
 1.00828838E-04
 2.06136348E-04
 2.17518173E-04
 3.89800494E-04
 1.04968902E-03
 6.64032297E-04
 2.21500825E-03
 1.28793041E-03
 1.07261830E-03
 6.29922142E-03
 1.17943250E-02
 1.25641562E-02
 3.53776850E-03
 1.29539371E-02
 3.07170711E-02
 3.68994698E-02
 1.91230029E-02
-2.15731934E-03
 3.84523124E-02
 5.72204068E-02
 1.36977620E-02
 4.69189361E-02
 9.29249227E-02
 8.25061277E-02
 4.80680726E-02
 1.01088069E-01
 1.25334263E-01
 4.86734184E-03
 5.23776829E-01
 9.21749115E-01
 1.79931149E-01
 7.16625094E-01
 2.80271918E-01
 1.19321787E+00
 4.65869379E+00
 2.62374353E+00
 8.23021084E-02
 5.17683220E+00
 5.63607979E+00
 5.77981710E+00
 1.66870480E+01
 1.18145237E+01
 3.41003489E+00
 1.81508541E+01
 3.59510231E+01
 1.35899677E+01
 1.98692992E-01
 8.34149837E+00
 4.78330994E+00
 8.33379745E+00
 1.01725140E+01
 1.44330292E+01
 3.70651703E+01
 2.96561470E+01
 2.25440578E+01
 1.63447475E+01
 2.93212185E+01
 4.80298576E+01
 8.54222565E+01
 1.60640121E+02
 2.84803833E+02
 4.87874359E+02
 8.40892944E+02
 1.36958362E+03
 2.19197339E+03
 3.42402124E+03
 5.20607422E+03
 7.66802490E+03
 1.10713105E+04
 1.55401367E+04
 2.14155586E+04
 2.87534941E+04
 3.77077305E+04
 4.84829648E+04
 6.09204297E+04
 7.45730078E+04
 8.94558750E+04
 1.04948234E+05
 1.20038945E+05
 1.34393406E+05
 1.47462000E+05
 1.59050594E+05
 1.68658469E+05
 1.76082625E+05
 1.81705484E+05
 1.85028547E+05
 1.86321812E+05
 1.85603578E+05
 1.83043359E+05
 1.79058312E+05
 1.74038547E+05
 1.68107125E+05
 1.61536281E+05
 1.54570891E+05
 1.47311156E+05
 1.40010156E+05
 1.32353281E+05
 1.25256664E+05
 1.18220703E+05
 1.12167219E+05
 1.07027305E+05
 1.03242914E+05
 1.01264289E+05
 1.01585336E+05
 1.04779078E+05
 1.11676578E+05
 1.23570891E+05
 1.42311453E+05
 1.70526484E+05
 2.12140484E+05
 2.73108469E+05
 3.61598281E+05
 4.89669562E+05
 6.72832312E+05
 9.31153500E+05
 1.28859125E+06
 1.77092362E+06
 2.40225025E+06
 3.20505000E+06
 4.19670750E+06
 5.40155400E+06
 6.85554400E+06
 8.61497000E+06
 1.07646800E+07
 1.33800960E+07
 1.64677000E+07
 1.98722360E+07
 2.31996380E+07
 2.59616840E+07
 2.76175480E+07
 2.78116600E+07
 2.65539660E+07
 2.41926700E+07
 2.11972160E+07
 1.80041660E+07
 1.49290220E+07
 1.21745260E+07
 9.78679300E+06
 7.75871350E+06
 6.05260700E+06
 4.63509250E+06
 3.47208375E+06
 2.54345400E+06
 1.82578262E+06
 1.28606650E+06
 8.91948688E+05
 6.15301688E+05
 4.30766531E+05
 3.17605438E+05
 2.57538359E+05
 2.38865109E+05
 2.57811172E+05
 3.10470781E+05
 3.91241031E+05
 4.94410094E+05
 6.07489125E+05
 7.03295125E+05
 7.60829188E+05
 7.57156562E+05
 6.86228125E+05
 5.64222688E+05
 4.18882781E+05
 2.81970188E+05
 1.72700000E+05
 9.63499922E+04
 4.95070508E+04
 2.34348750E+04
 1.01056465E+04
 3.89469849E+03
 1.23092346E+03
 2.72553894E+02
 2.55550327E+01
 4.60916847E-01
-2.95730025E-01
 8.60140920E-02
 8.60140920E-02
 8.60140920E-02
 8.60140920E-02
 8.60140920E-02
 8.60140920E-02
 8.60140920E-02
 8.60140920E-02
 8.60140920E-02
 8.60140920E-02
 8.60140920E-02
 8.60140920E-02
 8.60140920E-02
 8.60140920E-02
 8.60140920E-02
 8.60140920E-02
 8.60140920E-02
 1.07666374E-07
-2.23857270E-07
 1.52419517E-07
 2.32594573E-07
 4.48181709E-06
 5.62297691E-06
 1.64484682E-05
 3.54436925E-05
 4.82271716E-05
 1.15436276E-04
 8.54352547E-05
 3.08547664E-04
 2.78476160E-04
 7.27742387E-04
 1.17675017E-03
 1.56001409E-03
 4.95495624E-04
 9.46826825E-04
 3.26997181E-03
 4.10262588E-03
 1.50593708E-03
 1.87362207E-03
 6.38366072E-03
 1.16015691E-02
 1.33376122E-02
 1.04136402E-02
 9.64437611E-03
 3.71920168E-02
 2.05761660E-02
-9.48012981E-04
 3.49937715E-02
 5.36683761E-02
 2.03611832E-02
 5.08629158E-02
 1.25044271E-01
 9.06723812E-02
 1.19125463E-01
 2.96200722E-01
 2.72139430E-01
 1.78267598E-01
 9.21048760E-01
 1.78402674E+00
 1.47592902E+00
 3.82236242E+00
 2.67303419E+00
-8.68562087E-02
 8.83163166E+00
 9.83193398E+00
 1.57937479E+00
 4.68918276E+00
 1.71589947E+01
 1.69353733E+01
 1.91173706E+01
 2.15801945E+01
 4.52312422E+00
 3.46680756E+01
 6.32064476E+01
 2.75843258E+01
 1.79952984E+01
 2.90662289E+01
 8.90398026E+00
 1.37034426E+01
 6.85253382E+00
 6.03049240E+01
 8.61459732E+01
 7.02428894E+01
 1.08252838E+02
 1.94855637E+02
 3.67049042E+02
 6.15131531E+02
 1.04858325E+03
 1.78933020E+03
 2.96280078E+03
 4.72872510E+03
 7.39536182E+03
 1.12147246E+04
 1.66804629E+04
 2.42211152E+04
 3.44438438E+04
 4.77548516E+04
 6.51059336E+04
 8.69698906E+04
 1.13786344E+05
 1.45648172E+05
 1.81894391E+05
 2.21734734E+05
 2.63666750E+05
 3.05698906E+05
 3.45913094E+05
 3.83063062E+05
 4.16275094E+05
 4.44941844E+05
 4.69342656E+05
 4.88594000E+05
 5.01651750E+05
 5.07365750E+05
 5.05719344E+05
 4.97142906E+05
 4.83777875E+05
 4.66758781E+05
 4.47665938E+05
 4.27639688E+05
 4.07373938E+05
 3.87422094E+05
 3.68281344E+05
 3.49969969E+05
 3.33091656E+05
 3.18521188E+05
 3.07017219E+05
 2.99717344E+05
 2.97326750E+05
 3.01492312E+05
 3.13683719E+05
 3.36352531E+05
 3.72336188E+05
 4.25905094E+05
 5.02752688E+05
 6.10757312E+05
 7.60455312E+05
 9.65551625E+05
 1.24222862E+06
 1.61005962E+06
 2.09060988E+06
 2.70269275E+06
 3.46407625E+06
 4.38961950E+06
 5.49424700E+06
 6.80037550E+06
 8.34589650E+06
 1.01976060E+07
 1.24367060E+07
 1.51656660E+07
 1.84061400E+07
 2.20809840E+07
 2.58710620E+07
 2.93017220E+07
 3.18427560E+07
 3.30627680E+07
 3.27242400E+07
 3.09499000E+07
 2.81166900E+07
 2.46949580E+07
 2.11155600E+07
 1.76815980E+07
 1.45562280E+07
 1.18161220E+07
 9.45717600E+06
 7.45150200E+06
 5.76411800E+06
 4.35933850E+06
 3.22461875E+06
 2.33964300E+06
 1.67047675E+06
 1.18027300E+06
 8.34723188E+05
 6.02088688E+05
 4.55947031E+05
 3.77899500E+05
 3.55405188E+05
 3.79393875E+05
 4.44554125E+05
 5.45773500E+05
 6.73796625E+05
 8.07876250E+05
 9.22245938E+05
 9.89201000E+05
 9.84626125E+05
 8.94930938E+05
 7.42450938E+05
 5.57785625E+05
 3.80657594E+05
 2.36479578E+05
 1.34413734E+05
 7.02203516E+04
 3.38615117E+04
 1.48017773E+04
 5.85222998E+03
 1.99745752E+03
 4.77536194E+02
 6.50965424E+01
-3.63923788E+00
-1.43319285E+00
 1.42271483E+00
 8.60140920E-02
 8.60140920E-02
 8.60140920E-02
 8.60140920E-02
 8.60140920E-02
 8.60140920E-02
 8.60140920E-02
 8.60140920E-02
 8.60140920E-02
 8.60140920E-02
 8.60140920E-02
 8.60140920E-02
 8.60140920E-02
 8.60140920E-02
 8.60140920E-02
 8.60140920E-02
 8.60140920E-02
 8.60140920E-02
 1.92729843E-07
-2.74403362E-07
 5.20243248E-07
 1.46140962E-06
 5.66501149E-06
 1.02567192E-05
 2.63265501E-05
 4.99917332E-05
 8.56870683E-05
 1.97884685E-04
 3.79975449E-04
 6.24506065E-05
 4.25671373E-04
 1.30027079E-03
 8.83449684E-04
 2.31099664E-03
 5.39216306E-03
 5.84364543E-03
 4.84177656E-03
 4.02793614E-03
-5.30251302E-04
 5.51124848E-03
 1.36844162E-02
 1.48283523E-02
 7.48830568E-03
 2.87603564E-03
 1.71871260E-02
 2.36908495E-02
 1.79828648E-02
 2.07673218E-02
 2.62182020E-02
 2.73396950E-02
 4.56106812E-02
 5.53892255E-02
 3.33599038E-02
 6.77914247E-02
 1.81292549E-01
 1.55531362E-01
 2.82268822E-01
 7.85256207E-01
 7.57234693E-01
 2.23141283E-01
 5.31553984E-01
 2.06134105E+00
 3.54677248E+00
 5.39672565E+00
 6.20662689E+00
 4.57219648E+00
 1.65030689E+01
 2.26108627E+01
 7.74033737E+00
 1.66009617E+01
 3.24582672E+01
 3.47776337E+01
 4.25890617E+01
 1.39795370E+01
 1.27488518E+01
 5.45936165E+01
 6.33732262E+01
 3.85079422E+01
 1.24778271E+01
 3.00436134E+01
 5.92971077E+01
 4.03252373E+01
 7.73025131E+01
 2.41680344E+02
 3.81735657E+02
 6.50192322E+02
 1.25767554E+03
 2.11430664E+03
 3.55044922E+03
 5.85718018E+03
 9.42743750E+03
 1.47981865E+04
 2.26059688E+04
 3.37921055E+04
 4.95320703E+04
 7.12095703E+04
 1.00648023E+05
 1.39836234E+05
 1.90794047E+05
 2.55006266E+05
 3.33352281E+05
 4.25042500E+05
 5.27077938E+05
 6.35097375E+05
 7.44339250E+05
 8.49644438E+05
 9.48597188E+05
 1.04023719E+06
 1.12498775E+06
 1.20246025E+06
 1.26847850E+06
 1.31725250E+06
 1.34327575E+06
 1.34258788E+06
 1.31670388E+06
 1.27254025E+06
 1.21806262E+06
 1.15944812E+06
 1.10201750E+06
 1.04845006E+06
 9.99403875E+05
 9.55699125E+05
 9.17210812E+05
 8.86505375E+05
 8.64297500E+05
 8.53477688E+05
 8.56382438E+05
 8.75672625E+05
 9.15534000E+05
 9.80707625E+05
 1.07708525E+06
 1.21214200E+06
 1.39583775E+06
 1.63940912E+06
 1.95670625E+06
 2.36194550E+06
 2.87096825E+06
 3.49837975E+06
 4.25682900E+06
 5.15700500E+06
 6.20930700E+06
 7.42985500E+06
 8.84418900E+06
 1.05004140E+07
 1.24681510E+07
 1.48458920E+07
 1.77251820E+07
 2.11576280E+07
 2.50741580E+07
 2.92171280E+07
 3.31649940E+07
 3.63963520E+07
 3.84304520E+07
 3.89912000E+07
 3.80034960E+07
 3.56763800E+07
 3.23793240E+07
 2.85574720E+07
 2.46021460E+07
 2.07875860E+07
 1.72872800E+07
 1.41695070E+07
 1.14538540E+07
 9.11792700E+06
 7.12642200E+06
 5.45117700E+06
 4.08065425E+06
 2.99953525E+06
 2.17544400E+06
 1.56751600E+06
 1.13504625E+06
 8.42010750E+05
 6.57539688E+05
 5.59265438E+05
 5.30536375E+05
 5.60069125E+05
 6.40052500E+05
 7.63792375E+05
 9.18327625E+05
 1.07813862E+06
 1.21033975E+06
 1.28237050E+06
 1.26884938E+06
 1.15448550E+06
 9.60810750E+05
 7.29344750E+05
 5.02876656E+05
 3.16637625E+05
 1.82344594E+05
 9.63874219E+04
 4.74338203E+04
 2.11512793E+04
 8.50089258E+03
 2.95555029E+03
 6.77635742E+02
 1.35883301E+02
 2.41559849E+01
-2.04813919E+01
 3.92413330E+00
 8.60140920E-02
 8.60140920E-02
 8.60140920E-02
 8.60140920E-02
 8.60140920E-02
 8.60140920E-02
 8.60140920E-02
 8.60140920E-02
 8.60140920E-02
 8.60140920E-02
 8.60140920E-02
 8.60140920E-02
 8.60140920E-02
 8.60140920E-02
 8.60140920E-02
 8.60140920E-02
 8.60140920E-02
 8.60140920E-02
 8.60140920E-02
 1.80471261E-07
 2.71131739E-07
-7.11454318E-09
 1.75097648E-06
 4.55282816E-06
 1.38377573E-05
 2.12444993E-05
 4.65603698E-05
 7.44983045E-05
 1.05369458E-04
 1.74867921E-04
 4.11356072E-04
 6.44129177E-04
 1.11610547E-03
 8.20465269E-04
 5.10816928E-04
 7.70698593E-04
 4.35543188E-04
 2.17790403E-05
 1.38317526E-03
 3.46270716E-03
 3.00264149E-03
 5.29460749E-03
 5.29666292E-03
 3.31254723E-03
 5.77878952E-03
 8.89464747E-03
 1.07953800E-02
 1.26364361E-02
 1.49956252E-02
 1.57234091E-02
 2.07376797E-02
 3.46451476E-02
 4.09610011E-02
 4.35955971E-02
 6.09369762E-02
 1.07979946E-01
 1.35543376E-01
 1.50237963E-01
 3.06772500E-01
 3.81454438E-01
 4.17584956E-01
 1.43240976E+00
 2.75952244E+00
 3.31694174E+00
 2.91493344E+00
 3.85658503E+00
 5.41907692E+00
 7.18136263E+00
 1.03528299E+01
 1.14664173E+01
 2.07663803E+01
 3.99327507E+01
 1.08968496E+01
 2.36037235E+01
 8.25840988E+01
 6.65952682E+01
 5.13179550E+01
 1.71844959E+01
 1.31756220E+01
 4.53191681E+01
 4.06300125E+01
 6.63659744E+01
 1.11206009E+02
 2.72638306E+02
 3.71619293E+02
 6.61563354E+02
 1.26550171E+03
 2.20644336E+03
 3.80002808E+03
 6.59727881E+03
 1.07834453E+04
 1.73501191E+04
 2.73173828E+04
 4.22089141E+04
 6.37188164E+04
 9.48287969E+04
 1.38784703E+05
 2.00305641E+05
 2.84576594E+05
 3.97325938E+05
 5.43377188E+05
 7.26071625E+05
 9.42508688E+05
 1.18604825E+06
 1.44511488E+06
 1.70751612E+06
 1.96166300E+06
 2.20396900E+06
 2.43679175E+06
 2.66398625E+06
 2.88324650E+06
 3.08033150E+06
 3.23432475E+06
 3.32592025E+06
 3.34008025E+06
 3.27997500E+06
 3.16589450E+06
 3.02577300E+06
 2.87986525E+06
 2.74205150E+06
 2.61958400E+06
 2.51393225E+06
 2.42907500E+06
 2.36628825E+06
 2.32639475E+06
 2.31397075E+06
 2.33255800E+06
 2.38771675E+06
 2.48595525E+06
 2.63471600E+06
 2.84235325E+06
 3.11737000E+06
 3.47000950E+06
 3.91051600E+06
 4.44926950E+06
 5.09448150E+06
 5.85552850E+06
 6.73915700E+06
 7.75201150E+06
 8.90727500E+06
 1.02281460E+07
 1.17477690E+07
 1.35272850E+07
 1.56447940E+07
 1.82007980E+07
 2.12859380E+07
 2.49436720E+07
 2.91243040E+07
 3.35672680E+07
 3.78766840E+07
 4.15804600E+07
 4.42114400E+07
 4.54488240E+07
 4.51623800E+07
 4.34598200E+07
 4.05897840E+07
 3.68630200E+07
 3.26707400E+07
 2.83679760E+07
 2.42087520E+07
 2.03405540E+07
 1.68415960E+07
 1.37458850E+07
 1.10543430E+07
 8.73232500E+06
 6.76176400E+06
 5.13767950E+06
 3.83899625E+06
 2.83776000E+06
 2.09077650E+06
 1.55305025E+06
 1.18408562E+06
 9.49630062E+05
 8.22447375E+05
 7.83654250E+05
 8.19291188E+05
 9.17144500E+05
 1.06402838E+06
 1.25246162E+06
 1.43506100E+06
 1.58400662E+06
 1.66203238E+06
 1.62985500E+06
 1.47627012E+06
 1.23219388E+06
 9.41456938E+05
 6.54525875E+05
 4.16936594E+05
 2.44311578E+05
 1.31087156E+05
 6.46588750E+04
 2.95643867E+04
 1.19825029E+04
 4.20105029E+03
 1.18877869E+03
 2.16554993E+02
 3.33563614E+01
-1.58144751E+01
 1.04322777E+01
 8.60140920E-02
 8.60140920E-02
 8.60140920E-02
 8.60140920E-02
 8.60140920E-02
 8.60140920E-02
 8.60140920E-02
 8.60140920E-02
 8.60140920E-02
 8.60140920E-02
 8.60140920E-02
 8.60140920E-02
 8.60140920E-02
 8.60140920E-02
 8.60140920E-02
 8.60140920E-02
 8.60140920E-02
 8.60140920E-02
 8.60140920E-02
 8.60140920E-02
 1.75852264E-07
 3.36227401E-07
 2.89775073E-07
 1.32934019E-06
 5.41937311E-07
 8.83400844E-06
 1.56321275E-05
 3.89397574E-05
 8.80429725E-05
 1.01441998E-04
 2.74276827E-04
 2.46609939E-04
 5.57800580E-04
 4.44365811E-04
 6.24169246E-04
 1.19462458E-03
 1.44484953E-03
 2.07171170E-03
 1.89978839E-03
 1.43403059E-03
 1.97760691E-03
 3.47920670E-03
 3.67564196E-03
 2.14713067E-03
 4.28315299E-03
 8.33143946E-03
 9.05456860E-03
 5.08032227E-03
 6.21837098E-03
 1.36507722E-02
 1.80485770E-02
 1.23404115E-02
 5.90256182E-03
 2.51776483E-02
 4.05639671E-02
 3.96180823E-02
 6.19869418E-02
 1.02284089E-01
 1.07202075E-01
 2.57698834E-01
 5.72960913E-01
 2.89543808E-01
 6.09226346E-01
 1.56649005E+00
 1.63448119E+00
 1.03107631E+00
 1.05570185E+00
 2.85852742E+00
 6.80300808E+00
 4.63170576E+00
 8.28362274E+00
 1.56648779E+01
 1.11390715E+01
 2.73719082E+01
 4.89241486E+01
 6.81034927E+01
 9.88693924E+01
 6.50452652E+01
 1.03651573E+02
 2.10301880E+02
 1.81639252E+02
 1.04117935E+02
 1.08766678E+02
 1.98865463E+02
 3.43238251E+02
 5.94790344E+02
 1.17712964E+03
 2.07720264E+03
 3.64700732E+03
 6.49679785E+03
 1.08963428E+04
 1.80255781E+04
 2.94282539E+04
 4.67357500E+04
 7.29138203E+04
 1.11612969E+05
 1.68625703E+05
 2.51962422E+05
 3.71806031E+05
 5.41091562E+05
 7.73820250E+05
 1.08267488E+06
 1.47375975E+06
 1.94379775E+06
 2.47575425E+06
 3.04140550E+06
 3.61250800E+06
 4.16666825E+06
 4.69575050E+06
 5.20536750E+06
 5.71062600E+06
 6.20664950E+06
 6.67332050E+06
 7.04565000E+06
 7.28129350E+06
 7.35002050E+06
 7.26501300E+06
 7.07335750E+06
 6.82511550E+06
 6.56400900E+06
 6.31631350E+06
 6.09807100E+06
 5.91790300E+06
 5.78215150E+06
 5.69601300E+06
 5.66320700E+06
 5.68988500E+06
 5.77938350E+06
 5.93796950E+06
 6.17372000E+06
 6.49343500E+06
 6.90224000E+06
 7.40631600E+06
 8.01063050E+06
 8.72011400E+06
 9.53953400E+06
 1.04760020E+07
 1.15406260E+07
 1.27558610E+07
 1.41526640E+07
 1.57756330E+07
 1.76982260E+07
 2.00088320E+07
 2.27982200E+07
 2.61463220E+07
 3.00700580E+07
 3.44906040E+07
 3.91402640E+07
 4.36474760E+07
 4.75638680E+07
 5.04780080E+07
 5.21403440E+07
 5.23887920E+07
 5.12448920E+07
 4.88526160E+07
 4.54784440E+07
 4.13805760E+07
 3.68559800E+07
 3.22300720E+07
 2.77416800E+07
 2.35463620E+07
 1.97152380E+07
 1.62789860E+07
 1.32321920E+07
 1.05757620E+07
 8.30576150E+06
 6.41644350E+06
 4.88995200E+06
 3.69637050E+06
 2.79355900E+06
 2.13327300E+06
 1.67262912E+06
 1.37481912E+06
 1.20972312E+06
 1.15432225E+06
 1.19309375E+06
 1.31192950E+06
 1.48645162E+06
 1.70018975E+06
 1.91616100E+06
 2.07592200E+06
 2.14058150E+06
 2.07949525E+06
 1.87511962E+06
 1.56356125E+06
 1.19737262E+06
 8.40410250E+05
 5.40367938E+05
 3.19087031E+05
 1.73762578E+05
 8.67346328E+04
 3.99194844E+04
 1.67469609E+04
 6.10970703E+03
 1.81968567E+03
 3.77827118E+02
 3.67324219E+01
-5.00714779E+00
 1.29905624E+01
 8.60140920E-02
 8.60140920E-02
 8.60140920E-02
 8.60140920E-02
 8.60140920E-02
 8.60140920E-02
 8.60140920E-02
 8.60140920E-02
 8.60140920E-02
 8.60140920E-02
 8.60140920E-02
 8.60140920E-02
 8.60140920E-02
 8.60140920E-02
 8.60140920E-02
 8.60140920E-02
 8.60140920E-02
 8.60140920E-02
 8.60140920E-02
 8.60140920E-02
 8.60140920E-02
 8.60140920E-02
 2.07252072E-07
 7.35038554E-07
 2.05993365E-06
 3.15376178E-06
 7.86045894E-06
 1.83532520E-05
 2.87640250E-05
 6.85759442E-05
 1.08861066E-04
 2.00615294E-04
 2.73944490E-04
 5.15562075E-04
 7.45233556E-04
 1.10616919E-03
 1.54919876E-03
 9.43917374E-04
 1.37205387E-03
 1.97727606E-03
 1.77409372E-03
 1.35049154E-03
 1.95040437E-03
 2.34361808E-03
 2.68269423E-03
 4.33625607E-03
 5.40536456E-03
 4.34713298E-03
 5.92374289E-03
 8.49124417E-03
 7.51603581E-03
 8.26579798E-03
 1.26426816E-02
 2.46650185E-02
 2.40683705E-02
 2.40547210E-02
 1.90982576E-02
 5.41966818E-02
 4.97781597E-02
 6.14827089E-02
 1.45754144E-01
 2.06174240E-01
 2.96645880E-01
 3.90388608E-01
 5.98857760E-01
 9.79035258E-01
 1.27755058E+00
 2.02914262E+00
 3.57801890E+00
 4.72274446E+00
 4.28875494E+00
 3.33657002E+00
 8.28158188E+00
 1.15553141E+01
 1.57983656E+01
 2.20460262E+01
 3.10870171E+01
 4.61406937E+01
 3.81997375E+01
 1.09690903E+02
 9.72153625E+01
 2.09398689E+01
 2.18622833E+02
 2.58398895E+02
 3.77025177E+02
 5.44820374E+02
 9.28605591E+02
 1.70703552E+03
 3.04598145E+03
 5.72096777E+03
 9.99083008E+03
 1.69402422E+04
 2.84737695E+04
 4.61778203E+04
 7.36980625E+04
 1.16270734E+05
 1.80381266E+05
 2.76858531E+05
 4.20777969E+05
 6.33415312E+05
 9.40802562E+05
 1.37340362E+06
 1.95779138E+06
 2.70736725E+06
 3.61988700E+06
 4.66059550E+06
 5.77585350E+06
 6.89056350E+06
 7.95428900E+06
 8.94885200E+06
 9.88535900E+06
 1.07836600E+07
 1.16453780E+07
 1.24456920E+07
 1.31085960E+07
 1.35586080E+07
 1.37510820E+07
 1.37099770E+07
 1.35120780E+07
 1.32435430E+07
 1.29559270E+07
 1.26716070E+07
 1.24003600E+07
 1.21599940E+07
 1.19670050E+07
 1.18369990E+07
 1.17858410E+07
 1.18217020E+07
 1.19491130E+07
 1.21739190E+07
 1.24989370E+07
 1.29267050E+07
 1.34597580E+07
 1.41069310E+07
 1.48710550E+07
 1.57700750E+07
 1.68211420E+07
 1.80601700E+07
 1.95236640E+07
 2.12735560E+07
 2.33822380E+07
 2.59374160E+07
 2.90123740E+07
 3.26556900E+07
 3.68443880E+07
 4.14418680E+07
 4.61569760E+07
 5.06291000E+07
 5.44554280E+07
 5.73008160E+07
 5.89912840E+07
 5.94228360E+07
 5.86236120E+07
 5.67020840E+07
 5.37587080E+07
 4.99729520E+07
 4.55822800E+07
 4.08278680E+07
 3.59876640E+07
 3.12766680E+07
 2.68296680E+07
 2.27094700E+07
 1.89511080E+07
 1.55791070E+07
 1.26154140E+07
 1.00682720E+07
 7.92908150E+06
 6.17777150E+06
 4.78486750E+06
 3.71280650E+06
 2.91824700E+06
 2.35453925E+06
 1.98253888E+06
 1.77007725E+06
 1.69087100E+06
 1.72604838E+06
 1.86098000E+06
 2.06767588E+06
 2.30358275E+06
 2.53552025E+06
 2.69453375E+06
 2.73524325E+06
 2.62707700E+06
 2.34937425E+06
 1.95315038E+06
 1.50030688E+06
 1.05796400E+06
 6.86105125E+05
 4.10021469E+05
 2.26137078E+05
 1.14573391E+05
 5.36718477E+04
 2.27133438E+04
 8.54325977E+03
 2.65645435E+03
 6.28124573E+02
 8.10973740E+01
 1.28491545E+01
-8.20451736E+00
 2.11640096E+00
 8.60140920E-02
 8.60140920E-02
 8.60140920E-02
 8.60140920E-02
 8.60140920E-02
 8.60140920E-02
 8.60140920E-02
 8.60140920E-02
 8.60140920E-02
 8.60140920E-02
 8.60140920E-02
 8.60140920E-02
 8.60140920E-02
 8.60140920E-02
 8.60140920E-02
 8.60140920E-02
 8.60140920E-02
 8.60140920E-02
 8.60140920E-02
 8.60140920E-02
 8.60140920E-02
 8.60140920E-02
 6.81001922E-08
 1.83607554E-07
 1.58296200E-06
 2.93641551E-06
 3.99817600E-06
 1.37231082E-05
 2.74478753E-05
 5.53014215E-05
 1.14751259E-04
 1.80846211E-04
 2.96497863E-04
 3.70241789E-04
 5.92015218E-04
 8.84825538E-04
 9.84903309E-04
 1.38139061E-03
 2.00059940E-03
 1.98751665E-03
 2.29616091E-03
 2.52382387E-03
 2.15727300E-03
 1.47910160E-03
 2.33358983E-03
 4.59436327E-03
 4.73554479E-03
 3.64560867E-03
 5.91574982E-03
 1.02621773E-02
 1.18396441E-02
 1.39511265E-02
 1.76245645E-02
 1.48229413E-02
 1.04902722E-02
 1.99103113E-02
 3.92968170E-02
 3.44319493E-02
 4.52510677E-02
 1.20990895E-01
 1.29006356E-01
 1.61257982E-01
 1.79157093E-01
 2.99470901E-01
 4.27556157E-01
 5.72169662E-01
 8.99291933E-01
 1.39706743E+00
 1.77927315E+00
 2.63030076E+00
 2.21049190E+00
 5.72522593E+00
 9.47867489E+00
 6.77584171E+00
 7.18201160E+00
 1.77563877E+01
 2.27221069E+01
 2.93197021E+01
 3.19530392E+01
 5.79832458E+01
 1.59511749E+02
 9.74535599E+01
 3.21490570E+02
 4.42640808E+02
 3.13369629E+02
 5.56541016E+02
 1.30294263E+03
 2.39634082E+03
 4.26294580E+03
 7.78119971E+03
 1.38069082E+04
 2.41529980E+04
 4.06254297E+04
 6.67492031E+04
 1.08055445E+05
 1.71487625E+05
 2.68197656E+05
 4.15889000E+05
 6.39991000E+05
 9.76036688E+05
 1.47062100E+06
 2.17706975E+06
 3.14236075E+06
 4.40720050E+06
 5.96520800E+06
 7.76658450E+06
 9.70313900E+06
 1.16360750E+07
 1.34557750E+07
 1.51007490E+07
 1.65701970E+07
 1.78730160E+07
 1.90480740E+07
 2.00983500E+07
 2.09739980E+07
 2.15975560E+07
 2.19399780E+07
 2.20442400E+07
 2.20042840E+07
 2.18952520E+07
 2.17479940E+07
 2.15556420E+07
 2.13035320E+07
 2.10112000E+07
 2.07267740E+07
 2.05099560E+07
 2.03824780E+07
 2.03612600E+07
 2.04460660E+07
 2.06539980E+07
 2.09939400E+07
 2.14744700E+07
 2.21076680E+07
 2.29182100E+07
 2.39362500E+07
 2.52026840E+07
 2.67661380E+07
 2.86927440E+07
 3.10480700E+07
 3.38927080E+07
 3.72805960E+07
 4.11956840E+07
 4.55297520E+07
 5.00826600E+07
 5.45869640E+07
 5.86672320E+07
 6.19977240E+07
 6.43951440E+07
 6.57338280E+07
 6.60195800E+07
 6.53028040E+07
 6.36361800E+07
 6.10888240E+07
 5.77180840E+07
 5.36433160E+07
 4.90917920E+07
 4.42420480E+07
 3.93229360E+07
 3.45128040E+07
 2.99121960E+07
 2.55817060E+07
 2.15847560E+07
 1.79719760E+07
 1.47740750E+07
 1.20124310E+07
 9.67332600E+06
 7.72800700E+06
 6.14819750E+06
 4.90336950E+06
 3.95826925E+06
 3.27770700E+06
 2.82412450E+06
 2.55859850E+06
 2.45034175E+06
 2.47726600E+06
 2.61901025E+06
 2.84028700E+06
 3.09536000E+06
 3.32849550E+06
 3.47620475E+06
 3.47481150E+06
 3.28590050E+06
 2.91733425E+06
 2.41374150E+06
 1.85396350E+06
 1.31285988E+06
 8.58481750E+05
 5.18071469E+05
 2.88878125E+05
 1.48762828E+05
 7.06881953E+04
 3.04351680E+04
 1.16379561E+04
 3.79690015E+03
 9.59076721E+02
 1.53356613E+02
 1.37906015E+00
 3.96869469E+00
-5.59386921E+00
 8.60140920E-02
 8.60140920E-02
 8.60140920E-02
 8.60140920E-02
 8.60140920E-02
 8.60140920E-02
 8.60140920E-02
 8.60140920E-02
 8.60140920E-02
 8.60140920E-02
 8.60140920E-02
 8.60140920E-02
 8.60140920E-02
 8.60140920E-02
 8.60140920E-02
 8.60140920E-02
 8.60140920E-02
 8.60140920E-02
 8.60140920E-02
 8.60140920E-02
 8.60140920E-02
 8.60140920E-02
 8.60140920E-02
-2.84063560E-07
-5.87086561E-07
 8.44309113E-07
 1.47788171E-06
 5.23129529E-06
 8.60153705E-06
 2.54403367E-05
 3.82103754E-05
 8.12832877E-05
 1.67094928E-04
 3.12520395E-04
 4.54313005E-04
 6.13924291E-04
 6.64031424E-04
 1.41613104E-03
 1.72515598E-03
 1.73727260E-03
 1.69358496E-03
 2.35434715E-03
 3.00118397E-03
 2.90353480E-03
 2.23739981E-03
 2.54975888E-03
 4.01440822E-03
 5.03074471E-03
 5.12548489E-03
 5.65569988E-03
 7.15060160E-03
 8.19584262E-03
 9.68010910E-03
 1.00464905E-02
 1.16609763E-02
 1.61644053E-02
 2.15653256E-02
 2.02548448E-02
 2.40825024E-02
 3.43991965E-02
 5.88773265E-02
 5.72548695E-02
 4.51116450E-02
 1.08309634E-01
 1.53434634E-01
 2.46578112E-01
 2.69397587E-01
 4.22988594E-01
 8.93711329E-01
 1.04290986E+00
 1.62260854E+00
 2.24448156E+00
 2.40516901E+00
 1.05206642E+01
 7.67606139E-01
 9.67327976E+00
 2.54775143E+01
 1.88258133E+01
 9.33960629E+00
 2.55809631E+01
 5.66378784E+01
 5.21161346E+01
 7.92292862E+01
 7.98612289E+01
 2.51265961E+02
 4.25498657E+02
 7.52052917E+02
 1.75040210E+03
 2.80580688E+03
 4.48941846E+03
 9.10871680E+03
 1.68307578E+04
 2.99645762E+04
 5.14033242E+04
 8.64156641E+04
 1.42136172E+05
 2.28512875E+05
 3.62174344E+05
 5.68207250E+05
 8.82569250E+05
 1.35595575E+06
 2.05850112E+06
 3.07210375E+06
 4.48057400E+06
 6.34490450E+06
 8.67895600E+06
 1.14210580E+07
 1.44137900E+07
 1.74335160E+07
 2.02653760E+07
 2.27774320E+07
 2.49043280E+07
 2.66659460E+07
 2.81280260E+07
 2.93205560E+07
 3.02533820E+07
 3.09342480E+07
 3.13693160E+07
 3.16266880E+07
 3.17841320E+07
 3.18927600E+07
 3.19384400E+07
 3.18807380E+07
 3.16727840E+07
 3.13557160E+07
 3.10130460E+07
 3.07334980E+07
 3.05723040E+07
 3.05458780E+07
 3.06829400E+07
 3.10045300E+07
 3.15436280E+07
 3.23181060E+07
 3.33600880E+07
 3.47203960E+07
 3.64475240E+07
 3.86080760E+07
 4.12280720E+07
 4.43298600E+07
 4.78995000E+07
 5.18324040E+07
 5.59705600E+07
 6.00990560E+07
 6.39089120E+07
 6.71188000E+07
 6.95348320E+07
 7.10501280E+07
 7.17407840E+07
 7.16249440E+07
 7.07384960E+07
 6.91298240E+07
 6.68333440E+07
 6.38150080E+07
 6.01679000E+07
 5.60077320E+07
 5.14565280E+07
 4.66604880E+07
 4.18124000E+07
 3.70399840E+07
 3.24190020E+07
 2.80425860E+07
 2.39630260E+07
 2.02561300E+07
 1.69532080E+07
 1.40723810E+07
 1.16102790E+07
 9.53854900E+06
 7.82358350E+06
 6.43447850E+06
 5.34460900E+06
 4.53251800E+06
 3.97154775E+06
 3.63266225E+06
 3.48560550E+06
 3.49946450E+06
 3.63914525E+06
 3.86052775E+06
 4.10953950E+06
 4.32271100E+06
 4.42792500E+06
 4.35341550E+06
 4.06244750E+06
 3.57175375E+06
 2.94044625E+06
 2.25252550E+06
 1.60015738E+06
 1.05365712E+06
 6.42097312E+05
 3.62668531E+05
 1.89445438E+05
 9.11891016E+04
 3.99794492E+04
 1.56795312E+04
 5.26730664E+03
 1.40299231E+03
 2.59111084E+02
 1.54761543E+01
 2.92279750E-01
 4.20989811E-01
 8.60140920E-02
 8.60140920E-02
 8.60140920E-02
 8.60140920E-02
 8.60140920E-02
 8.60140920E-02
 8.60140920E-02
 8.60140920E-02
 8.60140920E-02
 8.60140920E-02
 8.60140920E-02
 8.60140920E-02
 8.60140920E-02
 8.60140920E-02
 8.60140920E-02
 8.60140920E-02
 8.60140920E-02
 8.60140920E-02
 8.60140920E-02
 8.60140920E-02
 8.60140920E-02
 8.60140920E-02
 8.60140920E-02
 8.60140920E-02
 8.60140920E-02
-7.11484702E-08
 4.59146094E-07
 1.72188470E-06
 3.25673386E-06
 8.68198003E-06
 1.82462718E-05
 3.80113779E-05
 7.64379874E-05
 1.17275958E-04
 2.21593058E-04
 3.54575342E-04
 6.82017126E-04
 8.23999988E-04
 1.23309717E-03
 1.67172204E-03
 1.99647201E-03
 2.49307044E-03
 2.84072780E-03
 2.90847034E-03
 2.97231763E-03
 3.15492041E-03
 3.54638696E-03
 3.77294980E-03
 3.98565875E-03
 5.82224270E-03
 7.80953187E-03
 7.30776228E-03
 1.00475643E-02
 1.39045734E-02
 1.45705407E-02
 1.58029422E-02
 1.97744947E-02
 2.18251143E-02
 2.52021123E-02
 3.81146558E-02
 5.82262836E-02
 4.63832095E-02
 3.65862809E-02
 8.02745447E-02
 1.41119704E-01
 1.61674961E-01
 1.81214258E-01
 2.59153277E-01
 3.37940872E-01
 5.69659412E-01
 6.26512349E-01
 6.55781090E-01
 1.80277240E+00
 2.04268241E+00
 3.83399868E+00
 4.75881672E+00
 9.92949009E+00
 1.76597328E+01
 2.48518028E+01
 1.34871473E+01
 2.44091110E+01
 6.67081451E+01
 5.89202271E+01
 7.77818680E+01
 1.36081696E+02
 3.04496613E+02
 4.43665375E+02
 7.94586243E+02
 1.47436865E+03
 2.81055640E+03
 5.04478125E+03
 1.00033271E+04
 1.86018496E+04
 3.23728477E+04
 5.64785664E+04
 9.72179375E+04
 1.63033172E+05
 2.68048156E+05
 4.32508438E+05
 6.87887938E+05
 1.08288662E+06
 1.67913262E+06
 2.56802475E+06
 3.86235325E+06
 5.67879800E+06
 8.12313100E+06
 1.12479570E+07
 1.49996230E+07
 1.91862020E+07
 2.35276320E+07
 2.77098820E+07
 3.14425460E+07
 3.45521040E+07
 3.70273920E+07
 3.89252160E+07
 4.03246320E+07
 4.13263000E+07
 4.20150760E+07
 4.24646000E+07
 4.27390680E+07
 4.29228600E+07
 4.30650640E+07
 4.31487840E+07
 4.31409440E+07
 4.30260600E+07
 4.28431800E+07
 4.26953720E+07
 4.26355760E+07
 4.27371840E+07
 4.30405240E+07
 4.36003800E+07
 4.44630640E+07
 4.56352520E+07
 4.71497880E+07
 4.90503960E+07
 5.13588680E+07
 5.40707040E+07
 5.71449480E+07
 6.04478240E+07
 6.38828720E+07
 6.72158960E+07
 7.02615360E+07
 7.27772560E+07
 7.46446320E+07
 7.58125360E+07
 7.62583520E+07
 7.60927760E+07
 7.53889840E+07
 7.41939200E+07
 7.25313600E+07
 7.03869280E+07
 6.76893920E+07
 6.44615280E+07
 6.07898560E+07
 5.67238480E+07
 5.23250040E+07
 4.77539200E+07
 4.31387800E+07
 3.85657960E+07
 3.41173320E+07
 2.98761180E+07
 2.59061540E+07
 2.22743100E+07
 1.90244440E+07
 1.61658400E+07
 1.36923300E+07
 1.15827080E+07
 9.80507500E+06
 8.32545750E+06
 7.12371500E+06
 6.18933150E+06
 5.51429750E+06
 5.08058500E+06
 4.86564450E+06
 4.83999900E+06
 4.95734800E+06
 5.16095950E+06
 5.38329900E+06
 5.54630750E+06
 5.56811550E+06
 5.38211950E+06
 4.95590900E+06
 4.31557100E+06
 3.52781225E+06
 2.69368000E+06
 1.91758362E+06
 1.26976738E+06
 7.80116125E+05
 4.46049000E+05
 2.36694656E+05
 1.15613445E+05
 5.14655703E+04
 2.05112129E+04
 7.10645459E+03
 1.92340259E+03
 3.69238251E+02
 2.35671329E+01
 1.27721548E+01
-7.48569071E-02
 8.60140920E-02
 8.60140920E-02
 8.60140920E-02
 8.60140920E-02
 8.60140920E-02
 8.60140920E-02
 8.60140920E-02
 8.60140920E-02
 8.60140920E-02
 8.60140920E-02
 8.60140920E-02
 8.60140920E-02
 8.60140920E-02
 8.60140920E-02
 8.60140920E-02
 8.60140920E-02
 8.60140920E-02
 8.60140920E-02
 8.60140920E-02
 8.60140920E-02
 8.60140920E-02
 8.60140920E-02
 8.60140920E-02
 8.60140920E-02
 8.60140920E-02
 8.60140920E-02
-4.16262544E-08
-1.43821723E-07
-9.37330014E-07
 1.93319852E-06
 6.69282053E-06
 1.36018916E-05
 3.07499286E-05
 4.66254023E-05
 1.17040567E-04
 2.11563893E-04
 2.44397525E-04
 5.49560413E-04
 8.42857698E-04
 1.05698337E-03
 1.46770442E-03
 1.89497112E-03
 2.56296014E-03
 3.16637265E-03
 3.42413434E-03
 3.69510730E-03
 4.16412437E-03
 4.64346912E-03
 4.40462306E-03
 4.47557308E-03
 5.62125072E-03
 6.36311248E-03
 5.17272204E-03
 1.09819276E-02
 1.75930839E-02
 1.82039868E-02
 1.67720579E-02
 2.28489395E-02
 1.95245799E-02
 1.29265888E-02
 2.02983674E-02
 4.78070863E-02
 5.87071441E-02
 5.36909625E-02
 7.32416585E-02
 1.07846119E-01
 1.29464447E-01
 1.26017332E-01
 1.57936379E-01
 2.63651788E-01
 3.07066649E-01
 3.70477289E-01
 5.23595035E-01
 1.27890146E+00
 1.01030409E+00
 1.62888384E+00
 3.41121554E+00
 5.07316208E+00
 9.47594547E+00
 1.11265774E+01
 1.88139324E+01
 2.24351044E+01
 3.17046547E+01
 4.91176720E+01
 5.85912476E+01
 9.97940216E+01
 2.56318817E+02
 4.22491516E+02
 6.70314697E+02
 1.40655359E+03
 2.65931079E+03
 5.08659912E+03
 9.59729688E+03
 1.76699160E+04
 3.13393340E+04
 5.55573594E+04
 9.73773828E+04
 1.64559406E+05
 2.73451000E+05
 4.48054938E+05
 7.23928750E+05
 1.15249200E+06
 1.80433212E+06
 2.78534575E+06
 4.23813000E+06
 6.31072650E+06
 9.16125400E+06
 1.29047340E+07
 1.75427680E+07
 2.29239200E+07
 2.87152560E+07
 3.44908200E+07
 3.98539040E+07
 4.44910960E+07
 4.82204960E+07
 5.10381520E+07
 5.30524720E+07
 5.43897680E+07
 5.52328720E+07
 5.57360920E+07
 5.60044320E+07
 5.61375880E+07
 5.62218400E+07
 5.63210480E+07
 5.64682480E+07
 5.66639720E+07
 5.69051280E+07
 5.72285120E+07
 5.76970880E+07
 5.83796000E+07
 5.93366840E+07
 6.05875800E+07
 6.21305800E+07
 6.39521640E+07
 6.60330520E+07
 6.82767760E+07
 7.06092880E+07
 7.29230320E+07
 7.50795680E+07
 7.69301600E+07
 7.83430960E+07
 7.92148400E+07
 7.95412960E+07
 7.93813120E+07
 7.87919120E+07
 7.78787600E+07
 7.67044240E+07
 7.52918400E+07
 7.35563920E+07
 7.14455520E+07
 6.89622960E+07
 6.61357720E+07
 6.29686560E+07
 5.94617920E+07
 5.56350920E+07
 5.15800200E+07
 4.73890120E+07
 4.31486560E+07
 3.89431720E+07
 3.48547920E+07
 3.09504580E+07
 2.72862500E+07
 2.39145840E+07
 2.08749340E+07
 1.81831380E+07
 1.58340520E+07
 1.38051440E+07
 1.20515690E+07
 1.05471460E+07
 9.28321900E+06
 8.25909150E+06
 7.47863050E+06
 6.94451500E+06
 6.64723500E+06
 6.55571950E+06
 6.61876500E+06
 6.77122350E+06
 6.93053100E+06
 7.00019300E+06
 6.89495550E+06
 6.54900850E+06
 5.94262000E+06
 5.11564350E+06
 4.14861125E+06
 3.15785500E+06
 2.25062600E+06
 1.49728275E+06
 9.27958000E+05
 5.35533438E+05
 2.86393531E+05
 1.41962547E+05
 6.46546758E+04
 2.62609199E+04
 9.26629980E+03
 2.66747510E+03
 5.12292480E+02
 6.55627289E+01
-1.51814580E+00
-2.33064294E+00
-2.24015251E-01
 8.60140920E-02
 8.60140920E-02
 8.60140920E-02
 8.60140920E-02
 8.60140920E-02
 8.60140920E-02
 8.60140920E-02
 8.60140920E-02
 8.60140920E-02
 8.60140920E-02
 8.60140920E-02
 8.60140920E-02
 8.60140920E-02
 8.60140920E-02
 8.60140920E-02
 8.60140920E-02
 8.60140920E-02
 8.60140920E-02
 8.60140920E-02
 8.60140920E-02
 8.60140920E-02
 8.60140920E-02
 8.60140920E-02
 8.60140920E-02
 8.60140920E-02
 8.60140920E-02
-2.70428217E-07
-2.62469015E-08
 8.05290256E-07
 2.02110732E-06
 6.61054059E-07
 1.13934475E-05
 2.42593251E-05
 3.69819791E-05
 9.07932263E-05
 1.84286590E-04
 2.94583529E-04
 3.83709645E-04
 6.56701974E-04
 1.14418974E-03
 1.33759482E-03
 1.88723952E-03
 2.42475164E-03
 3.20817134E-03
 3.66214989E-03
 4.15109238E-03
 4.90564527E-03
 5.40969148E-03
 4.84450627E-03
 7.32042594E-03
 8.41286778E-03
 6.52767485E-03
 4.93154814E-03
 1.33432681E-02
 2.76168343E-02
 2.87779253E-02
 2.49273460E-02
 3.62115391E-02
 4.03855667E-02
 4.28507589E-02
 6.72647655E-02
 6.74892813E-02
 6.83202744E-02
 8.20667148E-02
 9.56496149E-02
 9.92289335E-02
 8.74103829E-02
 1.05436221E-01
 2.23928869E-01
 3.30332011E-01
 3.86586308E-01
 2.71944165E-01
 4.52364922E-01
 6.08731508E-01
 9.12737191E-01
 1.06379378E+00
 2.30297041E+00
 3.02368379E+00
 3.52647042E+00
 9.05129719E+00
 1.16144886E+01
 1.07991657E+01
 1.66472511E+01
 3.30242348E+01
 5.60963211E+01
 1.01035759E+02
 1.97882385E+02
 3.86491211E+02
 6.61424011E+02
 1.30811230E+03
 2.72137036E+03
 4.85572705E+03
 8.79420410E+03
 1.63667871E+04
 2.95017227E+04
 5.12866875E+04
 8.90940234E+04
 1.51762438E+05
 2.52423297E+05
 4.14599406E+05
 6.73203000E+05
 1.07282012E+06
 1.68601775E+06
 2.61944575E+06
 4.00906625E+06
 6.02394900E+06
 8.86213200E+06
 1.26886100E+07
 1.76183280E+07
 2.36158880E+07
 3.04330940E+07
 3.76306560E+07
 4.47308720E+07
 5.12449920E+07
 5.68146920E+07
 6.12764280E+07
 6.45932160E+07
 6.68886880E+07
 6.83919440E+07
 6.93536960E+07
 6.99621840E+07
 7.03896240E+07
 7.07796320E+07
 7.12393840E+07
 7.17514880E+07
 7.23318080E+07
 7.29784800E+07
 7.36694560E+07
 7.44594560E+07
 7.53449840E+07
 7.63375280E+07
 7.74502560E+07
 7.85780960E+07
 7.96850480E+07
 8.06052480E+07
 8.12975440E+07
 8.17412640E+07
 8.18728960E+07
 8.16649200E+07
 8.10975840E+07
 8.02316880E+07
 7.91641040E+07
 7.79619040E+07
 7.66263760E+07
 7.51761200E+07
 7.36345600E+07
 7.18980080E+07
 6.99650160E+07
 6.77312560E+07
 6.52571440E+07
 6.25466520E+07
 5.95762160E+07
 5.63531480E+07
 5.29325760E+07
 4.93633320E+07
 4.56787800E+07
 4.19411680E+07
 3.82330360E+07
 3.46359560E+07
 3.12099420E+07
 2.80030440E+07
 2.50514880E+07
 2.23789880E+07
 1.99989080E+07
 1.79096440E+07
 1.60884310E+07
 1.44891330E+07
 1.30591290E+07
 1.17980450E+07
 1.07253260E+07
 9.86236600E+06
 9.22980600E+06
 8.84044000E+06
 8.66623600E+06
 8.64857200E+06
 8.70952900E+06
 8.75135400E+06
 8.67069200E+06
 8.37587350E+06
 7.81562050E+06
 6.98309100E+06
 5.93552800E+06
 4.77313400E+06
 3.61868825E+06
 2.57685925E+06
 1.72169788E+06
 1.07648012E+06
 6.27076562E+05
 3.39673781E+05
 1.70364266E+05
 7.88557812E+04
 3.29177227E+04
 1.18663799E+04
 3.52290918E+03
 7.83542603E+02
 8.99537354E+01
 3.57221985E+00
 3.28618932E+00
-1.37889683E+00
 8.60140920E-02
 8.60140920E-02
 8.60140920E-02
 8.60140920E-02
 8.60140920E-02
 8.60140920E-02
 8.60140920E-02
 8.60140920E-02
 8.60140920E-02
 8.60140920E-02
 8.60140920E-02
 8.60140920E-02
 8.60140920E-02
 8.60140920E-02
 8.60140920E-02
 8.60140920E-02
 8.60140920E-02
 8.60140920E-02
 8.60140920E-02
 8.60140920E-02
 8.60140920E-02
 8.60140920E-02
 8.60140920E-02
 8.60140920E-02
 8.60140920E-02
 8.60140920E-02
 8.60140920E-02
 8.60140920E-02
-5.66002925E-08
 8.53493646E-07
-4.39150057E-07
 1.91808726E-06
 8.18733224E-06
 2.03096752E-05
 3.23263048E-05
 8.25770621E-05
 1.13823538E-04
 2.15437249E-04
 4.19440796E-04
 6.19926082E-04
 8.87783593E-04
 1.31509185E-03
 1.69413071E-03
 2.27641454E-03
 3.20644281E-03
 3.93420504E-03
 4.42767888E-03
 5.05793281E-03
 5.55722415E-03
 5.05474163E-03
 8.63260403E-03
 1.44908065E-02
 1.28871305E-02
 6.92177005E-03
 1.20819062E-02
 2.51966976E-02
 3.06742862E-02
 3.04856971E-02
 3.65029052E-02
 5.08496650E-02
 5.72166964E-02
 5.27204387E-02
 6.69054613E-02
 1.10858560E-01
 1.60100341E-01
 1.51361227E-01
 1.03696831E-01
 8.60466808E-02
 1.38518214E-01
 2.44503066E-01
 3.11437070E-01
 2.42702261E-01
 2.49732807E-01
 5.21926343E-01
 7.25739777E-01
 7.52507985E-01
 7.79202163E-01
 1.55904233E+00
 1.97661877E+00
 3.05740809E+00
 5.12257385E+00
 8.24075890E+00
 8.95375156E+00
 1.79065037E+01
 2.87747154E+01
 3.40455666E+01
 6.61975250E+01
 1.46356339E+02
 2.92447876E+02
 5.73363647E+02
 1.16058191E+03
 2.32142627E+03
 4.37755762E+03
 8.24276758E+03
 1.50333594E+04
 2.69397363E+04
 4.75379570E+04
 8.16731328E+04
 1.37330672E+05
 2.27421641E+05
 3.70352969E+05
 5.93054062E+05
 9.36760750E+05
 1.45783512E+06
 2.23924300E+06
 3.39508900E+06
 5.07397050E+06
 7.45563550E+06
 1.07268250E+07
 1.50585620E+07
 2.05297100E+07
 2.70497780E+07
 3.43860400E+07
 4.21316160E+07
 4.98739600E+07
 5.69942560E+07
 6.30915440E+07
 6.79966160E+07
 7.17317520E+07
 7.44476720E+07
 7.64239680E+07
 7.79051840E+07
 7.90649920E+07
 7.99900160E+07
 8.07397200E+07
 8.13804480E+07
 8.19369760E+07
 8.23963600E+07
 8.27421520E+07
 8.29620720E+07
 8.30489600E+07
 8.30032320E+07
 8.27816880E+07
 8.23950400E+07
 8.18516000E+07
 8.10826320E+07
 8.00924880E+07
 7.89835280E+07
 7.77581360E+07
 7.64483840E+07
 7.51264720E+07
 7.37748880E+07
 7.23627040E+07
 7.09855760E+07
 6.94980960E+07
 6.78695680E+07
 6.61142400E+07
 6.41697840E+07
 6.20608640E+07
 5.98146080E+07
 5.73708560E+07
 5.47205360E+07
 5.18937800E+07
 4.89657720E+07
 4.59108520E+07
 4.27705040E+07
 3.96149560E+07
 3.65116080E+07
 3.35232300E+07
 3.06986280E+07
 2.80695260E+07
 2.56610300E+07
 2.34880980E+07
 2.15534640E+07
 1.98449080E+07
 1.83378560E+07
 1.69867720E+07
 1.57446320E+07
 1.45923800E+07
 1.35461240E+07
 1.26489480E+07
 1.19420180E+07
 1.14527290E+07
 1.11639070E+07
 1.10221890E+07
 1.09382590E+07
 1.08014960E+07
 1.04997120E+07
 9.94946900E+06
 9.11839400E+06
 8.02353400E+06
 6.74142200E+06
 5.37141450E+06
 4.05207075E+06
 2.88385075E+06
 1.92980400E+06
 1.21300962E+06
 7.13099312E+05
 3.91138344E+05
 1.99197328E+05
 9.34564609E+04
 3.92838320E+04
 1.47270752E+04
 4.33254980E+03
 9.67739319E+02
 1.33591354E+02
 1.16363306E+01
-1.32557118E+00
 6.07974589E-01
 8.60140920E-02
 8.60140920E-02
 8.60140920E-02
 8.60140920E-02
 8.60140920E-02
 8.60140920E-02
 8.60140920E-02
 8.60140920E-02
 8.60140920E-02
 8.60140920E-02
 8.60140920E-02
 8.60140920E-02
 8.60140920E-02
 8.60140920E-02
 8.60140920E-02
 8.60140920E-02
 8.60140920E-02
 8.60140920E-02
 8.60140920E-02
 8.60140920E-02
 8.60140920E-02
 8.60140920E-02
 8.60140920E-02
 8.60140920E-02
 8.60140920E-02
 8.60140920E-02
 8.60140920E-02
 8.60140920E-02
 8.60140920E-02
 1.69437527E-07
 1.11079274E-07
 7.82331597E-07
 2.03249283E-06
 6.07938864E-06
 1.34167558E-05
 3.11342847E-05
 4.61251220E-05
 9.90911722E-05
 1.81187526E-04
 2.76480627E-04
 4.92899097E-04
 7.58132082E-04
 1.23907893E-03
 1.57323340E-03
 2.17205985E-03
 2.95372703E-03
 3.85511853E-03
 4.78873821E-03
 5.63819008E-03
 6.30197953E-03
 6.58575911E-03
 7.64565682E-03
 8.25426728E-03
 6.24372950E-03
 5.87466545E-03
 1.00441435E-02
 1.94046889E-02
 2.66477261E-02
 4.00500558E-02
 5.61804175E-02
 3.85423899E-02
 3.95447537E-02
 5.98594882E-02
 9.12033096E-02
 1.18629284E-01
 1.16577074E-01
 1.13450803E-01
 1.14728354E-01
 1.23852342E-01
 1.63758755E-01
 2.00379983E-01
 2.02902794E-01
 3.46053094E-01
 2.93672413E-01
 5.13246000E-01
 7.61942387E-01
 7.45523274E-01
 8.87304246E-01
 7.50403106E-01
 1.01435065E+00
 1.59384155E+00
 4.72856665E+00
 5.92657328E+00
 1.04176254E+01
 1.22588081E+01
 1.64729099E+01
 2.86090279E+01
 4.63250465E+01
 1.10394394E+02
 2.26788269E+02
 4.37791321E+02
 9.28470520E+02
 1.91325098E+03
 3.73248633E+03
 7.13550732E+03
 1.33847148E+04
 2.43743281E+04
 4.30895547E+04
 7.47373516E+04
 1.26083258E+05
 2.07363250E+05
 3.34675656E+05
 5.28811750E+05
 8.20898250E+05
 1.25449312E+06
 1.88721150E+06
 2.79851975E+06
 4.09701875E+06
 5.91294400E+06
 8.39379200E+06
 1.16715130E+07
 1.58532710E+07
 2.09713300E+07
 2.69488700E+07
 3.36404480E+07
 4.07069640E+07
 4.76680480E+07
 5.40447120E+07
 5.95428760E+07
 6.40920360E+07
 6.77207120E+07
 7.05134160E+07
 7.26616160E+07
 7.42694400E+07
 7.55220960E+07
 7.64327760E+07
 7.70270800E+07
 7.73375200E+07
 7.73910080E+07
 7.71799520E+07
 7.67278160E+07
 7.61378160E+07
 7.54419520E+07
 7.46505600E+07
 7.37447600E+07
 7.27424320E+07
 7.16715840E+07
 7.05719200E+07
 6.94559040E+07
 6.83085680E+07
 6.71336400E+07
 6.59450880E+07
 6.47463520E+07
 6.34802280E+07
 6.20800160E+07
 6.05980440E+07
 5.90116960E+07
 5.72883280E+07
 5.54337400E+07
 5.34069040E+07
 5.12605040E+07
 4.89910760E+07
 4.65982720E+07
 4.41302480E+07
 4.15768400E+07
 3.89950560E+07
 3.64512680E+07
 3.39928680E+07
 3.16684080E+07
 2.95211500E+07
 2.75601940E+07
 2.57842340E+07
 2.42038840E+07
 2.28149380E+07
 2.15969260E+07
 2.05114760E+07
 1.95009880E+07
 1.85187900E+07
 1.75505360E+07
 1.66123560E+07
 1.57478210E+07
 1.50127350E+07
 1.44353510E+07
 1.40057020E+07
 1.36780930E+07
 1.33737680E+07
 1.29811920E+07
 1.23850120E+07
 1.15219530E+07
 1.03815970E+07
 9.00145800E+06
 7.46476600E+06
 5.89867700E+06
 4.42894650E+06
 3.14661575E+06
 2.10793350E+06
 1.32861150E+06
 7.84840812E+05
 4.34537375E+05
 2.23007406E+05
 1.05707664E+05
 4.54434258E+04
 1.70965176E+04
 5.37599268E+03
 1.35755786E+03
 1.77001221E+02
 1.69254856E+01
-1.01487792E+00
 7.12849522E+00
 8.60140920E-02
 8.60140920E-02
 8.60140920E-02
 8.60140920E-02
 8.60140920E-02
 8.60140920E-02
 8.60140920E-02
 8.60140920E-02
 8.60140920E-02
 8.60140920E-02
 8.60140920E-02
 8.60140920E-02
 8.60140920E-02
 8.60140920E-02
 8.60140920E-02
 8.60140920E-02
 8.60140920E-02
 8.60140920E-02
 8.60140920E-02
 8.60140920E-02
 8.60140920E-02
 8.60140920E-02
 8.60140920E-02
 8.60140920E-02
 8.60140920E-02
 8.60140920E-02
 8.60140920E-02
 8.60140920E-02
 8.60140920E-02
 8.60140920E-02
 8.60140920E-02
 9.56250901E-08
 1.39846463E-06
 2.01959688E-06
 2.81786993E-06
 1.09030389E-05
 1.51329987E-05
 4.48706633E-05
 7.89511469E-05
 1.56304333E-04
 2.57331209E-04
 4.11019195E-04
 6.46852714E-04
 1.01314299E-03
 1.51616079E-03
 2.02224101E-03
 2.65077781E-03
 3.43533093E-03
 4.34674881E-03
 5.33003733E-03
 6.34139404E-03
 7.42460415E-03
 8.94046761E-03
 9.38901398E-03
 1.02193831E-02
 1.31252296E-02
 1.61612984E-02
 1.56802461E-02
 2.37006582E-02
 3.35982889E-02
 6.26722574E-02
 3.82177643E-02
 3.90449390E-02
 6.60151839E-02
 9.25991163E-02
 9.63968858E-02
 1.10541753E-01
 1.43275052E-01
 1.79800987E-01
 2.03929782E-01
 2.14754671E-01
 2.26069123E-01
 2.01698825E-01
 2.45095566E-01
 3.04103225E-01
 3.83486599E-01
 6.79784536E-01
 2.64747202E-01
 1.67973846E-01
 1.16681802E+00
 2.25690436E+00
 1.80225849E+00
 2.60601807E+00
 4.99571276E+00
 3.25045443E+00
 3.52487063E+00
 1.37708807E+01
 2.71990700E+01
 3.93363533E+01
 8.57613449E+01
 1.52921478E+02
 3.14241394E+02
 6.93185608E+02
 1.41398425E+03
 2.86584229E+03
 5.69081592E+03
 1.10897568E+04
 2.07835586E+04
 3.76436172E+04
 6.62925078E+04
 1.13295133E+05
 1.87838453E+05
 3.02607500E+05
 4.75219562E+05
 7.29874438E+05
 1.09793488E+06
 1.62190612E+06
 2.35790850E+06
 3.37477975E+06
 4.76335000E+06
 6.62102400E+06
 9.02171500E+06
 1.20464520E+07
 1.57576980E+07
 2.01345580E+07
 2.51049900E+07
 3.05162460E+07
 3.60689480E+07
 4.14192240E+07
 4.62944240E+07
 5.05316040E+07
 5.40616920E+07
 5.69116080E+07
 5.91876080E+07
 6.10102400E+07
 6.24173840E+07
 6.34448360E+07
 6.41324320E+07
 6.44643160E+07
 6.45309400E+07
 6.44312360E+07
 6.41710000E+07
 6.38139560E+07
 6.33948200E+07
 6.29040920E+07
 6.23422920E+07
 6.17337520E+07
 6.10258600E+07
 6.02643480E+07
 5.94480920E+07
 5.85584480E+07
 5.76164840E+07
 5.66193320E+07
 5.55025280E+07
 5.43109320E+07
 5.30568320E+07
 5.16727920E+07
 5.01516480E+07
 4.85066480E+07
 4.67524120E+07
 4.49033120E+07
 4.29733920E+07
 4.09760760E+07
 3.89270040E+07
 3.68593640E+07
 3.48283040E+07
 3.28743020E+07
 3.10395740E+07
 2.93744920E+07
 2.78967080E+07
 2.66200260E+07
 2.55173420E+07
 2.45697880E+07
 2.37708240E+07
 2.30980520E+07
 2.25070260E+07
 2.19239020E+07
 2.12861560E+07
 2.05761660E+07
 1.98139240E+07
 1.90493400E+07
 1.83277020E+07
 1.76678920E+07
 1.70806800E+07
 1.65262450E+07
 1.59287010E+07
 1.51862430E+07
 1.42263270E+07
 1.30038180E+07
 1.15230890E+07
 9.83995600E+06
 8.05769150E+06
 6.31219000E+06
 4.71219900E+06
 3.33690125E+06
 2.23645650E+06
 1.41275225E+06
 8.38748500E+05
 4.66339125E+05
 2.41759266E+05
 1.15352766E+05
 5.02917539E+04
 1.92360371E+04
 6.11031641E+03
 1.53143311E+03
 2.26358826E+02
 7.27808237E+00
 2.12249775E+01
-1.91799796E+00
 5.74211740E+00
 8.60140920E-02
 8.60140920E-02
 8.60140920E-02
 8.60140920E-02
 8.60140920E-02
 8.60140920E-02
 8.60140920E-02
 8.60140920E-02
 8.60140920E-02
 8.60140920E-02
 8.60140920E-02
 8.60140920E-02
 8.60140920E-02
 8.60140920E-02
 8.60140920E-02
 8.60140920E-02
 8.60140920E-02
 8.60140920E-02
 8.60140920E-02
 8.60140920E-02
 8.60140920E-02
 8.60140920E-02
 8.60140920E-02
 8.60140920E-02
 8.60140920E-02
 8.60140920E-02
 8.60140920E-02
 8.60140920E-02
 8.60140920E-02
 8.60140920E-02
 8.60140920E-02
-2.27628348E-07
 1.87374045E-08
 9.69304665E-07
 2.74680451E-06
 6.46705712E-06
 1.72891705E-05
 3.13442360E-05
 5.60625267E-05
 1.09007648E-04
 2.02996816E-04
 3.24463908E-04
 5.43737784E-04
 7.94111169E-04
 1.32305326E-03
 1.93799578E-03
 2.58071302E-03
 3.35154147E-03
 4.49066749E-03
 5.69747994E-03
 6.63003279E-03
 7.66020361E-03
 9.32947546E-03
 9.26267076E-03
 1.09582422E-02
 1.49702728E-02
 1.32110063E-02
 1.55760748E-02
 3.08342725E-02
 3.74870561E-02
 4.10925187E-02
 4.32758406E-02
 5.44494316E-02
 6.41032457E-02
 7.64648542E-02
 1.06763721E-01
 8.65748748E-02
 8.85203481E-02
 1.45462558E-01
 1.78327277E-01
 1.73585445E-01
 2.10674539E-01
 3.36803287E-01
 4.42028195E-01
 4.72732961E-01
 4.74915445E-01
 6.46276951E-01
 5.62129259E-01
 9.00916159E-01
 1.47778618E+00
 4.70976621E-01
 1.41397488E+00
 1.26861191E+00
 9.32082748E+00
 6.06189394E+00
 6.00469542E+00
 1.27103186E+01
 1.48397045E+01
 2.04184761E+01
 3.74274101E+01
 1.07837082E+02
 1.99938751E+02
 4.97881439E+02
 1.01471985E+03
 2.06482397E+03
 4.22879834E+03
 8.36882031E+03
 1.60971143E+04
 2.99119102E+04
 5.39544688E+04
 9.41206875E+04
 1.58626641E+05
 2.58332859E+05
 4.07594438E+05
 6.26582250E+05
 9.40350812E+05
 1.37935438E+06
 1.98443000E+06
 2.80336525E+06
 3.89167125E+06
 5.31538050E+06
 7.13544050E+06
 9.39124700E+06
 1.21240330E+07
 1.53398120E+07
 1.89902780E+07
 2.30328000E+07
 2.72803660E+07
 3.15108260E+07
 3.54883800E+07
 3.90616440E+07
 4.21316000E+07
 4.46904560E+07
 4.67898680E+07
 4.84998320E+07
 4.98801520E+07
 5.09756680E+07
 5.18194960E+07
 5.24358680E+07
 5.28452680E+07
 5.30732960E+07
 5.31565680E+07
 5.31243040E+07
 5.30007560E+07
 5.28009760E+07
 5.25418160E+07
 5.21914400E+07
 5.17469120E+07
 5.11931720E+07
 5.05415680E+07
 4.98019240E+07
 4.89960680E+07
 4.80608760E+07
 4.70343480E+07
 4.58709960E+07
 4.45888400E+07
 4.32025480E+07
 4.17217200E+07
 4.01725240E+07
 3.85827200E+07
 3.69754280E+07
 3.53613840E+07
 3.37505160E+07
 3.21741760E+07
 3.06771420E+07
 2.92918840E+07
 2.80559820E+07
 2.69925440E+07
 2.61273160E+07
 2.54689740E+07
 2.50016920E+07
 2.46819440E+07
 2.44722520E+07
 2.43425240E+07
 2.42557540E+07
 2.41385660E+07
 2.39127160E+07
 2.35375640E+07
 2.30132420E+07
 2.23803340E+07
 2.16853920E+07
 2.09548460E+07
 2.01897120E+07
 1.93682680E+07
 1.84261460E+07
 1.72820380E+07
 1.59008100E+07
 1.42844380E+07
 1.24551850E+07
 1.04827840E+07
 8.48790800E+06
 6.59191700E+06
 4.88830450E+06
 3.44533400E+06
 2.30532875E+06
 1.45772000E+06
 8.67544875E+05
 4.84197250E+05
 2.52073266E+05
 1.20974039E+05
 5.27832617E+04
 2.03941191E+04
 6.65373145E+03
 1.62024292E+03
 2.80620331E+02
 2.34429569E+01
-8.49297047E+00
 9.78018475E+00
-1.48652449E+01
 8.60140920E-02
 8.60140920E-02
 8.60140920E-02
 8.60140920E-02
 8.60140920E-02
 8.60140920E-02
 8.60140920E-02
 8.60140920E-02
 8.60140920E-02
 8.60140920E-02
 8.60140920E-02
 8.60140920E-02
 8.60140920E-02
 8.60140920E-02
 8.60140920E-02
 8.60140920E-02
 8.60140920E-02
 8.60140920E-02
 8.60140920E-02
 8.60140920E-02
 8.60140920E-02
 8.60140920E-02
 8.60140920E-02
 8.60140920E-02
 8.60140920E-02
 8.60140920E-02
 8.60140920E-02
 8.60140920E-02
 8.60140920E-02
 8.60140920E-02
 8.60140920E-02
 8.60140920E-02
 4.41285479E-08
-3.44188855E-08
 7.56231699E-09
 2.09527730E-06
 4.41867769E-06
 9.95907885E-06
 2.27215551E-05
 4.82243267E-05
 9.11459720E-05
 1.61915406E-04
 2.78025283E-04
 4.63452947E-04
 7.31111679E-04
 1.07398804E-03
 1.61512138E-03
 2.36446131E-03
 3.25979642E-03
 4.30872058E-03
 5.67261782E-03
 7.34664081E-03
 8.61131586E-03
 9.73379705E-03
 1.02806175E-02
 1.33171435E-02
 1.61750261E-02
 1.41382851E-02
 2.34650727E-02
 4.05051261E-02
 3.02148852E-02
 3.26608419E-02
 7.81859756E-02
 7.62025490E-02
 3.82046439E-02
 2.99544781E-02
 7.85095096E-02
 1.10045575E-01
 1.37500376E-01
 1.33192733E-01
 1.16463177E-01
 2.18040422E-01
 2.50845671E-01
 2.72496700E-01
 4.56010371E-01
 4.65627134E-01
 5.84378600E-01
 7.35262692E-01
 9.20351326E-01
 1.13365543E+00
 1.25203681E+00
 1.47729099E+00
 2.14179921E+00
 2.96110272E+00
 3.23121572E+00
 2.16498089E+00
 6.70028877E+00
 1.26791697E+01
 1.54400492E+01
 1.38001165E+01
 4.08822327E+01
 9.45448074E+01
 1.40835220E+02
 2.57650543E+02
 6.40819763E+02
 1.41829272E+03
 2.75672461E+03
 5.57707910E+03
 1.10864922E+04
 2.11872578E+04
 3.90465938E+04
 6.94028594E+04
 1.18925945E+05
 1.96845406E+05
 3.16161281E+05
 4.92067969E+05
 7.43510625E+05
 1.09512662E+06
 1.57733625E+06
 2.22608950E+06
 3.07575475E+06
 4.16873650E+06
 5.55263000E+06
 7.26535900E+06
 9.33427800E+06
 1.17677590E+07
 1.45498200E+07
 1.76356560E+07
 2.09308760E+07
 2.42582780E+07
 2.74429980E+07
 3.03975200E+07
 3.30435460E+07
 3.53400600E+07
 3.73109280E+07
 3.89904760E+07
 4.04141040E+07
 4.16115760E+07
 4.25921520E+07
 4.33489760E+07
 4.39036520E+07
 4.43020760E+07
 4.45607240E+07
 4.47035040E+07
 4.47448800E+07
 4.46934080E+07
 4.45539920E+07
 4.43176800E+07
 4.39729120E+07
 4.35101040E+07
 4.29223960E+07
 4.22075880E+07
 4.13697320E+07
 4.04113400E+07
 3.93383480E+07
 3.81687720E+07
 3.69242560E+07
 3.56110720E+07
 3.42527680E+07
 3.28823380E+07
 3.15336740E+07
 3.02372260E+07
 2.90159100E+07
 2.78826160E+07
 2.68606820E+07
 2.59879220E+07
 2.52942740E+07
 2.47900260E+07
 2.44846760E+07
 2.43777080E+07
 2.44541460E+07
 2.46886800E+07
 2.50329620E+07
 2.54350940E+07
 2.58420380E+07
 2.61904700E+07
 2.63939140E+07
 2.63836680E+07
 2.61272020E+07
 2.56304760E+07
 2.49383000E+07
 2.40926560E+07
 2.31068640E+07
 2.19674380E+07
 2.06354200E+07
 1.90782360E+07
 1.72820520E+07
 1.52726960E+07
 1.31109880E+07
 1.08886250E+07
 8.72527800E+06
 6.72151000E+06
 4.95217250E+06
 3.47309900E+06
 2.31480750E+06
 1.46077562E+06
 8.69540875E+05
 4.85237125E+05
 2.52113328E+05
 1.21164961E+05
 5.32581211E+04
 2.03710684E+04
 6.63227490E+03
 1.68853442E+03
 2.64373077E+02
 2.43172455E+01
 6.62899017E+00
 6.53619385E+00
-6.38445282E+00
 8.60140920E-02
 8.60140920E-02
 8.60140920E-02
 8.60140920E-02
 8.60140920E-02
 8.60140920E-02
 8.60140920E-02
 8.60140920E-02
 8.60140920E-02
 8.60140920E-02
 8.60140920E-02
 8.60140920E-02
 8.60140920E-02
 8.60140920E-02
 8.60140920E-02
 8.60140920E-02
 8.60140920E-02
 8.60140920E-02
 8.60140920E-02
 8.60140920E-02
 8.60140920E-02
 8.60140920E-02
 8.60140920E-02
 8.60140920E-02
 8.60140920E-02
 8.60140920E-02
 8.60140920E-02
 8.60140920E-02
 8.60140920E-02
 8.60140920E-02
 8.60140920E-02
 8.60140920E-02
 8.60140920E-02
 8.60140920E-02
 2.77669727E-08
 4.74495522E-07
 1.36315998E-06
 3.14727208E-06
 7.68526115E-06
 1.76467656E-05
 3.60812483E-05
 6.86254061E-05
 1.25711740E-04
 2.18888366E-04
 3.69069836E-04
 5.97325678E-04
 9.55877069E-04
 1.42897514E-03
 2.11272785E-03
 3.04718548E-03
 4.12954763E-03
 5.33796242E-03
 7.10536540E-03
 9.28444602E-03
 1.09119378E-02
 1.17383599E-02
 1.35107655E-02
 1.61451362E-02
 1.81152560E-02
 2.34075915E-02
 3.25127728E-02
 3.13112810E-02
 4.73845974E-02
 8.40058327E-02
 6.94173202E-02
 4.91422638E-02
 8.29626843E-02
 1.45965725E-01
 9.88435224E-02
 7.92336836E-02
 1.69261783E-01
 2.35840723E-01
 2.15435967E-01
 2.25531548E-01
 2.09945247E-01
 2.79159904E-01
 2.57479757E-01
 3.45481932E-01
 7.44544566E-01
 9.91782069E-01
 1.42510235E+00
 1.20447648E+00
 9.62944388E-01
 1.40489209E+00
 2.44532800E+00
 3.14445925E+00
 4.77751017E+00
 7.58910751E+00
 1.04632988E+01
 1.73865089E+01
 7.44531727E+00
 1.43150692E+01
 4.38630562E+01
 9.54884186E+01
 1.95320633E+02
 4.60951904E+02
 9.12478760E+02
 1.68369971E+03
 3.40857861E+03
 7.13210645E+03
 1.36086084E+04
 2.48023027E+04
 4.48644570E+04
 7.89938750E+04
 1.32873188E+05
 2.15979859E+05
 3.41222562E+05
 5.24164562E+05
 7.82152438E+05
 1.13549038E+06
 1.61080762E+06
 2.23627625E+06
 3.04144500E+06
 4.05642000E+06
 5.31178800E+06
 6.83686200E+06
 8.64604900E+06
 1.07244330E+07
 1.30351850E+07
 1.55314990E+07
 1.81314100E+07
 2.07340100E+07
 2.32402740E+07
 2.55798240E+07
 2.77141920E+07
 2.96252960E+07
 3.13096120E+07
 3.27724280E+07
 3.40219840E+07
 3.50666600E+07
 3.59251360E+07
 3.66183920E+07
 3.71665400E+07
 3.75811960E+07
 3.78656760E+07
 3.80215560E+07
 3.80496760E+07
 3.79508320E+07
 3.77256040E+07
 3.73666400E+07
 3.68678640E+07
 3.62306720E+07
 3.54636680E+07
 3.45821720E+07
 3.36072920E+07
 3.25651100E+07
 3.14803580E+07
 3.03539280E+07
 2.91990040E+07
 2.80568720E+07
 2.69641060E+07
 2.59594380E+07
 2.50687800E+07
 2.43057020E+07
 2.36868600E+07
 2.32357160E+07
 2.29719520E+07
 2.29214700E+07
 2.30911200E+07
 2.34708880E+07
 2.40385140E+07
 2.47595660E+07
 2.55929460E+07
 2.64771200E+07
 2.73527960E+07
 2.81295760E+07
 2.87128840E+07
 2.90105480E+07
 2.89777260E+07
 2.86012360E+07
 2.78857120E+07
 2.68783000E+07
 2.56261800E+07
 2.41281760E+07
 2.23891380E+07
 2.04018040E+07
 1.82165900E+07
 1.58663880E+07
 1.34329620E+07
 1.10267560E+07
 8.74867100E+06
 6.68002900E+06
 4.88214950E+06
 3.40253775E+06
 2.25961900E+06
 1.42048850E+06
 8.42248562E+05
 4.69386344E+05
 2.44706922E+05
 1.17463344E+05
 5.08495859E+04
 1.94248164E+04
 6.38324316E+03
 1.51498389E+03
 3.03140991E+02
 2.71230831E+01
 1.38148317E+01
 8.71026158E-01
 4.48879838E-01
 8.60140920E-02
 8.60140920E-02
 8.60140920E-02
 8.60140920E-02
 8.60140920E-02
 8.60140920E-02
 8.60140920E-02
 8.60140920E-02
 8.60140920E-02
 8.60140920E-02
 8.60140920E-02
 8.60140920E-02
 8.60140920E-02
 8.60140920E-02
 8.60140920E-02
 8.60140920E-02
 8.60140920E-02
 8.60140920E-02
 8.60140920E-02
 8.60140920E-02
 8.60140920E-02
 8.60140920E-02
 8.60140920E-02
 8.60140920E-02
 8.60140920E-02
 8.60140920E-02
 8.60140920E-02
 8.60140920E-02
 8.60140920E-02
 8.60140920E-02
 8.60140920E-02
 8.60140920E-02
 8.60140920E-02
 8.60140920E-02
 8.60140920E-02
 9.44594660E-08
 1.95976398E-07
 7.65905327E-07
 2.38543612E-06
 5.14508292E-06
 1.35233850E-05
 2.63816619E-05
 5.50314799E-05
 1.04227780E-04
 1.85407960E-04
 3.08340852E-04
 5.01756382E-04
 7.87760597E-04
 1.21762522E-03
 1.78048224E-03
 2.64640641E-03
 3.76578793E-03
 5.03645604E-03
 6.81027817E-03
 8.95676296E-03
 1.13271670E-02
 1.37889413E-02
 1.57652404E-02
 1.67984702E-02
 1.70570426E-02
 1.87753737E-02
 2.26921774E-02
 2.69710608E-02
 3.50065045E-02
 4.64503616E-02
 4.01623584E-02
 4.46063988E-02
 8.10927525E-02
 1.04310803E-01
 7.73143917E-02
 1.05791576E-01
 1.74046099E-01
 2.30032980E-01
 2.23073438E-01
 2.77687132E-01
 3.70198369E-01
 3.17085862E-01
 2.52628267E-01
 3.23274046E-01
 4.74884242E-01
 6.70040190E-01
 9.61946487E-01
 1.29485035E+00
 1.21715283E+00
 1.22310960E+00
 1.80287802E+00
 2.55638027E+00
 3.53735566E+00
 3.37976456E+00
 4.77059937E+00
 1.13314333E+01
 1.70966434E+01
 1.52440052E+01
 1.96935272E+01
 3.90045090E+01
 9.28833237E+01
 2.24191727E+02
 4.56629242E+02
 9.12583984E+02
 1.87380334E+03
 3.84029297E+03
 7.58853955E+03
 1.42878506E+04
 2.61449746E+04
 4.65629609E+04
 7.99423203E+04
 1.32088953E+05
 2.12316641E+05
 3.30626594E+05
 4.99280688E+05
 7.35133812E+05
 1.05564538E+06
 1.47932850E+06
 2.02617838E+06
 2.71877825E+06
 3.58347300E+06
 4.64345200E+06
 5.91781250E+06
 7.40735350E+06
 9.08593000E+06
 1.09444890E+07
 1.29423970E+07
 1.50425430E+07
 1.71708900E+07
 1.92563520E+07
 2.12404760E+07
 2.30833520E+07
 2.47584400E+07
 2.62493940E+07
 2.75578300E+07
 2.87013000E+07
 2.96921840E+07
 3.05379240E+07
 3.12411600E+07
 3.17949320E+07
 3.21814220E+07
 3.23955800E+07
 3.24383520E+07
 3.23207080E+07
 3.20580860E+07
 3.16587180E+07
 3.11234020E+07
 3.04656220E+07
 2.96988600E+07
 2.88387920E+07
 2.79189200E+07
 2.69691940E+07
 2.60102640E+07
 2.50647240E+07
 2.41618720E+07
 2.33380400E+07
 2.26204720E+07
 2.20300380E+07
 2.15851900E+07
 2.13022500E+07
 2.11996060E+07
 2.12969240E+07
 2.16106380E+07
 2.21525480E+07
 2.29168980E+07
 2.38782460E+07
 2.50039300E+07
 2.62501880E+07
 2.75556200E+07
 2.88311640E+07
 2.99645060E+07
 3.08418640E+07
 3.13683180E+07
 3.14683940E+07
 3.11053500E+07
 3.02883040E+07
 2.90698180E+07
 2.75144140E+07
 2.56512560E+07
 2.35211560E+07
 2.11663520E+07
 1.86353340E+07
 1.60127090E+07
 1.33947390E+07
 1.08776420E+07
 8.54231000E+06
 6.46291600E+06
 4.69178800E+06
 3.25042700E+06
 2.14878250E+06
 1.34807100E+06
 7.98944688E+05
 4.43413281E+05
 2.28797391E+05
 1.09179359E+05
 4.66790781E+04
 1.80687148E+04
 5.71588916E+03
 1.41380981E+03
 2.68476532E+02
 2.65460796E+01
-6.82858706E+00
 2.57593298E+00
 6.04946518E+00
 8.60140920E-02
 8.60140920E-02
 8.60140920E-02
 8.60140920E-02
 8.60140920E-02
 8.60140920E-02
 8.60140920E-02
 8.60140920E-02
 8.60140920E-02
 8.60140920E-02
 8.60140920E-02
 8.60140920E-02
 8.60140920E-02
 8.60140920E-02
 8.60140920E-02
 8.60140920E-02
 8.60140920E-02
 8.60140920E-02
 8.60140920E-02
 8.60140920E-02
 8.60140920E-02
 8.60140920E-02
 8.60140920E-02
 8.60140920E-02
 8.60140920E-02
 8.60140920E-02
 8.60140920E-02
 8.60140920E-02
 8.60140920E-02
 8.60140920E-02
 8.60140920E-02
 8.60140920E-02
 8.60140920E-02
 8.60140920E-02
 8.60140920E-02
 8.60140920E-02
-9.51991268E-08
 1.47027592E-07
 4.44998221E-07
 2.04434082E-06
 3.28764941E-06
 9.94718084E-06
 1.99813767E-05
 4.22931589E-05
 8.40474677E-05
 1.45883518E-04
 2.62789690E-04
 4.38905321E-04
 6.77716162E-04
 1.04850985E-03
 1.58119109E-03
 2.25874525E-03
 3.26229655E-03
 4.49646171E-03
 6.00548368E-03
 8.30508117E-03
 1.06076151E-02
 1.51345534E-02
 2.02423763E-02
 2.33583022E-02
 2.42876299E-02
 2.19622198E-02
 1.74501650E-02
 2.46086251E-02
 4.29762453E-02
 5.66593260E-02
 5.34862950E-02
 4.08109576E-02
 3.72172110E-02
 5.56739010E-02
 8.72723162E-02
 8.24633539E-02
 1.18467957E-01
 1.77286148E-01
 2.29386806E-01
 4.29929972E-01
 3.88707280E-01
 3.71511579E-01
 4.69494373E-01
 5.20345926E-01
 4.72867072E-01
 6.71461582E-01
 9.87367988E-01
 1.12245834E+00
 1.26387322E+00
 1.73644280E+00
 1.89635158E+00
 1.59163868E+00
 1.92899287E+00
 7.46355629E+00
 9.90309620E+00
 6.83566046E+00
 7.67524099E+00
 2.20857525E+01
 5.47834625E+01
 6.70514069E+01
 6.41765442E+01
 8.51659241E+01
 2.63545319E+02
 5.66193359E+02
 1.05644263E+03
 2.02853564E+03
 3.89304956E+03
 7.52723193E+03
 1.38794512E+04
 2.47438574E+04
 4.31586211E+04
 7.29302188E+04
 1.19031055E+05
 1.88248812E+05
 2.89371906E+05
 4.32675125E+05
 6.29990625E+05
 8.95473438E+05
 1.24382762E+06
 1.69152625E+06
 2.25698150E+06
 2.95922875E+06
 3.81508050E+06
 4.83578050E+06
 6.02391700E+06
 7.37677900E+06
 8.88275300E+06
 1.05206450E+07
 1.22611700E+07
 1.40529550E+07
 1.58308230E+07
 1.75508580E+07
 1.91867400E+07
 2.07159780E+07
 2.21250680E+07
 2.34046640E+07
 2.45424500E+07
 2.55244980E+07
 2.63363280E+07
 2.69624120E+07
 2.73909240E+07
 2.76194060E+07
 2.76560320E+07
 2.75181200E+07
 2.72280880E+07
 2.68122980E+07
 2.62891720E+07
 2.56787300E+07
 2.49908720E+07
 2.42412020E+07
 2.34643300E+07
 2.26974780E+07
 2.19689980E+07
 2.13045000E+07
 2.07308920E+07
 2.02691980E+07
 1.99456260E+07
 1.97806400E+07
 1.97870100E+07
 1.99780540E+07
 2.03714280E+07
 2.09856980E+07
 2.18306380E+07
 2.28998120E+07
 2.41704320E+07
 2.56089400E+07
 2.71695260E+07
 2.87727640E+07
 3.03133220E+07
 3.16708380E+07
 3.27164060E+07
 3.33277560E+07
 3.34139860E+07
 3.29488080E+07
 3.19575960E+07
 3.04871200E+07
 2.86147080E+07
 2.64193540E+07
 2.39554820E+07
 2.12931940E+07
 1.85210060E+07
 1.57267570E+07
 1.30104230E+07
 1.04623270E+07
 8.14637500E+06
 6.11418050E+06
 4.40631250E+06
 3.03984600E+06
 1.99873500E+06
 1.24647038E+06
 7.34217812E+05
 4.05723750E+05
 2.07957812E+05
 9.87962188E+04
 4.20547852E+04
 1.60535342E+04
 5.05886914E+03
 1.24690344E+03
 2.17026581E+02
 1.40523863E+01
 2.19985223E+00
 5.36708784E+00
-4.51902151E+00
 8.60140920E-02
 8.60140920E-02
 8.60140920E-02
 8.60140920E-02
 8.60140920E-02
 8.60140920E-02
 8.60140920E-02
 8.60140920E-02
 8.60140920E-02
 8.60140920E-02
 8.60140920E-02
 8.60140920E-02
 8.60140920E-02
 8.60140920E-02
 8.60140920E-02
 8.60140920E-02
 8.60140920E-02
 8.60140920E-02
 8.60140920E-02
 8.60140920E-02
 8.60140920E-02
 8.60140920E-02
 8.60140920E-02
 8.60140920E-02
 8.60140920E-02
 8.60140920E-02
 8.60140920E-02
 8.60140920E-02
 8.60140920E-02
 8.60140920E-02
 8.60140920E-02
 8.60140920E-02
 8.60140920E-02
 8.60140920E-02
 8.60140920E-02
 8.60140920E-02
 8.60140920E-02
 8.60140920E-02
 4.70144137E-08
 2.74990782E-07
 8.47169645E-07
 2.69735210E-06
 6.58456565E-06
 1.50067690E-05
 3.13451128E-05
 6.57118362E-05
 1.20770535E-04
 2.13361636E-04
 3.60400765E-04
 5.66737610E-04
 8.96909856E-04
 1.35016767E-03
 1.96385127E-03
 2.92486767E-03
 3.96420294E-03
 5.39289089E-03
 7.10333278E-03
 8.95680115E-03
 1.28930239E-02
 2.01515146E-02
 2.69725528E-02
 3.39824744E-02
 3.75325941E-02
 1.56886820E-02
 1.12091051E-02
 4.08998094E-02
 8.50531012E-02
 1.05202854E-01
 7.59284049E-02
 1.97528414E-02
 2.82069165E-02
 1.64735824E-01
 1.35592684E-01
 2.82152165E-02
 9.47787836E-02
 2.59163558E-01
 3.92170131E-01
 3.87565255E-01
 5.16829193E-01
 7.04917192E-01
 6.91001356E-01
 5.66230536E-01
 6.14442050E-01
 8.76429975E-01
 1.01804626E+00
 1.83714855E+00
 3.03609133E+00
 3.44443440E+00
 2.76745296E+00
 2.85158682E+00
 5.59724665E+00
 5.79584503E+00
 2.37086439E+00
 5.57375383E+00
 1.79803791E+01
 2.41992016E+01
 2.18030243E+01
 2.07870255E+01
 3.42555542E+01
 8.97638855E+01
 2.55610855E+02
 5.62776001E+02
 7.81664734E+02
 1.65180762E+03
 3.61651440E+03
 6.75316748E+03
 1.17896201E+04
 2.12927930E+04
 3.65193945E+04
 6.02797773E+04
 9.64206641E+04
 1.51178391E+05
 2.31052906E+05
 3.43302312E+05
 4.97059719E+05
 7.03533062E+05
 9.75467875E+05
 1.32682250E+06
 1.77243938E+06
 2.32749075E+06
 3.00703850E+06
 3.82329975E+06
 4.78508250E+06
 5.89775400E+06
 7.16096400E+06
 8.56588200E+06
 1.00765110E+07
 1.16369640E+07
 1.32038160E+07
 1.47466000E+07
 1.62452230E+07
 1.76755820E+07
 1.90084520E+07
 2.02153600E+07
 2.12649580E+07
 2.21311480E+07
 2.27943920E+07
 2.32480780E+07
 2.34969720E+07
 2.35554620E+07
 2.34484440E+07
 2.32075460E+07
 2.28670080E+07
 2.24508380E+07
 2.19764680E+07
 2.14534180E+07
 2.09018840E+07
 2.03637480E+07
 1.98701440E+07
 1.94472720E+07
 1.91187120E+07
 1.89030460E+07
 1.88242580E+07
 1.89035120E+07
 1.91572020E+07
 1.95989540E+07
 2.02453120E+07
 2.11072640E+07
 2.21876700E+07
 2.34820540E+07
 2.49797580E+07
 2.66434720E+07
 2.84077660E+07
 3.01763040E+07
 3.18323660E+07
 3.32387780E+07
 3.42512240E+07
 3.47564520E+07
 3.46873400E+07
 3.40209720E+07
 3.27813520E+07
 3.10436480E+07
 2.88765560E+07
 2.63893540E+07
 2.36670680E+07
 2.08008520E+07
 1.78922880E+07
 1.50452740E+07
 1.23361810E+07
 9.82692800E+06
 7.58567650E+06
 5.65232400E+06
 4.04720775E+06
 2.77420050E+06
 1.81108700E+06
 1.12242975E+06
 6.56426375E+05
 3.59890312E+05
 1.83689625E+05
 8.56446094E+04
 3.60920234E+04
 1.37625693E+04
 4.16747217E+03
 1.03975342E+03
 1.75370956E+02
 1.77081718E+01
-2.99033475E+00
 5.00702918E-01
-1.79778323E-01
 8.60140920E-02
 8.60140920E-02
 8.60140920E-02
 8.60140920E-02
 8.60140920E-02
 8.60140920E-02
 8.60140920E-02
 8.60140920E-02
 8.60140920E-02
 8.60140920E-02
 8.60140920E-02
 8.60140920E-02
 8.60140920E-02
 8.60140920E-02
 8.60140920E-02
 8.60140920E-02
 8.60140920E-02
 8.60140920E-02
 8.60140920E-02
 8.60140920E-02
 8.60140920E-02
 8.60140920E-02
 8.60140920E-02
 8.60140920E-02
 8.60140920E-02
 8.60140920E-02
 8.60140920E-02
 8.60140920E-02
 8.60140920E-02
 8.60140920E-02
 8.60140920E-02
 8.60140920E-02
 8.60140920E-02
 8.60140920E-02
 8.60140920E-02
 8.60140920E-02
 8.60140920E-02
 8.60140920E-02
 8.60140920E-02
 3.75097002E-08
 7.94938373E-08
 5.83136057E-07
 1.60506818E-06
 4.61328227E-06
 1.12784892E-05
 2.52729278E-05
 4.79486516E-05
 9.80050827E-05
 1.78355273E-04
 3.01946595E-04
 5.00302878E-04
 7.76229019E-04
 1.21306640E-03
 1.68198277E-03
 2.59029842E-03
 3.65697686E-03
 4.83125448E-03
 7.09723029E-03
 8.96486454E-03
 9.82209947E-03
 1.39952842E-02
 2.05226690E-02
 3.25128138E-02
 4.83739190E-02
 3.90583277E-02
 2.02316586E-02
 2.30126549E-02
 4.22099493E-02
 5.76531813E-02
 5.50867729E-02
 4.70257327E-02
 8.18837509E-02
 1.16323024E-01
 1.09488055E-01
 1.62971154E-01
 3.50438029E-01
 3.30841780E-01
 1.80862278E-01
 1.78746536E-01
 3.33011091E-01
 4.93986040E-01
 5.13209224E-01
 6.31478786E-01
 9.61602449E-01
 1.28860915E+00
 1.28190267E+00
 1.49468660E+00
 2.13335156E+00
 2.87154555E+00
 3.59881353E+00
 5.17569160E+00
 4.07300091E+00
 6.37047291E+00
 1.54076691E+01
 2.23055592E+01
 1.16825342E+01
 6.74873257E+00
 2.81310081E+01
 5.83786087E+01
 8.07109070E+01
 9.37089539E+01
 1.23479118E+02
 2.48344727E+02
 5.09753784E+02
 9.01351685E+02
 1.68272827E+03
 3.04038599E+03
 5.23195166E+03
 9.27780273E+03
 1.64187461E+04
 2.79692207E+04
 4.49610547E+04
 7.10107266E+04
 1.12105641E+05
 1.70357000E+05
 2.51798703E+05
 3.64563750E+05
 5.18526219E+05
 7.24436938E+05
 9.93222938E+05
 1.33777012E+06
 1.77246150E+06
 2.31276200E+06
 2.97334550E+06
 3.77343700E+06
 4.72178750E+06
 5.81872550E+06
 7.04767150E+06
 8.37391450E+06
 9.76235700E+06
 1.11815320E+07
 1.26062820E+07
 1.40015810E+07
 1.53207810E+07
 1.65256620E+07
 1.75852180E+07
 1.84738680E+07
 1.91754800E+07
 1.96844160E+07
 2.00053960E+07
 2.01601000E+07
 2.01768760E+07
 2.00886640E+07
 1.99205700E+07
 1.96970760E+07
 1.94393480E+07
 1.91620760E+07
 1.88877340E+07
 1.86472380E+07
 1.84720500E+07
 1.83925020E+07
 1.84278600E+07
 1.85911820E+07
 1.89050480E+07
 1.93807100E+07
 2.00319940E+07
 2.08753680E+07
 2.19215200E+07
 2.31771360E+07
 2.46382860E+07
 2.62919940E+07
 2.80935460E+07
 2.99452680E+07
 3.17261300E+07
 3.33049120E+07
 3.45514040E+07
 3.53462320E+07
 3.55823960E+07
 3.52139960E+07
 3.42441080E+07
 3.27127880E+07
 3.06910380E+07
 2.82779180E+07
 2.55761320E+07
 2.26931360E+07
 1.97426700E+07
 1.68322740E+07
 1.40327700E+07
 1.14095200E+07
 9.02062000E+06
 6.90992050E+06
 5.11051800E+06
 3.63277050E+06
 2.47178200E+06
 1.60102412E+06
 9.85517688E+05
 5.72610625E+05
 3.11010438E+05
 1.56794219E+05
 7.27251328E+04
 3.03877676E+04
 1.09568945E+04
 3.41148779E+03
 7.35999268E+02
 1.35428070E+02
 6.75915194E+00
 6.09030771E+00
-6.68681002E+00
 8.60140920E-02
 8.60140920E-02
 8.60140920E-02
 8.60140920E-02
 8.60140920E-02
 8.60140920E-02
 8.60140920E-02
 8.60140920E-02
 8.60140920E-02
 8.60140920E-02
 8.60140920E-02
 8.60140920E-02
 8.60140920E-02
 8.60140920E-02
 8.60140920E-02
 8.60140920E-02
 8.60140920E-02
 8.60140920E-02
 8.60140920E-02
 8.60140920E-02
 8.60140920E-02
 8.60140920E-02
 8.60140920E-02
 8.60140920E-02
 8.60140920E-02
 8.60140920E-02
 8.60140920E-02
 8.60140920E-02
 8.60140920E-02
 8.60140920E-02
 8.60140920E-02
 8.60140920E-02
 8.60140920E-02
 8.60140920E-02
 8.60140920E-02
 8.60140920E-02
 8.60140920E-02
 8.60140920E-02
 8.60140920E-02
 8.60140920E-02
 8.60140920E-02
 1.37098226E-08
 7.25824236E-08
 2.57508646E-07
 1.12660689E-06
 3.30720172E-06
 7.94038442E-06
 1.79175895E-05
 3.94053750E-05
 8.02310533E-05
 1.43325015E-04
 2.55907245E-04
 4.42107936E-04
 6.78530894E-04
 1.05477811E-03
 1.55841373E-03
 2.18251674E-03
 3.24163400E-03
 4.35155584E-03
 5.99495834E-03
 8.94789398E-03
 1.09376796E-02
 1.14563750E-02
 1.23272957E-02
 1.57786235E-02
 3.55531313E-02
 3.85484956E-02
 3.30928192E-02
 3.71343978E-02
 5.23088016E-02
 6.29951730E-02
 6.62355423E-02
 5.94630726E-02
 4.98598181E-02
 1.00052364E-01
 1.22097701E-01
 8.56028348E-02
 2.42673367E-01
 4.82062288E-02
 3.17965657E-01
 5.18064439E-01
 3.68280649E-01
 2.98936069E-01
 5.41019320E-01
 9.21532691E-01
 8.71520698E-01
 6.50022268E-01
 1.01880860E+00
 1.52326870E+00
 1.30899012E+00
 1.19832075E+00
 1.90149736E+00
 4.04837370E+00
 4.15406847E+00
 6.81744397E-01
 5.23077393E+00
 1.22249975E+01
 4.39520979E+00
 9.98168373E+00
 4.52300310E+00
 1.30394154E+01
 2.98468056E+01
 4.36875496E+01
 6.02891464E+01
 7.54620590E+01
 2.21823059E+02
 4.03238007E+02
 6.74121399E+02
 1.20890210E+03
 2.22258008E+03
 3.88075854E+03
 6.80814697E+03
 1.17593350E+04
 1.95225957E+04
 3.13606055E+04
 4.94554883E+04
 7.71293281E+04
 1.17786102E+05
 1.75732938E+05
 2.56981375E+05
 3.69147062E+05
 5.21329844E+05
 7.24223250E+05
 9.90625688E+05
 1.33428700E+06
 1.77121700E+06
 2.32105650E+06
 2.99939000E+06
 3.81913875E+06
 4.77770450E+06
 5.85976150E+06
 7.04069600E+06
 8.29235100E+06
 9.58769800E+06
 1.08891460E+07
 1.21513420E+07
 1.33330640E+07
 1.44030300E+07
 1.53386030E+07
 1.61197230E+07
 1.67382910E+07
 1.72028680E+07
 1.75309840E+07
 1.77475960E+07
 1.78890680E+07
 1.79753140E+07
 1.80195400E+07
 1.80454260E+07
 1.80781920E+07
 1.81393180E+07
 1.82508120E+07
 1.84354180E+07
 1.87165340E+07
 1.91178720E+07
 1.96533540E+07
 2.03317940E+07
 2.11704820E+07
 2.21847960E+07
 2.33762000E+07
 2.47441260E+07
 2.62998380E+07
 2.80227060E+07
 2.97964060E+07
 3.15583780E+07
 3.31624060E+07
 3.44918720E+07
 3.54270800E+07
 3.58626760E+07
 3.57157600E+07
 3.49594600E+07
 3.36231080E+07
 3.17759040E+07
 2.95020000E+07
 2.69113560E+07
 2.41067040E+07
 2.11937200E+07
 1.82754300E+07
 1.54480110E+07
 1.27751340E+07
 1.03087340E+07
 8.09129950E+06
 6.15352550E+06
 4.51728300E+06
 3.18589375E+06
 2.14988475E+06
 1.38242438E+06
 8.43497125E+05
 4.85730281E+05
 2.61337953E+05
 1.30655188E+05
 5.98237773E+04
 2.45266914E+04
 8.71266016E+03
 2.52280640E+03
 5.80577759E+02
 1.04165253E+02
 2.94808340E+00
-3.02534938E+00
-6.70231533E+00
 8.60140920E-02
 8.60140920E-02
 8.60140920E-02
 8.60140920E-02
 8.60140920E-02
 8.60140920E-02
 8.60140920E-02
 8.60140920E-02
 8.60140920E-02
 8.60140920E-02
 8.60140920E-02
 8.60140920E-02
 8.60140920E-02
 8.60140920E-02
 8.60140920E-02
 8.60140920E-02
 8.60140920E-02
 8.60140920E-02
 8.60140920E-02
 8.60140920E-02
 8.60140920E-02
 8.60140920E-02
 8.60140920E-02
 8.60140920E-02
 8.60140920E-02
 8.60140920E-02
 8.60140920E-02
 8.60140920E-02
 8.60140920E-02
 8.60140920E-02
 8.60140920E-02
 8.60140920E-02
 8.60140920E-02
 8.60140920E-02
 8.60140920E-02
 8.60140920E-02
 8.60140920E-02
 8.60140920E-02
 8.60140920E-02
 8.60140920E-02
 8.60140920E-02
 8.60140920E-02
 8.60140920E-02
 1.31041617E-07
 2.25483745E-07
 5.36773541E-07
 2.08761571E-06
 5.23428116E-06
 1.33227404E-05
 2.90068510E-05
 6.10149618E-05
 1.15984680E-04
 2.17327979E-04
 3.67924251E-04
 5.95175428E-04
 9.59524594E-04
 1.42142666E-03
 2.07024836E-03
 2.92331888E-03
 4.01715375E-03
 5.69824688E-03
 7.77390832E-03
 1.12794451E-02
 1.64441839E-02
 1.99012216E-02
 1.94863360E-02
 2.91291419E-02
 2.92727202E-02
 3.17879729E-02
 4.12164815E-02
 5.15590571E-02
 5.37983142E-02
 5.81019670E-02
 7.18440786E-02
 8.30390677E-02
 1.00400433E-01
 1.40855983E-01
 2.04144225E-01
 2.53070801E-01
 1.42553017E-01
 4.42656308E-01
 7.32062936E-01
 5.31763554E-01
 2.53407538E-01
 8.94508064E-01
 1.03273761E+00
 6.28203809E-01
 7.50392556E-01
 1.55050051E+00
 8.65216017E-01
 1.18109465E+00
 2.25784326E+00
 1.44583786E+00
 1.40729773E+00
 3.54506516E+00
 3.94115639E+00
 6.40444851E+00
 9.79199982E+00
 4.21777916E+00
 1.19797611E+01
 2.27692585E+01
 1.47439852E+01
 1.45816307E+01
 2.99956455E+01
 4.33637276E+01
 4.99121933E+01
 9.21969299E+01
 1.87268860E+02
 2.69092682E+02
 4.49642120E+02
 9.12189209E+02
 1.71265820E+03
 2.79923950E+03
 4.91633008E+03
 8.43353125E+03
 1.34172383E+04
 2.10196074E+04
 3.33422969E+04
 5.20701328E+04
 7.92453516E+04
 1.19368906E+05
 1.77195203E+05
 2.58856469E+05
 3.72903000E+05
 5.29142938E+05
 7.39309812E+05
 1.01733638E+06
 1.37927025E+06
 1.84527150E+06
 2.43125450E+06
 3.14438050E+06
 3.98319500E+06
 4.94505550E+06
 6.00799350E+06
 7.15310700E+06
 8.34805850E+06
 9.54631500E+06
 1.07126640E+07
 1.18129620E+07
 1.28220370E+07
 1.37183980E+07
 1.44928920E+07
 1.51526420E+07
 1.57123290E+07
 1.61923800E+07
 1.66212720E+07
 1.70155200E+07
 1.73834260E+07
 1.77468460E+07
 1.81298780E+07
 1.85550080E+07
 1.90380100E+07
 1.95944700E+07
 2.02407320E+07
 2.09932860E+07
 2.18662480E+07
 2.28729140E+07
 2.40248420E+07
 2.53283560E+07
 2.67687640E+07
 2.83214340E+07
 2.99518720E+07
 3.15539500E+07
 3.30135000E+07
 3.42797520E+07
 3.51930200E+07
 3.56747680E+07
 3.56375000E+07
 3.50295040E+07
 3.38639520E+07
 3.21987800E+07
 3.00895000E+07
 2.76404080E+07
 2.49587520E+07
 2.21487420E+07
 1.93105200E+07
 1.65303470E+07
 1.38723140E+07
 1.13862080E+07
 9.11594300E+06
 7.09665250E+06
 5.35289950E+06
 3.89664275E+06
 2.72596250E+06
 1.82619462E+06
 1.16445550E+06
 7.02929562E+05
 4.01393031E+05
 2.14580000E+05
 1.05490352E+05
 4.75706797E+04
 1.91026328E+04
 6.60724658E+03
 1.85930444E+03
 4.09283905E+02
 3.53404579E+01
 2.65560112E+01
-1.10365829E+01
 1.11499081E+01
 8.60140920E-02
 8.60140920E-02
 8.60140920E-02
 8.60140920E-02
 8.60140920E-02
 8.60140920E-02
 8.60140920E-02
 8.60140920E-02
 8.60140920E-02
 8.60140920E-02
 8.60140920E-02
 8.60140920E-02
 8.60140920E-02
 8.60140920E-02
 8.60140920E-02
 8.60140920E-02
 8.60140920E-02
 8.60140920E-02
 8.60140920E-02
 8.60140920E-02
 8.60140920E-02
 8.60140920E-02
 8.60140920E-02
 8.60140920E-02
 8.60140920E-02
 8.60140920E-02
 8.60140920E-02
 8.60140920E-02
 8.60140920E-02
 8.60140920E-02
 8.60140920E-02
 8.60140920E-02
 8.60140920E-02
 8.60140920E-02
 8.60140920E-02
 8.60140920E-02
 8.60140920E-02
 8.60140920E-02
 8.60140920E-02
 8.60140920E-02
 8.60140920E-02
 8.60140920E-02
 8.60140920E-02
 8.60140920E-02
 2.02022221E-08
 5.79408557E-08
 5.05035700E-07
 1.34146080E-06
 3.46798197E-06
 9.41200688E-06
 2.17659999E-05
 4.70044361E-05
 9.27053261E-05
 1.72777523E-04
 3.15957819E-04
 5.22947346E-04
 8.45593575E-04
 1.29944121E-03
 1.92526239E-03
 2.74513266E-03
 3.83546250E-03
 5.00705000E-03
 6.73383987E-03
 8.57148971E-03
 1.14609366E-02
 1.69595201E-02
 1.96122006E-02
 2.22815964E-02
 2.72180289E-02
 3.48681733E-02
 4.37301882E-02
 5.09861819E-02
 5.58634102E-02
 6.74210489E-02
 8.16788301E-02
 1.14055872E-01
 8.93287361E-02
 6.51120916E-02
 1.35172784E-01
 2.40767270E-01
 1.94058239E-01
 2.30089411E-01
 4.22883421E-01
 3.51376086E-01
 3.56483340E-01
 1.01300502E+00
 9.16532457E-01
 4.63010788E-01
 9.80159342E-01
 1.61427176E+00
 4.98606682E-01
 7.82544136E-01
 2.60581636E+00
 3.33144450E+00
 2.13702583E+00
 2.44887972E+00
 2.98493385E+00
 3.01118064E+00
 3.21195126E+00
 1.98187304E+00
 1.37990770E+01
 1.04070435E+01
 4.45630884E+00
 1.29687443E+01
 3.42708015E+01
 4.37457161E+01
 4.05710869E+01
 7.02779007E+01
 1.33807739E+02
 1.57023224E+02
 2.20244492E+02
 4.59753326E+02
 8.60717896E+02
 1.16870459E+03
 1.75147656E+03
 3.08021362E+03
 5.38237012E+03
 8.81007617E+03
 1.40956436E+04
 2.24978867E+04
 3.54353242E+04
 5.48431094E+04
 8.36415312E+04
 1.25956828E+05
 1.86975172E+05
 2.74385375E+05
 3.98095781E+05
 5.69832875E+05
 8.02975438E+05
 1.11405288E+06
 1.51949350E+06
 2.03416700E+06
 2.66830625E+06
 3.42683050E+06
 4.30916050E+06
 5.30483350E+06
 6.38780450E+06
 7.52716800E+06
 8.68946700E+06
 9.84021100E+06
 1.09483200E+07
 1.19932030E+07
 1.29690060E+07
 1.38767740E+07
 1.47222750E+07
 1.55165660E+07
 1.62778840E+07
 1.70182100E+07
 1.77477960E+07
 1.84789680E+07
 1.92271480E+07
 2.00119960E+07
 2.08496360E+07
 2.17488760E+07
 2.27193140E+07
 2.37719600E+07
 2.49242820E+07
 2.61824920E+07
 2.75289640E+07
 2.89409180E+07
 3.03627480E+07
 3.17383160E+07
 3.30050720E+07
 3.40731560E+07
 3.48465720E+07
 3.52346760E+07
 3.51630560E+07
 3.46054640E+07
 3.35572640E+07
 3.20348200E+07
 3.00918260E+07
 2.78108560E+07
 2.52839160E+07
 2.26092360E+07
 1.98892040E+07
 1.72081140E+07
 1.46218480E+07
 1.21802440E+07
 9.92519200E+06
 7.88517600E+06
 6.08515700E+06
 4.54619300E+06
 3.27694475E+06
 2.27312500E+06
 1.50810800E+06
 9.53090125E+05
 5.71969188E+05
 3.22857312E+05
 1.69364344E+05
 8.29298828E+04
 3.66777539E+04
 1.44123945E+04
 4.75333691E+03
 1.32387744E+03
 2.86776184E+02
 4.46053009E+01
 1.02610855E+01
-6.82007027E+00
-3.95278621E+00
 8.60140920E-02
 8.60140920E-02
 8.60140920E-02
 8.60140920E-02
 8.60140920E-02
 8.60140920E-02
 8.60140920E-02
 8.60140920E-02
 8.60140920E-02
 8.60140920E-02
 8.60140920E-02
 8.60140920E-02
 8.60140920E-02
 8.60140920E-02
 8.60140920E-02
 8.60140920E-02
 8.60140920E-02
 8.60140920E-02
 8.60140920E-02
 8.60140920E-02
 8.60140920E-02
 8.60140920E-02
 8.60140920E-02
 8.60140920E-02
 8.60140920E-02
 8.60140920E-02
 8.60140920E-02
 8.60140920E-02
 8.60140920E-02
 8.60140920E-02
 8.60140920E-02
 8.60140920E-02
 8.60140920E-02
 8.60140920E-02
 8.60140920E-02
 8.60140920E-02
 8.60140920E-02
 8.60140920E-02
 8.60140920E-02
 8.60140920E-02
 8.60140920E-02
 8.60140920E-02
 8.60140920E-02
 8.60140920E-02
 8.60140920E-02
 1.76555481E-08
 6.59785613E-08
 2.28030032E-07
 7.16048419E-07
 2.37038262E-06
 6.07857373E-06
 1.50245423E-05
 3.36209960E-05
 7.12397814E-05
 1.38527466E-04
 2.55202554E-04
 4.44750825E-04
 7.38958246E-04
 1.14541315E-03
 1.79205206E-03
 2.57489970E-03
 3.65737290E-03
 5.01164235E-03
 6.92210160E-03
 9.03911516E-03
 1.12131890E-02
 1.40172932E-02
 1.96643658E-02
 2.56773327E-02
 2.99277343E-02
 3.42267230E-02
 4.11002226E-02
 5.02810031E-02
 5.84258139E-02
 6.96699768E-02
 8.57527927E-02
 1.04550675E-01
 1.22024655E-01
 1.08561270E-01
 1.66968733E-01
 2.11996004E-01
 2.37695470E-01
 2.69949019E-01
 3.61450493E-01
 3.36441100E-01
 5.05069971E-01
 6.58242226E-01
 6.10108256E-01
 2.42344305E-01
 6.63757563E-01
 1.51686680E+00
 1.46128845E+00
 6.23554647E-01
 9.96121943E-01
 1.78880632E+00
 1.57649660E+00
 2.44777155E+00
 3.36198449E+00
 2.15533733E+00
 2.08600497E+00
 4.81609106E+00
 5.01270056E+00
 4.75143719E+00
 1.22252023E+00
 4.54164600E+00
 2.30390091E+01
 2.64779911E+01
 9.78246593E+00
 2.13286743E+01
 5.46588516E+01
 8.30869141E+01
 1.24519058E+02
 1.82918198E+02
 4.01995270E+02
 5.10500305E+02
 9.71588074E+02
 1.73874097E+03
 2.62155078E+03
 3.84933667E+03
 6.17864062E+03
 1.01878115E+04
 1.61462900E+04
 2.46359844E+04
 3.87052422E+04
 6.07608125E+04
 9.40829141E+04
 1.43277562E+05
 2.15616781E+05
 3.20837688E+05
 4.69572969E+05
 6.77138188E+05
 9.58735250E+05
 1.33240888E+06
 1.81454675E+06
 2.41712475E+06
 3.14883275E+06
 4.01610525E+06
 5.00711000E+06
 6.09945800E+06
 7.26773550E+06
 8.48466100E+06
 9.72327900E+06
 1.09603970E+07
 1.21826130E+07
 1.33813800E+07
 1.45529980E+07
 1.56990660E+07
 1.68258840E+07
 1.79361320E+07
 1.90318320E+07
 2.01186260E+07
 2.12060980E+07
 2.23080140E+07
 2.34413280E+07
 2.46137960E+07
 2.58256840E+07
 2.70705740E+07
 2.83371400E+07
 2.96077240E+07
 3.08520820E+07
 3.20173540E+07
 3.30409100E+07
 3.38602960E+07
 3.44124600E+07
 3.46329120E+07
 3.44604960E+07
 3.38635200E+07
 3.28370700E+07
 3.13983920E+07
 2.95853860E+07
 2.74610220E+07
 2.51078060E+07
 2.26055840E+07
 2.00393300E+07
 1.74917900E+07
 1.50180290E+07
 1.26616450E+07
 1.04603530E+07
 8.44938600E+06
 6.65443900E+06
 5.08961050E+06
 3.76668400E+06
 2.68884675E+06
 1.84422875E+06
 1.21161138E+06
 7.59046250E+05
 4.49743219E+05
 2.51338578E+05
 1.30283852E+05
 6.27427969E+04
 2.74221406E+04
 1.02419854E+04
 3.36421118E+03
 8.44837830E+02
 1.58457550E+02
 1.53981428E+01
-4.24826574E+00
-4.80583858E+00
 4.26638269E+00
 8.60140920E-02
 8.60140920E-02
 8.60140920E-02
 8.60140920E-02
 8.60140920E-02
 8.60140920E-02
 8.60140920E-02
 8.60140920E-02
 8.60140920E-02
 8.60140920E-02
 8.60140920E-02
 8.60140920E-02
 8.60140920E-02
 8.60140920E-02
 8.60140920E-02
 8.60140920E-02
 8.60140920E-02
 8.60140920E-02
 8.60140920E-02
 8.60140920E-02
 8.60140920E-02
 8.60140920E-02
 8.60140920E-02
 8.60140920E-02
 8.60140920E-02
 8.60140920E-02
 8.60140920E-02
 8.60140920E-02
 8.60140920E-02
 8.60140920E-02
 8.60140920E-02
 8.60140920E-02
 8.60140920E-02
 8.60140920E-02
 8.60140920E-02
 8.60140920E-02
 8.60140920E-02
 8.60140920E-02
 8.60140920E-02
 8.60140920E-02
 8.60140920E-02
 8.60140920E-02
 8.60140920E-02
 8.60140920E-02
 8.60140920E-02
 8.60140920E-02
 8.60140920E-02
-2.58982968E-09
 1.64598376E-07
 4.48277433E-07
 1.31193906E-06
 3.90633113E-06
 9.92446257E-06
 2.29485013E-05
 4.99748421E-05
 1.06455671E-04
 2.02863943E-04
 3.60235019E-04
 6.34507393E-04
 1.04066310E-03
 1.58941071E-03
 2.40822067E-03
 3.50798341E-03
 4.98216785E-03
 6.87454734E-03
 9.18475818E-03
 1.21533154E-02
 1.55066950E-02
 1.95135027E-02
 2.44945195E-02
 2.95754727E-02
 3.72944325E-02
 4.47786041E-02
 5.35740145E-02
 6.39075860E-02
 7.23850504E-02
 8.08279961E-02
 9.01671201E-02
 1.04300432E-01
 1.31563380E-01
 1.55078307E-01
 1.63612679E-01
 1.71906978E-01
 1.95235044E-01
 2.23179087E-01
 2.26321951E-01
 2.07924381E-01
 1.95176333E-01
 3.02511960E-01
 6.29486144E-01
 5.37457883E-01
 1.92201719E-01
 3.85959476E-01
 1.49362767E+00
 1.61375165E+00
 9.95821714E-01
 9.70857561E-01
 3.18775988E+00
 5.86822748E+00
 6.22149277E+00
 4.50854492E+00
 9.54745054E-01
 8.40174198E+00
 1.58678942E+01
 1.36598997E+01
 1.22929153E+01
 2.30397911E+01
 1.62946301E+01
 1.27813711E+01
 3.77385788E+01
 5.04903755E+01
 2.85807095E+01
 6.43402863E+01
 1.15873085E+02
 1.16525932E+02
 1.69417191E+02
 4.46245148E+02
 6.86696106E+02
 1.04907336E+03
 1.69382593E+03
 2.99606470E+03
 5.15739258E+03
 7.46876953E+03
 1.20424580E+04
 1.95723906E+04
 3.12687852E+04
 4.98334570E+04
 7.86298828E+04
 1.22822203E+05
 1.90315562E+05
 2.91466500E+05
 4.37449375E+05
 6.43258062E+05
 9.28687312E+05
 1.31227762E+06
 1.81288525E+06
 2.44855700E+06
 3.23488725E+06
 4.17349400E+06
 5.25147600E+06
 6.45830200E+06
 7.77849400E+06
 9.18670200E+06
 1.06527090E+07
 1.21526750E+07
 1.36689960E+07
 1.51886440E+07
 1.66995320E+07
 1.81920340E+07
 1.96562260E+07
 2.10824140E+07
 2.24710460E+07
 2.38266720E+07
 2.51556600E+07
 2.64573460E+07
 2.77277520E+07
 2.89562540E+07
 3.01235180E+07
 3.12032500E+07
 3.21606980E+07
 3.29506240E+07
 3.35243660E+07
 3.38405720E+07
 3.38597680E+07
 3.35447400E+07
 3.28640660E+07
 3.18189640E+07
 3.04216040E+07
 2.87001120E+07
 2.67068460E+07
 2.45096540E+07
 2.21834060E+07
 1.97979280E+07
 1.74143800E+07
 1.50837620E+07
 1.28470680E+07
 1.07402820E+07
 8.79456700E+06
 7.03578800E+06
 5.48372400E+06
 4.15047625E+06
 3.04041425E+06
 2.14811375E+06
 1.45875650E+06
 9.47872250E+05
 5.86393688E+05
 3.43563031E+05
 1.89408453E+05
 9.73624922E+04
 4.55256562E+04
 1.89506465E+04
 6.93726709E+03
 2.23388965E+03
 5.62807922E+02
 8.30299759E+01
 4.90395775E+01
-1.98573036E+01
-6.56441069E+00
 8.60140920E-02
 8.60140920E-02
 8.60140920E-02
 8.60140920E-02
 8.60140920E-02
 8.60140920E-02
 8.60140920E-02
 8.60140920E-02
 8.60140920E-02
 8.60140920E-02
 8.60140920E-02
 8.60140920E-02
 8.60140920E-02
 8.60140920E-02
 8.60140920E-02
 8.60140920E-02
 8.60140920E-02
 8.60140920E-02
 8.60140920E-02
 8.60140920E-02
 8.60140920E-02
 8.60140920E-02
 8.60140920E-02
 8.60140920E-02
 8.60140920E-02
 8.60140920E-02
 8.60140920E-02
 8.60140920E-02
 8.60140920E-02
 8.60140920E-02
 8.60140920E-02
 8.60140920E-02
 8.60140920E-02
 8.60140920E-02
 8.60140920E-02
 8.60140920E-02
 8.60140920E-02
 8.60140920E-02
 8.60140920E-02
 8.60140920E-02
 8.60140920E-02
 8.60140920E-02
 8.60140920E-02
 8.60140920E-02
 8.60140920E-02
 8.60140920E-02
 8.60140920E-02
 8.60140920E-02
 8.60140920E-02
 8.60140920E-02
 4.16019645E-08
 1.12349916E-07
 6.81081644E-07
 2.21685400E-06
 6.73598606E-06
 1.50849492E-05
 3.66157801E-05
 7.51085172E-05
 1.52825145E-04
 2.91742646E-04
 5.23265859E-04
 8.80534935E-04
 1.43530557E-03
 2.33041891E-03
 3.34441196E-03
 4.85881837E-03
 6.97893975E-03
 9.57341958E-03
 1.29339118E-02
 1.67808160E-02
 2.15641931E-02
 2.80982051E-02
 3.52617018E-02
 4.20976393E-02
 5.16629107E-02
 6.30923212E-02
 7.63188750E-02
 8.85323659E-02
 1.01110190E-01
 1.19791299E-01
 1.41883284E-01
 1.54662758E-01
 1.61802441E-01
 1.85032666E-01
 2.39359811E-01
 2.53971547E-01
 2.60188639E-01
 4.22369659E-01
 3.27112138E-01
 2.11561263E-01
 6.44211531E-01
 8.51065516E-01
 5.67763865E-01
 9.89762723E-01
 3.25211763E+00
 1.10091150E+00
-6.49153829E-01
 3.24400926E+00
 7.43884754E+00
 2.36654067E+00
-1.46808493E+00
 7.01054096E+00
 1.24094992E+01
 1.57140172E+00
 7.98794985E+00
 1.44706202E+01
 4.59012270E+00
 3.37557077E+00
 1.59104414E+01
 5.08787584E+00
 1.24686203E+01
 5.34406586E+01
 5.36947403E+01
 7.12581396E+00
 6.66552811E+01
 1.63241974E+02
 1.81880814E+02
 1.78134613E+02
 2.93170563E+02
 4.41355621E+02
 5.89085510E+02
 8.12652588E+02
 1.31915552E+03
 2.39974609E+03
 4.21538037E+03
 6.90042139E+03
 1.09872959E+04
 1.77926387E+04
 2.97164824E+04
 4.92666289E+04
 8.01136172E+04
 1.29063219E+05
 2.05748641E+05
 3.22199188E+05
 4.92714594E+05
 7.36641062E+05
 1.07706338E+06
 1.53789075E+06
 2.14212700E+06
 2.90996050E+06
 3.85598350E+06
 4.98675850E+06
 6.29683300E+06
 7.77017300E+06
 9.38228500E+06
 1.11024170E+07
 1.28985300E+07
 1.47381240E+07
 1.65879860E+07
 1.84190160E+07
 2.02074180E+07
 2.19354200E+07
 2.35852900E+07
 2.51471340E+07
 2.66039600E+07
 2.79459660E+07
 2.91686200E+07
 3.02666800E+07
 3.12229120E+07
 3.20096800E+07
 3.26035680E+07
 3.29684400E+07
 3.30726600E+07
 3.28953660E+07
 3.24231380E+07
 3.16487780E+07
 3.05603080E+07
 2.91775440E+07
 2.75309360E+07
 2.56565260E+07
 2.36018800E+07
 2.14323560E+07
 1.92224900E+07
 1.70202060E+07
 1.48576580E+07
 1.27666680E+07
 1.07804770E+07
 8.93076000E+06
 7.24167200E+06
 5.73212600E+06
 4.41519850E+06
 3.30070800E+06
 2.38815525E+06
 1.66747950E+06
 1.11897525E+06
 7.17878750E+05
 4.37870594E+05
 2.52795188E+05
 1.37179469E+05
 6.90333906E+04
 3.17541387E+04
 1.30025811E+04
 4.63337891E+03
 1.40895813E+03
 2.87552856E+02
 6.88893967E+01
-1.08294630E+00
 4.47535992E+00
 6.40586495E-01
 8.60140920E-02
 8.60140920E-02
 8.60140920E-02
 8.60140920E-02
 8.60140920E-02
 8.60140920E-02
 8.60140920E-02
 8.60140920E-02
 8.60140920E-02
 8.60140920E-02
 8.60140920E-02
 8.60140920E-02
 8.60140920E-02
 8.60140920E-02
 8.60140920E-02
 8.60140920E-02
 8.60140920E-02
 8.60140920E-02
 8.60140920E-02
 8.60140920E-02
 8.60140920E-02
 8.60140920E-02
 8.60140920E-02
 8.60140920E-02
 8.60140920E-02
 8.60140920E-02
 8.60140920E-02
 8.60140920E-02
 8.60140920E-02
 8.60140920E-02
 8.60140920E-02
 8.60140920E-02
 8.60140920E-02
 8.60140920E-02
 8.60140920E-02
 8.60140920E-02
 8.60140920E-02
 8.60140920E-02
 8.60140920E-02
 8.60140920E-02
 8.60140920E-02
 8.60140920E-02
 8.60140920E-02
 8.60140920E-02
 8.60140920E-02
 8.60140920E-02
 8.60140920E-02
 8.60140920E-02
 8.60140920E-02
 8.60140920E-02
 8.60140920E-02
-2.65712799E-07
 2.52635488E-07
 3.14627783E-07
 1.26498742E-06
 3.69385793E-06
 1.00681564E-05
 2.31263639E-05
 5.39610664E-05
 1.15426003E-04
 2.21625494E-04
 4.24404861E-04
 7.50963518E-04
 1.25398813E-03
 2.06527184E-03
 3.16824019E-03
 4.81517287E-03
 7.16754049E-03
 1.00315660E-02
 1.36432005E-02
 1.85238160E-02
 2.49285139E-02
 3.23203281E-02
 4.05775271E-02
 5.17411269E-02
 6.30660579E-02
 7.89090246E-02
 9.33221430E-02
 1.05462991E-01
 1.26665622E-01
 1.54117838E-01
 1.75809935E-01
 1.85667381E-01
 1.98683873E-01
 2.67320216E-01
 3.25873941E-01
 1.97182298E-01
 2.72829205E-01
 6.10477746E-01
 3.86430085E-01
 2.20581755E-01
 9.83864844E-01
 1.16299236E+00
 1.38715088E-01
 1.22115219E+00
 3.51007605E+00
 2.88017130E+00
 2.42140961E+00
 5.49814701E+00
 6.11182022E+00
 8.16825703E-02
 3.65340352E+00
 1.16774654E+01
 9.47256374E+00
-2.44517040E+00
 9.49912548E+00
 1.85627422E+01
 6.65997982E+00
 1.59558573E+01
 4.59636421E+01
 1.86387806E+01
-1.11553917E+01
 3.79826851E+01
 5.88824196E+01
 9.91611195E+00
 6.42997284E+01
 6.20859146E+01
 1.23475418E+01
 9.19699707E+01
 1.05241524E+02
 2.83497711E+02
 5.26511841E+02
 8.27197083E+02
 1.06815063E+03
 1.45450159E+03
 2.54682031E+03
 4.56463037E+03
 8.02618213E+03
 1.35895117E+04
 2.32879160E+04
 4.01338320E+04
 6.76498203E+04
 1.13029828E+05
 1.85447094E+05
 2.97561562E+05
 4.66858312E+05
 7.13351875E+05
 1.06426662E+06
 1.54754812E+06
 2.18985400E+06
 3.02092450E+06
 4.06435850E+06
 5.32729600E+06
 6.80342200E+06
 8.47639100E+06
 1.03223920E+07
 1.23066220E+07
 1.43763040E+07
 1.64788380E+07
 1.85672400E+07
 2.05988680E+07
 2.25363640E+07
 2.43487920E+07
 2.60114760E+07
 2.74982420E+07
 2.87890340E+07
 2.98731200E+07
 3.07470180E+07
 3.14086820E+07
 3.18516960E+07
 3.20559700E+07
 3.19997280E+07
 3.16703340E+07
 3.10665460E+07
 3.01945500E+07
 2.90663060E+07
 2.76978620E+07
 2.61123840E+07
 2.43477780E+07
 2.24455320E+07
 2.04505820E+07
 1.84146200E+07
 1.63804560E+07
 1.43801000E+07
 1.24441230E+07
 1.05983470E+07
 8.86580700E+06
 7.26813300E+06
 5.82685600E+06
 4.55800350E+06
 3.46698575E+06
 2.55812525E+06
 1.82565362E+06
 1.25582412E+06
 8.29543438E+05
 5.24533625E+05
 3.15450875E+05
 1.79184797E+05
 9.51260469E+04
 4.68365586E+04
 2.08007891E+04
 8.24188477E+03
 2.77961694E+03
 7.26591553E+02
 2.20554398E+02
 2.61191921E+01
-8.88687134E-01
-2.63445401E+00
 5.49865866E+00
 8.60140920E-02
 8.60140920E-02
 8.60140920E-02
 8.60140920E-02
 8.60140920E-02
 8.60140920E-02
 8.60140920E-02
 8.60140920E-02
 8.60140920E-02
 8.60140920E-02
 8.60140920E-02
 8.60140920E-02
 8.60140920E-02
 8.60140920E-02
 8.60140920E-02
 8.60140920E-02
 8.60140920E-02
 8.60140920E-02
 8.60140920E-02
 8.60140920E-02
 8.60140920E-02
 8.60140920E-02
 8.60140920E-02
 8.60140920E-02
 8.60140920E-02
 8.60140920E-02
 8.60140920E-02
 8.60140920E-02
 8.60140920E-02
 8.60140920E-02
 8.60140920E-02
 8.60140920E-02
 8.60140920E-02
 8.60140920E-02
 8.60140920E-02
 8.60140920E-02
 8.60140920E-02
 8.60140920E-02
 8.60140920E-02
 8.60140920E-02
 8.60140920E-02
 8.60140920E-02
 8.60140920E-02
 8.60140920E-02
 8.60140920E-02
 8.60140920E-02
 8.60140920E-02
 8.60140920E-02
 8.60140920E-02
 8.60140920E-02
 8.60140920E-02
 8.60140920E-02
 8.60140920E-02
 2.07955026E-07
-6.93224322E-08
 7.38218318E-07
 2.04335652E-06
 6.54035193E-06
 1.45093099E-05
 3.64405423E-05
 7.99766131E-05
 1.65287536E-04
 3.27676215E-04
 6.10098999E-04
 1.09027943E-03
 1.85514509E-03
 3.03031318E-03
 4.87242499E-03
 7.41318613E-03
 1.06355436E-02
 1.60613209E-02
 2.17095576E-02
 2.95389015E-02
 3.95484418E-02
 5.22866473E-02
 6.78858384E-02
 8.55741948E-02
 1.06567964E-01
 1.32624254E-01
 1.59220755E-01
 1.86413601E-01
 2.22715035E-01
 2.70568371E-01
 2.98127145E-01
 3.15766037E-01
 3.90714973E-01
 4.69673753E-01
 4.28573430E-01
 5.11157811E-01
 7.68970966E-01
 5.25539935E-01
 2.10422873E-01
 1.31608748E+00
 1.94126821E+00
 7.53197253E-01
 7.04595864E-01
 1.39220679E+00
 1.54184079E+00
 3.02776051E+00
 3.09285831E+00
 7.60302305E-01
 3.09627557E+00
 8.40380192E+00
 8.89337063E+00
 2.30166125E+00
 1.05072689E+01
 3.18122635E+01
 1.58731260E+01
 3.57679701E+00
 3.45041542E+01
 6.97375565E+01
 2.69574547E+01
 3.78667831E+01
 9.14707489E+01
 1.00066429E+02
 4.77917709E+01
 2.65443573E+01
 8.86441956E+01
 2.73892548E+02
 3.32224030E+02
 1.02562363E+02
 8.83319931E+01
 2.57823334E+02
 5.57322449E+02
 9.10294556E+02
 1.42957336E+03
 2.73645093E+03
 5.24016650E+03
 9.05262988E+03
 1.55431758E+04
 2.74295176E+04
 4.89185312E+04
 8.45180781E+04
 1.40389953E+05
 2.29053000E+05
 3.67684656E+05
 5.75404188E+05
 8.74246375E+05
 1.29464275E+06
 1.87096888E+06
 2.63756075E+06
 3.62190525E+06
 4.84280100E+06
 6.30662550E+06
 8.00520450E+06
 9.91674300E+06
 1.19970880E+07
 1.41907710E+07
 1.64349970E+07
 1.86621180E+07
 2.08107740E+07
 2.28258720E+07
 2.46664380E+07
 2.62940700E+07
 2.76781220E+07
 2.88054360E+07
 2.96702800E+07
 3.02720220E+07
 3.06138400E+07
 3.06982320E+07
 3.05256440E+07
 3.01034200E+07
 2.94300180E+07
 2.85132100E+07
 2.73697080E+07
 2.60235180E+07
 2.45077800E+07
 2.28590920E+07
 2.11023160E+07
 1.92751120E+07
 1.74145340E+07
 1.55545850E+07
 1.37212650E+07
 1.19380200E+07
 1.02312970E+07
 8.62496700E+06
 7.13785400E+06
 5.78502950E+06
 4.57948250E+06
 3.53257800E+06
 2.64982600E+06
 1.92745750E+06
 1.35506212E+06
 9.17270688E+05
 5.95690125E+05
 3.70086531E+05
 2.18684344E+05
 1.21701164E+05
 6.31375898E+04
 3.01089219E+04
 1.28976064E+04
 4.87534521E+03
 1.58408533E+03
 4.33196320E+02
 4.81113319E+01
-2.16974697E+01
 1.39184828E+01
-7.53496075E+00
-3.48241282E+00
 8.60140920E-02
 8.60140920E-02
 8.60140920E-02
 8.60140920E-02
 8.60140920E-02
 8.60140920E-02
 8.60140920E-02
 8.60140920E-02
 8.60140920E-02
 8.60140920E-02
 8.60140920E-02
 8.60140920E-02
 8.60140920E-02
 8.60140920E-02
 8.60140920E-02
 8.60140920E-02
 8.60140920E-02
 8.60140920E-02
 8.60140920E-02
 8.60140920E-02
 8.60140920E-02
 8.60140920E-02
 8.60140920E-02
 8.60140920E-02
 8.60140920E-02
 8.60140920E-02
 8.60140920E-02
 8.60140920E-02
 8.60140920E-02
 8.60140920E-02
 8.60140920E-02
 8.60140920E-02
 8.60140920E-02
 8.60140920E-02
 8.60140920E-02
 8.60140920E-02
 8.60140920E-02
 8.60140920E-02
 8.60140920E-02
 8.60140920E-02
 8.60140920E-02
 8.60140920E-02
 8.60140920E-02
 8.60140920E-02
 8.60140920E-02
 8.60140920E-02
 8.60140920E-02
 8.60140920E-02
 8.60140920E-02
 8.60140920E-02
 8.60140920E-02
 8.60140920E-02
 8.60140920E-02
 8.60140920E-02
 8.60140920E-02
 1.04049022E-07
 2.98199296E-07
 3.40989260E-07
 3.74228239E-06
 8.43581165E-06
 2.29409998E-05
 5.04593299E-05
 1.22107580E-04
 2.45741539E-04
 4.99060086E-04
 9.39112273E-04
 1.74177310E-03
 2.97821290E-03
 4.98361606E-03
 7.90250674E-03
 1.23255346E-02
 1.81651525E-02
 2.70895474E-02
 3.82285267E-02
 5.22195883E-02
 7.21367523E-02
 9.61598456E-02
 1.24672644E-01
 1.60762742E-01
 2.04366654E-01
 2.55610466E-01
 3.14813823E-01
 3.81716371E-01
 4.57517028E-01
 5.41933954E-01
 6.29941821E-01
 7.34440565E-01
 8.63178611E-01
 9.04712796E-01
 1.01018953E+00
 1.21374297E+00
 1.31497324E+00
 1.31965375E+00
 1.39014542E+00
 1.27805138E+00
 1.96499765E+00
 2.33101034E+00
 1.72332942E+00
 2.66446042E+00
 3.42229176E+00
 1.06431854E+00
 2.39091706E+00
 8.74162388E+00
 3.70056009E+00
 1.65244853E+00
 3.41588426E+00
 3.39772654E+00
 2.80675659E+01
 2.05970535E+01
 7.57273436E+00
 3.53561668E+01
 5.42591667E+01
 1.77718697E+01
-3.14628053E+00
-2.45648265E+00
 6.57819843E+00
 6.57815781E+01
 1.26865860E+02
 9.29497375E+01
 5.21301689E+01
 1.23920975E+02
 2.97987335E+02
 5.44740295E+02
 9.77170227E+02
 1.60034814E+03
 2.46783130E+03
 3.87992505E+03
 6.35260889E+03
 1.10789775E+04
 1.92672832E+04
 3.27723359E+04
 5.47616914E+04
 9.03870312E+04
 1.47907219E+05
 2.37905516E+05
 3.75868844E+05
 5.80865375E+05
 8.74324688E+05
 1.28587225E+06
 1.85196562E+06
 2.60661425E+06
 3.57897000E+06
 4.79133650E+06
 6.25691200E+06
 7.96841850E+06
 9.89636500E+06
 1.19958050E+07
 1.42084860E+07
 1.64663560E+07
 1.86949680E+07
 2.08176040E+07
 2.27651520E+07
 2.44866840E+07
 2.59479480E+07
 2.71276640E+07
 2.80136020E+07
 2.86037820E+07
 2.89039900E+07
 2.89215100E+07
 2.86751940E+07
 2.81896100E+07
 2.74884980E+07
 2.65857380E+07
 2.54759400E+07
 2.41943460E+07
 2.27719540E+07
 2.12348480E+07
 1.96215900E+07
 1.79542220E+07
 1.62670420E+07
 1.45806720E+07
 1.29166250E+07
 1.12945640E+07
 9.73420600E+06
 8.25641000E+06
 6.88079000E+06
 5.62325700E+06
 4.49617050E+06
 3.50969475E+06
 2.66824725E+06
 1.97049300E+06
 1.41029212E+06
 9.75270125E+05
 6.49271375E+05
 4.14565688E+05
 2.52381203E+05
 1.45643766E+05
 7.91056250E+04
 3.97785547E+04
 1.82057559E+04
 7.47372998E+03
 2.64037915E+03
 8.60394958E+02
 2.29175583E+02
 3.82250099E+01
 1.32111673E+01
 2.10781841E+01
 7.25895119E+00
 1.69092102E+01
 8.60140920E-02
 8.60140920E-02
 8.60140920E-02
 8.60140920E-02
 8.60140920E-02
 8.60140920E-02
 8.60140920E-02
 8.60140920E-02
 8.60140920E-02
 8.60140920E-02
 8.60140920E-02
 8.60140920E-02
 8.60140920E-02
 8.60140920E-02
 8.60140920E-02
 8.60140920E-02
 8.60140920E-02
 8.60140920E-02
 8.60140920E-02
 8.60140920E-02
 8.60140920E-02
 8.60140920E-02
 8.60140920E-02
 8.60140920E-02
 8.60140920E-02
 8.60140920E-02
 8.60140920E-02
 8.60140920E-02
 8.60140920E-02
 8.60140920E-02
 8.60140920E-02
 8.60140920E-02
 8.60140920E-02
 8.60140920E-02
 8.60140920E-02
 8.60140920E-02
 8.60140920E-02
 8.60140920E-02
 8.60140920E-02
 8.60140920E-02
 8.60140920E-02
 8.60140920E-02
 8.60140920E-02
 8.60140920E-02
 8.60140920E-02
 8.60140920E-02
 8.60140920E-02
 8.60140920E-02
 8.60140920E-02
 8.60140920E-02
 8.60140920E-02
 8.60140920E-02
 8.60140920E-02
 8.60140920E-02
 8.60140920E-02
 8.60140920E-02
 8.60140920E-02
 3.33511032E-08
 9.24742096E-07
 4.16203477E-07
 3.15126954E-06
 1.52814828E-05
 3.40813858E-05
 8.64727481E-05
 1.81102776E-04
 4.09041822E-04
 8.12099781E-04
 1.57754146E-03
 2.89392541E-03
 5.16532082E-03
 8.76361690E-03
 1.42683536E-02
 2.24294551E-02
 3.43542323E-02
 5.07838428E-02
 7.21138343E-02
 1.01620436E-01
 1.42914787E-01
 1.91890717E-01
 2.55991280E-01
 3.37953478E-01
 4.38751906E-01
 5.57251155E-01
 6.93785608E-01
 8.66415858E-01
 1.06686604E+00
 1.26353300E+00
 1.53719473E+00
 1.84991992E+00
 2.14179730E+00
 2.45002937E+00
 2.79167223E+00
 3.23519683E+00
 3.78463197E+00
 4.22792292E+00
 4.46441460E+00
 5.23985243E+00
 5.98176813E+00
 5.95881462E+00
 6.54559708E+00
 9.24851322E+00
 1.01382332E+01
 1.24421082E+01
 1.31072922E+01
 5.07534790E+00
 2.00003700E+01
 3.61608620E+01
 1.59885988E+01
 3.19038124E+01
 2.05095921E+01
 3.91260414E+01
 8.21545029E+01
 9.13433990E+01
 4.68524132E+01
 6.68367767E+01
 1.88257492E+02
 2.47530670E+02
 2.43033554E+02
 3.34531342E+02
 4.75022430E+02
 5.32263000E+02
 8.29022095E+02
 1.52627795E+03
 2.10337061E+03
 2.90295337E+03
 4.52995459E+03
 7.61971582E+03
 1.25116602E+04
 1.95164102E+04
 3.13318984E+04
 5.17225547E+04
 8.33418281E+04
 1.29341750E+05
 2.01862016E+05
 3.11979906E+05
 4.71838125E+05
 7.01665375E+05
 1.02412494E+06
 1.46849300E+06
 2.06791738E+06
 2.85112800E+06
 3.84590150E+06
 5.07565300E+06
 6.55224200E+06
 8.25845150E+06
 1.01593580E+07
 1.22064030E+07
 1.43409100E+07
 1.64918570E+07
 1.85794400E+07
 2.05240840E+07
 2.22567060E+07
 2.37310320E+07
 2.49206000E+07
 2.58131080E+07
 2.64069100E+07
 2.67072680E+07
 2.67237540E+07
 2.64790460E+07
 2.60005200E+07
 2.53119540E+07
 2.44359140E+07
 2.33963660E+07
 2.22155140E+07
 2.09120420E+07
 1.95145860E+07
 1.80519320E+07
 1.65479740E+07
 1.50272330E+07
 1.35063060E+07
 1.20012990E+07
 1.05352190E+07
 9.12397500E+06
 7.78177100E+06
 6.52546950E+06
 5.37048300E+06
 4.32884900E+06
 3.41082775E+06
 2.62247975E+06
 1.96198050E+06
 1.42458600E+06
 1.00235406E+06
 6.80667312E+05
 4.44922562E+05
 2.78182969E+05
 1.65746156E+05
 9.32316328E+04
 4.89062734E+04
 2.37462793E+04
 1.04283604E+04
 4.01437524E+03
 1.35255591E+03
 4.19067841E+02
 6.75044861E+01
 3.63341713E+01
 3.39235592E+00
 3.41929841E+00
 1.07742071E+00
 8.60140920E-02
 8.60140920E-02
 8.60140920E-02
 8.60140920E-02
 8.60140920E-02
 8.60140920E-02
 8.60140920E-02
 8.60140920E-02
 8.60140920E-02
 8.60140920E-02
 8.60140920E-02
 8.60140920E-02
 8.60140920E-02
 8.60140920E-02
 8.60140920E-02
 8.60140920E-02
 8.60140920E-02
 8.60140920E-02
 8.60140920E-02
 8.60140920E-02
 8.60140920E-02
 8.60140920E-02
 8.60140920E-02
 8.60140920E-02
 8.60140920E-02
 8.60140920E-02
 8.60140920E-02
 8.60140920E-02
 8.60140920E-02
 8.60140920E-02
 8.60140920E-02
 8.60140920E-02
 8.60140920E-02
 8.60140920E-02
 8.60140920E-02
 8.60140920E-02
 8.60140920E-02
 8.60140920E-02
 8.60140920E-02
 8.60140920E-02
 8.60140920E-02
 8.60140920E-02
 8.60140920E-02
 8.60140920E-02
 8.60140920E-02
 8.60140920E-02
 8.60140920E-02
 8.60140920E-02
 8.60140920E-02
 8.60140920E-02
 8.60140920E-02
 8.60140920E-02
 8.60140920E-02
 8.60140920E-02
 8.60140920E-02
 8.60140920E-02
 8.60140920E-02
 8.60140920E-02
 8.60140920E-02
 8.60140920E-02
 4.15818597E-08
 1.06273228E-06
 1.38057555E-06
 5.32974218E-06
 2.16759290E-05
 5.49013239E-05
 1.39555414E-04
 3.28911061E-04
 7.06494320E-04
 1.46300311E-03
 2.89547979E-03
 5.44832414E-03
 9.79243126E-03
 1.68807767E-02
 2.81055979E-02
 4.48302701E-02
 6.91934377E-02
 1.04438156E-01
 1.53673351E-01
 2.17669606E-01
 3.08658779E-01
 4.16271955E-01
 5.63754141E-01
 7.55860209E-01
 9.91186857E-01
 1.29368782E+00
 1.67728484E+00
 2.13266349E+00
 2.63693714E+00
 3.24622393E+00
 4.02038527E+00
 4.93533134E+00
 5.97221756E+00
 7.10959768E+00
 8.32939816E+00
 9.80158043E+00
 1.15181904E+01
 1.33198509E+01
 1.54680405E+01
 1.81478424E+01
 2.07661324E+01
 2.32782860E+01
 2.63018608E+01
 3.14781857E+01
 3.89564629E+01
 4.30451393E+01
 4.43206978E+01
 5.08483429E+01
 6.62817841E+01
 8.32210159E+01
 9.41681595E+01
 1.19660614E+02
 1.64246704E+02
 2.20258026E+02
 2.73877930E+02
 3.12383575E+02
 3.68811829E+02
 4.65105927E+02
 6.59062134E+02
 9.58692932E+02
 1.25499109E+03
 1.76618762E+03
 2.59090723E+03
 3.67125903E+03
 5.52957129E+03
 7.97710010E+03
 1.14234531E+04
 1.75927402E+04
 2.74503770E+04
 4.12758359E+04
 6.17513633E+04
 9.25912578E+04
 1.38577188E+05
 2.05278000E+05
 3.02237781E+05
 4.43318594E+05
 6.41969375E+05
 9.14183188E+05
 1.28528550E+06
 1.78272500E+06
 2.43295150E+06
 3.26044575E+06
 4.28797900E+06
 5.53291700E+06
 6.99095750E+06
 8.63981600E+06
 1.04440150E+07
 1.23539680E+07
 1.43055450E+07
 1.62266200E+07
 1.80477340E+07
 1.97037220E+07
 2.11378840E+07
 2.23073860E+07
 2.31907740E+07
 2.37852560E+07
 2.40988000E+07
 2.41448360E+07
 2.39503000E+07
 2.35364300E+07
 2.29220180E+07
 2.21296240E+07
 2.11866280E+07
 2.01200600E+07
 1.89543600E+07
 1.77135980E+07
 1.64138020E+07
 1.50738320E+07
 1.37190170E+07
 1.23648410E+07
 1.10208120E+07
 9.70342600E+06
 8.43277000E+06
 7.22251750E+06
 6.08615250E+06
 5.03783650E+06
 4.08915475E+06
 3.24875250E+06
 2.52130475E+06
 1.90708512E+06
 1.40280625E+06
 1.00136588E+06
 6.91395750E+05
 4.60546938E+05
 2.94796000E+05
 1.80260594E+05
 1.04544797E+05
 5.68360469E+04
 2.88095703E+04
 1.34135146E+04
 5.59695361E+03
 2.01105334E+03
 6.20512512E+02
 1.49045929E+02
 2.54770203E+01
-5.64580584E+00
 1.95905292E+00
-2.22853637E+00
 8.60140920E-02
 8.60140920E-02
 8.60140920E-02
 8.60140920E-02
 8.60140920E-02
 8.60140920E-02
 8.60140920E-02
 8.60140920E-02
 8.60140920E-02
 8.60140920E-02
 8.60140920E-02
 8.60140920E-02
 8.60140920E-02
 8.60140920E-02
 8.60140920E-02
 8.60140920E-02
 8.60140920E-02
 8.60140920E-02
 8.60140920E-02
 8.60140920E-02
 8.60140920E-02
 8.60140920E-02
 8.60140920E-02
 8.60140920E-02
 8.60140920E-02
 8.60140920E-02
 8.60140920E-02
 8.60140920E-02
 8.60140920E-02
 8.60140920E-02
 8.60140920E-02
 8.60140920E-02
 8.60140920E-02
 8.60140920E-02
 8.60140920E-02
 8.60140920E-02
 8.60140920E-02
 8.60140920E-02
 8.60140920E-02
 8.60140920E-02
 8.60140920E-02
 8.60140920E-02
 8.60140920E-02
 8.60140920E-02
 8.60140920E-02
 8.60140920E-02
 8.60140920E-02
 8.60140920E-02
 8.60140920E-02
 8.60140920E-02
 8.60140920E-02
 8.60140920E-02
 8.60140920E-02
 8.60140920E-02
 8.60140920E-02
 8.60140920E-02
 8.60140920E-02
 8.60140920E-02
 8.60140920E-02
 8.60140920E-02
 8.60140920E-02
 8.60140920E-02
-2.94782723E-07
 3.19547411E-07
 1.26131431E-06
 3.07406572E-06
 1.25667248E-05
 3.69711743E-05
 1.00217672E-04
 2.50525132E-04
 5.89765434E-04
 1.32531510E-03
 2.89519038E-03
 5.66746900E-03
 1.08815292E-02
 1.99974217E-02
 3.46454456E-02
 5.80737442E-02
 9.41457152E-02
 1.47018552E-01
 2.22536504E-01
 3.30540568E-01
 4.76558089E-01
 6.76971614E-01
 9.47879851E-01
 1.29710472E+00
 1.74631298E+00
 2.31804562E+00
 3.05124164E+00
 3.99139094E+00
 5.19247246E+00
 6.67145014E+00
 8.45158577E+00
 1.06440029E+01
 1.32990494E+01
 1.64430122E+01
 2.02236080E+01
 2.47012672E+01
 3.00371475E+01
 3.63321266E+01
 4.37007980E+01
 5.22395515E+01
 6.29166298E+01
 7.52521439E+01
 8.89443817E+01
 1.05033066E+02
 1.26594643E+02
 1.55084076E+02
 1.87526581E+02
 2.27230515E+02
 2.78718597E+02
 3.39424896E+02
 4.01779480E+02
 4.94440491E+02
 6.08802856E+02
 7.54268250E+02
 9.65543945E+02
 1.26455151E+03
 1.66942188E+03
 2.18009448E+03
 2.85937207E+03
 3.82276807E+03
 5.20187354E+03
 7.09304883E+03
 9.76373047E+03
 1.36985439E+04
 1.91419492E+04
 2.71571855E+04
 3.80793164E+04
 5.45248789E+04
 7.76254688E+04
 1.10335422E+05
 1.57442031E+05
 2.23898484E+05
 3.17179844E+05
 4.46181688E+05
 6.22878125E+05
 8.62041125E+05
 1.18028838E+06
 1.59965375E+06
 2.14377025E+06
 2.83254300E+06
 3.68285525E+06
 4.70958000E+06
 5.91837000E+06
 7.29544100E+06
 8.81761500E+06
 1.04476780E+07
 1.21353120E+07
 1.38168720E+07
 1.54325000E+07
 1.69257220E+07
 1.82477960E+07
 1.93569060E+07
 2.02216320E+07
 2.08263440E+07
 2.11750920E+07
 2.12823760E+07
 2.11653960E+07
 2.08439800E+07
 2.03410000E+07
 1.96791620E+07
 1.88781300E+07
 1.79608080E+07
 1.69464220E+07
 1.58626850E+07
 1.47293570E+07
 1.35588560E+07
 1.23682280E+07
 1.11720560E+07
 9.98370800E+06
 8.81762800E+06
 7.68831750E+06
 6.61009200E+06
 5.59282100E+06
 4.65044500E+06
 3.79501175E+06
 3.03471875E+06
 2.37434150E+06
 1.81339825E+06
 1.34868438E+06
 9.74779312E+05
 6.83305812E+05
 4.63065625E+05
 3.02147906E+05
 1.88740172E+05
 1.12331961E+05
 6.30522344E+04
 3.29960977E+04
 1.60187451E+04
 7.13838330E+03
 2.71795825E+03
 9.36556274E+02
 2.72460419E+02
 1.30588364E+02
-1.00226984E+01
 2.96151590E+00
-4.60821271E-01
 8.60140920E-02
 8.60140920E-02
 8.60140920E-02
 8.60140920E-02
 8.60140920E-02
 8.60140920E-02
 8.60140920E-02
 8.60140920E-02
 8.60140920E-02
 8.60140920E-02
 8.60140920E-02
 8.60140920E-02
 8.60140920E-02
 8.60140920E-02
 8.60140920E-02
 8.60140920E-02
 8.60140920E-02
 8.60140920E-02
 8.60140920E-02
 8.60140920E-02
 8.60140920E-02
 8.60140920E-02
 8.60140920E-02
 8.60140920E-02
 8.60140920E-02
 8.60140920E-02
 8.60140920E-02
 8.60140920E-02
 8.60140920E-02
 8.60140920E-02
 8.60140920E-02
 8.60140920E-02
 8.60140920E-02
 8.60140920E-02
 8.60140920E-02
 8.60140920E-02
 8.60140920E-02
 8.60140920E-02
 8.60140920E-02
 8.60140920E-02
 8.60140920E-02
 8.60140920E-02
 8.60140920E-02
 8.60140920E-02
 8.60140920E-02
 8.60140920E-02
 8.60140920E-02
 8.60140920E-02
 8.60140920E-02
 8.60140920E-02
 8.60140920E-02
 8.60140920E-02
 8.60140920E-02
 8.60140920E-02
 8.60140920E-02
 8.60140920E-02
 8.60140920E-02
 8.60140920E-02
 8.60140920E-02
 8.60140920E-02
 8.60140920E-02
 8.60140920E-02
 8.60140920E-02
 8.60140920E-02
 8.60140920E-02
 1.85472558E-07
 6.10292602E-07
 1.68497991E-06
 8.29878536E-06
 1.95134326E-05
 6.91204477E-05
 1.82757227E-04
 4.81433235E-04
 1.16091873E-03
 2.67955591E-03
 5.79803390E-03
 1.16538331E-02
 2.25366876E-02
 4.13453132E-02
 7.26613849E-02
 1.23048134E-01
 2.00039819E-01
 3.16050947E-01
 4.83932555E-01
 7.22687006E-01
 1.05452442E+00
 1.50589645E+00
 2.12507582E+00
 2.94495916E+00
 4.03058290E+00
 5.43740368E+00
 7.26624775E+00
 9.63223362E+00
 1.25986948E+01
 1.62907600E+01
 2.09984627E+01
 2.69581184E+01
 3.43765068E+01
 4.34470444E+01
 5.44653473E+01
 6.82232513E+01
 8.49948578E+01
 1.04810959E+02
 1.29279877E+02
 1.60060181E+02
 1.97035431E+02
 2.41996689E+02
 2.94439209E+02
 3.57195892E+02
 4.40418610E+02
 5.45778381E+02
 6.74297729E+02
 8.29848083E+02
 1.02241339E+03
 1.27195520E+03
 1.60187988E+03
 2.02352173E+03
 2.55368433E+03
 3.22887964E+03
 4.10908984E+03
 5.28014893E+03
 6.86733984E+03
 9.00213770E+03
 1.18722383E+04
 1.57023467E+04
 2.09512695E+04
 2.80123594E+04
 3.77783438E+04
 5.12687148E+04
 6.97018984E+04
 9.48468359E+04
 1.29358070E+05
 1.76735234E+05
 2.41534344E+05
 3.29224562E+05
 4.46611625E+05
 6.03222188E+05
 8.10362000E+05
 1.08161712E+06
 1.43124375E+06
 1.87530738E+06
 2.43475850E+06
 3.12110775E+06
 3.94426600E+06
 4.91234550E+06
 6.02060750E+06
 7.25173800E+06
 8.57978100E+06
 9.97234300E+06
 1.13817120E+07
 1.27573160E+07
 1.40526980E+07
 1.52267920E+07
 1.62376750E+07
 1.70565060E+07
 1.76673700E+07
 1.80622640E+07
 1.82470380E+07
 1.82317720E+07
 1.80306180E+07
 1.76627900E+07
 1.71481240E+07
 1.65083810E+07
 1.57592210E+07
 1.49201940E+07
 1.40062100E+07
 1.30379200E+07
 1.20317010E+07
 1.10022890E+07
 9.96283800E+06
 8.92695400E+06
 7.90090100E+06
 6.90742150E+06
 5.95643100E+06
 5.05910850E+06
 4.22451100E+06
 3.46411875E+06
 2.78562750E+06
 2.19334325E+06
 1.68870650E+06
 1.26831950E+06
 9.26995312E+05
 6.57843812E+05
 4.51965312E+05
 2.99891781E+05
 1.91217781E+05
 1.16400742E+05
 6.71616797E+04
 3.62934258E+04
 1.82574688E+04
 8.52262988E+03
 3.52898755E+03
 1.29151001E+03
 3.96934479E+02
 1.19228859E+02
-4.09491014E+00
 5.04937267E+00
-1.29248066E+01
 8.60140920E-02
 8.60140920E-02
 8.60140920E-02
 8.60140920E-02
 8.60140920E-02
 8.60140920E-02
 8.60140920E-02
 8.60140920E-02
 8.60140920E-02
 8.60140920E-02
 8.60140920E-02
 8.60140920E-02
 8.60140920E-02
 8.60140920E-02
 8.60140920E-02
 8.60140920E-02
 8.60140920E-02
 8.60140920E-02
 8.60140920E-02
 8.60140920E-02
 8.60140920E-02
 8.60140920E-02
 8.60140920E-02
 8.60140920E-02
 8.60140920E-02
 8.60140920E-02
 8.60140920E-02
 8.60140920E-02
 8.60140920E-02
 8.60140920E-02
 8.60140920E-02
 8.60140920E-02
 8.60140920E-02
 8.60140920E-02
 8.60140920E-02
 8.60140920E-02
 8.60140920E-02
 8.60140920E-02
 8.60140920E-02
 8.60140920E-02
 8.60140920E-02
 8.60140920E-02
 8.60140920E-02
 8.60140920E-02
 8.60140920E-02
 8.60140920E-02
 8.60140920E-02
 8.60140920E-02
 8.60140920E-02
 8.60140920E-02
 8.60140920E-02
 8.60140920E-02
 8.60140920E-02
 8.60140920E-02
 8.60140920E-02
 8.60140920E-02
 8.60140920E-02
 8.60140920E-02
 8.60140920E-02
 8.60140920E-02
 8.60140920E-02
 8.60140920E-02
 8.60140920E-02
 8.60140920E-02
 8.60140920E-02
 8.60140920E-02
 8.60140920E-02
 8.60140920E-02
 8.93918696E-07
 8.91565435E-07
 3.34374749E-06
 1.64084322E-05
 4.56327507E-05
 1.31732799E-04
 3.77643999E-04
 9.77534917E-04
 2.40690750E-03
 5.54592162E-03
 1.19624948E-02
 2.42975615E-02
 4.73259613E-02
 8.66466239E-02
 1.53093517E-01
 2.58784622E-01
 4.23243523E-01
 6.71276569E-01
 1.03462327E+00
 1.55482280E+00
 2.28307176E+00
 3.29348087E+00
 4.67629194E+00
 6.52558851E+00
 8.98848820E+00
 1.22441416E+01
 1.65234108E+01
 2.20935230E+01
 2.92247467E+01
 3.84431381E+01
 5.02055550E+01
 6.50975342E+01
 8.39102554E+01
 1.07455750E+02
 1.37077377E+02
 1.74370758E+02
 2.20396500E+02
 2.77657043E+02
 3.48966797E+02
 4.37816711E+02
 5.48037659E+02
 6.82702393E+02
 8.48494934E+02
 1.05936023E+03
 1.32498535E+03
 1.65476758E+03
 2.06273755E+03
 2.57132568E+03
 3.21499951E+03
 4.04387500E+03
 5.11812744E+03
 6.43884570E+03
 8.15477295E+03
 1.04116152E+04
 1.33223164E+04
 1.71026191E+04
 2.20270820E+04
 2.84103105E+04
 3.68999570E+04
 4.82729648E+04
 6.30213125E+04
 8.24297578E+04
 1.08345141E+05
 1.42804625E+05
 1.88275078E+05
 2.48105922E+05
 3.26490438E+05
 4.29054188E+05
 5.62844938E+05
 7.36064812E+05
 9.57868438E+05
 1.23910862E+06
 1.59170312E+06
 2.02786362E+06
 2.55922375E+06
 3.19446850E+06
 3.93911900E+06
 4.79359050E+06
 5.74752750E+06
 6.78511200E+06
 7.88512100E+06
 9.01800500E+06
 1.01448740E+07
 1.12297810E+07
 1.22376490E+07
 1.31339600E+07
 1.38906010E+07
 1.44893870E+07
 1.49211490E+07
 1.51819260E+07
 1.52727720E+07
 1.52009600E+07
 1.49796430E+07
 1.46233960E+07
 1.41476010E+07
 1.35692260E+07
 1.29025780E+07
 1.21611180E+07
 1.13608020E+07
 1.05164960E+07
 9.64306300E+06
 8.75443700E+06
 7.86309400E+06
 6.98003700E+06
 6.11719250E+06
 5.28753200E+06
 4.50426000E+06
 3.77491475E+06
 3.10845975E+06
 2.51198175E+06
 1.98929650E+06
 1.54167288E+06
 1.16706325E+06
 8.61222812E+05
 6.18193938E+05
 4.30280125E+05
 2.89358438E+05
 1.87368062E+05
 1.16195617E+05
 6.85474531E+04
 3.81608594E+04
 1.98152109E+04
 9.54532812E+03
 4.17883008E+03
 1.59666553E+03
 5.38200989E+02
 2.44563858E+02
 3.10443439E+01
 2.17133312E+01
-3.79124975E+00
-7.59221954E+01
 8.60140920E-02
 8.60140920E-02
 8.60140920E-02
 8.60140920E-02
 8.60140920E-02
 8.60140920E-02
 8.60140920E-02
 8.60140920E-02
 8.60140920E-02
 8.60140920E-02
 8.60140920E-02
 8.60140920E-02
 8.60140920E-02
 8.60140920E-02
 8.60140920E-02
 8.60140920E-02
 8.60140920E-02
 8.60140920E-02
 8.60140920E-02
 8.60140920E-02
 8.60140920E-02
 8.60140920E-02
 8.60140920E-02
 8.60140920E-02
 8.60140920E-02
 8.60140920E-02
 8.60140920E-02
 8.60140920E-02
 8.60140920E-02
 8.60140920E-02
 8.60140920E-02
 8.60140920E-02
 8.60140920E-02
 8.60140920E-02
 8.60140920E-02
 8.60140920E-02
 8.60140920E-02
 8.60140920E-02
 8.60140920E-02
 8.60140920E-02
 8.60140920E-02
 8.60140920E-02
 8.60140920E-02
 8.60140920E-02
 8.60140920E-02
 8.60140920E-02
 8.60140920E-02
 8.60140920E-02
 8.60140920E-02
 8.60140920E-02
 8.60140920E-02
 8.60140920E-02
 8.60140920E-02
 8.60140920E-02
 8.60140920E-02
 8.60140920E-02
 8.60140920E-02
 8.60140920E-02
 8.60140920E-02
 8.60140920E-02
 8.60140920E-02
 8.60140920E-02
 8.60140920E-02
 8.60140920E-02
 8.60140920E-02
 8.60140920E-02
 8.60140920E-02
 8.60140920E-02
 8.60140920E-02
 8.60140920E-02
 2.96968352E-07
 4.08444384E-06
 9.31920340E-07
 3.37611236E-05
 8.66996561E-05
 2.78357300E-04
 7.37719820E-04
 2.01556645E-03
 4.97630704E-03
 1.13948453E-02
 2.46537495E-02
 4.98631708E-02
 9.68120694E-02
 1.77424327E-01
 3.13796431E-01
 5.32788813E-01
 8.74709249E-01
 1.39068472E+00
 2.15403342E+00
 3.25198436E+00
 4.80276728E+00
 6.96991014E+00
 9.93466282E+00
 1.39832792E+01
 1.93783932E+01
 2.65459728E+01
 3.60408058E+01
 4.85097389E+01
 6.47131271E+01
 8.57536316E+01
 1.12864571E+02
 1.47520950E+02
 1.91755447E+02
 2.48048767E+02
 3.19392212E+02
 4.10085510E+02
 5.23670959E+02
 6.66156189E+02
 8.45394165E+02
 1.06970471E+03
 1.35227588E+03
 1.70668823E+03
 2.14360278E+03
 2.68958301E+03
 3.37680981E+03
 4.24330859E+03
 5.33565137E+03
 6.71072607E+03
 8.43718359E+03
 1.06028594E+04
 1.33559629E+04
 1.68646992E+04
 2.12993770E+04
 2.69021602E+04
 3.40879375E+04
 4.32611602E+04
 5.49734297E+04
 6.99907734E+04
 8.93265000E+04
 1.14079891E+05
 1.45884094E+05
 1.86712234E+05
 2.39032453E+05
 3.05965781E+05
 3.91495312E+05
 5.00429500E+05
 6.38110375E+05
 8.11180312E+05
 1.02765638E+06
 1.29584950E+06
 1.62334688E+06
 2.01878112E+06
 2.48942825E+06
 3.03996800E+06
 3.67088725E+06
 4.37998150E+06
 5.15898400E+06
 5.99577500E+06
 6.86912100E+06
 7.75703300E+06
 8.63306300E+06
 9.46891300E+06
 1.02382530E+07
 1.09181260E+07
 1.14885120E+07
 1.19360120E+07
 1.22527140E+07
 1.24332050E+07
 1.24781340E+07
 1.23937400E+07
 1.21869350E+07
 1.18682970E+07
 1.14499420E+07
 1.09445430E+07
 1.03654660E+07
 9.72594000E+06
 9.03814800E+06
 8.31498700E+06
 7.56953350E+06
 6.81498000E+06
 6.06451200E+06
 5.32790250E+06
 4.61808500E+06
 3.94478025E+06
 3.31664900E+06
 2.74158875E+06
 2.22529125E+06
 1.77144062E+06
 1.38123975E+06
 1.05303612E+06
 7.83435625E+05
 5.67687688E+05
 3.99613906E+05
 2.72336656E+05
 1.78928797E+05
 1.12734594E+05
 6.76993984E+04
 3.85035391E+04
 2.05492754E+04
 1.01799297E+04
 4.63544092E+03
 1.91891833E+03
 6.92747620E+02
 2.08614731E+02
 4.85489578E+01
-3.48387337E+00
-4.53727226E+01
-2.02497635E+01
 8.60140920E-02
 8.60140920E-02
 8.60140920E-02
 8.60140920E-02
 8.60140920E-02
 8.60140920E-02
 8.60140920E-02
 8.60140920E-02
 8.60140920E-02
 8.60140920E-02
 8.60140920E-02
 8.60140920E-02
 8.60140920E-02
 8.60140920E-02
 8.60140920E-02
 8.60140920E-02
 8.60140920E-02
 8.60140920E-02
 8.60140920E-02
 8.60140920E-02
 8.60140920E-02
 8.60140920E-02
 8.60140920E-02
 8.60140920E-02
 8.60140920E-02
 8.60140920E-02
 8.60140920E-02
 8.60140920E-02
 8.60140920E-02
 8.60140920E-02
 8.60140920E-02
 8.60140920E-02
 8.60140920E-02
 8.60140920E-02
 8.60140920E-02
 8.60140920E-02
 8.60140920E-02
 8.60140920E-02
 8.60140920E-02
 8.60140920E-02
 8.60140920E-02
 8.60140920E-02
 8.60140920E-02
 8.60140920E-02
 8.60140920E-02
 8.60140920E-02
 8.60140920E-02
 8.60140920E-02
 8.60140920E-02
 8.60140920E-02
 8.60140920E-02
 8.60140920E-02
 8.60140920E-02
 8.60140920E-02
 8.60140920E-02
 8.60140920E-02
 8.60140920E-02
 8.60140920E-02
 8.60140920E-02
 8.60140920E-02
 8.60140920E-02
 8.60140920E-02
 8.60140920E-02
 8.60140920E-02
 8.60140920E-02
 8.60140920E-02
 8.60140920E-02
 8.60140920E-02
 8.60140920E-02
 8.60140920E-02
 8.60140920E-02
 8.60140920E-02
 2.27392798E-06
 5.23746280E-07
 3.49507081E-06
 1.55132002E-05
 5.15981592E-05
 1.79294599E-04
 5.44523355E-04
 1.57382444E-03
 4.08280082E-03
 1.01135280E-02
 2.28263102E-02
 4.92969565E-02
 1.00237958E-01
 1.92442864E-01
 3.54218125E-01
 6.24276698E-01
 1.06063211E+00
 1.74250376E+00
 2.78354669E+00
 4.31978703E+00
 6.54999065E+00
 9.73639297E+00
 1.41520958E+01
 2.02824421E+01
 2.86489487E+01
 3.99475212E+01
 5.50220070E+01
 7.49276962E+01
 1.01251976E+02
 1.35635086E+02
 1.80337967E+02
 2.38366882E+02
 3.13165436E+02
 4.09021667E+02
 5.31550903E+02
 6.87581604E+02
 8.85692200E+02
 1.13657727E+03
 1.45318079E+03
 1.85221631E+03
 2.35299683E+03
 2.98144531E+03
 3.76867627E+03
 4.75460547E+03
 5.98864893E+03
 7.53154053E+03
 9.45443359E+03
 1.18563027E+04
 1.48555791E+04
 1.85978672E+04
 2.32732109E+04
 2.91263633E+04
 3.64304453E+04
 4.55744648E+04
 5.70336172E+04
 7.13122109E+04
 8.91419375E+04
 1.11525273E+05
 1.39567797E+05
 1.74668406E+05
 2.18543797E+05
 2.73471438E+05
 3.41968500E+05
 4.27138469E+05
 5.32890250E+05
 6.63619062E+05
 8.24347812E+05
 1.02056469E+06
 1.25825738E+06
 1.54301662E+06
 1.88001275E+06
 2.27310375E+06
 2.72510100E+06
 3.23556075E+06
 3.80093475E+06
 4.41471350E+06
 5.06600200E+06
 5.74063950E+06
 6.42233500E+06
 7.09290850E+06
 7.73053450E+06
 8.31656300E+06
 8.83441000E+06
 9.26941500E+06
 9.60992100E+06
 9.84751900E+06
 9.97815800E+06
 1.00010770E+07
 9.91862100E+06
 9.73589100E+06
 9.45998000E+06
 9.09986800E+06
 8.66579600E+06
 8.16936350E+06
 7.62349050E+06
 7.03972700E+06
 6.42932250E+06
 5.80440950E+06
 5.17737700E+06
 4.56017100E+06
 3.96212675E+06
 3.39264975E+06
 2.86037800E+06
 2.37245750E+06
 1.93397275E+06
 1.54745838E+06
 1.21342500E+06
 9.31059000E+05
 6.97803125E+05
 5.09819875E+05
 3.62253844E+05
 2.49512672E+05
 1.65913188E+05
 1.06001852E+05
 6.47351289E+04
 3.74790742E+04
 2.04409316E+04
 1.04024688E+04
 4.88244385E+03
 2.10799658E+03
 7.97543335E+02
 2.57196198E+02
 7.33339996E+01
 2.69039288E+01
 1.93173981E+01
-2.27392311E+01
 8.60140920E-02
 8.60140920E-02
 8.60140920E-02
 8.60140920E-02
 8.60140920E-02
 8.60140920E-02
 8.60140920E-02
 8.60140920E-02
 8.60140920E-02
 8.60140920E-02
 8.60140920E-02
 8.60140920E-02
 8.60140920E-02
 8.60140920E-02
 8.60140920E-02
 8.60140920E-02
 8.60140920E-02
 8.60140920E-02
 8.60140920E-02
 8.60140920E-02
 8.60140920E-02
 8.60140920E-02
 8.60140920E-02
 8.60140920E-02
 8.60140920E-02
 8.60140920E-02
 8.60140920E-02
 8.60140920E-02
 8.60140920E-02
 8.60140920E-02
 8.60140920E-02
 8.60140920E-02
 8.60140920E-02
 8.60140920E-02
 8.60140920E-02
 8.60140920E-02
 8.60140920E-02
 8.60140920E-02
 8.60140920E-02
 8.60140920E-02
 8.60140920E-02
 8.60140920E-02
 8.60140920E-02
 8.60140920E-02
 8.60140920E-02
 8.60140920E-02
 8.60140920E-02
 8.60140920E-02
 8.60140920E-02
 8.60140920E-02
 8.60140920E-02
 8.60140920E-02
 8.60140920E-02
 8.60140920E-02
 8.60140920E-02
 8.60140920E-02
 8.60140920E-02
 8.60140920E-02
 8.60140920E-02
 8.60140920E-02
 8.60140920E-02
 8.60140920E-02
 8.60140920E-02
 8.60140920E-02
 8.60140920E-02
 8.60140920E-02
 8.60140920E-02
 8.60140920E-02
 8.60140920E-02
 8.60140920E-02
 8.60140920E-02
 8.60140920E-02
 8.60140920E-02
 8.60140920E-02
 8.60140920E-02
 9.59179260E-07
-3.21574504E-07
 7.36527227E-07
 3.68958099E-05
 1.02835780E-04
 3.40177183E-04
 1.11309183E-03
 3.07644368E-03
 8.13792739E-03
 1.96881406E-02
 4.45910729E-02
 9.55620855E-02
 1.92817912E-01
 3.69480908E-01
 6.79301500E-01
 1.19544852E+00
 2.02864528E+00
 3.33559537E+00
 5.32524633E+00
 8.29717636E+00
 1.26105003E+01
 1.88047752E+01
 2.74839191E+01
 3.94803467E+01
 5.60246086E+01
 7.81360016E+01
 1.07941299E+02
 1.47554947E+02
 1.99808197E+02
 2.68210968E+02
 3.57471741E+02
 4.73057922E+02
 6.22211060E+02
 8.13702576E+02
 1.05844531E+03
 1.37042090E+03
 1.76622571E+03
 2.26678369E+03
 2.89815186E+03
 3.69079663E+03
 4.68419873E+03
 5.92711768E+03
 7.47799854E+03
 9.40906250E+03
 1.18021123E+04
 1.47759189E+04
 1.84612168E+04
 2.30164141E+04
 2.86371387E+04
 3.55656094E+04
 4.41009805E+04
 5.45979609E+04
 6.75028203E+04
 8.33687734E+04
 1.02865195E+05
 1.26782773E+05
 1.56105781E+05
 1.92079500E+05
 2.36086438E+05
 2.89931406E+05
 3.55663688E+05
 4.35654438E+05
 5.32919312E+05
 6.50578125E+05
 7.92194750E+05
 9.61798688E+05
 1.16308538E+06
 1.39974500E+06
 1.67514788E+06
 1.99168300E+06
 2.35086975E+06
 2.75177425E+06
 3.19149975E+06
 3.66444625E+06
 4.16299575E+06
 4.67746050E+06
 5.19615200E+06
 5.70516800E+06
 6.18990900E+06
 6.63613400E+06
 7.03012300E+06
 7.36063900E+06
 7.61802100E+06
 7.79470250E+06
 7.88605950E+06
 7.89062850E+06
 7.80929850E+06
 7.64554650E+06
 7.40488750E+06
 7.09500350E+06
 6.72497950E+06
 6.30461050E+06
 5.84447350E+06
 5.35606550E+06
 4.85044300E+06
 4.33822100E+06
 3.83003950E+06
 3.33551850E+06
 2.86324775E+06
 2.42081300E+06
 2.01432812E+06
 1.64808375E+06
 1.32450088E+06
 1.04415350E+06
 8.06063062E+05
 6.08323562E+05
 4.47739344E+05
 3.20723844E+05
 2.22929828E+05
 1.49771609E+05
 9.68280547E+04
 5.99023477E+04
 3.52601836E+04
 1.95865234E+04
 1.01844990E+04
 4.94727588E+03
 2.16139844E+03
 8.59264282E+02
 2.96187744E+02
 6.56438751E+01
 1.77567596E+01
 1.28553839E+01
-4.62369537E+00
 8.60140920E-02
 8.60140920E-02
 8.60140920E-02
 8.60140920E-02
 8.60140920E-02
 8.60140920E-02
 8.60140920E-02
 8.60140920E-02
 8.60140920E-02
 8.60140920E-02
 8.60140920E-02
 8.60140920E-02
 8.60140920E-02
 8.60140920E-02
 8.60140920E-02
 8.60140920E-02
 8.60140920E-02
 8.60140920E-02
 8.60140920E-02
 8.60140920E-02
 8.60140920E-02
 8.60140920E-02
 8.60140920E-02
 8.60140920E-02
 8.60140920E-02
 8.60140920E-02
 8.60140920E-02
 8.60140920E-02
 8.60140920E-02
 8.60140920E-02
 8.60140920E-02
 8.60140920E-02
 8.60140920E-02
 8.60140920E-02
 8.60140920E-02
 8.60140920E-02
 8.60140920E-02
 8.60140920E-02
 8.60140920E-02
 8.60140920E-02
 8.60140920E-02
 8.60140920E-02
 8.60140920E-02
 8.60140920E-02
 8.60140920E-02
 8.60140920E-02
 8.60140920E-02
 8.60140920E-02
 8.60140920E-02
 8.60140920E-02
 8.60140920E-02
 8.60140920E-02
 8.60140920E-02
 8.60140920E-02
 8.60140920E-02
 8.60140920E-02
 8.60140920E-02
 8.60140920E-02
 8.60140920E-02
 8.60140920E-02
 8.60140920E-02
 8.60140920E-02
 8.60140920E-02
 8.60140920E-02
 8.60140920E-02
 8.60140920E-02
 8.60140920E-02
 8.60140920E-02
 8.60140920E-02
 8.60140920E-02
 8.60140920E-02
 8.60140920E-02
 8.60140920E-02
 8.60140920E-02
 8.60140920E-02
 8.60140920E-02
 8.60140920E-02
 8.60140920E-02
-5.56294879E-07
 8.79941308E-06
 2.51776419E-06
 7.82969582E-05
 2.08657046E-04
 7.06655032E-04
 2.14970089E-03
 5.93387522E-03
 1.51521321E-02
 3.68810520E-02
 8.26647952E-02
 1.76148802E-01
 3.52712750E-01
 6.76425159E-01
 1.23741567E+00
 2.17864537E+00
 3.69876742E+00
 6.09251308E+00
 9.73198128E+00
 1.51838884E+01
 2.31054974E+01
 3.45243301E+01
 5.05747871E+01
 7.28397141E+01
 1.03398994E+02
 1.44820160E+02
 2.00376465E+02
 2.74217163E+02
 3.71547089E+02
 4.99068359E+02
 6.65052612E+02
 8.79681885E+02
 1.15592468E+03
 1.50972461E+03
 1.96054504E+03
 2.53232178E+03
 3.25499316E+03
 4.16451025E+03
 5.30532275E+03
 6.73160107E+03
 8.50784277E+03
 1.07098711E+04
 1.34379502E+04
 1.68038027E+04
 2.09442148E+04
 2.60198828E+04
 3.22349570E+04
 3.98418945E+04
 4.91190977E+04
 6.03813750E+04
 7.40359375E+04
 9.05831172E+04
 1.10599359E+05
 1.34802250E+05
 1.64017203E+05
 1.99201516E+05
 2.41536828E+05
 2.92366688E+05
 3.53275438E+05
 4.26061188E+05
 5.12756750E+05
 6.15773250E+05
 7.37604812E+05
 8.80774312E+05
 1.04788344E+06
 1.24126625E+06
 1.46291562E+06
 1.71438800E+06
 1.99589550E+06
 2.30671750E+06
 2.64485550E+06
 3.00617575E+06
 3.38485950E+06
 3.77383150E+06
 4.16467875E+06
 4.54770950E+06
 4.91181100E+06
 5.24590000E+06
 5.53962050E+06
 5.78402900E+06
 5.97129500E+06
 6.09491250E+06
 6.15069100E+06
 6.13675600E+06
 6.05337800E+06
 5.90319550E+06
 5.69102050E+06
 5.42348300E+06
 5.10873900E+06
 4.75587150E+06
 4.37384800E+06
 3.97278550E+06
 3.56279475E+06
 3.15295575E+06
 2.75227625E+06
 2.36867375E+06
 2.00842900E+06
 1.67652850E+06
 1.37648112E+06
 1.11034712E+06
 8.79210312E+05
 6.82331500E+05
 5.18231812E+05
 3.84294688E+05
 2.77416125E+05
 1.94411578E+05
 1.31800938E+05
 8.60107031E+04
 5.37747109E+04
 3.20490879E+04
 1.81082676E+04
 9.60379199E+03
 4.73272998E+03
 2.13283789E+03
 8.65294495E+02
 3.09500641E+02
 8.88378906E+01
 1.26084881E+01
-3.40780926E+00
-6.07890010E-01
 8.60140920E-02
 8.60140920E-02
 8.60140920E-02
 8.60140920E-02
 8.60140920E-02
 8.60140920E-02
 8.60140920E-02
 8.60140920E-02
 8.60140920E-02
 8.60140920E-02
 8.60140920E-02
 8.60140920E-02
 8.60140920E-02
 8.60140920E-02
 8.60140920E-02
 8.60140920E-02
 8.60140920E-02
 8.60140920E-02
 8.60140920E-02
 8.60140920E-02
 8.60140920E-02
 8.60140920E-02
 8.60140920E-02
 8.60140920E-02
 8.60140920E-02
 8.60140920E-02
 8.60140920E-02
 8.60140920E-02
 8.60140920E-02
 8.60140920E-02
 8.60140920E-02
 8.60140920E-02
 8.60140920E-02
 8.60140920E-02
 8.60140920E-02
 8.60140920E-02
 8.60140920E-02
 8.60140920E-02
 8.60140920E-02
 8.60140920E-02
 8.60140920E-02
 8.60140920E-02
 8.60140920E-02
 8.60140920E-02
 8.60140920E-02
 8.60140920E-02
 8.60140920E-02
 8.60140920E-02
 8.60140920E-02
 8.60140920E-02
 8.60140920E-02
 8.60140920E-02
 8.60140920E-02
 8.60140920E-02
 8.60140920E-02
 8.60140920E-02
 8.60140920E-02
 8.60140920E-02
 8.60140920E-02
 8.60140920E-02
 8.60140920E-02
 8.60140920E-02
 8.60140920E-02
 8.60140920E-02
 8.60140920E-02
 8.60140920E-02
 8.60140920E-02
 8.60140920E-02
 8.60140920E-02
 8.60140920E-02
 8.60140920E-02
 8.60140920E-02
 8.60140920E-02
 8.60140920E-02
 8.60140920E-02
 8.60140920E-02
 8.60140920E-02
 8.60140920E-02
 8.60140920E-02
 8.60140920E-02
 8.60140920E-02
 2.27719943E-06
 2.72652687E-06
 3.64090956E-05
 1.25325852E-04
 3.85014602E-04
 1.35052414E-03
 3.75281507E-03
 1.06782569E-02
 2.76268702E-02
 6.51858822E-02
 1.47236839E-01
 3.09637994E-01
 6.21599734E-01
 1.18005109E+00
 2.16031861E+00
 3.78657031E+00
 6.42198133E+00
 1.05697451E+01
 1.68933487E+01
 2.63313656E+01
 4.01490517E+01
 5.99923248E+01
 8.80261688E+01
 1.27004578E+02
 1.80459396E+02
 2.52926651E+02
 3.50009918E+02
 4.79082001E+02
 6.49065369E+02
 8.70926147E+02
 1.15910596E+03
 1.53036023E+03
 2.00543860E+03
 2.61180103E+03
 3.37913208E+03
 4.34805664E+03
 5.56312793E+03
 7.08243555E+03
 8.97360156E+03
 1.13196611E+04
 1.42138223E+04
 1.77717520E+04
 2.21347441E+04
 2.74591973E+04
 3.39371367E+04
 4.17995391E+04
 5.13168359E+04
 6.27992422E+04
 7.66015078E+04
 9.31586094E+04
 1.12964742E+05
 1.36605062E+05
 1.64780406E+05
 1.98283312E+05
 2.38051375E+05
 2.85085844E+05
 3.40641562E+05
 4.05943188E+05
 4.82525219E+05
 5.71940312E+05
 6.75950375E+05
 7.96273875E+05
 9.34515250E+05
 1.09214175E+06
 1.27033675E+06
 1.46965038E+06
 1.69006850E+06
 1.93086312E+06
 2.19026475E+06
 2.46512525E+06
 2.75116950E+06
 3.04302525E+06
 3.33431725E+06
 3.61775650E+06
 3.88521950E+06
 4.12857350E+06
 4.33988400E+06
 4.51170200E+06
 4.63781350E+06
 4.71339000E+06
 4.73516200E+06
 4.70162800E+06
 4.61332550E+06
 4.47298400E+06
 4.28500950E+06
 4.05517075E+06
 3.79033425E+06
 3.49822775E+06
 3.18729750E+06
 2.86611650E+06
 2.54282650E+06
 2.22520750E+06
 1.91983338E+06
 1.63201488E+06
 1.36622200E+06
 1.12521588E+06
 9.10954438E+05
 7.24239812E+05
 5.64785375E+05
 4.31197375E+05
 3.21563188E+05
 2.33687750E+05
 1.64980359E+05
 1.12718500E+05
 7.42275703E+04
 4.68770859E+04
 2.82294648E+04
 1.61886328E+04
 8.71649316E+03
 4.37414014E+03
 1.99422388E+03
 8.31221375E+02
 2.95012939E+02
 8.68451691E+01
 2.29233437E+01
 1.15870011E+00
-1.61969995E+00
 8.60140920E-02
 8.60140920E-02
 8.60140920E-02
 8.60140920E-02
 8.60140920E-02
 8.60140920E-02
 8.60140920E-02
 8.60140920E-02
 8.60140920E-02
 8.60140920E-02
 8.60140920E-02
 8.60140920E-02
 8.60140920E-02
 8.60140920E-02
 8.60140920E-02
 8.60140920E-02
 8.60140920E-02
 8.60140920E-02
 8.60140920E-02
 8.60140920E-02
 8.60140920E-02
 8.60140920E-02
 8.60140920E-02
 8.60140920E-02
 8.60140920E-02
 8.60140920E-02
 8.60140920E-02
 8.60140920E-02
 8.60140920E-02
 8.60140920E-02
 8.60140920E-02
 8.60140920E-02
 8.60140920E-02
 8.60140920E-02
 8.60140920E-02
 8.60140920E-02
 8.60140920E-02
 8.60140920E-02
 8.60140920E-02
 8.60140920E-02
 8.60140920E-02
 8.60140920E-02
 8.60140920E-02
 8.60140920E-02
 8.60140920E-02
 8.60140920E-02
 8.60140920E-02
 8.60140920E-02
 8.60140920E-02
 8.60140920E-02
 8.60140920E-02
 8.60140920E-02
 8.60140920E-02
 8.60140920E-02
 8.60140920E-02
 8.60140920E-02
 8.60140920E-02
 8.60140920E-02
 8.60140920E-02
 8.60140920E-02
 8.60140920E-02
 8.60140920E-02
 8.60140920E-02
 8.60140920E-02
 8.60140920E-02
 8.60140920E-02
 8.60140920E-02
 8.60140920E-02
 8.60140920E-02
 8.60140920E-02
 8.60140920E-02
 8.60140920E-02
 8.60140920E-02
 8.60140920E-02
 8.60140920E-02
 8.60140920E-02
 8.60140920E-02
 8.60140920E-02
 8.60140920E-02
 8.60140920E-02
 8.60140920E-02
 8.60140920E-02
 8.60140920E-02
-1.45319370E-06
 4.28844533E-06
-1.13973192E-06
 6.05490641E-05
 1.97243222E-04
 6.61995437E-04
 2.40531773E-03
 6.70384383E-03
 1.84583068E-02
 4.67503741E-02
 1.10779501E-01
 2.45522588E-01
 5.16793609E-01
 1.02721214E+00
 1.95016646E+00
 3.54694343E+00
 6.21500635E+00
 1.05537357E+01
 1.73035412E+01
 2.76452923E+01
 4.31672096E+01
 6.58151245E+01
 9.83707962E+01
 1.44327682E+02
 2.08262405E+02
 2.95874268E+02
 4.14657501E+02
 5.73848206E+02
 7.84520508E+02
 1.06150232E+03
 1.42219775E+03
 1.88779517E+03
 2.48535620E+03
 3.24665479E+03
 4.21019727E+03
 5.42326611E+03
 6.94373584E+03
 8.83617871E+03
 1.11838262E+04
 1.40813223E+04
 1.76392559E+04
 2.19921914E+04
 2.72917051E+04
 3.37160547E+04
 4.14809336E+04
 5.08342773E+04
 6.20586016E+04
 7.54886172E+04
 9.14982969E+04
 1.10509297E+05
 1.33016656E+05
 1.59604531E+05
 1.90892625E+05
 2.27610312E+05
 2.70603438E+05
 3.20709156E+05
 3.78908188E+05
 4.46252156E+05
 5.23777125E+05
 6.12661062E+05
 7.13940125E+05
 8.28530812E+05
 9.57247500E+05
 1.10075950E+06
 1.25913575E+06
 1.43199262E+06
 1.61842975E+06
 1.81691438E+06
 2.02475888E+06
 2.23882350E+06
 2.45498100E+06
 2.66796550E+06
 2.87259275E+06
 3.06289075E+06
 3.23265475E+06
 3.37600175E+06
 3.48745425E+06
 3.56251350E+06
 3.59776525E+06
 3.59092800E+06
 3.54132500E+06
 3.45001625E+06
 3.31970275E+06
 3.15468000E+06
 2.95980000E+06
 2.74100575E+06
 2.50509950E+06
 2.25900975E+06
 2.00940962E+06
 1.76277525E+06
 1.52446412E+06
 1.29905488E+06
 1.09018850E+06
 9.00473188E+05
 7.31330500E+05
 5.83396812E+05
 4.56497812E+05
 3.49993531E+05
 2.62318656E+05
 1.91684125E+05
 1.36099094E+05
 9.35391484E+04
 6.19881641E+04
 3.94813086E+04
 2.40042578E+04
 1.39308037E+04
 7.62570361E+03
 3.85892310E+03
 1.77950452E+03
 7.45796997E+02
 2.74236267E+02
 6.97953873E+01
 1.43202066E+01
 4.01437616E+00
 1.25944030E+00
-2.57754946E+00
 8.60140920E-02
 8.60140920E-02
 8.60140920E-02
 8.60140920E-02
 8.60140920E-02
 8.60140920E-02
 8.60140920E-02
 8.60140920E-02
 8.60140920E-02
 8.60140920E-02
 8.60140920E-02
 8.60140920E-02
 8.60140920E-02
 8.60140920E-02
 8.60140920E-02
 8.60140920E-02
 8.60140920E-02
 8.60140920E-02
 8.60140920E-02
 8.60140920E-02
 8.60140920E-02
 8.60140920E-02
 8.60140920E-02
 8.60140920E-02
 8.60140920E-02
 8.60140920E-02
 8.60140920E-02
 8.60140920E-02
 8.60140920E-02
 8.60140920E-02
 8.60140920E-02
 8.60140920E-02
 8.60140920E-02
 8.60140920E-02
 8.60140920E-02
 8.60140920E-02
 8.60140920E-02
 8.60140920E-02
 8.60140920E-02
 8.60140920E-02
 8.60140920E-02
 8.60140920E-02
 8.60140920E-02
 8.60140920E-02
 8.60140920E-02
 8.60140920E-02
 8.60140920E-02
 8.60140920E-02
 8.60140920E-02
 8.60140920E-02
 8.60140920E-02
 8.60140920E-02
 8.60140920E-02
 8.60140920E-02
 8.60140920E-02
 8.60140920E-02
 8.60140920E-02
 8.60140920E-02
 8.60140920E-02
 8.60140920E-02
 8.60140920E-02
 8.60140920E-02
 8.60140920E-02
 8.60140920E-02
 8.60140920E-02
 8.60140920E-02
 8.60140920E-02
 8.60140920E-02
 8.60140920E-02
 8.60140920E-02
 8.60140920E-02
 8.60140920E-02
 8.60140920E-02
 8.60140920E-02
 8.60140920E-02
 8.60140920E-02
 8.60140920E-02
 8.60140920E-02
 8.60140920E-02
 8.60140920E-02
 8.60140920E-02
 8.60140920E-02
 8.60140920E-02
 8.60140920E-02
 8.60140920E-02
 9.41361407E-07
 1.08216536E-05
 1.48223062E-05
 1.14279705E-04
 3.77361663E-04
 1.21750322E-03
 3.88960051E-03
 1.11588426E-02
 2.99416631E-02
 7.47877732E-02
 1.75427139E-01
 3.87507766E-01
 8.07507873E-01
 1.60010755E+00
 3.02937794E+00
 5.50275850E+00
 9.63290405E+00
 1.62823219E+01
 2.67203903E+01
 4.26985588E+01
 6.65516891E+01
 1.01443428E+02
 1.51538574E+02
 2.22178543E+02
 3.20369843E+02
 4.54836060E+02
 6.36704712E+02
 8.79689514E+02
 1.20098694E+03
 1.62137659E+03
 2.16644043E+03
 2.86789014E+03
 3.76270752E+03
 4.89600293E+03
 6.32174414E+03
 8.10456006E+03
 1.03214688E+04
 1.30628164E+04
 1.64359688E+04
 2.05637090E+04
 2.55882441E+04
 3.16766641E+04
 3.90245352E+04
 4.78557617E+04
 5.84264023E+04
 7.10297500E+04
 8.59953906E+04
 1.03698414E+05
 1.24561383E+05
 1.49041188E+05
 1.77656797E+05
 2.10989922E+05
 2.49644250E+05
 2.94263688E+05
 3.45579750E+05
 4.04319031E+05
 4.71131562E+05
 5.46716188E+05
 6.31680375E+05
 7.26533938E+05
 8.31560750E+05
 9.46905062E+05
 1.07243050E+06
 1.20744150E+06
 1.35095725E+06
 1.50137138E+06
 1.65667662E+06
 1.81422025E+06
 1.97072050E+06
 2.12228850E+06
 2.26477200E+06
 2.39395075E+06
 2.50525950E+06
 2.59486750E+06
 2.65883225E+06
 2.69407750E+06
 2.69864200E+06
 2.67130625E+06
 2.61224725E+06
 2.52299200E+06
 2.40591325E+06
 2.26484950E+06
 2.10447600E+06
 1.92947200E+06
 1.74504250E+06
 1.55649550E+06
 1.36883962E+06
 1.18663000E+06
 1.01349838E+06
 8.52467312E+05
 7.05734188E+05
 5.74555375E+05
 4.59535594E+05
 3.60659219E+05
 2.77229031E+05
 2.08386016E+05
 1.52782484E+05
 1.08873961E+05
 7.51688281E+04
 5.00579023E+04
 3.20667910E+04
 1.96979785E+04
 1.15552852E+04
 6.39187207E+03
 3.25765991E+03
 1.49903418E+03
 6.42134705E+02
 2.35874573E+02
 5.98165627E+01
 1.64793739E+01
 5.09608448E-01
 1.81657970E-02
 6.59138262E-01
 8.60140920E-02
 8.60140920E-02
 8.60140920E-02
 8.60140920E-02
 8.60140920E-02
 8.60140920E-02
 8.60140920E-02
 8.60140920E-02
 8.60140920E-02
 8.60140920E-02
 8.60140920E-02
 8.60140920E-02
 8.60140920E-02
 8.60140920E-02
 8.60140920E-02
 8.60140920E-02
 8.60140920E-02
 8.60140920E-02
 8.60140920E-02
 8.60140920E-02
 8.60140920E-02
 8.60140920E-02
 8.60140920E-02
 8.60140920E-02
 8.60140920E-02
 8.60140920E-02
 8.60140920E-02
 8.60140920E-02
 8.60140920E-02
 8.60140920E-02
 8.60140920E-02
 8.60140920E-02
 8.60140920E-02
 8.60140920E-02
 8.60140920E-02
 8.60140920E-02
 8.60140920E-02
 8.60140920E-02
 8.60140920E-02
 8.60140920E-02
 8.60140920E-02
 8.60140920E-02
 8.60140920E-02
 8.60140920E-02
 8.60140920E-02
 8.60140920E-02
 8.60140920E-02
 8.60140920E-02
 8.60140920E-02
 8.60140920E-02
 8.60140920E-02
 8.60140920E-02
 8.60140920E-02
 8.60140920E-02
 8.60140920E-02
 8.60140920E-02
 8.60140920E-02
 8.60140920E-02
 8.60140920E-02
 8.60140920E-02
 8.60140920E-02
 8.60140920E-02
 8.60140920E-02
 8.60140920E-02
 8.60140920E-02
 8.60140920E-02
 8.60140920E-02
 8.60140920E-02
 8.60140920E-02
 8.60140920E-02
 8.60140920E-02
 8.60140920E-02
 8.60140920E-02
 8.60140920E-02
 8.60140920E-02
 8.60140920E-02
 8.60140920E-02
 8.60140920E-02
 8.60140920E-02
 8.60140920E-02
 8.60140920E-02
 8.60140920E-02
 8.60140920E-02
 8.60140920E-02
 8.60140920E-02
 8.60140920E-02
 8.60140920E-02
 8.60140920E-02
-4.94085270E-06
 4.73661976E-06
 4.86604440E-05
 1.13923852E-04
 5.94770361E-04
 1.89378753E-03
 5.87839121E-03
 1.68686472E-02
 4.46410067E-02
 1.11340396E-01
 2.58460671E-01
 5.67325830E-01
 1.17891026E+00
 2.33278704E+00
 4.39624977E+00
 7.98338175E+00
 1.39600468E+01
 2.35891266E+01
 3.87069359E+01
 6.17875214E+01
 9.61942596E+01
 1.46522690E+02
 2.18592728E+02
 3.20115326E+02
 4.60916504E+02
 6.53355286E+02
 9.12734314E+02
 1.25843713E+03
 1.71396472E+03
 2.30758447E+03
 3.07413086E+03
 4.05511035E+03
 5.30005713E+03
 6.86893994E+03
 8.83183984E+03
 1.12728359E+04
 1.42873936E+04
 1.79885391E+04
 2.25078613E+04
 2.79962520E+04
 3.46271523E+04
 4.26000430E+04
 5.21421641E+04
 6.35099219E+04
 7.69931875E+04
 9.29078047E+04
 1.11606242E+05
 1.33476203E+05
 1.58927375E+05
 1.88400234E+05
 2.22348828E+05
 2.61254312E+05
 3.05600875E+05
 3.55851531E+05
 4.12439406E+05
 4.75756031E+05
 5.46073438E+05
 6.23545812E+05
 7.08175688E+05
 7.99776562E+05
 8.97886562E+05
 1.00182350E+06
 1.11050850E+06
 1.22245750E+06
 1.33593375E+06
 1.44878088E+06
 1.55852075E+06
 1.66232338E+06
 1.75711688E+06
 1.83978412E+06
 1.90737650E+06
 1.95724625E+06
 1.98699700E+06
 1.99480212E+06
 1.97968650E+06
 1.94151000E+06
 1.88087050E+06
 1.79922150E+06
 1.69901075E+06
 1.58341012E+06
 1.45606638E+06
 1.32094900E+06
 1.18171600E+06
 1.04203006E+06
 9.05531938E+05
 7.75295188E+05
 6.53615250E+05
 5.42248375E+05
 4.42328906E+05
 3.54394562E+05
 2.78554031E+05
 2.14427125E+05
 1.61342906E+05
 1.18379578E+05
 8.44447656E+04
 5.84381758E+04
 3.89814883E+04
 2.50544180E+04
 1.54922725E+04
 9.15866797E+03
 5.07241211E+03
 2.58874048E+03
 1.19605872E+03
 5.01104858E+02
 1.87360397E+02
 4.52480927E+01
 9.84660244E+00
-2.35429239E+00
-1.40674245E+00
 2.79019237E-01
 8.60140920E-02
 8.60140920E-02
 8.60140920E-02
 8.60140920E-02
 8.60140920E-02
 8.60140920E-02
 8.60140920E-02
 8.60140920E-02
 8.60140920E-02
 8.60140920E-02
 8.60140920E-02
 8.60140920E-02
 8.60140920E-02
 8.60140920E-02
 8.60140920E-02
 8.60140920E-02
 8.60140920E-02
 8.60140920E-02
 8.60140920E-02
 8.60140920E-02
 8.60140920E-02
 8.60140920E-02
 8.60140920E-02
 8.60140920E-02
 8.60140920E-02
 8.60140920E-02
 8.60140920E-02
 8.60140920E-02
 8.60140920E-02
 8.60140920E-02
 8.60140920E-02
 8.60140920E-02
 8.60140920E-02
 8.60140920E-02
 8.60140920E-02
 8.60140920E-02
 8.60140920E-02
 8.60140920E-02
 8.60140920E-02
 8.60140920E-02
 8.60140920E-02
 8.60140920E-02
 8.60140920E-02
 8.60140920E-02
 8.60140920E-02
 8.60140920E-02
 8.60140920E-02
 8.60140920E-02
 8.60140920E-02
 8.60140920E-02
 8.60140920E-02
 8.60140920E-02
 8.60140920E-02
 8.60140920E-02
 8.60140920E-02
 8.60140920E-02
 8.60140920E-02
 8.60140920E-02
 8.60140920E-02
 8.60140920E-02
 8.60140920E-02
 8.60140920E-02
 8.60140920E-02
 8.60140920E-02
 8.60140920E-02
 8.60140920E-02
 8.60140920E-02
 8.60140920E-02
 8.60140920E-02
 8.60140920E-02
 8.60140920E-02
 8.60140920E-02
 8.60140920E-02
 8.60140920E-02
 8.60140920E-02
 8.60140920E-02
 8.60140920E-02
 8.60140920E-02
 8.60140920E-02
 8.60140920E-02
 8.60140920E-02
 8.60140920E-02
 8.60140920E-02
 8.60140920E-02
 8.60140920E-02
 8.60140920E-02
 8.60140920E-02
 8.60140920E-02
 8.60140920E-02
 8.60140920E-02
 8.60140920E-02
-1.14225315E-06
-2.09037644E-05
 6.05596324E-05
 1.69740422E-04
 7.61601492E-04
 2.58132303E-03
 8.23434163E-03
 2.31366530E-02
 6.18576966E-02
 1.51255801E-01
 3.51532757E-01
 7.66072452E-01
 1.59485900E+00
 3.14788055E+00
 5.94156408E+00
 1.07876320E+01
 1.88530540E+01
 3.18981094E+01
 5.23383064E+01
 8.34159012E+01
 1.29853531E+02
 1.97535355E+02
 2.94321747E+02
 4.30368591E+02
 6.18453857E+02
 8.74807312E+02
 1.21945190E+03
 1.67648657E+03
 2.27670117E+03
 3.05553198E+03
 4.05620215E+03
 5.33186572E+03
 6.94361768E+03
 8.96446484E+03
 1.14802783E+04
 1.45901387E+04
 1.84090215E+04
 2.30707363E+04
 2.87264883E+04
 3.55479141E+04
 4.37301992E+04
 5.34883320E+04
 6.50702070E+04
 7.87387109E+04
 9.47869141E+04
 1.13524758E+05
 1.35275062E+05
 1.60368625E+05
 1.89144750E+05
 2.21922250E+05
 2.59028188E+05
 3.00753781E+05
 3.47326594E+05
 3.98894562E+05
 4.55510062E+05
 5.17127406E+05
 5.83548625E+05
 6.54400938E+05
 7.29203750E+05
 8.07192938E+05
 8.87348062E+05
 9.68370375E+05
 1.04876475E+06
 1.12691812E+06
 1.20096288E+06
 1.26887875E+06
 1.32855325E+06
 1.37787438E+06
 1.41498538E+06
 1.43821388E+06
 1.44625700E+06
 1.43824612E+06
 1.41381325E+06
 1.37326762E+06
 1.31759800E+06
 1.24816825E+06
 1.16703712E+06
 1.07672225E+06
 9.79792250E+05
 8.79194688E+05
 7.77641250E+05
 6.77693312E+05
 5.81722312E+05
 4.91548125E+05
 4.08559469E+05
 3.33816812E+05
 2.67800531E+05
 2.10701281E+05
 1.62213031E+05
 1.21998031E+05
 8.94136328E+04
 6.36689375E+04
 4.39590195E+04
 2.93442461E+04
 1.88673047E+04
 1.16565625E+04
 6.87575977E+03
 3.78225171E+03
 1.88461401E+03
 8.69423889E+02
 3.76031128E+02
 1.18278786E+02
 3.75589867E+01
-1.38170946E+00
 1.03185952E+00
 5.73869371E+00
-1.01493692E+01
 8.60140920E-02
 8.60140920E-02
 8.60140920E-02
 8.60140920E-02
 8.60140920E-02
 8.60140920E-02
 8.60140920E-02
 8.60140920E-02
 8.60140920E-02
 8.60140920E-02
 8.60140920E-02
 8.60140920E-02
 8.60140920E-02
 8.60140920E-02
 8.60140920E-02
 8.60140920E-02
 8.60140920E-02
 8.60140920E-02
 8.60140920E-02
 8.60140920E-02
 8.60140920E-02
 8.60140920E-02
 8.60140920E-02
 8.60140920E-02
 8.60140920E-02
 8.60140920E-02
 8.60140920E-02
 8.60140920E-02
 8.60140920E-02
 8.60140920E-02
 8.60140920E-02
 8.60140920E-02
 8.60140920E-02
 8.60140920E-02
 8.60140920E-02
 8.60140920E-02
 8.60140920E-02
 8.60140920E-02
 8.60140920E-02
 8.60140920E-02
 8.60140920E-02
 8.60140920E-02
 8.60140920E-02
 8.60140920E-02
 8.60140920E-02
 8.60140920E-02
 8.60140920E-02
 8.60140920E-02
 8.60140920E-02
 8.60140920E-02
 8.60140920E-02
 8.60140920E-02
 8.60140920E-02
 8.60140920E-02
 8.60140920E-02
 8.60140920E-02
 8.60140920E-02
 8.60140920E-02
 8.60140920E-02
 8.60140920E-02
 8.60140920E-02
 8.60140920E-02
 8.60140920E-02
 8.60140920E-02
 8.60140920E-02
 8.60140920E-02
 8.60140920E-02
 8.60140920E-02
 8.60140920E-02
 8.60140920E-02
 8.60140920E-02
 8.60140920E-02
 8.60140920E-02
 8.60140920E-02
 8.60140920E-02
 8.60140920E-02
 8.60140920E-02
 8.60140920E-02
 8.60140920E-02
 8.60140920E-02
 8.60140920E-02
 8.60140920E-02
 8.60140920E-02
 8.60140920E-02
 8.60140920E-02
 8.60140920E-02
 8.60140920E-02
 8.60140920E-02
 8.60140920E-02
 8.60140920E-02
 8.60140920E-02
 8.60140920E-02
 8.60140920E-02
 8.60140920E-02
 8.60140920E-02
-3.40617516E-05
 1.11372254E-04
 1.49893385E-04
 9.63935803E-04
 3.22601385E-03
 1.02534937E-02
 2.86934413E-02
 7.69960210E-02
 1.88711345E-01
 4.37587559E-01
 9.57606792E-01
 1.99126363E+00
 3.93626380E+00
 7.45353985E+00
 1.35420055E+01
 2.36840897E+01
 4.00945930E+01
 6.57840576E+01
 1.04892235E+02
 1.63053940E+02
 2.47772339E+02
 3.68713684E+02
 5.38074768E+02
 7.71678223E+02
 1.08907581E+03
 1.51413794E+03
 2.07576440E+03
 2.80966333E+03
 3.75877490E+03
 4.97328809E+03
 6.51499902E+03
 8.45549121E+03
 1.08778301E+04
 1.38776250E+04
 1.75661621E+04
 2.20713770E+04
 2.75353340E+04
 3.41248711E+04
 4.20142500E+04
 5.14010039E+04
 6.24990703E+04
 7.55397109E+04
 9.07655312E+04
 1.08415328E+05
 1.28746078E+05
 1.51988844E+05
 1.78373125E+05
 2.08091047E+05
 2.41278188E+05
 2.78041406E+05
 3.18387375E+05
 3.62253094E+05
 4.09470719E+05
 4.59736844E+05
 5.12651844E+05
 5.67692062E+05
 6.24227812E+05
 6.81377438E+05
 7.38093500E+05
 7.93165688E+05
 8.45316062E+05
 8.93257375E+05
 9.35659000E+05
 9.71166875E+05
 9.98424812E+05
 1.01622294E+06
 1.02373544E+06
 1.02027475E+06
 1.00552844E+06
 9.79506438E+05
 9.42658438E+05
 8.95924938E+05
 8.40584500E+05
 7.78280312E+05
 7.10933562E+05
 6.40370750E+05
 5.68366875E+05
 4.96879906E+05
 4.27711812E+05
 3.62423562E+05
 3.01987969E+05
 2.47131453E+05
 1.98382703E+05
 1.56022250E+05
 1.20020531E+05
 9.01118672E+04
 6.58836250E+04
 4.67469180E+04
 3.21033203E+04
 2.13149375E+04
 1.36374395E+04
 8.33622852E+03
 4.87064160E+03
 2.63229419E+03
 1.29649133E+03
 5.91555664E+02
 2.41712509E+02
 8.60568085E+01
 1.44469490E+01
 3.56743455E+00
-1.83629978E+00
-2.31430233E-01
 1.20344901E+00
 8.60140920E-02
 8.60140920E-02
 8.60140920E-02
 8.60140920E-02
 8.60140920E-02
 8.60140920E-02
 8.60140920E-02
 8.60140920E-02
 8.60140920E-02
 8.60140920E-02
 8.60140920E-02
 8.60140920E-02
 8.60140920E-02
 8.60140920E-02
 8.60140920E-02
 8.60140920E-02
 8.60140920E-02
 8.60140920E-02
 8.60140920E-02
 8.60140920E-02
 8.60140920E-02
 8.60140920E-02
 8.60140920E-02
 8.60140920E-02
 8.60140920E-02
 8.60140920E-02
 8.60140920E-02
 8.60140920E-02
 8.60140920E-02
 8.60140920E-02
 8.60140920E-02
 8.60140920E-02
 8.60140920E-02
 8.60140920E-02
 8.60140920E-02
 8.60140920E-02
 8.60140920E-02
 8.60140920E-02
 8.60140920E-02
 8.60140920E-02
 8.60140920E-02
 8.60140920E-02
 8.60140920E-02
 8.60140920E-02
 8.60140920E-02
 8.60140920E-02
 8.60140920E-02
 8.60140920E-02
 8.60140920E-02
 8.60140920E-02
 8.60140920E-02
 8.60140920E-02
 8.60140920E-02
 8.60140920E-02
 8.60140920E-02
 8.60140920E-02
 8.60140920E-02
 8.60140920E-02
 8.60140920E-02
 8.60140920E-02
 8.60140920E-02
 8.60140920E-02
 8.60140920E-02
 8.60140920E-02
 8.60140920E-02
 8.60140920E-02
 8.60140920E-02
 8.60140920E-02
 8.60140920E-02
 8.60140920E-02
 8.60140920E-02
 8.60140920E-02
 8.60140920E-02
 8.60140920E-02
 8.60140920E-02
 8.60140920E-02
 8.60140920E-02
 8.60140920E-02
 8.60140920E-02
 8.60140920E-02
 8.60140920E-02
 8.60140920E-02
 8.60140920E-02
 8.60140920E-02
 8.60140920E-02
 8.60140920E-02
 8.60140920E-02
 8.60140920E-02
 8.60140920E-02
 8.60140920E-02
 8.60140920E-02
 8.60140920E-02
 8.60140920E-02
 8.60140920E-02
 8.60140920E-02
 8.60140920E-02
 8.60140920E-02
 8.60140920E-02
-1.32227025E-04
 1.96313340E-04
-1.41228622E-04
 1.17106119E-03
 3.82217555E-03
 1.10306721E-02
 3.29387486E-02
 8.60490277E-02
 2.16271237E-01
 4.99965012E-01
 1.09840930E+00
 2.29043794E+00
 4.54380655E+00
 8.63618565E+00
 1.57149191E+01
 2.75654812E+01
 4.66705246E+01
 7.65761719E+01
 1.22127502E+02
 1.89862137E+02
 2.88186798E+02
 4.28317841E+02
 6.24150940E+02
 8.93338257E+02
 1.25766296E+03
 1.74368005E+03
 2.38373096E+03
 3.21689526E+03
 4.29027588E+03
 5.66016113E+03
 7.39314355E+03
 9.56343945E+03
 1.22585635E+04
 1.55794814E+04
 1.96404160E+04
 2.45705254E+04
 3.05120508E+04
 3.76158828E+04
 4.60477031E+04
 5.59835664E+04
 6.76018906E+04
 8.10888516E+04
 9.66176953E+04
 1.14352812E+05
 1.34427516E+05
 1.56956781E+05
 1.82014344E+05
 2.09608875E+05
 2.39708875E+05
 2.72166844E+05
 3.06771812E+05
 3.43250625E+05
 3.81219281E+05
 4.20203375E+05
 4.59635906E+05
 4.98877969E+05
 5.37147688E+05
 5.73562250E+05
 6.07176875E+05
 6.37056875E+05
 6.62362688E+05
 6.82333938E+05
 6.96151188E+05
 7.03109875E+05
 7.02706500E+05
 6.94695625E+05
 6.79087000E+05
 6.56058938E+05
 6.26036250E+05
 5.89757562E+05
 5.48293312E+05
 5.02873188E+05
 4.54864938E+05
 4.05632438E+05
 3.56339938E+05
 3.07857062E+05
 2.61451828E+05
 2.18280375E+05
 1.78994812E+05
 1.43903969E+05
 1.13158141E+05
 8.68786328E+04
 6.50114648E+04
 4.73138984E+04
 3.33971250E+04
 2.27958984E+04
 1.50064268E+04
 9.48943359E+03
 5.70925098E+03
 3.24789771E+03
 1.71096814E+03
 8.18607849E+02
 3.60921722E+02
 1.49665192E+02
 4.60421982E+01
 1.83517075E+01
-3.63474941E+00
 5.16085100E+00
 4.57024527E+00
-3.08324504E+00
 5.69554520E+00
 8.60140920E-02
 8.60140920E-02
 8.60140920E-02
 8.60140920E-02
 8.60140920E-02
 8.60140920E-02
 8.60140920E-02
 8.60140920E-02
 8.60140920E-02
 8.60140920E-02
 8.60140920E-02
 8.60140920E-02
 8.60140920E-02
 8.60140920E-02
 8.60140920E-02
 8.60140920E-02
 8.60140920E-02
 8.60140920E-02
 8.60140920E-02
 8.60140920E-02
 8.60140920E-02
 8.60140920E-02
 8.60140920E-02
 8.60140920E-02
 8.60140920E-02
 8.60140920E-02
 8.60140920E-02
 8.60140920E-02
 8.60140920E-02
 8.60140920E-02
 8.60140920E-02
 8.60140920E-02
 8.60140920E-02
 8.60140920E-02
 8.60140920E-02
 8.60140920E-02
 8.60140920E-02
 8.60140920E-02
 8.60140920E-02
 8.60140920E-02
 8.60140920E-02
 8.60140920E-02
 8.60140920E-02
 8.60140920E-02
 8.60140920E-02
 8.60140920E-02
 8.60140920E-02
 8.60140920E-02
 8.60140920E-02
 8.60140920E-02
 8.60140920E-02
 8.60140920E-02
 8.60140920E-02
 8.60140920E-02
 8.60140920E-02
 8.60140920E-02
 8.60140920E-02
 8.60140920E-02
 8.60140920E-02
 8.60140920E-02
 8.60140920E-02
 8.60140920E-02
 8.60140920E-02
 8.60140920E-02
 8.60140920E-02
 8.60140920E-02
 8.60140920E-02
 8.60140920E-02
 8.60140920E-02
 8.60140920E-02
 8.60140920E-02
 8.60140920E-02
 8.60140920E-02
 8.60140920E-02
 8.60140920E-02
 8.60140920E-02
 8.60140920E-02
 8.60140920E-02
 8.60140920E-02
 8.60140920E-02
 8.60140920E-02
 8.60140920E-02
 8.60140920E-02
 8.60140920E-02
 8.60140920E-02
 8.60140920E-02
 8.60140920E-02
 8.60140920E-02
 8.60140920E-02
 8.60140920E-02
 8.60140920E-02
 8.60140920E-02
 8.60140920E-02
 8.60140920E-02
 8.60140920E-02
 8.60140920E-02
 8.60140920E-02
 8.60140920E-02
 8.60140920E-02
 8.60140920E-02
 8.60140920E-02
 1.00885925E-04
 1.66179321E-04
 9.37323610E-04
 3.55122751E-03
 1.19492952E-02
 3.26479785E-02
 8.96941572E-02
 2.23567009E-01
 5.13750970E-01
 1.14974463E+00
 2.42170525E+00
 4.81891727E+00
 9.20242214E+00
 1.68174324E+01
 2.95276642E+01
 5.01165657E+01
 8.22995987E+01
 1.31319153E+02
 2.04059158E+02
 3.09677338E+02
 4.59776123E+02
 6.69164062E+02
 9.55996460E+02
 1.34265552E+03
 1.85686267E+03
 2.53157056E+03
 3.40823706E+03
 4.53525391E+03
 5.96824170E+03
 7.77167529E+03
 1.00187578E+04
 1.27947393E+04
 1.61959463E+04
 2.03276953E+04
 2.53062832E+04
 3.12558398E+04
 3.82968555E+04
 4.65588438E+04
 5.61768398E+04
 6.72757500E+04
 7.99688594E+04
 9.43363047E+04
 1.10433664E+05
 1.28278961E+05
 1.47864375E+05
 1.69126922E+05
 1.91935953E+05
 2.16116641E+05
 2.41402625E+05
 2.67468094E+05
 2.93942000E+05
 3.20391281E+05
 3.46322875E+05
 3.71185562E+05
 3.94387312E+05
 4.15332750E+05
 4.33415719E+05
 4.48040625E+05
 4.58735500E+05
 4.65095250E+05
 4.66720750E+05
 4.63393062E+05
 4.54962875E+05
 4.41528125E+05
 4.23364656E+05
 4.00896844E+05
 3.74725969E+05
 3.45541125E+05
 3.14072844E+05
 2.81208812E+05
 2.48012109E+05
 2.15326656E+05
 1.83743750E+05
 1.53874891E+05
 1.26345008E+05
 1.01625164E+05
 7.99086250E+04
 6.12627461E+04
 4.57155938E+04
 3.31147852E+04
 2.32219160E+04
 1.57198174E+04
 1.02282705E+04
 6.35803613E+03
 3.73719287E+03
 2.06871924E+03
 1.07006274E+03
 5.06166779E+02
 2.18603973E+02
 7.85902252E+01
 1.88260384E+01
-2.21715331E+00
-7.95306802E-01
-5.70694876E+00
 2.39382601E+00
-8.76152325E+00
 8.60140920E-02
 8.60140920E-02
 8.60140920E-02
 8.60140920E-02
 8.60140920E-02
 8.60140920E-02
 8.60140920E-02
 8.60140920E-02
 8.60140920E-02
 8.60140920E-02
 8.60140920E-02
 8.60140920E-02
 8.60140920E-02
 8.60140920E-02
 8.60140920E-02
 8.60140920E-02
 8.60140920E-02
 8.60140920E-02
 8.60140920E-02
 8.60140920E-02
 8.60140920E-02
 8.60140920E-02
 8.60140920E-02
 8.60140920E-02
 8.60140920E-02
 8.60140920E-02
 8.60140920E-02
 8.60140920E-02
 8.60140920E-02
 8.60140920E-02
 8.60140920E-02
 8.60140920E-02
 8.60140920E-02
 8.60140920E-02
 8.60140920E-02
 8.60140920E-02
 8.60140920E-02
 8.60140920E-02
 8.60140920E-02
 8.60140920E-02
 8.60140920E-02
 8.60140920E-02
 8.60140920E-02
 8.60140920E-02
 8.60140920E-02
 8.60140920E-02
 8.60140920E-02
 8.60140920E-02
 8.60140920E-02
 8.60140920E-02
 8.60140920E-02
 8.60140920E-02
 8.60140920E-02
 8.60140920E-02
 8.60140920E-02
 8.60140920E-02
 8.60140920E-02
 8.60140920E-02
 8.60140920E-02
 8.60140920E-02
 8.60140920E-02
 8.60140920E-02
 8.60140920E-02
 8.60140920E-02
 8.60140920E-02
 8.60140920E-02
 8.60140920E-02
 8.60140920E-02
 8.60140920E-02
 8.60140920E-02
 8.60140920E-02
 8.60140920E-02
 8.60140920E-02
 8.60140920E-02
 8.60140920E-02
 8.60140920E-02
 8.60140920E-02
 8.60140920E-02
 8.60140920E-02
 8.60140920E-02
 8.60140920E-02
 8.60140920E-02
 8.60140920E-02
 8.60140920E-02
 8.60140920E-02
 8.60140920E-02
 8.60140920E-02
 8.60140920E-02
 8.60140920E-02
 8.60140920E-02
 8.60140920E-02
 8.60140920E-02
 8.60140920E-02
 8.60140920E-02
 8.60140920E-02
 8.60140920E-02
 8.60140920E-02
 8.60140920E-02
 8.60140920E-02
 8.60140920E-02
 8.60140920E-02
 8.60140920E-02
 8.60140920E-02
 8.60140920E-02
 8.60140920E-02
 8.60140920E-02
 3.57975281E-04
 5.98828250E-04
 3.38907586E-03
 1.06385387E-02
 3.00584659E-02
 8.11356977E-02
 2.05967501E-01
 4.91506100E-01
 1.09885108E+00
 2.32814431E+00
 4.70274830E+00
 8.98184967E+00
 1.64824009E+01
 2.90663815E+01
 4.94556198E+01
 8.13048096E+01
 1.29820419E+02
 2.01824341E+02
 3.06013397E+02
 4.53894409E+02
 6.59647034E+02
 9.40716187E+02
 1.31867896E+03
 1.82017993E+03
 2.47782227E+03
 3.33018115E+03
 4.42169482E+03
 5.80271338E+03
 7.53148291E+03
 9.67342578E+03
 1.23055439E+04
 1.55082451E+04
 1.93684160E+04
 2.39742988E+04
 2.94147832E+04
 3.57784922E+04
 4.31498555E+04
 5.16053789E+04
 6.12033047E+04
 7.19741016E+04
 8.39204531E+04
 9.70154141E+04
 1.11198914E+05
 1.26365188E+05
 1.42374844E+05
 1.59034344E+05
 1.76114188E+05
 1.93333109E+05
 2.10358219E+05
 2.26852031E+05
 2.42414281E+05
 2.56685422E+05
 2.69284750E+05
 2.79855406E+05
 2.88072688E+05
 2.93631438E+05
 2.96223281E+05
 2.95633219E+05
 2.91814500E+05
 2.84792281E+05
 2.74744062E+05
 2.61794188E+05
 2.46169797E+05
 2.28321156E+05
 2.08837625E+05
 1.88241781E+05
 1.66977516E+05
 1.45582328E+05
 1.24670203E+05
 1.04747539E+05
 8.61736406E+04
 6.93598984E+04
 5.45293008E+04
 4.17715977E+04
 3.10668984E+04
 2.23860176E+04
 1.55876641E+04
 1.04517490E+04
 6.70071777E+03
 4.08171167E+03
 2.35171997E+03
 1.27019080E+03
 6.34564880E+02
 2.90683441E+02
 1.13153999E+02
 3.42979584E+01
 1.65572643E+01
-2.91448569E+00
 6.95138991E-01
-1.55028298E-01
-1.73186779E+01
 8.60140920E-02
 8.60140920E-02
 8.60140920E-02
 8.60140920E-02
 8.60140920E-02
 8.60140920E-02
 8.60140920E-02
 8.60140920E-02
 8.60140920E-02
 8.60140920E-02
 8.60140920E-02
 8.60140920E-02
 8.60140920E-02
 8.60140920E-02
 8.60140920E-02
 8.60140920E-02
 8.60140920E-02
 8.60140920E-02
 8.60140920E-02
 8.60140920E-02
 8.60140920E-02
 8.60140920E-02
 8.60140920E-02
 8.60140920E-02
 8.60140920E-02
 8.60140920E-02
 8.60140920E-02
 8.60140920E-02
 8.60140920E-02
 8.60140920E-02
 8.60140920E-02
 8.60140920E-02
 8.60140920E-02
 8.60140920E-02
 8.60140920E-02
 8.60140920E-02
 8.60140920E-02
 8.60140920E-02
 8.60140920E-02
 8.60140920E-02
 8.60140920E-02
 8.60140920E-02
 8.60140920E-02
 8.60140920E-02
 8.60140920E-02
 8.60140920E-02
 8.60140920E-02
 8.60140920E-02
 8.60140920E-02
 8.60140920E-02
 8.60140920E-02
 8.60140920E-02
 8.60140920E-02
 8.60140920E-02
 8.60140920E-02
 8.60140920E-02
 8.60140920E-02
 8.60140920E-02
 8.60140920E-02
 8.60140920E-02
 8.60140920E-02
 8.60140920E-02
 8.60140920E-02
 8.60140920E-02
 8.60140920E-02
 8.60140920E-02
 8.60140920E-02
 8.60140920E-02
 8.60140920E-02
 8.60140920E-02
 8.60140920E-02
 8.60140920E-02
 8.60140920E-02
 8.60140920E-02
 8.60140920E-02
 8.60140920E-02
 8.60140920E-02
 8.60140920E-02
 8.60140920E-02
 8.60140920E-02
 8.60140920E-02
 8.60140920E-02
 8.60140920E-02
 8.60140920E-02
 8.60140920E-02
 8.60140920E-02
 8.60140920E-02
 8.60140920E-02
 8.60140920E-02
 8.60140920E-02
 8.60140920E-02
 8.60140920E-02
 8.60140920E-02
 8.60140920E-02
 8.60140920E-02
 8.60140920E-02
 8.60140920E-02
 8.60140920E-02
 8.60140920E-02
 8.60140920E-02
 8.60140920E-02
 8.60140920E-02
 8.60140920E-02
 8.60140920E-02
 8.60140920E-02
 8.60140920E-02
 8.60140920E-02
 8.60140920E-02
 8.60140920E-02
 8.60140920E-02
 1.61431366E-04
 6.63398532E-04
 2.67828722E-03
 7.93770980E-03
 2.46863477E-02
 6.72558770E-02
 1.73491672E-01
 4.24401760E-01
 9.53649342E-01
 2.04526258E+00
 4.14890051E+00
 7.98668003E+00
 1.47448912E+01
 2.61225262E+01
 4.45249023E+01
 7.34016495E+01
 1.17280937E+02
 1.82278183E+02
 2.76284607E+02
 4.09573303E+02
 5.94426758E+02
 8.46964233E+02
 1.18640125E+03
 1.63657837E+03
 2.22560742E+03
 2.98488379E+03
 3.95211865E+03
 5.16926367E+03
 6.68620264E+03
 8.55708105E+03
 1.08382100E+04
 1.35892021E+04
 1.68690898E+04
 2.07367168E+04
 2.52473066E+04
 3.04544961E+04
 3.63938398E+04
 4.30902109E+04
 5.05475898E+04
 5.87436211E+04
 6.76181719E+04
 7.71039219E+04
 8.71078359E+04
 9.75015547E+04
 1.08123320E+05
 1.18777531E+05
 1.29254930E+05
 1.39330547E+05
 1.48744453E+05
 1.57252547E+05
 1.64614203E+05
 1.70622000E+05
 1.75097516E+05
 1.77886594E+05
 1.78800344E+05
 1.77687172E+05
 1.74490797E+05
 1.69294906E+05
 1.62329688E+05
 1.53742516E+05
 1.43619375E+05
 1.32154531E+05
 1.19720977E+05
 1.06726547E+05
 9.35299141E+04
 8.04786641E+04
 6.78651094E+04
 5.59519180E+04
 4.50028477E+04
 3.52764961E+04
 2.69256992E+04
 1.99802246E+04
 1.43661348E+04
 9.94836523E+03
 6.60620264E+03
 4.16872656E+03
 2.48775903E+03
 1.39182141E+03
 7.24417664E+02
 3.51609772E+02
 1.43701279E+02
 4.98649673E+01
 1.39418678E+01
 4.83093691E+00
-2.93455458E+00
 3.39250183E+00
 8.60140920E-02
 8.60140920E-02
 8.60140920E-02
 8.60140920E-02
 8.60140920E-02
 8.60140920E-02
 8.60140920E-02
 8.60140920E-02
 8.60140920E-02
 8.60140920E-02
 8.60140920E-02
 8.60140920E-02
 8.60140920E-02
 8.60140920E-02
 8.60140920E-02
 8.60140920E-02
 8.60140920E-02
 8.60140920E-02
 8.60140920E-02
 8.60140920E-02
 8.60140920E-02
 8.60140920E-02
 8.60140920E-02
 8.60140920E-02
 8.60140920E-02
 8.60140920E-02
 8.60140920E-02
 8.60140920E-02
 8.60140920E-02
 8.60140920E-02
 8.60140920E-02
 8.60140920E-02
 8.60140920E-02
 8.60140920E-02
 8.60140920E-02
 8.60140920E-02
 8.60140920E-02
 8.60140920E-02
 8.60140920E-02
 8.60140920E-02
 8.60140920E-02
 8.60140920E-02
 8.60140920E-02
 8.60140920E-02
 8.60140920E-02
 8.60140920E-02
 8.60140920E-02
 8.60140920E-02
 8.60140920E-02
 8.60140920E-02
 8.60140920E-02
 8.60140920E-02
 8.60140920E-02
 8.60140920E-02
 8.60140920E-02
 8.60140920E-02
 8.60140920E-02
 8.60140920E-02
 8.60140920E-02
 8.60140920E-02
 8.60140920E-02
 8.60140920E-02
 8.60140920E-02
 8.60140920E-02
 8.60140920E-02
 8.60140920E-02
 8.60140920E-02
 8.60140920E-02
 8.60140920E-02
 8.60140920E-02
 8.60140920E-02
 8.60140920E-02
 8.60140920E-02
 8.60140920E-02
 8.60140920E-02
 8.60140920E-02
 8.60140920E-02
 8.60140920E-02
 8.60140920E-02
 8.60140920E-02
 8.60140920E-02
 8.60140920E-02
 8.60140920E-02
 8.60140920E-02
 8.60140920E-02
 8.60140920E-02
 8.60140920E-02
 8.60140920E-02
 8.60140920E-02
 8.60140920E-02
 8.60140920E-02
 8.60140920E-02
 8.60140920E-02
 8.60140920E-02
 8.60140920E-02
 8.60140920E-02
 8.60140920E-02
 8.60140920E-02
 8.60140920E-02
 8.60140920E-02
 8.60140920E-02
 8.60140920E-02
 8.60140920E-02
 8.60140920E-02
 8.60140920E-02
 8.60140920E-02
 8.60140920E-02
 8.60140920E-02
 8.60140920E-02
 8.60140920E-02
 8.60140920E-02
 8.60140920E-02
 8.60140920E-02
 8.60140920E-02
 8.60140920E-02
 8.60140920E-02
 1.58653071E-04
 1.53546548E-03
 5.23348525E-03
 1.70922652E-02
 4.98589724E-02
 1.28323197E-01
 3.21963072E-01
 7.36025929E-01
 1.59184754E+00
 3.27955747E+00
 6.38915062E+00
 1.18402662E+01
 2.10746269E+01
 3.61118889E+01
 5.96619225E+01
 9.56438446E+01
 1.48877304E+02
 2.25888992E+02
 3.34881012E+02
 4.86244171E+02
 6.93317566E+02
 9.71737488E+02
 1.34013025E+03
 1.81981189E+03
 2.43494946E+03
 3.21414697E+03
 4.19089453E+03
 5.40146436E+03
 6.88381982E+03
 8.67248730E+03
 1.08042734E+04
 1.33149717E+04
 1.62392744E+04
 1.96073496E+04
 2.34395430E+04
 2.77402949E+04
 3.24963691E+04
 3.76705664E+04
 4.32123320E+04
 4.90566211E+04
 5.51286172E+04
 6.13329219E+04
 6.75576641E+04
 7.36818438E+04
 7.95586016E+04
 8.50062656E+04
 8.98811094E+04
 9.40224766E+04
 9.73051562E+04
 9.96236094E+04
 1.00888758E+05
 1.01029359E+05
 1.00002281E+05
 9.77776797E+04
 9.43941797E+04
 8.99220625E+04
 8.45139453E+04
 7.83246406E+04
 7.14414297E+04
 6.40150820E+04
 5.62728750E+04
 4.84758984E+04
 4.08966250E+04
 3.37438594E+04
 2.71682773E+04
 2.12949551E+04
 1.61808828E+04
 1.19038760E+04
 8.44915820E+03
 5.77328711E+03
 3.75911230E+03
 2.32717212E+03
 1.35561816E+03
 7.31936523E+02
 3.61645172E+02
 1.60290771E+02
 5.68299141E+01
 1.43992195E+01
 5.80171680E+00
-7.19963670E-01
 1.38334155E-01
 8.60140920E-02
 8.60140920E-02
 8.60140920E-02
 8.60140920E-02
 8.60140920E-02
 8.60140920E-02
 8.60140920E-02
 8.60140920E-02
 8.60140920E-02
 8.60140920E-02
 8.60140920E-02
 8.60140920E-02
 8.60140920E-02
 8.60140920E-02
 8.60140920E-02
 8.60140920E-02
 8.60140920E-02
 8.60140920E-02
 8.60140920E-02
 8.60140920E-02
 8.60140920E-02
 8.60140920E-02
 8.60140920E-02
 8.60140920E-02
 8.60140920E-02
 8.60140920E-02
 8.60140920E-02
 8.60140920E-02
 8.60140920E-02
 8.60140920E-02
 8.60140920E-02
 8.60140920E-02
 8.60140920E-02
 8.60140920E-02
 8.60140920E-02
 8.60140920E-02
 8.60140920E-02
 8.60140920E-02
 8.60140920E-02
 8.60140920E-02
 8.60140920E-02
 8.60140920E-02
 8.60140920E-02
 8.60140920E-02
 8.60140920E-02
 8.60140920E-02
 8.60140920E-02
 8.60140920E-02
 8.60140920E-02
 8.60140920E-02
 8.60140920E-02
 8.60140920E-02
 8.60140920E-02
 8.60140920E-02
 8.60140920E-02
 8.60140920E-02
 8.60140920E-02
 8.60140920E-02
 8.60140920E-02
 8.60140920E-02
 8.60140920E-02
 8.60140920E-02
 8.60140920E-02
 8.60140920E-02
 8.60140920E-02
 8.60140920E-02
 8.60140920E-02
 8.60140920E-02
 8.60140920E-02
 8.60140920E-02
 8.60140920E-02
 8.60140920E-02
 8.60140920E-02
 8.60140920E-02
 8.60140920E-02
 8.60140920E-02
 8.60140920E-02
 8.60140920E-02
 8.60140920E-02
 8.60140920E-02
 8.60140920E-02
 8.60140920E-02
 8.60140920E-02
 8.60140920E-02
 8.60140920E-02
 8.60140920E-02
 8.60140920E-02
 8.60140920E-02
 8.60140920E-02
 8.60140920E-02
 8.60140920E-02
 8.60140920E-02
 8.60140920E-02
 8.60140920E-02
 8.60140920E-02
 8.60140920E-02
 8.60140920E-02
 8.60140920E-02
 8.60140920E-02
 8.60140920E-02
 8.60140920E-02
 8.60140920E-02
 8.60140920E-02
 8.60140920E-02
 8.60140920E-02
 8.60140920E-02
 8.60140920E-02
 8.60140920E-02
 8.60140920E-02
 8.60140920E-02
 8.60140920E-02
 8.60140920E-02
 8.60140920E-02
 8.60140920E-02
 8.60140920E-02
 8.60140920E-02
 8.60140920E-02
 8.60140920E-02
 8.60140920E-02
 8.60140920E-02
 8.60140920E-02
 2.10296642E-03
 9.44077387E-04
 1.22137927E-02
 2.76025161E-02
 7.80744553E-02
 2.10293472E-01
 4.92206752E-01
 1.09073305E+00
 2.25739050E+00
 4.44441986E+00
 8.34289742E+00
 1.49404850E+01
 2.57876682E+01
 4.29266434E+01
 6.92076797E+01
 1.08277924E+02
 1.65006317E+02
 2.45533768E+02
 3.57772247E+02
 5.11431854E+02
 7.17496338E+02
 9.88901489E+02
 1.34108984E+03
 1.79074951E+03
 2.35880908E+03
 3.06704492E+03
 3.93698633E+03
 4.98924072E+03
 6.24360352E+03
 7.71997852E+03
 9.43741699E+03
 1.14143760E+04
 1.36612949E+04
 1.61779893E+04
 1.89454629E+04
 2.19291875E+04
 2.50881504E+04
 2.83742285E+04
 3.17324277E+04
 3.51110508E+04
 3.84514766E+04
 4.16630352E+04
 4.46412383E+04
 4.72765352E+04
 4.94714023E+04
 5.11529766E+04
 5.22532891E+04
 5.27139688E+04
 5.25145547E+04
 5.16626328E+04
 5.01836133E+04
 4.81083750E+04
 4.54610156E+04
 4.22827656E+04
 3.86580156E+04
 3.47254648E+04
 3.06460996E+04
 2.65190430E+04
 2.23981250E+04
 1.84094512E+04
 1.47222539E+04
 1.14685469E+04
 8.68242480E+03
 6.34972803E+03
 4.44926514E+03
 2.95126538E+03
 1.85249683E+03
 1.09396875E+03
 6.00333069E+02
 3.10756317E+02
 1.39408157E+02
 5.09525299E+01
 1.03340397E+01
 4.51282549E+00
-1.05470574E+00
-1.14131880E+00
 8.60140920E-02
 8.60140920E-02
 8.60140920E-02
 8.60140920E-02
 8.60140920E-02
 8.60140920E-02
 8.60140920E-02
 8.60140920E-02
 8.60140920E-02
 8.60140920E-02
 8.60140920E-02
 8.60140920E-02
 8.60140920E-02
 8.60140920E-02
 8.60140920E-02
 8.60140920E-02
 8.60140920E-02
 8.60140920E-02
 8.60140920E-02
 8.60140920E-02
 8.60140920E-02
 8.60140920E-02
 8.60140920E-02
 8.60140920E-02
 8.60140920E-02
 8.60140920E-02
 8.60140920E-02
 8.60140920E-02
 8.60140920E-02
 8.60140920E-02
 8.60140920E-02
 8.60140920E-02
 8.60140920E-02
 8.60140920E-02
 8.60140920E-02
 8.60140920E-02
 8.60140920E-02
 8.60140920E-02
 8.60140920E-02
 8.60140920E-02
 8.60140920E-02
 8.60140920E-02
 8.60140920E-02
 8.60140920E-02
 8.60140920E-02
 8.60140920E-02
 8.60140920E-02
 8.60140920E-02
 8.60140920E-02
 8.60140920E-02
 8.60140920E-02
 8.60140920E-02
 8.60140920E-02
 8.60140920E-02
 8.60140920E-02
 8.60140920E-02
 8.60140920E-02
 8.60140920E-02
 8.60140920E-02
 8.60140920E-02
 8.60140920E-02
 8.60140920E-02
 8.60140920E-02
 8.60140920E-02
 8.60140920E-02
 8.60140920E-02
 8.60140920E-02
 8.60140920E-02
 8.60140920E-02
 8.60140920E-02
 8.60140920E-02
 8.60140920E-02
 8.60140920E-02
 8.60140920E-02
 8.60140920E-02
 8.60140920E-02
 8.60140920E-02
 8.60140920E-02
 8.60140920E-02
 8.60140920E-02
 8.60140920E-02
 8.60140920E-02
 8.60140920E-02
 8.60140920E-02
 8.60140920E-02
 8.60140920E-02
 8.60140920E-02
 8.60140920E-02
 8.60140920E-02
 8.60140920E-02
 8.60140920E-02
 8.60140920E-02
 8.60140920E-02
 8.60140920E-02
 8.60140920E-02
 8.60140920E-02
 8.60140920E-02
 8.60140920E-02
 8.60140920E-02
 8.60140920E-02
 8.60140920E-02
 8.60140920E-02
 8.60140920E-02
 8.60140920E-02
 8.60140920E-02
 8.60140920E-02
 8.60140920E-02
 8.60140920E-02
 8.60140920E-02
 8.60140920E-02
 8.60140920E-02
 8.60140920E-02
 8.60140920E-02
 8.60140920E-02
 8.60140920E-02
 8.60140920E-02
 8.60140920E-02
 8.60140920E-02
 8.60140920E-02
 8.60140920E-02
 8.60140920E-02
 8.60140920E-02
 8.60140920E-02
 8.60140920E-02
 8.60140920E-02
 6.10681367E-04
 5.38725173E-04
 6.58101775E-03
 1.33981779E-02
 4.46507297E-02
 1.10184006E-01
 2.64341682E-01
 6.06136560E-01
 1.29555118E+00
 2.58257580E+00
 4.92947388E+00
 9.01063728E+00
 1.58155050E+01
 2.66335258E+01
 4.34180107E+01
 6.87373123E+01
 1.05844040E+02
 1.58850006E+02
 2.33006836E+02
 3.34323761E+02
 4.69806396E+02
 6.47882751E+02
 8.78299194E+02
 1.17189343E+03
 1.54025354E+03
 1.99470081E+03
 2.54602368E+03
 3.20449463E+03
 3.97966016E+03
 4.87958008E+03
 5.91517773E+03
 7.09234619E+03
 8.40788965E+03
 9.84859863E+03
 1.13899521E+04
 1.29986455E+04
 1.46438779E+04
 1.62949951E+04
 1.79308926E+04
 1.95198613E+04
 2.10050273E+04
 2.23136191E+04
 2.33819492E+04
 2.41613281E+04
 2.46076309E+04
 2.46953945E+04
 2.44235625E+04
 2.38099258E+04
 2.28788984E+04
 2.16636836E+04
 2.01952891E+04
 1.84925566E+04
 1.65921973E+04
 1.45610498E+04
 1.25008564E+04
 1.05151660E+04
 8.63991309E+03
 6.89429834E+03
 5.30624414E+03
 3.92837866E+03
 2.79611475E+03
 1.89993152E+03
 1.21243823E+03
 7.16355286E+02
 3.91493774E+02
 1.93011505E+02
 8.02618332E+01
 2.77781773E+01
 9.70450497E+00
-5.32340527E+00
 2.25876522E+00
-1.11485124E+00
 8.60140920E-02
 8.60140920E-02
 8.60140920E-02
 8.60140920E-02
 8.60140920E-02
 8.60140920E-02
 8.60140920E-02
 8.60140920E-02
 8.60140920E-02
 8.60140920E-02
 8.60140920E-02
 8.60140920E-02
 8.60140920E-02
 8.60140920E-02
 8.60140920E-02
 8.60140920E-02
 8.60140920E-02
 8.60140920E-02
 8.60140920E-02
 8.60140920E-02
 8.60140920E-02
 8.60140920E-02
 8.60140920E-02
 8.60140920E-02
 8.60140920E-02
 8.60140920E-02
 8.60140920E-02
 8.60140920E-02
 8.60140920E-02
 8.60140920E-02
 8.60140920E-02
 8.60140920E-02
 8.60140920E-02
 8.60140920E-02
 8.60140920E-02
 8.60140920E-02
 8.60140920E-02
 8.60140920E-02
 8.60140920E-02
 8.60140920E-02
 8.60140920E-02
 8.60140920E-02
 8.60140920E-02
 8.60140920E-02
 8.60140920E-02
 8.60140920E-02
 8.60140920E-02
 8.60140920E-02
 8.60140920E-02
 8.60140920E-02
 8.60140920E-02
 8.60140920E-02
 8.60140920E-02
 8.60140920E-02
 8.60140920E-02
 8.60140920E-02
 8.60140920E-02
 8.60140920E-02
 8.60140920E-02
 8.60140920E-02
 8.60140920E-02
 8.60140920E-02
 8.60140920E-02
 8.60140920E-02
 8.60140920E-02
 8.60140920E-02
 8.60140920E-02
 8.60140920E-02
 8.60140920E-02
 8.60140920E-02
 8.60140920E-02
 8.60140920E-02
 8.60140920E-02
 8.60140920E-02
 8.60140920E-02
 8.60140920E-02
 8.60140920E-02
 8.60140920E-02
 8.60140920E-02
 8.60140920E-02
 8.60140920E-02
 8.60140920E-02
 8.60140920E-02
 8.60140920E-02
 8.60140920E-02
 8.60140920E-02
 8.60140920E-02
 8.60140920E-02
 8.60140920E-02
 8.60140920E-02
 8.60140920E-02
 8.60140920E-02
 8.60140920E-02
 8.60140920E-02
 8.60140920E-02
 8.60140920E-02
 8.60140920E-02
 8.60140920E-02
 8.60140920E-02
 8.60140920E-02
 8.60140920E-02
 8.60140920E-02
 8.60140920E-02
 8.60140920E-02
 8.60140920E-02
 8.60140920E-02
 8.60140920E-02
 8.60140920E-02
 8.60140920E-02
 8.60140920E-02
 8.60140920E-02
 8.60140920E-02
 8.60140920E-02
 8.60140920E-02
 8.60140920E-02
 8.60140920E-02
 8.60140920E-02
 8.60140920E-02
 8.60140920E-02
 8.60140920E-02
 8.60140920E-02
 8.60140920E-02
 8.60140920E-02
 8.60140920E-02
 8.60140920E-02
 8.60140920E-02
 8.60140920E-02
 8.60140920E-02
 8.60140920E-02
 8.60140920E-02
 8.60140920E-02
 1.03457063E-03
 5.24022803E-03
 1.54549824E-02
 4.14432213E-02
 1.10028394E-01
 2.57622540E-01
 5.69994807E-01
 1.18784392E+00
 2.35780978E+00
 4.45504904E+00
 7.97229338E+00
 1.37809143E+01
 2.28926296E+01
 3.68526077E+01
 5.77563553E+01
 8.80372696E+01
 1.30750183E+02
 1.89055984E+02
 2.66572723E+02
 3.67940613E+02
 4.97781830E+02
 6.62474854E+02
 8.67294495E+02
 1.11619714E+03
 1.41452893E+03
 1.76740759E+03
 2.17868506E+03
 2.65230249E+03
 3.18880786E+03
 3.78426099E+03
 4.42882275E+03
 5.11196973E+03
 5.81792236E+03
 6.52651123E+03
 7.22138184E+03
 7.89156006E+03
 8.51972656E+03
 9.07703027E+03
 9.52477832E+03
 9.82588672E+03
 9.95604785E+03
 9.90752539E+03
 9.68591699E+03
 9.30805566E+03
 8.78968652E+03
 8.15018457E+03
 7.41425830E+03
 6.61043848E+03
 5.76796631E+03
 4.90970264E+03
 4.07612964E+03
 3.29636084E+03
 2.59125586E+03
 1.95914343E+03
 1.41262610E+03
 9.55428650E+02
 5.97516663E+02
 3.42133972E+02
 1.79002411E+02
 8.43880005E+01
 3.36172676E+01
 9.79387474E+00
 1.74080515E+00
-4.90272641E-01
 2.69756854E-01
 8.60140920E-02
 8.60140920E-02
 8.60140920E-02
 8.60140920E-02
 8.60140920E-02
 8.60140920E-02
 8.60140920E-02
 8.60140920E-02
 8.60140920E-02
 8.60140920E-02
 8.60140920E-02
 8.60140920E-02
 8.60140920E-02
 8.60140920E-02
 8.60140920E-02
 8.60140920E-02
 8.60140920E-02
 8.60140920E-02
 8.60140920E-02
 8.60140920E-02
 8.60140920E-02
 8.60140920E-02
 8.60140920E-02
 8.60140920E-02
 8.60140920E-02
 8.60140920E-02
 8.60140920E-02
 8.60140920E-02
 8.60140920E-02
 8.60140920E-02
 8.60140920E-02
 8.60140920E-02
 8.60140920E-02
 8.60140920E-02
 8.60140920E-02
 8.60140920E-02
 8.60140920E-02
 8.60140920E-02
 8.60140920E-02
 8.60140920E-02
 8.60140920E-02
 8.60140920E-02
 8.60140920E-02
 8.60140920E-02
 8.60140920E-02
 8.60140920E-02
 8.60140920E-02
 8.60140920E-02
 8.60140920E-02
 8.60140920E-02
 8.60140920E-02
 8.60140920E-02
 8.60140920E-02
 8.60140920E-02
 8.60140920E-02
 8.60140920E-02
 8.60140920E-02
 8.60140920E-02
 8.60140920E-02
 8.60140920E-02
 8.60140920E-02
 8.60140920E-02
 8.60140920E-02
 8.60140920E-02
 8.60140920E-02
 8.60140920E-02
 8.60140920E-02
 8.60140920E-02
 8.60140920E-02
 8.60140920E-02
 8.60140920E-02
 8.60140920E-02
 8.60140920E-02
 8.60140920E-02
 8.60140920E-02
 8.60140920E-02
 8.60140920E-02
 8.60140920E-02
 8.60140920E-02
 8.60140920E-02
 8.60140920E-02
 8.60140920E-02
 8.60140920E-02
 8.60140920E-02
 8.60140920E-02
 8.60140920E-02
 8.60140920E-02
 8.60140920E-02
 8.60140920E-02
 8.60140920E-02
 8.60140920E-02
 8.60140920E-02
 8.60140920E-02
 8.60140920E-02
 8.60140920E-02
 8.60140920E-02
 8.60140920E-02
 8.60140920E-02
 8.60140920E-02
 8.60140920E-02
 8.60140920E-02
 8.60140920E-02
 8.60140920E-02
 8.60140920E-02
 8.60140920E-02
 8.60140920E-02
 8.60140920E-02
 8.60140920E-02
 8.60140920E-02
 8.60140920E-02
 8.60140920E-02
 8.60140920E-02
 8.60140920E-02
 8.60140920E-02
 8.60140920E-02
 8.60140920E-02
 8.60140920E-02
 8.60140920E-02
 8.60140920E-02
 8.60140920E-02
 8.60140920E-02
 8.60140920E-02
 8.60140920E-02
 8.60140920E-02
 8.60140920E-02
 8.60140920E-02
 8.60140920E-02
 8.60140920E-02
 8.60140920E-02
 8.60140920E-02
 8.60140920E-02
 8.60140920E-02
 8.60140920E-02
 8.60140920E-02
 8.60140920E-02
 8.60140920E-02
 8.60140920E-02
 8.60140920E-02
 8.60140920E-02
 1.33591266E-02
 3.44650559E-02
 8.17076862E-02
 1.90508813E-01
 4.04693186E-01
 8.41341794E-01
 1.67274952E+00
 3.11600232E+00
 5.55662966E+00
 9.49136829E+00
 1.58046026E+01
 2.56466312E+01
 3.99952087E+01
 6.00497093E+01
 8.74162445E+01
 1.23963516E+02
 1.71150436E+02
 2.31147720E+02
 3.06134094E+02
 3.98021576E+02
 5.08523254E+02
 6.40287292E+02
 7.94713501E+02
 9.73218689E+02
 1.17463440E+03
 1.39521240E+03
 1.63001355E+03
 1.87241663E+03
 2.11673535E+03
 2.35694287E+03
 2.58754736E+03
 2.80372144E+03
 2.99403052E+03
 3.13989551E+03
 3.22281079E+03
 3.23494165E+03
 3.17604541E+03
 3.04688965E+03
 2.85636133E+03
 2.62068457E+03
 2.35280518E+03
 2.06515991E+03
 1.76912329E+03
 1.47633374E+03
 1.19584204E+03
 9.35592712E+02
 7.03149048E+02
 5.00802979E+02
 3.33129211E+02
 1.98449722E+02
 1.05948502E+02
 4.79398804E+01
 1.95141430E+01
 6.93894625E+00
 3.24006295E+00
-5.26517987E-01
-2.74241954E-01
 8.60140920E-02
 8.60140920E-02
 8.60140920E-02
 8.60140920E-02
 8.60140920E-02
 8.60140920E-02
 8.60140920E-02
 8.60140920E-02
 8.60140920E-02
 8.60140920E-02
 8.60140920E-02
 8.60140920E-02
 8.60140920E-02
 8.60140920E-02
 8.60140920E-02
 8.60140920E-02
 8.60140920E-02
 8.60140920E-02
 8.60140920E-02
 8.60140920E-02
 8.60140920E-02
 8.60140920E-02
 8.60140920E-02
 8.60140920E-02
 8.60140920E-02
 8.60140920E-02
 8.60140920E-02
 8.60140920E-02
 8.60140920E-02
 8.60140920E-02
 8.60140920E-02
 8.60140920E-02
 8.60140920E-02
 8.60140920E-02
 8.60140920E-02
 8.60140920E-02
 8.60140920E-02
 8.60140920E-02
 8.60140920E-02
 8.60140920E-02
 8.60140920E-02
 8.60140920E-02
 8.60140920E-02
 8.60140920E-02
 8.60140920E-02
 8.60140920E-02
 8.60140920E-02
 8.60140920E-02
 8.60140920E-02
 8.60140920E-02
 8.60140920E-02
 8.60140920E-02
 8.60140920E-02
 8.60140920E-02
 8.60140920E-02
 8.60140920E-02
 8.60140920E-02
 8.60140920E-02
 8.60140920E-02
 8.60140920E-02
 8.60140920E-02
 8.60140920E-02
 8.60140920E-02
 8.60140920E-02
 8.60140920E-02
 8.60140920E-02
 8.60140920E-02
 8.60140920E-02
 8.60140920E-02
 8.60140920E-02
 8.60140920E-02
 8.60140920E-02
 8.60140920E-02
 8.60140920E-02
 8.60140920E-02
 8.60140920E-02
 8.60140920E-02
 8.60140920E-02
 8.60140920E-02
 8.60140920E-02
 8.60140920E-02
 8.60140920E-02
 8.60140920E-02
 8.60140920E-02
 8.60140920E-02
 8.60140920E-02
 8.60140920E-02
 8.60140920E-02
 8.60140920E-02
 8.60140920E-02
 8.60140920E-02
 8.60140920E-02
 8.60140920E-02
 8.60140920E-02
 8.60140920E-02
 8.60140920E-02
 8.60140920E-02
 8.60140920E-02
 8.60140920E-02
 8.60140920E-02
 8.60140920E-02
 8.60140920E-02
 8.60140920E-02
 8.60140920E-02
 8.60140920E-02
 8.60140920E-02
 8.60140920E-02
 8.60140920E-02
 8.60140920E-02
 8.60140920E-02
 8.60140920E-02
 8.60140920E-02
 8.60140920E-02
 8.60140920E-02
 8.60140920E-02
 8.60140920E-02
 8.60140920E-02
 8.60140920E-02
 8.60140920E-02
 8.60140920E-02
 8.60140920E-02
 8.60140920E-02
 8.60140920E-02
 8.60140920E-02
 8.60140920E-02
 8.60140920E-02
 8.60140920E-02
 8.60140920E-02
 8.60140920E-02
 8.60140920E-02
 8.60140920E-02
 8.60140920E-02
 8.60140920E-02
 8.60140920E-02
 8.60140920E-02
 8.60140920E-02
 8.60140920E-02
 8.60140920E-02
 8.60140920E-02
 8.60140920E-02
 8.60140920E-02
 8.60140920E-02
 8.60140920E-02
 8.60140920E-02
 8.60140920E-02
 8.60140920E-02
 8.60140920E-02
 3.74064632E-02
 8.99389684E-02
 1.94961503E-01
 4.10715044E-01
 8.00999522E-01
 1.54526508E+00
 2.80566406E+00
 4.91711569E+00
 8.21551895E+00
 1.31852379E+01
 2.01503162E+01
 2.96096554E+01
 4.23009987E+01
 5.85711365E+01
 7.91208801E+01
 1.04526291E+02
 1.35125061E+02
 1.71579758E+02
 2.14603561E+02
 2.64341919E+02
 3.19887817E+02
 3.79847443E+02
 4.42203857E+02
 5.04612579E+02
 5.65673340E+02
 6.22109192E+02
 6.73812378E+02
 7.20061707E+02
 7.55263489E+02
 7.69177673E+02
 7.58091858E+02
 7.24370544E+02
 6.72356079E+02
 6.09346313E+02
 5.39996521E+02
 4.66719330E+02
 3.90066589E+02
 3.12336823E+02
 2.39489517E+02
 1.71827866E+02
 1.11091484E+02
 6.44006882E+01
 3.08415985E+01
 1.38564625E+01
 4.78103209E+00
 1.65757346E+00
 3.11007828E-01
 2.29696602E-01
-5.19159377E-01
 8.60140920E-02
 8.60140920E-02
 8.60140920E-02
 8.60140920E-02
 8.60140920E-02
 8.60140920E-02
 8.60140920E-02
 8.60140920E-02
 8.60140920E-02
 8.60140920E-02
 8.60140920E-02
 8.60140920E-02
 8.60140920E-02
 8.60140920E-02
 8.60140920E-02
 8.60140920E-02
 8.60140920E-02
 8.60140920E-02
 8.60140920E-02
 8.60140920E-02
 8.60140920E-02
 8.60140920E-02
 8.60140920E-02
 8.60140920E-02
 8.60140920E-02
 8.60140920E-02
 8.60140920E-02
 8.60140920E-02
 8.60140920E-02
 8.60140920E-02
 8.60140920E-02
 8.60140920E-02
 8.60140920E-02
 8.60140920E-02
 8.60140920E-02
 8.60140920E-02
 8.60140920E-02
 8.60140920E-02
 8.60140920E-02
 8.60140920E-02
 8.60140920E-02
 8.60140920E-02
 8.60140920E-02
 8.60140920E-02
 8.60140920E-02
 8.60140920E-02
 8.60140920E-02
 8.60140920E-02
 8.60140920E-02
 8.60140920E-02
 8.60140920E-02
 8.60140920E-02
 8.60140920E-02
 8.60140920E-02
 8.60140920E-02
 8.60140920E-02
 8.60140920E-02
 8.60140920E-02
 8.60140920E-02
 8.60140920E-02
 8.60140920E-02
 8.60140920E-02
 8.60140920E-02
 8.60140920E-02
 8.60140920E-02
 8.60140920E-02
 8.60140920E-02
 8.60140920E-02
 8.60140920E-02
 8.60140920E-02
 8.60140920E-02
 8.60140920E-02
 8.60140920E-02
 8.60140920E-02
 8.60140920E-02
 8.60140920E-02
 8.60140920E-02
 8.60140920E-02
 8.60140920E-02
 8.60140920E-02
 8.60140920E-02
 8.60140920E-02
 8.60140920E-02
 8.60140920E-02
 8.60140920E-02
 8.60140920E-02
 8.60140920E-02
 8.60140920E-02
 8.60140920E-02
 8.60140920E-02
 8.60140920E-02
 8.60140920E-02
 8.60140920E-02
 8.60140920E-02
 8.60140920E-02
 8.60140920E-02
 8.60140920E-02
 8.60140920E-02
 8.60140920E-02
 8.60140920E-02
 8.60140920E-02
 8.60140920E-02
 8.60140920E-02
 8.60140920E-02
 8.60140920E-02
 8.60140920E-02
 8.60140920E-02
 8.60140920E-02
 8.60140920E-02
 8.60140920E-02
 8.60140920E-02
 8.60140920E-02
 8.60140920E-02
 8.60140920E-02
 8.60140920E-02
 8.60140920E-02
 8.60140920E-02
 8.60140920E-02
 8.60140920E-02
 8.60140920E-02
 8.60140920E-02
 8.60140920E-02
 8.60140920E-02
 8.60140920E-02
 8.60140920E-02
 8.60140920E-02
 8.60140920E-02
 8.60140920E-02
 8.60140920E-02
 8.60140920E-02
 8.60140920E-02
 8.60140920E-02
 8.60140920E-02
 8.60140920E-02
 8.60140920E-02
 8.60140920E-02
 8.60140920E-02
 8.60140920E-02
 8.60140920E-02
 8.60140920E-02
 8.60140920E-02
 8.60140920E-02
 8.60140920E-02
 8.60140920E-02
 8.60140920E-02
 8.60140920E-02
 8.60140920E-02
 8.60140920E-02
 8.60140920E-02
 8.60140920E-02
 8.60140920E-02
 8.60140920E-02
 8.60140920E-02
 8.60140920E-02
 8.60140920E-02
 5.11078201E-02
 1.35213017E-01
 2.55673319E-01
 4.55357581E-01
 8.39766264E-01
 1.49082482E+00
 2.51384521E+00
 3.86487556E+00
 5.94782114E+00
 8.72308731E+00
 1.24837875E+01
 1.68998795E+01
 2.24566383E+01
 2.88933735E+01
 3.64692116E+01
 4.48922272E+01
 5.42571297E+01
 6.29758263E+01
 7.21945267E+01
 8.04910278E+01
 8.76109695E+01
 9.38613586E+01
 9.91757660E+01
 1.01787819E+02
 1.01962982E+02
 9.91082153E+01
 9.28439789E+01
 8.39905167E+01
 7.49005661E+01
 5.98029709E+01
 4.82483139E+01
 3.38929672E+01
 2.18541107E+01
 1.16259441E+01
 4.31908798E+00
-6.18742824E-01
 6.82412863E-01
-2.02082053E-01
 2.84877568E-01
-1.53022945E+00
 8.60140920E-02
 8.60140920E-02
 8.60140920E-02
 8.60140920E-02
 8.60140920E-02
 8.60140920E-02
 8.60140920E-02
 8.60140920E-02
 8.60140920E-02
 8.60140920E-02
 8.60140920E-02
 8.60140920E-02
 8.60140920E-02
 8.60140920E-02
 8.60140920E-02
 8.60140920E-02
 8.60140920E-02
 8.60140920E-02
 8.60140920E-02
 8.60140920E-02
 8.60140920E-02
 8.60140920E-02
 8.60140920E-02
 8.60140920E-02
 8.60140920E-02
 8.60140920E-02
 8.60140920E-02
 8.60140920E-02
 8.60140920E-02
 8.60140920E-02
 8.60140920E-02
 8.60140920E-02
 8.60140920E-02
 8.60140920E-02
 8.60140920E-02
 8.60140920E-02
 8.60140920E-02
 8.60140920E-02
 8.60140920E-02
 8.60140920E-02
 8.60140920E-02
 8.60140920E-02
 8.60140920E-02
 8.60140920E-02
 8.60140920E-02
 8.60140920E-02
 8.60140920E-02
 8.60140920E-02
 8.60140920E-02
 8.60140920E-02
 8.60140920E-02
 8.60140920E-02
 8.60140920E-02
 8.60140920E-02
 8.60140920E-02
 8.60140920E-02
 8.60140920E-02
 8.60140920E-02
 8.60140920E-02
 8.60140920E-02
 8.60140920E-02
 8.60140920E-02
 8.60140920E-02
 8.60140920E-02
 8.60140920E-02
 8.60140920E-02
 8.60140920E-02
 8.60140920E-02
 8.60140920E-02
 8.60140920E-02
 8.60140920E-02
 8.60140920E-02
 8.60140920E-02
 8.60140920E-02
 8.60140920E-02
 8.60140920E-02
 8.60140920E-02
 8.60140920E-02
 8.60140920E-02
 8.60140920E-02
 8.60140920E-02
 8.60140920E-02
 8.60140920E-02
 8.60140920E-02
 8.60140920E-02
 8.60140920E-02
 8.60140920E-02
 8.60140920E-02
 8.60140920E-02
 8.60140920E-02
 8.60140920E-02
 8.60140920E-02
 8.60140920E-02
 8.60140920E-02
 8.60140920E-02
 8.60140920E-02
 8.60140920E-02
 8.60140920E-02
 8.60140920E-02
 8.60140920E-02
 8.60140920E-02
 8.60140920E-02
 8.60140920E-02
 8.60140920E-02
 8.60140920E-02
 8.60140920E-02
 8.60140920E-02
 8.60140920E-02
 8.60140920E-02
 8.60140920E-02
 8.60140920E-02
 8.60140920E-02
 8.60140920E-02
 8.60140920E-02
 8.60140920E-02
 8.60140920E-02
 8.60140920E-02
 8.60140920E-02
 8.60140920E-02
 8.60140920E-02
 8.60140920E-02
 8.60140920E-02
 8.60140920E-02
 8.60140920E-02
 8.60140920E-02
 8.60140920E-02
 8.60140920E-02
 8.60140920E-02
 8.60140920E-02
 8.60140920E-02
 8.60140920E-02
 8.60140920E-02
 8.60140920E-02
 8.60140920E-02
 8.60140920E-02
 8.60140920E-02
 8.60140920E-02
 8.60140920E-02
 8.60140920E-02
 8.60140920E-02
 8.60140920E-02
 8.60140920E-02
 8.60140920E-02
 8.60140920E-02
 8.60140920E-02
 8.60140920E-02
 8.60140920E-02
 8.60140920E-02
 8.60140920E-02
 8.60140920E-02
 8.60140920E-02
 8.60140920E-02
 8.60140920E-02
 8.60140920E-02
 8.60140920E-02
 8.60140920E-02
 8.60140920E-02
 8.60140920E-02
 8.60140920E-02
 8.60140920E-02
 8.60140920E-02
 8.60140920E-02
 8.60140920E-02
 8.60140920E-02
 8.60140920E-02
 8.60140920E-02
 1.45510435E-01
 1.56084806E-01
 3.62949610E-01
 4.58523065E-01
 6.92555785E-01
 1.08465385E+00
 1.34948134E+00
 1.81955314E+00
 2.28294373E+00
 2.84634805E+00
 3.02465868E+00
 3.76346946E+00
 4.39744663E+00
 4.62786102E+00
 4.58019543E+00
 5.00423717E+00
 4.55744553E+00
 4.87836456E+00
 4.51828718E+00
 4.28417110E+00
 3.68602371E+00
 2.02526975E+00
 3.79909843E-01
 4.47239935E-01
 3.02566648E-01
 8.60140920E-02
 8.60140920E-02
 8.60140920E-02
 8.60140920E-02
 8.60140920E-02
 8.60140920E-02
 8.60140920E-02
 8.60140920E-02
 8.60140920E-02
 8.60140920E-02
 8.60140920E-02
 8.60140920E-02
 8.60140920E-02
 8.60140920E-02
 8.60140920E-02
 8.60140920E-02
 8.60140920E-02
 8.60140920E-02
 8.60140920E-02
 8.60140920E-02
 8.60140920E-02
 8.60140920E-02
 8.60140920E-02
 8.60140920E-02
 8.60140920E-02
 8.60140920E-02
 8.60140920E-02
 8.60140920E-02
 8.60140920E-02
 8.60140920E-02
 8.60140920E-02
 8.60140920E-02
 8.60140920E-02
 8.60140920E-02
 8.60140920E-02
 8.60140920E-02
 8.60140920E-02
 8.60140920E-02
 8.60140920E-02
 8.60140920E-02
 8.60140920E-02
 8.60140920E-02
 8.60140920E-02
 8.60140920E-02
 8.60140920E-02
 8.60140920E-02
 8.60140920E-02
 8.60140920E-02
 8.60140920E-02
 8.60140920E-02
 8.60140920E-02
 8.60140920E-02
 8.60140920E-02
 8.60140920E-02
 8.60140920E-02
 8.60140920E-02
 8.60140920E-02
 8.60140920E-02
 8.60140920E-02
 8.60140920E-02
 8.60140920E-02
 8.60140920E-02
 8.60140920E-02
 8.60140920E-02
 8.60140920E-02
 8.60140920E-02
 8.60140920E-02
 8.60140920E-02
 8.60140920E-02
 8.60140920E-02
 8.60140920E-02
 8.60140920E-02
 8.60140920E-02
 8.60140920E-02
 8.60140920E-02
 8.60140920E-02
 8.60140920E-02
 8.60140920E-02
 8.60140920E-02
 8.60140920E-02
 8.60140920E-02
 8.60140920E-02
 8.60140920E-02
 8.60140920E-02
 8.60140920E-02
 8.60140920E-02
 8.60140920E-02
 8.60140920E-02
 8.60140920E-02
 8.60140920E-02
 8.60140920E-02
 8.60140920E-02
 8.60140920E-02
 8.60140920E-02
 8.60140920E-02
 8.60140920E-02
 8.60140920E-02
 8.60140920E-02
 8.60140920E-02
 8.60140920E-02
 8.60140920E-02
 8.60140920E-02
 8.60140920E-02
 8.60140920E-02
 8.60140920E-02
 8.60140920E-02
 8.60140920E-02
 8.60140920E-02
 8.60140920E-02
 8.60140920E-02
 8.60140920E-02
 8.60140920E-02
 8.60140920E-02
 8.60140920E-02
 8.60140920E-02
 8.60140920E-02
 8.60140920E-02
 8.60140920E-02
 8.60140920E-02
 8.60140920E-02
 8.60140920E-02
 8.60140920E-02
 8.60140920E-02
 8.60140920E-02
 8.60140920E-02
 8.60140920E-02
 8.60140920E-02
 8.60140920E-02
 8.60140920E-02
 8.60140920E-02
 8.60140920E-02
 8.60140920E-02
 8.60140920E-02
 8.60140920E-02
 8.60140920E-02
 8.60140920E-02
 8.60140920E-02
 8.60140920E-02
 8.60140920E-02
 8.60140920E-02
 8.60140920E-02
 8.60140920E-02
 8.60140920E-02
 8.60140920E-02
 8.60140920E-02
 8.60140920E-02
 8.60140920E-02
 8.60140920E-02
 8.60140920E-02
 8.60140920E-02
 8.60140920E-02
 8.60140920E-02
 8.60140920E-02
 8.60140920E-02
 8.60140920E-02
 8.60140920E-02
 8.60140920E-02
 8.60140920E-02
 8.60140920E-02
 8.60140920E-02
 8.60140920E-02
 8.60140920E-02
 8.60140920E-02
 8.60140920E-02
 8.60140920E-02
 8.60140920E-02
 8.60140920E-02
 8.60140920E-02
 8.60140920E-02
 8.60140920E-02
 8.60140920E-02
 8.60140920E-02
 8.60140920E-02
 8.60140920E-02
 8.60140920E-02
 8.60140920E-02
 8.60140920E-02
 8.60140920E-02
 8.60140920E-02
 8.60140920E-02
 8.60140920E-02
 8.60140920E-02
 8.60140920E-02
 8.60140920E-02
 8.60140920E-02
 8.60140920E-02
 8.60140920E-02
 8.60140920E-02
 8.60140920E-02
 8.60140920E-02
 8.60140920E-02
 8.60140920E-02
 8.60140920E-02
 8.60140920E-02
 8.60140920E-02
 8.60140920E-02
 8.60140920E-02
 8.60140920E-02
 8.60140920E-02
 8.60140920E-02
 8.60140920E-02
 8.60140920E-02
 8.60140920E-02
 8.60140920E-02
 8.60140920E-02
 8.60140920E-02
 8.60140920E-02
 8.60140920E-02
 8.60140920E-02
 8.60140920E-02
 8.60140920E-02
 8.60140920E-02
 8.60140920E-02
 8.60140920E-02
 8.60140920E-02
 8.60140920E-02
 8.60140920E-02
 8.60140920E-02
 8.60140920E-02
 8.60140920E-02
 8.60140920E-02
 8.60140920E-02
 8.60140920E-02
 8.60140920E-02
 8.60140920E-02
 8.60140920E-02
 8.60140920E-02
 8.60140920E-02
 8.60140920E-02
 8.60140920E-02
 8.60140920E-02
 8.60140920E-02
 8.60140920E-02
 8.60140920E-02
 8.60140920E-02
 8.60140920E-02
 8.60140920E-02
 8.60140920E-02
 8.60140920E-02
 8.60140920E-02
 8.60140920E-02
 8.60140920E-02
 8.60140920E-02
 8.60140920E-02
 8.60140920E-02
 8.60140920E-02
 8.60140920E-02
 8.60140920E-02
 8.60140920E-02
 8.60140920E-02
 8.60140920E-02
 8.60140920E-02
 8.60140920E-02
 8.60140920E-02
 8.60140920E-02
 8.60140920E-02
 8.60140920E-02
 8.60140920E-02
 8.60140920E-02
 8.60140920E-02
 8.60140920E-02
 8.60140920E-02
 8.60140920E-02
 8.60140920E-02
 8.60140920E-02
 8.60140920E-02
 8.60140920E-02
 8.60140920E-02
 8.60140920E-02
 8.60140920E-02
 8.60140920E-02
 8.60140920E-02
 8.60140920E-02
 8.60140920E-02
 8.60140920E-02
 8.60140920E-02
 8.60140920E-02
 8.60140920E-02
 8.60140920E-02
 8.60140920E-02
 8.60140920E-02
 8.60140920E-02
 8.60140920E-02
 8.60140920E-02
 8.60140920E-02
 8.60140920E-02
 8.60140920E-02
 8.60140920E-02
 8.60140920E-02
 8.60140920E-02
 8.60140920E-02
 8.60140920E-02
 8.60140920E-02
 8.60140920E-02
 8.60140920E-02
 8.60140920E-02
 8.60140920E-02
 8.60140920E-02
 8.60140920E-02
 8.60140920E-02
 8.60140920E-02
 8.60140920E-02
 8.60140920E-02
 8.60140920E-02
 8.60140920E-02
 8.60140920E-02
 8.60140920E-02
 8.60140920E-02
 8.60140920E-02
 8.60140920E-02
 8.60140920E-02
