# vtk DataFile Version 2.0
power statistics in cartesians Number_Parameters=  6    1    0   -3    3    1    1                                                                                                                                                                              
ASCII
           
DATASET UNSTRUCTURED_GRID
POINTS       1760 float
  8742.6670       76.296097      -6063.0000    
  8771.5000       76.547714      -6023.5000    
  8800.3320       76.799332      -5984.0000    
  8829.1631       77.050949      -5944.5000    
  8857.9961       77.302559      -5905.0000    
  8886.8281       77.554184      -5865.5000    
  8915.6611       77.805794      -5826.0000    
  8931.8633       77.947189      -5803.5796    
  8948.0654       78.088585      -5781.1592    
  8964.2676       78.229980      -5758.7388    
  8980.4697       78.371376      -5736.3188    
  8996.6719       78.512764      -5713.8984    
  9012.8740       78.654152      -5691.4780    
  9025.3379       78.762924      -5674.2319    
  9037.8008       78.871689      -5656.9854    
  9050.2646       78.980453      -5639.7393    
  9062.7266       79.089226      -5622.4927    
  9075.1904       79.197990      -5605.2466    
  9087.6543       79.306763      -5588.0000    
  9116.3193       79.556915      -5548.5000    
  9144.9854       79.807076      -5509.0000    
  9173.6504       80.057236      -5469.5000    
  9202.3164       80.307396      -5430.0000    
  9230.9814       80.557564      -5390.5000    
  9259.6475       80.807724      -5351.0000    
  9274.0645       80.933525      -5331.2500    
  9288.4795       81.059334      -5311.5000    
  9302.8965       81.185150      -5291.7500    
  9317.3125       81.310951      -5272.0000    
  9331.7275       81.436760      -5252.2500    
  9346.1445       81.562561      -5232.5000    
  9360.5605       81.688377      -5212.7500    
  9374.9775       81.814186      -5193.0000    
  9389.3916       81.939980      -5173.2500    
  9403.8086       82.065788      -5153.5000    
  9418.2246       82.191597      -5133.7500    
  9432.6396       82.317406      -5114.0000    
  9461.3066       82.567574      -5074.5000    
  9489.9717       82.817734      -5035.0000    
  9518.6377       83.067894      -4995.5000    
  9547.3027       83.318047      -4956.0000    
  9575.9688       83.568207      -4916.5000    
  9604.6348       83.818367      -4877.0000    
  9633.2998       84.068535      -4837.5000    
  9661.9658       84.318695      -4798.0000    
  9690.6309       84.568855      -4758.5000    
  9719.2969       84.819008      -4719.0000    
  9747.9619       85.069176      -4679.5000    
  9776.6289       85.319344      -4640.0000    
  9791.0439       85.445152      -4620.1670    
  9805.4590       85.570946      -4600.3330    
  9819.8760       85.696754      -4580.5000    
  9834.2910       85.822563      -4560.6665    
  9848.7080       85.948372      -4540.8335    
  9863.1240       86.074181      -4521.0000    
  9877.5410       86.199982      -4501.1670    
  9891.9561       86.325798      -4481.3335    
  9906.3721       86.451607      -4461.5000    
  9920.7891       86.577408      -4441.6665    
  9935.2041       86.703217      -4421.8335    
  9949.6211       86.829025      -4402.0000    
  9978.2871       87.079185      -4362.5000    
  10006.952       87.329353      -4323.0000    
  10035.618       87.579514      -4283.5000    
  10064.283       87.829674      -4244.0000    
  10092.949       88.079834      -4204.5000    
  10121.614       88.329987      -4165.0000    
  10150.280       88.580147      -4125.5000    
  10178.945       88.830315      -4086.0000    
  10207.611       89.080475      -4046.5002    
  10236.276       89.330635      -4007.0000    
  10264.942       89.580795      -3967.5000    
  10293.607       89.830948      -3928.0000    
  10308.023       89.956757      -3908.2500    
  10322.440       90.082573      -3888.5000    
  10336.855       90.208374      -3868.7500    
  10351.272       90.334183      -3849.0000    
  10365.688       90.459991      -3829.2500    
  10380.105       90.585800      -3809.5000    
  10394.521       90.711609      -3789.7500    
  10408.938       90.837410      -3770.0000    
  10423.354       90.963219      -3750.2500    
  10437.769       91.089035      -3730.5000    
  10452.186       91.214836      -3710.7500    
  10466.602       91.340645      -3691.0000    
  10495.267       91.590805      -3651.5000    
  10523.933       91.840965      -3612.0000    
  10552.599       92.091133      -3572.5000    
  10581.264       92.341286      -3533.0000    
  10609.929       92.591446      -3493.5000    
  10638.595       92.841614      -3454.0000    
  10651.059       92.950371      -3436.7534    
  10663.521       93.059135      -3419.5073    
  10675.985       93.167908      -3402.2607    
  10688.448       93.276672      -3385.0146    
  10700.912       93.385437      -3367.7681    
  10713.374       93.494202      -3350.5217    
  10729.577       93.635597      -3328.1013    
  10745.779       93.776993      -3305.6812    
  10761.981       93.918388      -3283.2607    
  10778.184       94.059784      -3260.8406    
  10794.386       94.201180      -3238.4202    
  10810.588       94.342575      -3216.0000    
  10839.420       94.594185      -3176.5000    
  10868.253       94.845802      -3137.0000    
  10897.085       95.097420      -3097.5000    
  10925.918       95.349037      -3058.0000    
  10954.750       95.600647      -3018.5000    
  10983.582       95.852264      -2979.0000    
  11012.247       96.102425      -2939.5000    
  11040.913       96.352585      -2900.0000    
  11069.578       96.602745      -2860.5000    
  11098.244       96.852905      -2821.0000    
  11126.910       97.103073      -2781.5000    
  11155.576       97.353226      -2742.0000    
  11183.074       97.593208      -2701.6665    
  11210.573       97.833191      -2661.3333    
  11238.071       98.073166      -2621.0000    
  11265.570       98.313148      -2580.6667    
  11293.070       98.553131      -2540.3333    
  11320.569       98.793114      -2500.0000    
  11332.667       98.898689      -2479.4565    
  11344.766       99.004272      -2458.9131    
  11356.864       99.109840      -2438.3696    
  11368.961       99.215424      -2417.8264    
  11381.061       99.321007      -2397.2830    
  11393.158       99.426582      -2376.7395    
  11405.893       99.537704      -2355.1165    
  11418.627       99.648849      -2333.4929    
  11431.361       99.759972      -2311.8699    
  11444.095       99.871101      -2290.2466    
  11456.829       99.982224      -2268.6233    
  11469.562       100.09336      -2247.0000    
  11491.729       100.28680      -2203.5000    
  11513.896       100.48024      -2160.0000    
  11536.061       100.67368      -2116.5000    
  11558.227       100.86711      -2073.0000    
  11580.393       101.06055      -2029.5000    
  11602.559       101.25398      -1986.0000    
  11613.485       101.34935      -1960.6594    
  11624.412       101.44471      -1935.3188    
  11635.339       101.54007      -1909.9783    
  11646.267       101.63543      -1884.6377    
  11657.194       101.73080      -1859.2971    
  11668.120       101.82616      -1833.9564    
  11676.527       101.89950      -1814.4637    
  11684.932       101.97286      -1794.9709    
  11693.338       102.04620      -1775.4783    
  11701.743       102.11958      -1755.9855    
  11710.147       102.19292      -1736.4928    
  11718.554       102.26627      -1717.0000    
  11735.219       102.41171      -1671.1666    
  11751.887       102.55715      -1625.3333    
  11768.552       102.70261      -1579.5000    
  11785.217       102.84804      -1533.6666    
  11801.884       102.99348      -1487.8334    
  11818.550       103.13892      -1442.0000    
  11832.051       103.25673      -1395.0000    
  11845.549       103.37453      -1348.0000    
  11859.048       103.49235      -1301.0000    
  11872.548       103.61016      -1254.0000    
  11886.047       103.72797      -1207.0000    
  11899.547       103.84576      -1160.0000    
  11908.496       103.92386      -1133.0580    
  11917.444       104.00196      -1106.1160    
  11926.395       104.08006      -1079.1740    
  11935.342       104.15816      -1052.2319    
  11944.291       104.23625      -1025.2899    
  11953.240       104.31434      -998.34784    
  11960.124       104.37442      -977.62317    
  11967.008       104.43449      -956.89856    
  11973.893       104.49457      -936.17389    
  11980.775       104.55466      -915.44928    
  11987.659       104.61472      -894.72467    
  11994.543       104.67479      -874.00000    
  11994.543       104.67479      -849.91663    
  11994.543       104.67479      -825.83331    
  11994.543       104.67479      -801.75000    
  11994.543       104.67479      -777.66669    
  11994.543       104.67479      -753.58331    
  11994.543       104.67479      -729.50000    
  11994.543       104.67479      -705.41669    
  11994.543       104.67479      -681.33337    
  11994.543       104.67479      -657.25000    
  11994.543       104.67479      -633.16669    
  11994.543       104.67479      -609.08337    
  11994.543       104.67479      -585.00000    
  11994.543       104.67479      -536.33331    
  11994.543       104.67479      -487.66666    
  11994.543       104.67479      -439.00000    
  11994.543       104.67479      -390.33331    
  11994.543       104.67479      -341.66666    
  11994.543       104.67479      -293.00000    
  11994.543       104.67479      -244.16667    
  11994.543       104.67479      -195.33333    
  11994.543       104.67479      -146.50000    
  11994.543       104.67479      -97.666664    
  11994.543       104.67479      -48.833332    
  11994.543       104.67479       0.0000000    
  11994.543       104.67479       51.000000    
  11994.543       104.67479       102.00000    
  11994.543       104.67479       153.00000    
  11994.543       104.67479       204.00000    
  11994.543       104.67479       255.00000    
  11994.543       104.67479       306.00000    
  11994.543       104.67479       357.00000    
  11994.543       104.67479       408.00000    
  11994.543       104.67479       459.00000    
  11994.543       104.67479       510.00000    
  11994.543       104.67479       561.00000    
  11994.543       104.67479       612.00000    
  11991.210       104.64571       662.50000    
  11987.877       104.61662       713.00000    
  11984.543       104.58753       763.50000    
  11981.211       104.55844       814.00000    
  11977.878       104.52935       864.50000    
  11974.545       104.50026       915.00000    
  11970.560       104.46548       936.88403    
  11966.573       104.43069       958.76813    
  11962.587       104.39592       980.65216    
  11958.603       104.36114       1002.5362    
  11954.618       104.32636       1024.4203    
  11950.632       104.29158       1046.3043    
  11945.451       104.24637       1074.7537    
  11940.270       104.20116       1103.2029    
  11935.088       104.15594       1131.6521    
  11929.909       104.11073       1160.1014    
  11924.728       104.06552       1188.5507    
  11919.546       104.02029       1217.0000    
  11907.547       103.91559       1266.6666    
  11895.547       103.81086       1316.3333    
  11883.548       103.70614       1366.0000    
  11871.548       103.60143       1415.6667    
  11859.548       103.49671       1465.3334    
  11847.548       103.39199       1515.0000    
  11833.050       103.26546       1563.8334    
  11818.550       103.13892       1612.6667    
  11804.051       103.01238       1661.5000    
  11789.551       102.88585       1710.3334    
  11775.052       102.75932       1759.1667    
  11760.552       102.63278       1808.0000    
  11743.719       102.48588       1856.1667    
  11726.887       102.33897       1904.3334    
  11710.054       102.19209       1952.5000    
  11693.221       102.04520       2000.6666    
  11676.389       101.89830       2048.8333    
  11659.556       101.75140       2097.0000    
  11648.936       101.65871       2122.7810    
  11638.314       101.56603       2148.5623    
  11627.694       101.47334       2174.3433    
  11617.073       101.38066       2200.1245    
  11606.453       101.28799       2225.9055    
  11595.832       101.19529       2251.6865    
  11586.953       101.11781       2273.2390    
  11578.075       101.04034       2294.7910    
  11569.195       100.96284       2316.3433    
  11560.317       100.88536       2337.8958    
  11551.439       100.80788       2359.4478    
  11542.561       100.73040       2381.0000    
  11520.562       100.53841       2427.0000    
  11498.562       100.34642       2473.0000    
  11476.563       100.15445       2519.0000    
  11454.564       99.962463       2565.0000    
  11432.564       99.770477       2611.0000    
  11410.565       99.578499       2657.0000    
  11396.812       99.458473       2682.4348    
  11383.059       99.338448       2707.8696    
  11369.307       99.218437       2733.3042    
  11355.554       99.098412       2758.7393    
  11341.800       98.978386       2784.1741    
  11328.047       98.858360       2809.6086    
  11317.468       98.766045       2829.1738    
  11306.889       98.673714       2848.7393    
  11296.310       98.581390       2868.3042    
  11285.729       98.489067       2887.8696    
  11275.150       98.396744       2907.4348    
  11264.571       98.304428       2927.0000    
  11238.071       98.073166       2970.5000    
  11211.572       97.841911       3014.0000    
  11185.074       97.610657       3057.5000    
  11158.575       97.379410       3101.0000    
  11132.076       97.148148       3144.5000    
  11105.577       96.916901       3188.0000    
  11093.041       96.807503       3206.3335    
  11080.506       96.698112       3224.6665    
  11067.970       96.588707       3243.0000    
  11055.435       96.479309       3261.3333    
  11042.898       96.369911       3279.6667    
  11030.363       96.260521       3298.0000    
  11014.065       96.118294       3321.8333    
  10997.770       95.976074       3345.6667    
  10981.474       95.833870       3369.5000    
  10965.177       95.691643       3393.3335    
  10948.880       95.549423       3417.1667    
  10932.583       95.407211       3441.0000    
  10901.586       95.136696       3481.5000    
  10870.586       94.866173       3522.0000    
  10839.587       94.595650       3562.5000    
  10808.588       94.325127       3603.0000    
  10777.590       94.054596       3643.5000    
  10746.591       93.784073       3684.0000    
  10732.170       93.658234       3700.9565    
  10717.753       93.532402       3717.9131    
  10703.332       93.406555       3734.8694    
  10688.911       93.280716       3751.8259    
  10674.492       93.154877       3768.7827    
  10660.072       93.029045       3785.7393    
  10641.327       92.865456       3807.7827    
  10622.580       92.701859       3829.8262    
  10603.836       92.538277       3851.8696    
  10585.090       92.374680       3873.9131    
  10566.345       92.211090       3895.9565    
  10547.599       92.047501       3918.0000    
  10512.599       91.742058       3955.1665    
  10477.601       91.436630       3992.3335    
  10442.603       91.131210       4029.5000    
  10407.604       90.825783       4066.6665    
  10372.605       90.520355       4103.8330    
  10337.606       90.214920       4141.0000    
  10300.607       89.892036       4176.1665    
  10263.609       89.569160       4211.3335    
  10226.611       89.246277       4246.5000    
  10189.611       88.923393       4281.6670    
  10152.613       88.600517       4316.8335    
  10115.615       88.277634       4352.0000    
  10077.283       87.943115       4385.3335    
  10038.951       87.608597       4418.6670    
  10000.620       87.274078       4452.0000    
  9962.2871       86.939568       4485.3335    
  9923.9561       86.605049       4518.6665    
  9885.6230       86.270523       4552.0000    
  9846.1260       85.925835       4583.6670    
  9806.6260       85.581131       4615.3335    
  9767.1279       85.236435       4647.0000    
  9727.6299       84.891739       4678.6665    
  9688.1309       84.547043       4710.3335    
  9648.6328       84.202339       4742.0000    
  9630.8799       84.047417       4755.1885    
  9613.1270       83.892487       4768.3770    
  9595.3740       83.737556       4781.5654    
  9577.6211       83.582634       4794.7534    
  9559.8682       83.427704       4807.9419    
  9542.1152       83.272774       4821.1304    
  9519.0361       83.071373       4838.2754    
  9495.9570       82.869965       4855.4199    
  9472.8789       82.668556       4872.5654    
  9449.7998       82.467148       4889.7100    
  9426.7217       82.265747       4906.8550    
  9403.6426       82.064339       4924.0000    
  9361.6436       81.697830       4952.5000    
  9319.6445       81.331306       4981.0000    
  9277.6475       80.964798       5009.5000    
  9235.6484       80.598282       5038.0000    
  9193.6504       80.231773       5066.5000    
  9151.6523       79.865257       5095.0000    
  9108.6533       79.490013       5121.8335    
  9065.6543       79.114769       5148.6670    
  9022.6562       78.739525       5175.5000    
  8979.6572       78.364281       5202.3335    
  8936.6602       77.989052       5229.1665    
  8893.6611       77.613808       5256.0000    
  8871.8896       77.423813       5268.4062    
  8850.1182       77.233810       5280.8125    
  8828.3477       77.043816       5293.2188    
  8806.5752       76.853821       5305.6245    
  8784.8037       76.663818       5318.0308    
  8763.0322       76.473824       5330.4370    
  8740.6387       76.278397       5343.1973    
  8718.2451       76.082977       5355.9580    
  8695.8516       75.887543       5368.7188    
  8673.4580       75.692116       5381.4795    
  8651.0645       75.496696       5394.2393    
  8628.6709       75.301277       5407.0000    
  8583.6729       74.908577       5430.3330    
  8538.6748       74.515877       5453.6665    
  8493.6768       74.123199       5477.0000    
  8448.6787       73.730499       5500.3335    
  8403.6797       73.337807       5523.6670    
  8358.6816       72.945114       5547.0000    
  8338.1328       72.765785       5556.6050    
  8317.5840       72.586456       5566.2095    
  8297.0352       72.407127       5575.8145    
  8276.4863       72.227798       5585.4189    
  8255.9375       72.048477       5595.0234    
  8235.3887       71.869148       5604.6279    
  8209.9395       71.647057       5616.5239    
  8184.4893       71.424957       5628.4189    
  8159.0405       71.202866       5640.3140    
  8133.5908       70.980774       5652.2095    
  8108.1411       70.758675       5664.1050    
  8082.6924       70.536591       5676.0000    
  8036.0269       70.129341       5695.8330    
  7989.3623       69.722107       5715.6670    
  7942.6978       69.314865       5735.5000    
  7896.0322       68.907631       5755.3335    
  7849.3677       68.500389       5775.1665    
  7802.7031       68.093155       5795.0000    
  7757.5381       67.699005       5807.0000    
  7712.3726       67.304855       5819.0000    
  7667.2080       66.910713       5831.0000    
  7622.0430       66.516563       5843.0000    
  7576.8779       66.122414       5855.0000    
  7531.7134       65.728264       5867.0000    
  7485.0483       65.321030       5867.8330    
  7438.3838       64.913788       5868.6665    
  7391.7188       64.506554       5869.5000    
  7345.0532       64.099312       5870.3330    
  7298.3887       63.692070       5871.1665    
  7251.7236       63.284836       5872.0000    
  7206.2261       62.887779       5861.8330    
  7160.7271       62.490715       5851.6665    
  7115.2290       62.093662       5841.5000    
  7069.7310       61.696609       5831.3330    
  7024.2324       61.299549       5821.1665    
  6978.7344       60.902493       5811.0000    
  6960.5464       60.743767       5801.9419    
  6942.3589       60.585049       5792.8838    
  6924.1709       60.426323       5783.8257    
  6905.9834       60.267601       5774.7686    
  6887.7959       60.108887       5765.7104    
  6869.6079       59.950161       5756.6523    
  6845.9639       59.743820       5744.8770    
  6822.3198       59.537487       5733.1016    
  6798.6758       59.331146       5721.3257    
  6775.0322       59.124809       5709.5508    
  6751.3882       58.918468       5697.7754    
  6727.7441       58.712132       5686.0000    
  6692.0786       58.400883       5655.8330    
  6656.4131       58.089642       5625.6665    
  6620.7476       57.778389       5595.5000    
  6585.0825       57.467144       5565.3335    
  6549.4175       57.155899       5535.1665    
  6513.7520       56.844650       5505.0000    
  6486.2529       56.604668       5467.1670    
  6458.7539       56.364693       5429.3330    
  6431.2549       56.124714       5391.5000    
  6403.7563       55.884731       5353.6670    
  6376.2573       55.644753       5315.8335    
  6348.7583       55.404774       5278.0000    
  6336.5923       55.298599       5251.6665    
  6324.4258       55.192425       5225.3330    
  6312.2598       55.086254       5199.0000    
  6300.0938       54.980083       5172.6665    
  6287.9272       54.873909       5146.3330    
  6275.7612       54.767735       5120.0000    
  6263.5952       54.661564       5093.6665    
  6251.4287       54.555389       5067.3330    
  6239.2627       54.449219       5041.0000    
  6227.0967       54.343048       5014.6665    
  6214.9302       54.236870       4988.3330    
  6202.7642       54.130699       4962.0000    
  6194.4307       54.057980       4934.1665    
  6186.0977       53.985256       4906.3335    
  6177.7646       53.912537       4878.5000    
  6169.4316       53.839813       4850.6665    
  6161.0991       53.767097       4822.8335    
  6152.7656       53.694370       4795.0000    
  6136.0996       53.548931       4739.3330    
  6119.4336       53.403484       4683.6665    
  6102.7681       53.258045       4628.0000    
  6098.1519       53.217766       4595.4058    
  6093.5361       53.177483       4562.8115    
  6088.9204       53.137203       4530.2173    
  6084.3042       53.096920       4497.6230    
  6079.6885       53.056637       4465.0288    
  6075.0732       53.016361       4432.4346    
  6071.5225       52.985374       4407.3623    
  6067.9717       52.954388       4382.2900    
  6064.4214       52.923401       4357.2173    
  6060.8706       52.892418       4332.1445    
  6057.3203       52.861435       4307.0728    
  6053.7695       52.830444       4282.0000    
  6050.2695       52.799904       4233.8335    
  6046.7695       52.769360       4185.6665    
  6043.2695       52.738815       4137.5000    
  6039.7700       52.708271       4089.3335    
  6036.2700       52.677731       4041.1667    
  6032.7700       52.647190       3993.0000    
  6029.4375       52.618103       3944.8333    
  6026.1040       52.589012       3896.6667    
  6022.7705       52.559921       3848.5000    
  6019.4375       52.530838       3800.3333    
  6016.1040       52.501747       3752.1667    
  6012.7710       52.472660       3704.0000    
  6011.1045       52.458115       3679.8335    
  6009.4375       52.443569       3655.6665    
  6007.7710       52.429024       3631.5000    
  6006.1045       52.414482       3607.3335    
  6004.4385       52.399937       3583.1665    
  6002.7715       52.385391       3559.0000    
  6001.1050       52.370846       3534.8335    
  5999.4385       52.356304       3510.6665    
  5997.7720       52.341759       3486.5000    
  5996.1045       52.327213       3462.3335    
  5994.4380       52.312668       3438.1665    
  5992.7715       52.298130       3414.0000    
  5989.4385       52.269039       3365.8333    
  5986.1055       52.239952       3317.6667    
  5982.7720       52.210861       3269.5000    
  5979.4395       52.181774       3221.3333    
  5976.1055       52.152683       3173.1667    
  5972.7725       52.123596       3125.0000    
  5971.0225       52.108326       3100.9165    
  5969.2725       52.093056       3076.8333    
  5967.5225       52.077782       3052.7500    
  5965.7729       52.062511       3028.6667    
  5964.0229       52.047241       3004.5833    
  5962.2729       52.031967       2980.5000    
  5960.5229       52.016697       2956.4165    
  5958.7729       52.001423       2932.3333    
  5957.0229       51.986153       2908.2500    
  5955.2729       51.970882       2884.1667    
  5953.5234       51.955612       2860.0833    
  5951.7734       51.940342       2836.0000    
  5948.4399       51.911251       2787.8335    
  5945.1069       51.882164       2739.6667    
  5941.7739       51.853073       2691.5000    
  5938.4409       51.823986       2643.3335    
  5935.1074       51.794899       2595.1667    
  5931.7739       51.765812       2547.0000    
  5930.1069       51.751263       2522.8333    
  5928.4409       51.736721       2498.6667    
  5926.7744       51.722176       2474.5000    
  5925.1079       51.707634       2450.3333    
  5923.4409       51.693085       2426.1667    
  5921.7744       51.678543       2402.0000    
  5920.1079       51.663998       2377.8333    
  5918.4414       51.649456       2353.6667    
  5916.7749       51.634907       2329.5000    
  5915.1084       51.620365       2305.3335    
  5913.4419       51.605820       2281.1665    
  5911.7749       51.591282       2257.0000    
  5908.4414       51.562191       2208.8333    
  5905.1084       51.533104       2160.6667    
  5901.7754       51.504013       2112.5000    
  5898.4424       51.474926       2064.3335    
  5895.1089       51.445835       2016.1667    
  5891.7759       51.416748       1968.0000    
  5888.2759       51.386208       1919.8333    
  5884.7759       51.355663       1871.6666    
  5881.2759       51.325115       1823.5000    
  5877.7764       51.294571       1775.3333    
  5874.2764       51.264030       1727.1666    
  5870.7764       51.233490       1679.0000    
  5869.0488       51.218414       1653.9448    
  5867.3203       51.203331       1628.8896    
  5865.5928       51.188251       1603.8344    
  5863.8647       51.173172       1578.7792    
  5862.1372       51.158096       1553.7240    
  5860.4092       51.143017       1528.6688    
  5858.8037       51.129005       1505.3907    
  5857.1982       51.114994       1482.1127    
  5855.5933       51.100986       1458.8344    
  5853.9883       51.086979       1435.5563    
  5852.3828       51.072968       1412.2782    
  5850.7773       51.058956       1389.0000    
  5847.4438       51.029873       1340.8333    
  5844.1104       51.000782       1292.6666    
  5840.7778       50.971695       1244.5000    
  5837.4443       50.942604       1196.3333    
  5834.1113       50.913517       1148.1666    
  5830.7778       50.884426       1100.0000    
  5830.7778       50.884426       1052.0000    
  5830.7778       50.884426       1003.9999    
  5830.7778       50.884426       956.00000    
  5830.7778       50.884426       908.00000    
  5830.7778       50.884426       860.00000    
  5830.7778       50.884426       812.00000    
  5830.7778       50.884426       764.16663    
  5830.7778       50.884426       716.33331    
  5830.7778       50.884426       668.50000    
  5830.7778       50.884426       620.66669    
  5830.7778       50.884426       572.83337    
  5830.7778       50.884426       525.00000    
  5830.7778       50.884426       477.16666    
  5830.7778       50.884426       429.33334    
  5830.7778       50.884426       381.50000    
  5830.7778       50.884426       333.66666    
  5830.7778       50.884426       285.83334    
  5830.7778       50.884426       238.00000    
  5830.7778       50.884426       190.00000    
  5830.7778       50.884426       142.00000    
  5830.7778       50.884426       94.000000    
  5830.7778       50.884426       46.000000    
  5830.7778       50.884426      -2.0000000    
  5830.7778       50.884426      -50.000000    
  5830.7778       50.884426      -98.000000    
  5830.7778       50.884426      -146.00000    
  5830.7778       50.884426      -194.00000    
  5830.7778       50.884426      -242.00000    
  5830.7778       50.884426      -290.00000    
  5830.7778       50.884426      -338.00000    
  5830.7778       50.884426      -385.83331    
  5830.7778       50.884426      -433.66669    
  5830.7778       50.884426      -481.50000    
  5830.7778       50.884426      -529.33337    
  5830.7778       50.884426      -577.16669    
  5830.7778       50.884426      -625.00000    
  5830.7778       50.884426      -672.83331    
  5830.7778       50.884426      -720.66663    
  5830.7778       50.884426      -768.50000    
  5830.7778       50.884426      -816.33337    
  5830.7778       50.884426      -864.16669    
  5830.7778       50.884426      -912.00000    
  5830.7778       50.884426      -960.00000    
  5830.7778       50.884426      -1008.0000    
  5830.7778       50.884426      -1056.0000    
  5830.7778       50.884426      -1104.0000    
  5830.7778       50.884426      -1152.0000    
  5830.7778       50.884426      -1200.0000    
  5833.0239       50.904030      -1221.7391    
  5835.2705       50.923634      -1243.4783    
  5837.5166       50.943237      -1265.2174    
  5839.7632       50.962841      -1286.9565    
  5842.0093       50.982441      -1308.6957    
  5844.2554       51.002045      -1330.4348    
  5847.1763       51.027534      -1358.6957    
  5850.0962       51.053013      -1386.9565    
  5853.0166       51.078499      -1415.2174    
  5855.9360       51.103981      -1443.4783    
  5858.8564       51.129467      -1471.7391    
  5861.7769       51.154949      -1500.0000    
  5867.1099       51.201492      -1549.8333    
  5872.4434       51.248035      -1599.6667    
  5877.7764       51.294571      -1649.5000    
  5883.1089       51.341118      -1699.3333    
  5888.4424       51.387657      -1749.1666    
  5893.7754       51.434200      -1799.0000    
  5898.9419       51.479286      -1849.0000    
  5904.1084       51.524372      -1899.0000    
  5909.2749       51.569462      -1949.0000    
  5914.4414       51.614548      -1999.0000    
  5919.6074       51.659634      -2049.0000    
  5924.7744       51.704723      -2099.0000    
  5927.7886       51.731030      -2127.2610    
  5930.8027       51.757332      -2155.5217    
  5933.8174       51.783642      -2183.7825    
  5936.8320       51.809948      -2212.0435    
  5939.8467       51.836250      -2240.3042    
  5942.8608       51.862560      -2268.5652    
  5945.1797       51.882797      -2290.3044    
  5947.4985       51.903030      -2312.0435    
  5949.8174       51.923267      -2333.7827    
  5952.1362       51.943504      -2355.5217    
  5954.4551       51.963737      -2377.2610    
  5956.7729       51.983971      -2399.0000    
  5961.9399       52.029057      -2448.8333    
  5967.1060       52.074146      -2498.6667    
  5972.2725       52.119232      -2548.5000    
  5977.4395       52.164318      -2598.3333    
  5982.6055       52.209408      -2648.1667    
  5987.7720       52.254494      -2698.0000    
  5990.4390       52.277767      -2723.0000    
  5993.1050       52.301033      -2748.0000    
  5995.7715       52.324306      -2773.0000    
  5998.4385       52.347580      -2798.0000    
  6001.1050       52.370846      -2823.0000    
  6003.7720       52.394123      -2848.0000    
  6006.4380       52.417389      -2873.0000    
  6009.1045       52.440659      -2898.0000    
  6011.7710       52.463928      -2923.0000    
  6014.4375       52.487202      -2948.0000    
  6017.1040       52.510475      -2973.0000    
  6019.7705       52.533741      -2998.0000    
  6024.9370       52.578831      -3047.8335    
  6030.1035       52.623920      -3097.6667    
  6035.2700       52.669003      -3147.5000    
  6040.4365       52.714092      -3197.3333    
  6045.6030       52.759178      -3247.1667    
  6050.7700       52.804264      -3297.0000    
  6053.0889       52.824501      -3318.7393    
  6055.4072       52.844738      -3340.4783    
  6057.7261       52.864971      -3362.2175    
  6060.0449       52.885208      -3383.9565    
  6062.3638       52.905445      -3405.6956    
  6064.6826       52.925678      -3427.4346    
  6067.6963       52.951984      -3455.6956    
  6070.7104       52.978287      -3483.9565    
  6073.7251       53.004597      -3512.2173    
  6076.7397       53.030903      -3540.4783    
  6079.7539       53.057209      -3568.7393    
  6082.7686       53.083515      -3597.0000    
  6087.9351       53.128605      -3647.0000    
  6093.1011       53.173687      -3697.0000    
  6098.2676       53.218773      -3747.0000    
  6103.4346       53.263866      -3797.0000    
  6108.6006       53.308949      -3847.0000    
  6113.7671       53.354034      -3897.0000    
  6119.1001       53.400581      -3946.8333    
  6124.4336       53.447121      -3996.6667    
  6129.7671       53.493664      -4046.5002    
  6135.1001       53.540203      -4096.3335    
  6140.4326       53.586742      -4146.1670    
  6145.7656       53.633289      -4196.0000    
  6150.9321       53.678371      -4246.0000    
  6156.0986       53.723461      -4296.0000    
  6161.2651       53.768551      -4346.0000    
  6166.4321       53.813633      -4396.0000    
  6171.5986       53.858723      -4446.0000    
  6176.7651       53.903812      -4496.0000    
  6182.0981       53.950352      -4546.0000    
  6187.4312       53.996895      -4596.0000    
  6192.7637       54.043430      -4646.0000    
  6198.0972       54.089973      -4696.0000    
  6203.4307       54.136517      -4746.0000    
  6208.7637       54.183060      -4796.0000    
  6213.2109       54.221870      -4838.2856    
  6217.6577       54.260677      -4880.5703    
  6222.1050       54.299488      -4922.8560    
  6226.5522       54.338299      -4965.1411    
  6230.9995       54.377110      -5007.4263    
  6235.4468       54.415924      -5049.7119    
  6238.8677       54.445774      -5082.2393    
  6242.2891       54.475628      -5114.7661    
  6245.7095       54.505482      -5147.2930    
  6249.1304       54.535332      -5179.8203    
  6252.5518       54.565189      -5212.3477    
  6255.9717       54.595043      -5244.8745    
  6258.6035       54.618004      -5269.8955    
  6261.2354       54.640972      -5294.9165    
  6263.8667       54.663937      -5319.9370    
  6266.4985       54.686905      -5344.9585    
  6269.1299       54.709866      -5369.9790    
  6271.7607       54.732830      -5395.0000    
  6299.2603       54.972809      -5413.1665    
  6326.7593       55.212791      -5431.3335    
  6354.2583       55.452766      -5449.5000    
  6381.7568       55.692749      -5467.6665    
  6409.2559       55.932732      -5485.8330    
  6436.7549       56.172707      -5504.0000    
  6444.7544       56.242523      -5539.3335    
  6452.7544       56.312332      -5574.6665    
  6460.7539       56.382145      -5610.0000    
  6468.7534       56.451958      -5645.3335    
  6476.7539       56.521774      -5680.6665    
  6484.7529       56.591587      -5716.0000    
  6478.4492       56.536572      -5740.6377    
  6472.1445       56.481552      -5765.2754    
  6465.8408       56.426537      -5789.9131    
  6459.5366       56.371521      -5814.5508    
  6453.2329       56.316505      -5839.1885    
  6446.9287       56.261494      -5863.8262    
  6438.7329       56.189972      -5895.8550    
  6430.5376       56.118454      -5927.8843    
  6422.3423       56.046932      -5959.9131    
  6414.1475       55.975414      -5991.9419    
  6405.9517       55.903893      -6023.9712    
  6397.7559       55.832371      -6056.0000    
  6389.5610       55.760853      -6087.9351    
  6381.3652       55.689331      -6119.8696    
  6373.1704       55.617817      -6151.8047    
  6364.9751       55.546295      -6183.7393    
  6356.7798       55.474777      -6215.6738    
  6348.5840       55.403255      -6247.6089    
  6342.2803       55.348240      -6272.1738    
  6335.9761       55.293224      -6296.7393    
  6329.6724       55.238209      -6321.3042    
  6323.3682       55.183197      -6345.8696    
  6317.0640       55.128178      -6370.4346    
  6310.7598       55.073166      -6395.0000    
  6332.2080       55.260345      -6402.6812    
  6353.6567       55.447517      -6410.3623    
  6375.1050       55.634697      -6418.0435    
  6396.5537       55.821877      -6425.7246    
  6418.0015       56.009056      -6433.4058    
  6439.4507       56.196236      -6441.0869    
  6467.3340       56.439564      -6451.0728    
  6495.2163       56.682896      -6461.0581    
  6523.0996       56.926224      -6471.0435    
  6550.9824       57.169556      -6481.0288    
  6578.8657       57.412888      -6491.0146    
  6606.7480       57.656216      -6501.0000    
  6634.6313       57.899551      -6510.9854    
  6662.5142       58.142883      -6520.9707    
  6690.3979       58.386215      -6530.9565    
  6718.2808       58.629547      -6540.9424    
  6746.1636       58.872875      -6550.9277    
  6774.0464       59.116207      -6560.9131    
  6795.4946       59.303383      -6568.5938    
  6816.9438       59.490566      -6576.2754    
  6838.3916       59.677738      -6583.9565    
  6859.8398       59.864918      -6591.6377    
  6881.2886       60.052097      -6599.3188    
  6902.7373       60.239273      -6607.0000    
  6924.1855       60.426456      -6614.7539    
  6945.6338       60.613628      -6622.5073    
  6967.0825       60.800804      -6630.2607    
  6988.5312       60.987988      -6638.0142    
  7009.9795       61.175163      -6645.7681    
  7031.4277       61.362347      -6653.5215    
  7059.3110       61.605675      -6663.6016    
  7087.1938       61.849007      -6673.6812    
  7115.0771       62.092335      -6683.7607    
  7142.9600       62.335667      -6693.8403    
  7170.8428       62.578999      -6703.9204    
  7198.7256       62.822327      -6714.0000    
  7226.6089       63.065655      -6723.9858    
  7254.4917       63.308990      -6733.9712    
  7282.3750       63.552326      -6743.9565    
  7310.2578       63.795654      -6753.9419    
  7338.1411       64.038986      -6763.9272    
  7366.0239       64.282310      -6773.9131    
  7387.4722       64.469498      -6781.5942    
  7408.9209       64.656677      -6789.2754    
  7430.3691       64.843849      -6796.9565    
  7451.8174       65.031021      -6804.6377    
  7473.2661       65.218201      -6812.3188    
  7494.7148       65.405380      -6820.0000    
  7517.2637       65.602165      -6828.0752    
  7539.8135       65.798950      -6836.1509    
  7562.3628       65.995735      -6844.2266    
  7584.9116       66.192520      -6852.3018    
  7607.4609       66.389305      -6860.3770    
  7630.0107       66.586090      -6868.4526    
  7656.7930       66.819817      -6878.0435    
  7683.5747       67.053543      -6887.6348    
  7710.3569       67.287270      -6897.2266    
  7737.1392       67.520988      -6906.8174    
  7763.9214       67.754715      -6916.4087    
  7790.7031       67.988434      -6926.0000    
  7818.5864       68.231766      -6936.0796    
  7846.4688       68.475098      -6946.1592    
  7874.3525       68.718430      -6956.2393    
  7902.2354       68.961761      -6966.3188    
  7930.1187       69.205101      -6976.3984    
  7958.0015       69.448425      -6986.4785    
  7979.4497       69.635597      -6994.2319    
  8000.8984       69.822784      -7001.9854    
  8022.3477       70.009964      -7009.7388    
  8043.7954       70.197136      -7017.4927    
  8065.2437       70.384315      -7025.2461    
  8086.6919       70.571487      -7033.0000    
  8114.5752       70.814827      -7042.9854    
  8142.4580       71.058151      -7052.9707    
  8170.3413       71.301491      -7062.9565    
  8198.2236       71.544807      -7072.9424    
  8226.1074       71.788147      -7082.9277    
  8253.9893       72.031479      -7092.9131    
  8275.4395       72.218666      -7100.5942    
  8296.8877       72.405838      -7108.2754    
  8318.3359       72.593010      -7115.9565    
  8339.7832       72.780190      -7123.6377    
  8361.2314       72.967369      -7131.3188    
  8382.6807       73.154549      -7139.0000    
  8379.2021       73.124191      -7113.8550    
  8375.7246       73.093842      -7088.7104    
  8372.2471       73.063484      -7063.5654    
  8368.7686       73.033142      -7038.4204    
  8365.2910       73.002785      -7013.2754    
  8361.8115       72.972427      -6988.1304    
  8357.2900       72.932968      -6955.4419    
  8352.7686       72.893517      -6922.7539    
  8348.2471       72.854050      -6890.0654    
  8343.7266       72.814590      -6857.3765    
  8339.2041       72.775124      -6824.6885    
  8334.6826       72.735672      -6792.0000    
  8330.9531       72.703125      -6764.4634    
  8327.2236       72.670578      -6736.9268    
  8323.4941       72.638031      -6709.3896    
  8319.7637       72.605484      -6681.8530    
  8316.0342       72.572929      -6654.3159    
  8312.3047       72.540382      -6626.7793    
  8308.2012       72.504570      -6596.4829    
  8304.0977       72.468758      -6566.1860    
  8299.9951       72.432961      -6535.8896    
  8295.8916       72.397148      -6505.5928    
  8291.7881       72.361336      -6475.2964    
  8287.6846       72.325531      -6445.0000    
  8334.8496       72.737129      -6420.8330    
  8382.0146       73.148735      -6396.6665    
  8429.1787       73.560326      -6372.5000    
  8476.3438       73.971924      -6348.3335    
  8523.5088       74.383537      -6324.1670    
  8570.6738       74.795135      -6300.0000    
  8599.3398       75.045296      -6260.5000    
  8628.0049       75.295456      -6221.0000    
  8656.6699       75.545616      -6181.5000    
  8685.3359       75.795784      -6142.0000    
  8714.0020       76.045937      -6102.5000    
  8742.6670       76.296097      -6063.0000    
  8742.6670      -76.296097      -6063.0000    
  8771.5000      -76.547714      -6023.5000    
  8800.3320      -76.799332      -5984.0000    
  8829.1631      -77.050949      -5944.5000    
  8857.9961      -77.302559      -5905.0000    
  8886.8281      -77.554184      -5865.5000    
  8915.6611      -77.805794      -5826.0000    
  8931.8633      -77.947189      -5803.5796    
  8948.0654      -78.088585      -5781.1592    
  8964.2676      -78.229980      -5758.7388    
  8980.4697      -78.371376      -5736.3188    
  8996.6719      -78.512764      -5713.8984    
  9012.8740      -78.654152      -5691.4780    
  9025.3379      -78.762924      -5674.2319    
  9037.8008      -78.871689      -5656.9854    
  9050.2646      -78.980453      -5639.7393    
  9062.7266      -79.089226      -5622.4927    
  9075.1904      -79.197990      -5605.2466    
  9087.6543      -79.306763      -5588.0000    
  9116.3193      -79.556915      -5548.5000    
  9144.9854      -79.807076      -5509.0000    
  9173.6504      -80.057236      -5469.5000    
  9202.3164      -80.307396      -5430.0000    
  9230.9814      -80.557564      -5390.5000    
  9259.6475      -80.807724      -5351.0000    
  9274.0645      -80.933525      -5331.2500    
  9288.4795      -81.059334      -5311.5000    
  9302.8965      -81.185150      -5291.7500    
  9317.3125      -81.310951      -5272.0000    
  9331.7275      -81.436760      -5252.2500    
  9346.1445      -81.562561      -5232.5000    
  9360.5605      -81.688377      -5212.7500    
  9374.9775      -81.814186      -5193.0000    
  9389.3916      -81.939980      -5173.2500    
  9403.8086      -82.065788      -5153.5000    
  9418.2246      -82.191597      -5133.7500    
  9432.6396      -82.317406      -5114.0000    
  9461.3066      -82.567574      -5074.5000    
  9489.9717      -82.817734      -5035.0000    
  9518.6377      -83.067894      -4995.5000    
  9547.3027      -83.318047      -4956.0000    
  9575.9688      -83.568207      -4916.5000    
  9604.6348      -83.818367      -4877.0000    
  9633.2998      -84.068535      -4837.5000    
  9661.9658      -84.318695      -4798.0000    
  9690.6309      -84.568855      -4758.5000    
  9719.2969      -84.819008      -4719.0000    
  9747.9619      -85.069176      -4679.5000    
  9776.6289      -85.319344      -4640.0000    
  9791.0439      -85.445152      -4620.1670    
  9805.4590      -85.570946      -4600.3330    
  9819.8760      -85.696754      -4580.5000    
  9834.2910      -85.822563      -4560.6665    
  9848.7080      -85.948372      -4540.8335    
  9863.1240      -86.074181      -4521.0000    
  9877.5410      -86.199982      -4501.1670    
  9891.9561      -86.325798      -4481.3335    
  9906.3721      -86.451607      -4461.5000    
  9920.7891      -86.577408      -4441.6665    
  9935.2041      -86.703217      -4421.8335    
  9949.6211      -86.829025      -4402.0000    
  9978.2871      -87.079185      -4362.5000    
  10006.952      -87.329353      -4323.0000    
  10035.618      -87.579514      -4283.5000    
  10064.283      -87.829674      -4244.0000    
  10092.949      -88.079834      -4204.5000    
  10121.614      -88.329987      -4165.0000    
  10150.280      -88.580147      -4125.5000    
  10178.945      -88.830315      -4086.0000    
  10207.611      -89.080475      -4046.5002    
  10236.276      -89.330635      -4007.0000    
  10264.942      -89.580795      -3967.5000    
  10293.607      -89.830948      -3928.0000    
  10308.023      -89.956757      -3908.2500    
  10322.440      -90.082573      -3888.5000    
  10336.855      -90.208374      -3868.7500    
  10351.272      -90.334183      -3849.0000    
  10365.688      -90.459991      -3829.2500    
  10380.105      -90.585800      -3809.5000    
  10394.521      -90.711609      -3789.7500    
  10408.938      -90.837410      -3770.0000    
  10423.354      -90.963219      -3750.2500    
  10437.769      -91.089035      -3730.5000    
  10452.186      -91.214836      -3710.7500    
  10466.602      -91.340645      -3691.0000    
  10495.267      -91.590805      -3651.5000    
  10523.933      -91.840965      -3612.0000    
  10552.599      -92.091133      -3572.5000    
  10581.264      -92.341286      -3533.0000    
  10609.929      -92.591446      -3493.5000    
  10638.595      -92.841614      -3454.0000    
  10651.059      -92.950371      -3436.7534    
  10663.521      -93.059135      -3419.5073    
  10675.985      -93.167908      -3402.2607    
  10688.448      -93.276672      -3385.0146    
  10700.912      -93.385437      -3367.7681    
  10713.374      -93.494202      -3350.5217    
  10729.577      -93.635597      -3328.1013    
  10745.779      -93.776993      -3305.6812    
  10761.981      -93.918388      -3283.2607    
  10778.184      -94.059784      -3260.8406    
  10794.386      -94.201180      -3238.4202    
  10810.588      -94.342575      -3216.0000    
  10839.420      -94.594185      -3176.5000    
  10868.253      -94.845802      -3137.0000    
  10897.085      -95.097420      -3097.5000    
  10925.918      -95.349037      -3058.0000    
  10954.750      -95.600647      -3018.5000    
  10983.582      -95.852264      -2979.0000    
  11012.247      -96.102425      -2939.5000    
  11040.913      -96.352585      -2900.0000    
  11069.578      -96.602745      -2860.5000    
  11098.244      -96.852905      -2821.0000    
  11126.910      -97.103073      -2781.5000    
  11155.576      -97.353226      -2742.0000    
  11183.074      -97.593208      -2701.6665    
  11210.573      -97.833191      -2661.3333    
  11238.071      -98.073166      -2621.0000    
  11265.570      -98.313148      -2580.6667    
  11293.070      -98.553131      -2540.3333    
  11320.569      -98.793114      -2500.0000    
  11332.667      -98.898689      -2479.4565    
  11344.766      -99.004272      -2458.9131    
  11356.864      -99.109840      -2438.3696    
  11368.961      -99.215424      -2417.8264    
  11381.061      -99.321007      -2397.2830    
  11393.158      -99.426582      -2376.7395    
  11405.893      -99.537704      -2355.1165    
  11418.627      -99.648849      -2333.4929    
  11431.361      -99.759972      -2311.8699    
  11444.095      -99.871101      -2290.2466    
  11456.829      -99.982224      -2268.6233    
  11469.562      -100.09336      -2247.0000    
  11491.729      -100.28680      -2203.5000    
  11513.896      -100.48024      -2160.0000    
  11536.061      -100.67368      -2116.5000    
  11558.227      -100.86711      -2073.0000    
  11580.393      -101.06055      -2029.5000    
  11602.559      -101.25398      -1986.0000    
  11613.485      -101.34935      -1960.6594    
  11624.412      -101.44471      -1935.3188    
  11635.339      -101.54007      -1909.9783    
  11646.267      -101.63543      -1884.6377    
  11657.194      -101.73080      -1859.2971    
  11668.120      -101.82616      -1833.9564    
  11676.527      -101.89950      -1814.4637    
  11684.932      -101.97286      -1794.9709    
  11693.338      -102.04620      -1775.4783    
  11701.743      -102.11958      -1755.9855    
  11710.147      -102.19292      -1736.4928    
  11718.554      -102.26627      -1717.0000    
  11735.219      -102.41171      -1671.1666    
  11751.887      -102.55715      -1625.3333    
  11768.552      -102.70261      -1579.5000    
  11785.217      -102.84804      -1533.6666    
  11801.884      -102.99348      -1487.8334    
  11818.550      -103.13892      -1442.0000    
  11832.051      -103.25673      -1395.0000    
  11845.549      -103.37453      -1348.0000    
  11859.048      -103.49235      -1301.0000    
  11872.548      -103.61016      -1254.0000    
  11886.047      -103.72797      -1207.0000    
  11899.547      -103.84576      -1160.0000    
  11908.496      -103.92386      -1133.0580    
  11917.444      -104.00196      -1106.1160    
  11926.395      -104.08006      -1079.1740    
  11935.342      -104.15816      -1052.2319    
  11944.291      -104.23625      -1025.2899    
  11953.240      -104.31434      -998.34784    
  11960.124      -104.37442      -977.62317    
  11967.008      -104.43449      -956.89856    
  11973.893      -104.49457      -936.17389    
  11980.775      -104.55466      -915.44928    
  11987.659      -104.61472      -894.72467    
  11994.543      -104.67479      -874.00000    
  11994.543      -104.67479      -849.91663    
  11994.543      -104.67479      -825.83331    
  11994.543      -104.67479      -801.75000    
  11994.543      -104.67479      -777.66669    
  11994.543      -104.67479      -753.58331    
  11994.543      -104.67479      -729.50000    
  11994.543      -104.67479      -705.41669    
  11994.543      -104.67479      -681.33337    
  11994.543      -104.67479      -657.25000    
  11994.543      -104.67479      -633.16669    
  11994.543      -104.67479      -609.08337    
  11994.543      -104.67479      -585.00000    
  11994.543      -104.67479      -536.33331    
  11994.543      -104.67479      -487.66666    
  11994.543      -104.67479      -439.00000    
  11994.543      -104.67479      -390.33331    
  11994.543      -104.67479      -341.66666    
  11994.543      -104.67479      -293.00000    
  11994.543      -104.67479      -244.16667    
  11994.543      -104.67479      -195.33333    
  11994.543      -104.67479      -146.50000    
  11994.543      -104.67479      -97.666664    
  11994.543      -104.67479      -48.833332    
  11994.543      -104.67479       0.0000000    
  11994.543      -104.67479       51.000000    
  11994.543      -104.67479       102.00000    
  11994.543      -104.67479       153.00000    
  11994.543      -104.67479       204.00000    
  11994.543      -104.67479       255.00000    
  11994.543      -104.67479       306.00000    
  11994.543      -104.67479       357.00000    
  11994.543      -104.67479       408.00000    
  11994.543      -104.67479       459.00000    
  11994.543      -104.67479       510.00000    
  11994.543      -104.67479       561.00000    
  11994.543      -104.67479       612.00000    
  11991.210      -104.64571       662.50000    
  11987.877      -104.61662       713.00000    
  11984.543      -104.58753       763.50000    
  11981.211      -104.55844       814.00000    
  11977.878      -104.52935       864.50000    
  11974.545      -104.50026       915.00000    
  11970.560      -104.46548       936.88403    
  11966.573      -104.43069       958.76813    
  11962.587      -104.39592       980.65216    
  11958.603      -104.36114       1002.5362    
  11954.618      -104.32636       1024.4203    
  11950.632      -104.29158       1046.3043    
  11945.451      -104.24637       1074.7537    
  11940.270      -104.20116       1103.2029    
  11935.088      -104.15594       1131.6521    
  11929.909      -104.11073       1160.1014    
  11924.728      -104.06552       1188.5507    
  11919.546      -104.02029       1217.0000    
  11907.547      -103.91559       1266.6666    
  11895.547      -103.81086       1316.3333    
  11883.548      -103.70614       1366.0000    
  11871.548      -103.60143       1415.6667    
  11859.548      -103.49671       1465.3334    
  11847.548      -103.39199       1515.0000    
  11833.050      -103.26546       1563.8334    
  11818.550      -103.13892       1612.6667    
  11804.051      -103.01238       1661.5000    
  11789.551      -102.88585       1710.3334    
  11775.052      -102.75932       1759.1667    
  11760.552      -102.63278       1808.0000    
  11743.719      -102.48588       1856.1667    
  11726.887      -102.33897       1904.3334    
  11710.054      -102.19209       1952.5000    
  11693.221      -102.04520       2000.6666    
  11676.389      -101.89830       2048.8333    
  11659.556      -101.75140       2097.0000    
  11648.936      -101.65871       2122.7810    
  11638.314      -101.56603       2148.5623    
  11627.694      -101.47334       2174.3433    
  11617.073      -101.38066       2200.1245    
  11606.453      -101.28799       2225.9055    
  11595.832      -101.19529       2251.6865    
  11586.953      -101.11781       2273.2390    
  11578.075      -101.04034       2294.7910    
  11569.195      -100.96284       2316.3433    
  11560.317      -100.88536       2337.8958    
  11551.439      -100.80788       2359.4478    
  11542.561      -100.73040       2381.0000    
  11520.562      -100.53841       2427.0000    
  11498.562      -100.34642       2473.0000    
  11476.563      -100.15445       2519.0000    
  11454.564      -99.962463       2565.0000    
  11432.564      -99.770477       2611.0000    
  11410.565      -99.578499       2657.0000    
  11396.812      -99.458473       2682.4348    
  11383.059      -99.338448       2707.8696    
  11369.307      -99.218437       2733.3042    
  11355.554      -99.098412       2758.7393    
  11341.800      -98.978386       2784.1741    
  11328.047      -98.858360       2809.6086    
  11317.468      -98.766045       2829.1738    
  11306.889      -98.673714       2848.7393    
  11296.310      -98.581390       2868.3042    
  11285.729      -98.489067       2887.8696    
  11275.150      -98.396744       2907.4348    
  11264.571      -98.304428       2927.0000    
  11238.071      -98.073166       2970.5000    
  11211.572      -97.841911       3014.0000    
  11185.074      -97.610657       3057.5000    
  11158.575      -97.379410       3101.0000    
  11132.076      -97.148148       3144.5000    
  11105.577      -96.916901       3188.0000    
  11093.041      -96.807503       3206.3335    
  11080.506      -96.698112       3224.6665    
  11067.970      -96.588707       3243.0000    
  11055.435      -96.479309       3261.3333    
  11042.898      -96.369911       3279.6667    
  11030.363      -96.260521       3298.0000    
  11014.065      -96.118294       3321.8333    
  10997.770      -95.976074       3345.6667    
  10981.474      -95.833870       3369.5000    
  10965.177      -95.691643       3393.3335    
  10948.880      -95.549423       3417.1667    
  10932.583      -95.407211       3441.0000    
  10901.586      -95.136696       3481.5000    
  10870.586      -94.866173       3522.0000    
  10839.587      -94.595650       3562.5000    
  10808.588      -94.325127       3603.0000    
  10777.590      -94.054596       3643.5000    
  10746.591      -93.784073       3684.0000    
  10732.170      -93.658234       3700.9565    
  10717.753      -93.532402       3717.9131    
  10703.332      -93.406555       3734.8694    
  10688.911      -93.280716       3751.8259    
  10674.492      -93.154877       3768.7827    
  10660.072      -93.029045       3785.7393    
  10641.327      -92.865456       3807.7827    
  10622.580      -92.701859       3829.8262    
  10603.836      -92.538277       3851.8696    
  10585.090      -92.374680       3873.9131    
  10566.345      -92.211090       3895.9565    
  10547.599      -92.047501       3918.0000    
  10512.599      -91.742058       3955.1665    
  10477.601      -91.436630       3992.3335    
  10442.603      -91.131210       4029.5000    
  10407.604      -90.825783       4066.6665    
  10372.605      -90.520355       4103.8330    
  10337.606      -90.214920       4141.0000    
  10300.607      -89.892036       4176.1665    
  10263.609      -89.569160       4211.3335    
  10226.611      -89.246277       4246.5000    
  10189.611      -88.923393       4281.6670    
  10152.613      -88.600517       4316.8335    
  10115.615      -88.277634       4352.0000    
  10077.283      -87.943115       4385.3335    
  10038.951      -87.608597       4418.6670    
  10000.620      -87.274078       4452.0000    
  9962.2871      -86.939568       4485.3335    
  9923.9561      -86.605049       4518.6665    
  9885.6230      -86.270523       4552.0000    
  9846.1260      -85.925835       4583.6670    
  9806.6260      -85.581131       4615.3335    
  9767.1279      -85.236435       4647.0000    
  9727.6299      -84.891739       4678.6665    
  9688.1309      -84.547043       4710.3335    
  9648.6328      -84.202339       4742.0000    
  9630.8799      -84.047417       4755.1885    
  9613.1270      -83.892487       4768.3770    
  9595.3740      -83.737556       4781.5654    
  9577.6211      -83.582634       4794.7534    
  9559.8682      -83.427704       4807.9419    
  9542.1152      -83.272774       4821.1304    
  9519.0361      -83.071373       4838.2754    
  9495.9570      -82.869965       4855.4199    
  9472.8789      -82.668556       4872.5654    
  9449.7998      -82.467148       4889.7100    
  9426.7217      -82.265747       4906.8550    
  9403.6426      -82.064339       4924.0000    
  9361.6436      -81.697830       4952.5000    
  9319.6445      -81.331306       4981.0000    
  9277.6475      -80.964798       5009.5000    
  9235.6484      -80.598282       5038.0000    
  9193.6504      -80.231773       5066.5000    
  9151.6523      -79.865257       5095.0000    
  9108.6533      -79.490013       5121.8335    
  9065.6543      -79.114769       5148.6670    
  9022.6562      -78.739525       5175.5000    
  8979.6572      -78.364281       5202.3335    
  8936.6602      -77.989052       5229.1665    
  8893.6611      -77.613808       5256.0000    
  8871.8896      -77.423813       5268.4062    
  8850.1182      -77.233810       5280.8125    
  8828.3477      -77.043816       5293.2188    
  8806.5752      -76.853821       5305.6245    
  8784.8037      -76.663818       5318.0308    
  8763.0322      -76.473824       5330.4370    
  8740.6387      -76.278397       5343.1973    
  8718.2451      -76.082977       5355.9580    
  8695.8516      -75.887543       5368.7188    
  8673.4580      -75.692116       5381.4795    
  8651.0645      -75.496696       5394.2393    
  8628.6709      -75.301277       5407.0000    
  8583.6729      -74.908577       5430.3330    
  8538.6748      -74.515877       5453.6665    
  8493.6768      -74.123199       5477.0000    
  8448.6787      -73.730499       5500.3335    
  8403.6797      -73.337807       5523.6670    
  8358.6816      -72.945114       5547.0000    
  8338.1328      -72.765785       5556.6050    
  8317.5840      -72.586456       5566.2095    
  8297.0352      -72.407127       5575.8145    
  8276.4863      -72.227798       5585.4189    
  8255.9375      -72.048477       5595.0234    
  8235.3887      -71.869148       5604.6279    
  8209.9395      -71.647057       5616.5239    
  8184.4893      -71.424957       5628.4189    
  8159.0405      -71.202866       5640.3140    
  8133.5908      -70.980774       5652.2095    
  8108.1411      -70.758675       5664.1050    
  8082.6924      -70.536591       5676.0000    
  8036.0269      -70.129341       5695.8330    
  7989.3623      -69.722107       5715.6670    
  7942.6978      -69.314865       5735.5000    
  7896.0322      -68.907631       5755.3335    
  7849.3677      -68.500389       5775.1665    
  7802.7031      -68.093155       5795.0000    
  7757.5381      -67.699005       5807.0000    
  7712.3726      -67.304855       5819.0000    
  7667.2080      -66.910713       5831.0000    
  7622.0430      -66.516563       5843.0000    
  7576.8779      -66.122414       5855.0000    
  7531.7134      -65.728264       5867.0000    
  7485.0483      -65.321030       5867.8330    
  7438.3838      -64.913788       5868.6665    
  7391.7188      -64.506554       5869.5000    
  7345.0532      -64.099312       5870.3330    
  7298.3887      -63.692070       5871.1665    
  7251.7236      -63.284836       5872.0000    
  7206.2261      -62.887779       5861.8330    
  7160.7271      -62.490715       5851.6665    
  7115.2290      -62.093662       5841.5000    
  7069.7310      -61.696609       5831.3330    
  7024.2324      -61.299549       5821.1665    
  6978.7344      -60.902493       5811.0000    
  6960.5464      -60.743767       5801.9419    
  6942.3589      -60.585049       5792.8838    
  6924.1709      -60.426323       5783.8257    
  6905.9834      -60.267601       5774.7686    
  6887.7959      -60.108887       5765.7104    
  6869.6079      -59.950161       5756.6523    
  6845.9639      -59.743820       5744.8770    
  6822.3198      -59.537487       5733.1016    
  6798.6758      -59.331146       5721.3257    
  6775.0322      -59.124809       5709.5508    
  6751.3882      -58.918468       5697.7754    
  6727.7441      -58.712132       5686.0000    
  6692.0786      -58.400883       5655.8330    
  6656.4131      -58.089642       5625.6665    
  6620.7476      -57.778389       5595.5000    
  6585.0825      -57.467144       5565.3335    
  6549.4175      -57.155899       5535.1665    
  6513.7520      -56.844650       5505.0000    
  6486.2529      -56.604668       5467.1670    
  6458.7539      -56.364693       5429.3330    
  6431.2549      -56.124714       5391.5000    
  6403.7563      -55.884731       5353.6670    
  6376.2573      -55.644753       5315.8335    
  6348.7583      -55.404774       5278.0000    
  6336.5923      -55.298599       5251.6665    
  6324.4258      -55.192425       5225.3330    
  6312.2598      -55.086254       5199.0000    
  6300.0938      -54.980083       5172.6665    
  6287.9272      -54.873909       5146.3330    
  6275.7612      -54.767735       5120.0000    
  6263.5952      -54.661564       5093.6665    
  6251.4287      -54.555389       5067.3330    
  6239.2627      -54.449219       5041.0000    
  6227.0967      -54.343048       5014.6665    
  6214.9302      -54.236870       4988.3330    
  6202.7642      -54.130699       4962.0000    
  6194.4307      -54.057980       4934.1665    
  6186.0977      -53.985256       4906.3335    
  6177.7646      -53.912537       4878.5000    
  6169.4316      -53.839813       4850.6665    
  6161.0991      -53.767097       4822.8335    
  6152.7656      -53.694370       4795.0000    
  6136.0996      -53.548931       4739.3330    
  6119.4336      -53.403484       4683.6665    
  6102.7681      -53.258045       4628.0000    
  6098.1519      -53.217766       4595.4058    
  6093.5361      -53.177483       4562.8115    
  6088.9204      -53.137203       4530.2173    
  6084.3042      -53.096920       4497.6230    
  6079.6885      -53.056637       4465.0288    
  6075.0732      -53.016361       4432.4346    
  6071.5225      -52.985374       4407.3623    
  6067.9717      -52.954388       4382.2900    
  6064.4214      -52.923401       4357.2173    
  6060.8706      -52.892418       4332.1445    
  6057.3203      -52.861435       4307.0728    
  6053.7695      -52.830444       4282.0000    
  6050.2695      -52.799904       4233.8335    
  6046.7695      -52.769360       4185.6665    
  6043.2695      -52.738815       4137.5000    
  6039.7700      -52.708271       4089.3335    
  6036.2700      -52.677731       4041.1667    
  6032.7700      -52.647190       3993.0000    
  6029.4375      -52.618103       3944.8333    
  6026.1040      -52.589012       3896.6667    
  6022.7705      -52.559921       3848.5000    
  6019.4375      -52.530838       3800.3333    
  6016.1040      -52.501747       3752.1667    
  6012.7710      -52.472660       3704.0000    
  6011.1045      -52.458115       3679.8335    
  6009.4375      -52.443569       3655.6665    
  6007.7710      -52.429024       3631.5000    
  6006.1045      -52.414482       3607.3335    
  6004.4385      -52.399937       3583.1665    
  6002.7715      -52.385391       3559.0000    
  6001.1050      -52.370846       3534.8335    
  5999.4385      -52.356304       3510.6665    
  5997.7720      -52.341759       3486.5000    
  5996.1045      -52.327213       3462.3335    
  5994.4380      -52.312668       3438.1665    
  5992.7715      -52.298130       3414.0000    
  5989.4385      -52.269039       3365.8333    
  5986.1055      -52.239952       3317.6667    
  5982.7720      -52.210861       3269.5000    
  5979.4395      -52.181774       3221.3333    
  5976.1055      -52.152683       3173.1667    
  5972.7725      -52.123596       3125.0000    
  5971.0225      -52.108326       3100.9165    
  5969.2725      -52.093056       3076.8333    
  5967.5225      -52.077782       3052.7500    
  5965.7729      -52.062511       3028.6667    
  5964.0229      -52.047241       3004.5833    
  5962.2729      -52.031967       2980.5000    
  5960.5229      -52.016697       2956.4165    
  5958.7729      -52.001423       2932.3333    
  5957.0229      -51.986153       2908.2500    
  5955.2729      -51.970882       2884.1667    
  5953.5234      -51.955612       2860.0833    
  5951.7734      -51.940342       2836.0000    
  5948.4399      -51.911251       2787.8335    
  5945.1069      -51.882164       2739.6667    
  5941.7739      -51.853073       2691.5000    
  5938.4409      -51.823986       2643.3335    
  5935.1074      -51.794899       2595.1667    
  5931.7739      -51.765812       2547.0000    
  5930.1069      -51.751263       2522.8333    
  5928.4409      -51.736721       2498.6667    
  5926.7744      -51.722176       2474.5000    
  5925.1079      -51.707634       2450.3333    
  5923.4409      -51.693085       2426.1667    
  5921.7744      -51.678543       2402.0000    
  5920.1079      -51.663998       2377.8333    
  5918.4414      -51.649456       2353.6667    
  5916.7749      -51.634907       2329.5000    
  5915.1084      -51.620365       2305.3335    
  5913.4419      -51.605820       2281.1665    
  5911.7749      -51.591282       2257.0000    
  5908.4414      -51.562191       2208.8333    
  5905.1084      -51.533104       2160.6667    
  5901.7754      -51.504013       2112.5000    
  5898.4424      -51.474926       2064.3335    
  5895.1089      -51.445835       2016.1667    
  5891.7759      -51.416748       1968.0000    
  5888.2759      -51.386208       1919.8333    
  5884.7759      -51.355663       1871.6666    
  5881.2759      -51.325115       1823.5000    
  5877.7764      -51.294571       1775.3333    
  5874.2764      -51.264030       1727.1666    
  5870.7764      -51.233490       1679.0000    
  5869.0488      -51.218414       1653.9448    
  5867.3203      -51.203331       1628.8896    
  5865.5928      -51.188251       1603.8344    
  5863.8647      -51.173172       1578.7792    
  5862.1372      -51.158096       1553.7240    
  5860.4092      -51.143017       1528.6688    
  5858.8037      -51.129005       1505.3907    
  5857.1982      -51.114994       1482.1127    
  5855.5933      -51.100986       1458.8344    
  5853.9883      -51.086979       1435.5563    
  5852.3828      -51.072968       1412.2782    
  5850.7773      -51.058956       1389.0000    
  5847.4438      -51.029873       1340.8333    
  5844.1104      -51.000782       1292.6666    
  5840.7778      -50.971695       1244.5000    
  5837.4443      -50.942604       1196.3333    
  5834.1113      -50.913517       1148.1666    
  5830.7778      -50.884426       1100.0000    
  5830.7778      -50.884426       1052.0000    
  5830.7778      -50.884426       1003.9999    
  5830.7778      -50.884426       956.00000    
  5830.7778      -50.884426       908.00000    
  5830.7778      -50.884426       860.00000    
  5830.7778      -50.884426       812.00000    
  5830.7778      -50.884426       764.16663    
  5830.7778      -50.884426       716.33331    
  5830.7778      -50.884426       668.50000    
  5830.7778      -50.884426       620.66669    
  5830.7778      -50.884426       572.83337    
  5830.7778      -50.884426       525.00000    
  5830.7778      -50.884426       477.16666    
  5830.7778      -50.884426       429.33334    
  5830.7778      -50.884426       381.50000    
  5830.7778      -50.884426       333.66666    
  5830.7778      -50.884426       285.83334    
  5830.7778      -50.884426       238.00000    
  5830.7778      -50.884426       190.00000    
  5830.7778      -50.884426       142.00000    
  5830.7778      -50.884426       94.000000    
  5830.7778      -50.884426       46.000000    
  5830.7778      -50.884426      -2.0000000    
  5830.7778      -50.884426      -50.000000    
  5830.7778      -50.884426      -98.000000    
  5830.7778      -50.884426      -146.00000    
  5830.7778      -50.884426      -194.00000    
  5830.7778      -50.884426      -242.00000    
  5830.7778      -50.884426      -290.00000    
  5830.7778      -50.884426      -338.00000    
  5830.7778      -50.884426      -385.83331    
  5830.7778      -50.884426      -433.66669    
  5830.7778      -50.884426      -481.50000    
  5830.7778      -50.884426      -529.33337    
  5830.7778      -50.884426      -577.16669    
  5830.7778      -50.884426      -625.00000    
  5830.7778      -50.884426      -672.83331    
  5830.7778      -50.884426      -720.66663    
  5830.7778      -50.884426      -768.50000    
  5830.7778      -50.884426      -816.33337    
  5830.7778      -50.884426      -864.16669    
  5830.7778      -50.884426      -912.00000    
  5830.7778      -50.884426      -960.00000    
  5830.7778      -50.884426      -1008.0000    
  5830.7778      -50.884426      -1056.0000    
  5830.7778      -50.884426      -1104.0000    
  5830.7778      -50.884426      -1152.0000    
  5830.7778      -50.884426      -1200.0000    
  5833.0239      -50.904030      -1221.7391    
  5835.2705      -50.923634      -1243.4783    
  5837.5166      -50.943237      -1265.2174    
  5839.7632      -50.962841      -1286.9565    
  5842.0093      -50.982441      -1308.6957    
  5844.2554      -51.002045      -1330.4348    
  5847.1763      -51.027534      -1358.6957    
  5850.0962      -51.053013      -1386.9565    
  5853.0166      -51.078499      -1415.2174    
  5855.9360      -51.103981      -1443.4783    
  5858.8564      -51.129467      -1471.7391    
  5861.7769      -51.154949      -1500.0000    
  5867.1099      -51.201492      -1549.8333    
  5872.4434      -51.248035      -1599.6667    
  5877.7764      -51.294571      -1649.5000    
  5883.1089      -51.341118      -1699.3333    
  5888.4424      -51.387657      -1749.1666    
  5893.7754      -51.434200      -1799.0000    
  5898.9419      -51.479286      -1849.0000    
  5904.1084      -51.524372      -1899.0000    
  5909.2749      -51.569462      -1949.0000    
  5914.4414      -51.614548      -1999.0000    
  5919.6074      -51.659634      -2049.0000    
  5924.7744      -51.704723      -2099.0000    
  5927.7886      -51.731030      -2127.2610    
  5930.8027      -51.757332      -2155.5217    
  5933.8174      -51.783642      -2183.7825    
  5936.8320      -51.809948      -2212.0435    
  5939.8467      -51.836250      -2240.3042    
  5942.8608      -51.862560      -2268.5652    
  5945.1797      -51.882797      -2290.3044    
  5947.4985      -51.903030      -2312.0435    
  5949.8174      -51.923267      -2333.7827    
  5952.1362      -51.943504      -2355.5217    
  5954.4551      -51.963737      -2377.2610    
  5956.7729      -51.983971      -2399.0000    
  5961.9399      -52.029057      -2448.8333    
  5967.1060      -52.074146      -2498.6667    
  5972.2725      -52.119232      -2548.5000    
  5977.4395      -52.164318      -2598.3333    
  5982.6055      -52.209408      -2648.1667    
  5987.7720      -52.254494      -2698.0000    
  5990.4390      -52.277767      -2723.0000    
  5993.1050      -52.301033      -2748.0000    
  5995.7715      -52.324306      -2773.0000    
  5998.4385      -52.347580      -2798.0000    
  6001.1050      -52.370846      -2823.0000    
  6003.7720      -52.394123      -2848.0000    
  6006.4380      -52.417389      -2873.0000    
  6009.1045      -52.440659      -2898.0000    
  6011.7710      -52.463928      -2923.0000    
  6014.4375      -52.487202      -2948.0000    
  6017.1040      -52.510475      -2973.0000    
  6019.7705      -52.533741      -2998.0000    
  6024.9370      -52.578831      -3047.8335    
  6030.1035      -52.623920      -3097.6667    
  6035.2700      -52.669003      -3147.5000    
  6040.4365      -52.714092      -3197.3333    
  6045.6030      -52.759178      -3247.1667    
  6050.7700      -52.804264      -3297.0000    
  6053.0889      -52.824501      -3318.7393    
  6055.4072      -52.844738      -3340.4783    
  6057.7261      -52.864971      -3362.2175    
  6060.0449      -52.885208      -3383.9565    
  6062.3638      -52.905445      -3405.6956    
  6064.6826      -52.925678      -3427.4346    
  6067.6963      -52.951984      -3455.6956    
  6070.7104      -52.978287      -3483.9565    
  6073.7251      -53.004597      -3512.2173    
  6076.7397      -53.030903      -3540.4783    
  6079.7539      -53.057209      -3568.7393    
  6082.7686      -53.083515      -3597.0000    
  6087.9351      -53.128605      -3647.0000    
  6093.1011      -53.173687      -3697.0000    
  6098.2676      -53.218773      -3747.0000    
  6103.4346      -53.263866      -3797.0000    
  6108.6006      -53.308949      -3847.0000    
  6113.7671      -53.354034      -3897.0000    
  6119.1001      -53.400581      -3946.8333    
  6124.4336      -53.447121      -3996.6667    
  6129.7671      -53.493664      -4046.5002    
  6135.1001      -53.540203      -4096.3335    
  6140.4326      -53.586742      -4146.1670    
  6145.7656      -53.633289      -4196.0000    
  6150.9321      -53.678371      -4246.0000    
  6156.0986      -53.723461      -4296.0000    
  6161.2651      -53.768551      -4346.0000    
  6166.4321      -53.813633      -4396.0000    
  6171.5986      -53.858723      -4446.0000    
  6176.7651      -53.903812      -4496.0000    
  6182.0981      -53.950352      -4546.0000    
  6187.4312      -53.996895      -4596.0000    
  6192.7637      -54.043430      -4646.0000    
  6198.0972      -54.089973      -4696.0000    
  6203.4307      -54.136517      -4746.0000    
  6208.7637      -54.183060      -4796.0000    
  6213.2109      -54.221870      -4838.2856    
  6217.6577      -54.260677      -4880.5703    
  6222.1050      -54.299488      -4922.8560    
  6226.5522      -54.338299      -4965.1411    
  6230.9995      -54.377110      -5007.4263    
  6235.4468      -54.415924      -5049.7119    
  6238.8677      -54.445774      -5082.2393    
  6242.2891      -54.475628      -5114.7661    
  6245.7095      -54.505482      -5147.2930    
  6249.1304      -54.535332      -5179.8203    
  6252.5518      -54.565189      -5212.3477    
  6255.9717      -54.595043      -5244.8745    
  6258.6035      -54.618004      -5269.8955    
  6261.2354      -54.640972      -5294.9165    
  6263.8667      -54.663937      -5319.9370    
  6266.4985      -54.686905      -5344.9585    
  6269.1299      -54.709866      -5369.9790    
  6271.7607      -54.732830      -5395.0000    
  6299.2603      -54.972809      -5413.1665    
  6326.7593      -55.212791      -5431.3335    
  6354.2583      -55.452766      -5449.5000    
  6381.7568      -55.692749      -5467.6665    
  6409.2559      -55.932732      -5485.8330    
  6436.7549      -56.172707      -5504.0000    
  6444.7544      -56.242523      -5539.3335    
  6452.7544      -56.312332      -5574.6665    
  6460.7539      -56.382145      -5610.0000    
  6468.7534      -56.451958      -5645.3335    
  6476.7539      -56.521774      -5680.6665    
  6484.7529      -56.591587      -5716.0000    
  6478.4492      -56.536572      -5740.6377    
  6472.1445      -56.481552      -5765.2754    
  6465.8408      -56.426537      -5789.9131    
  6459.5366      -56.371521      -5814.5508    
  6453.2329      -56.316505      -5839.1885    
  6446.9287      -56.261494      -5863.8262    
  6438.7329      -56.189972      -5895.8550    
  6430.5376      -56.118454      -5927.8843    
  6422.3423      -56.046932      -5959.9131    
  6414.1475      -55.975414      -5991.9419    
  6405.9517      -55.903893      -6023.9712    
  6397.7559      -55.832371      -6056.0000    
  6389.5610      -55.760853      -6087.9351    
  6381.3652      -55.689331      -6119.8696    
  6373.1704      -55.617817      -6151.8047    
  6364.9751      -55.546295      -6183.7393    
  6356.7798      -55.474777      -6215.6738    
  6348.5840      -55.403255      -6247.6089    
  6342.2803      -55.348240      -6272.1738    
  6335.9761      -55.293224      -6296.7393    
  6329.6724      -55.238209      -6321.3042    
  6323.3682      -55.183197      -6345.8696    
  6317.0640      -55.128178      -6370.4346    
  6310.7598      -55.073166      -6395.0000    
  6332.2080      -55.260345      -6402.6812    
  6353.6567      -55.447517      -6410.3623    
  6375.1050      -55.634697      -6418.0435    
  6396.5537      -55.821877      -6425.7246    
  6418.0015      -56.009056      -6433.4058    
  6439.4507      -56.196236      -6441.0869    
  6467.3340      -56.439564      -6451.0728    
  6495.2163      -56.682896      -6461.0581    
  6523.0996      -56.926224      -6471.0435    
  6550.9824      -57.169556      -6481.0288    
  6578.8657      -57.412888      -6491.0146    
  6606.7480      -57.656216      -6501.0000    
  6634.6313      -57.899551      -6510.9854    
  6662.5142      -58.142883      -6520.9707    
  6690.3979      -58.386215      -6530.9565    
  6718.2808      -58.629547      -6540.9424    
  6746.1636      -58.872875      -6550.9277    
  6774.0464      -59.116207      -6560.9131    
  6795.4946      -59.303383      -6568.5938    
  6816.9438      -59.490566      -6576.2754    
  6838.3916      -59.677738      -6583.9565    
  6859.8398      -59.864918      -6591.6377    
  6881.2886      -60.052097      -6599.3188    
  6902.7373      -60.239273      -6607.0000    
  6924.1855      -60.426456      -6614.7539    
  6945.6338      -60.613628      -6622.5073    
  6967.0825      -60.800804      -6630.2607    
  6988.5312      -60.987988      -6638.0142    
  7009.9795      -61.175163      -6645.7681    
  7031.4277      -61.362347      -6653.5215    
  7059.3110      -61.605675      -6663.6016    
  7087.1938      -61.849007      -6673.6812    
  7115.0771      -62.092335      -6683.7607    
  7142.9600      -62.335667      -6693.8403    
  7170.8428      -62.578999      -6703.9204    
  7198.7256      -62.822327      -6714.0000    
  7226.6089      -63.065655      -6723.9858    
  7254.4917      -63.308990      -6733.9712    
  7282.3750      -63.552326      -6743.9565    
  7310.2578      -63.795654      -6753.9419    
  7338.1411      -64.038986      -6763.9272    
  7366.0239      -64.282310      -6773.9131    
  7387.4722      -64.469498      -6781.5942    
  7408.9209      -64.656677      -6789.2754    
  7430.3691      -64.843849      -6796.9565    
  7451.8174      -65.031021      -6804.6377    
  7473.2661      -65.218201      -6812.3188    
  7494.7148      -65.405380      -6820.0000    
  7517.2637      -65.602165      -6828.0752    
  7539.8135      -65.798950      -6836.1509    
  7562.3628      -65.995735      -6844.2266    
  7584.9116      -66.192520      -6852.3018    
  7607.4609      -66.389305      -6860.3770    
  7630.0107      -66.586090      -6868.4526    
  7656.7930      -66.819817      -6878.0435    
  7683.5747      -67.053543      -6887.6348    
  7710.3569      -67.287270      -6897.2266    
  7737.1392      -67.520988      -6906.8174    
  7763.9214      -67.754715      -6916.4087    
  7790.7031      -67.988434      -6926.0000    
  7818.5864      -68.231766      -6936.0796    
  7846.4688      -68.475098      -6946.1592    
  7874.3525      -68.718430      -6956.2393    
  7902.2354      -68.961761      -6966.3188    
  7930.1187      -69.205101      -6976.3984    
  7958.0015      -69.448425      -6986.4785    
  7979.4497      -69.635597      -6994.2319    
  8000.8984      -69.822784      -7001.9854    
  8022.3477      -70.009964      -7009.7388    
  8043.7954      -70.197136      -7017.4927    
  8065.2437      -70.384315      -7025.2461    
  8086.6919      -70.571487      -7033.0000    
  8114.5752      -70.814827      -7042.9854    
  8142.4580      -71.058151      -7052.9707    
  8170.3413      -71.301491      -7062.9565    
  8198.2236      -71.544807      -7072.9424    
  8226.1074      -71.788147      -7082.9277    
  8253.9893      -72.031479      -7092.9131    
  8275.4395      -72.218666      -7100.5942    
  8296.8877      -72.405838      -7108.2754    
  8318.3359      -72.593010      -7115.9565    
  8339.7832      -72.780190      -7123.6377    
  8361.2314      -72.967369      -7131.3188    
  8382.6807      -73.154549      -7139.0000    
  8379.2021      -73.124191      -7113.8550    
  8375.7246      -73.093842      -7088.7104    
  8372.2471      -73.063484      -7063.5654    
  8368.7686      -73.033142      -7038.4204    
  8365.2910      -73.002785      -7013.2754    
  8361.8115      -72.972427      -6988.1304    
  8357.2900      -72.932968      -6955.4419    
  8352.7686      -72.893517      -6922.7539    
  8348.2471      -72.854050      -6890.0654    
  8343.7266      -72.814590      -6857.3765    
  8339.2041      -72.775124      -6824.6885    
  8334.6826      -72.735672      -6792.0000    
  8330.9531      -72.703125      -6764.4634    
  8327.2236      -72.670578      -6736.9268    
  8323.4941      -72.638031      -6709.3896    
  8319.7637      -72.605484      -6681.8530    
  8316.0342      -72.572929      -6654.3159    
  8312.3047      -72.540382      -6626.7793    
  8308.2012      -72.504570      -6596.4829    
  8304.0977      -72.468758      -6566.1860    
  8299.9951      -72.432961      -6535.8896    
  8295.8916      -72.397148      -6505.5928    
  8291.7881      -72.361336      -6475.2964    
  8287.6846      -72.325531      -6445.0000    
  8334.8496      -72.737129      -6420.8330    
  8382.0146      -73.148735      -6396.6665    
  8429.1787      -73.560326      -6372.5000    
  8476.3438      -73.971924      -6348.3335    
  8523.5088      -74.383537      -6324.1670    
  8570.6738      -74.795135      -6300.0000    
  8599.3398      -75.045296      -6260.5000    
  8628.0049      -75.295456      -6221.0000    
  8656.6699      -75.545616      -6181.5000    
  8685.3359      -75.795784      -6142.0000    
  8714.0020      -76.045937      -6102.5000    
  8742.6670      -76.296097      -6063.0000    
 
CELLS        879       4395
          4          0          1        881        880
          4          1          2        882        881
          4          2          3        883        882
          4          3          4        884        883
          4          4          5        885        884
          4          5          6        886        885
          4          6          7        887        886
          4          7          8        888        887
          4          8          9        889        888
          4          9         10        890        889
          4         10         11        891        890
          4         11         12        892        891
          4         12         13        893        892
          4         13         14        894        893
          4         14         15        895        894
          4         15         16        896        895
          4         16         17        897        896
          4         17         18        898        897
          4         18         19        899        898
          4         19         20        900        899
          4         20         21        901        900
          4         21         22        902        901
          4         22         23        903        902
          4         23         24        904        903
          4         24         25        905        904
          4         25         26        906        905
          4         26         27        907        906
          4         27         28        908        907
          4         28         29        909        908
          4         29         30        910        909
          4         30         31        911        910
          4         31         32        912        911
          4         32         33        913        912
          4         33         34        914        913
          4         34         35        915        914
          4         35         36        916        915
          4         36         37        917        916
          4         37         38        918        917
          4         38         39        919        918
          4         39         40        920        919
          4         40         41        921        920
          4         41         42        922        921
          4         42         43        923        922
          4         43         44        924        923
          4         44         45        925        924
          4         45         46        926        925
          4         46         47        927        926
          4         47         48        928        927
          4         48         49        929        928
          4         49         50        930        929
          4         50         51        931        930
          4         51         52        932        931
          4         52         53        933        932
          4         53         54        934        933
          4         54         55        935        934
          4         55         56        936        935
          4         56         57        937        936
          4         57         58        938        937
          4         58         59        939        938
          4         59         60        940        939
          4         60         61        941        940
          4         61         62        942        941
          4         62         63        943        942
          4         63         64        944        943
          4         64         65        945        944
          4         65         66        946        945
          4         66         67        947        946
          4         67         68        948        947
          4         68         69        949        948
          4         69         70        950        949
          4         70         71        951        950
          4         71         72        952        951
          4         72         73        953        952
          4         73         74        954        953
          4         74         75        955        954
          4         75         76        956        955
          4         76         77        957        956
          4         77         78        958        957
          4         78         79        959        958
          4         79         80        960        959
          4         80         81        961        960
          4         81         82        962        961
          4         82         83        963        962
          4         83         84        964        963
          4         84         85        965        964
          4         85         86        966        965
          4         86         87        967        966
          4         87         88        968        967
          4         88         89        969        968
          4         89         90        970        969
          4         90         91        971        970
          4         91         92        972        971
          4         92         93        973        972
          4         93         94        974        973
          4         94         95        975        974
          4         95         96        976        975
          4         96         97        977        976
          4         97         98        978        977
          4         98         99        979        978
          4         99        100        980        979
          4        100        101        981        980
          4        101        102        982        981
          4        102        103        983        982
          4        103        104        984        983
          4        104        105        985        984
          4        105        106        986        985
          4        106        107        987        986
          4        107        108        988        987
          4        108        109        989        988
          4        109        110        990        989
          4        110        111        991        990
          4        111        112        992        991
          4        112        113        993        992
          4        113        114        994        993
          4        114        115        995        994
          4        115        116        996        995
          4        116        117        997        996
          4        117        118        998        997
          4        118        119        999        998
          4        119        120       1000        999
          4        120        121       1001       1000
          4        121        122       1002       1001
          4        122        123       1003       1002
          4        123        124       1004       1003
          4        124        125       1005       1004
          4        125        126       1006       1005
          4        126        127       1007       1006
          4        127        128       1008       1007
          4        128        129       1009       1008
          4        129        130       1010       1009
          4        130        131       1011       1010
          4        131        132       1012       1011
          4        132        133       1013       1012
          4        133        134       1014       1013
          4        134        135       1015       1014
          4        135        136       1016       1015
          4        136        137       1017       1016
          4        137        138       1018       1017
          4        138        139       1019       1018
          4        139        140       1020       1019
          4        140        141       1021       1020
          4        141        142       1022       1021
          4        142        143       1023       1022
          4        143        144       1024       1023
          4        144        145       1025       1024
          4        145        146       1026       1025
          4        146        147       1027       1026
          4        147        148       1028       1027
          4        148        149       1029       1028
          4        149        150       1030       1029
          4        150        151       1031       1030
          4        151        152       1032       1031
          4        152        153       1033       1032
          4        153        154       1034       1033
          4        154        155       1035       1034
          4        155        156       1036       1035
          4        156        157       1037       1036
          4        157        158       1038       1037
          4        158        159       1039       1038
          4        159        160       1040       1039
          4        160        161       1041       1040
          4        161        162       1042       1041
          4        162        163       1043       1042
          4        163        164       1044       1043
          4        164        165       1045       1044
          4        165        166       1046       1045
          4        166        167       1047       1046
          4        167        168       1048       1047
          4        168        169       1049       1048
          4        169        170       1050       1049
          4        170        171       1051       1050
          4        171        172       1052       1051
          4        172        173       1053       1052
          4        173        174       1054       1053
          4        174        175       1055       1054
          4        175        176       1056       1055
          4        176        177       1057       1056
          4        177        178       1058       1057
          4        178        179       1059       1058
          4        179        180       1060       1059
          4        180        181       1061       1060
          4        181        182       1062       1061
          4        182        183       1063       1062
          4        183        184       1064       1063
          4        184        185       1065       1064
          4        185        186       1066       1065
          4        186        187       1067       1066
          4        187        188       1068       1067
          4        188        189       1069       1068
          4        189        190       1070       1069
          4        190        191       1071       1070
          4        191        192       1072       1071
          4        192        193       1073       1072
          4        193        194       1074       1073
          4        194        195       1075       1074
          4        195        196       1076       1075
          4        196        197       1077       1076
          4        197        198       1078       1077
          4        198        199       1079       1078
          4        199        200       1080       1079
          4        200        201       1081       1080
          4        201        202       1082       1081
          4        202        203       1083       1082
          4        203        204       1084       1083
          4        204        205       1085       1084
          4        205        206       1086       1085
          4        206        207       1087       1086
          4        207        208       1088       1087
          4        208        209       1089       1088
          4        209        210       1090       1089
          4        210        211       1091       1090
          4        211        212       1092       1091
          4        212        213       1093       1092
          4        213        214       1094       1093
          4        214        215       1095       1094
          4        215        216       1096       1095
          4        216        217       1097       1096
          4        217        218       1098       1097
          4        218        219       1099       1098
          4        219        220       1100       1099
          4        220        221       1101       1100
          4        221        222       1102       1101
          4        222        223       1103       1102
          4        223        224       1104       1103
          4        224        225       1105       1104
          4        225        226       1106       1105
          4        226        227       1107       1106
          4        227        228       1108       1107
          4        228        229       1109       1108
          4        229        230       1110       1109
          4        230        231       1111       1110
          4        231        232       1112       1111
          4        232        233       1113       1112
          4        233        234       1114       1113
          4        234        235       1115       1114
          4        235        236       1116       1115
          4        236        237       1117       1116
          4        237        238       1118       1117
          4        238        239       1119       1118
          4        239        240       1120       1119
          4        240        241       1121       1120
          4        241        242       1122       1121
          4        242        243       1123       1122
          4        243        244       1124       1123
          4        244        245       1125       1124
          4        245        246       1126       1125
          4        246        247       1127       1126
          4        247        248       1128       1127
          4        248        249       1129       1128
          4        249        250       1130       1129
          4        250        251       1131       1130
          4        251        252       1132       1131
          4        252        253       1133       1132
          4        253        254       1134       1133
          4        254        255       1135       1134
          4        255        256       1136       1135
          4        256        257       1137       1136
          4        257        258       1138       1137
          4        258        259       1139       1138
          4        259        260       1140       1139
          4        260        261       1141       1140
          4        261        262       1142       1141
          4        262        263       1143       1142
          4        263        264       1144       1143
          4        264        265       1145       1144
          4        265        266       1146       1145
          4        266        267       1147       1146
          4        267        268       1148       1147
          4        268        269       1149       1148
          4        269        270       1150       1149
          4        270        271       1151       1150
          4        271        272       1152       1151
          4        272        273       1153       1152
          4        273        274       1154       1153
          4        274        275       1155       1154
          4        275        276       1156       1155
          4        276        277       1157       1156
          4        277        278       1158       1157
          4        278        279       1159       1158
          4        279        280       1160       1159
          4        280        281       1161       1160
          4        281        282       1162       1161
          4        282        283       1163       1162
          4        283        284       1164       1163
          4        284        285       1165       1164
          4        285        286       1166       1165
          4        286        287       1167       1166
          4        287        288       1168       1167
          4        288        289       1169       1168
          4        289        290       1170       1169
          4        290        291       1171       1170
          4        291        292       1172       1171
          4        292        293       1173       1172
          4        293        294       1174       1173
          4        294        295       1175       1174
          4        295        296       1176       1175
          4        296        297       1177       1176
          4        297        298       1178       1177
          4        298        299       1179       1178
          4        299        300       1180       1179
          4        300        301       1181       1180
          4        301        302       1182       1181
          4        302        303       1183       1182
          4        303        304       1184       1183
          4        304        305       1185       1184
          4        305        306       1186       1185
          4        306        307       1187       1186
          4        307        308       1188       1187
          4        308        309       1189       1188
          4        309        310       1190       1189
          4        310        311       1191       1190
          4        311        312       1192       1191
          4        312        313       1193       1192
          4        313        314       1194       1193
          4        314        315       1195       1194
          4        315        316       1196       1195
          4        316        317       1197       1196
          4        317        318       1198       1197
          4        318        319       1199       1198
          4        319        320       1200       1199
          4        320        321       1201       1200
          4        321        322       1202       1201
          4        322        323       1203       1202
          4        323        324       1204       1203
          4        324        325       1205       1204
          4        325        326       1206       1205
          4        326        327       1207       1206
          4        327        328       1208       1207
          4        328        329       1209       1208
          4        329        330       1210       1209
          4        330        331       1211       1210
          4        331        332       1212       1211
          4        332        333       1213       1212
          4        333        334       1214       1213
          4        334        335       1215       1214
          4        335        336       1216       1215
          4        336        337       1217       1216
          4        337        338       1218       1217
          4        338        339       1219       1218
          4        339        340       1220       1219
          4        340        341       1221       1220
          4        341        342       1222       1221
          4        342        343       1223       1222
          4        343        344       1224       1223
          4        344        345       1225       1224
          4        345        346       1226       1225
          4        346        347       1227       1226
          4        347        348       1228       1227
          4        348        349       1229       1228
          4        349        350       1230       1229
          4        350        351       1231       1230
          4        351        352       1232       1231
          4        352        353       1233       1232
          4        353        354       1234       1233
          4        354        355       1235       1234
          4        355        356       1236       1235
          4        356        357       1237       1236
          4        357        358       1238       1237
          4        358        359       1239       1238
          4        359        360       1240       1239
          4        360        361       1241       1240
          4        361        362       1242       1241
          4        362        363       1243       1242
          4        363        364       1244       1243
          4        364        365       1245       1244
          4        365        366       1246       1245
          4        366        367       1247       1246
          4        367        368       1248       1247
          4        368        369       1249       1248
          4        369        370       1250       1249
          4        370        371       1251       1250
          4        371        372       1252       1251
          4        372        373       1253       1252
          4        373        374       1254       1253
          4        374        375       1255       1254
          4        375        376       1256       1255
          4        376        377       1257       1256
          4        377        378       1258       1257
          4        378        379       1259       1258
          4        379        380       1260       1259
          4        380        381       1261       1260
          4        381        382       1262       1261
          4        382        383       1263       1262
          4        383        384       1264       1263
          4        384        385       1265       1264
          4        385        386       1266       1265
          4        386        387       1267       1266
          4        387        388       1268       1267
          4        388        389       1269       1268
          4        389        390       1270       1269
          4        390        391       1271       1270
          4        391        392       1272       1271
          4        392        393       1273       1272
          4        393        394       1274       1273
          4        394        395       1275       1274
          4        395        396       1276       1275
          4        396        397       1277       1276
          4        397        398       1278       1277
          4        398        399       1279       1278
          4        399        400       1280       1279
          4        400        401       1281       1280
          4        401        402       1282       1281
          4        402        403       1283       1282
          4        403        404       1284       1283
          4        404        405       1285       1284
          4        405        406       1286       1285
          4        406        407       1287       1286
          4        407        408       1288       1287
          4        408        409       1289       1288
          4        409        410       1290       1289
          4        410        411       1291       1290
          4        411        412       1292       1291
          4        412        413       1293       1292
          4        413        414       1294       1293
          4        414        415       1295       1294
          4        415        416       1296       1295
          4        416        417       1297       1296
          4        417        418       1298       1297
          4        418        419       1299       1298
          4        419        420       1300       1299
          4        420        421       1301       1300
          4        421        422       1302       1301
          4        422        423       1303       1302
          4        423        424       1304       1303
          4        424        425       1305       1304
          4        425        426       1306       1305
          4        426        427       1307       1306
          4        427        428       1308       1307
          4        428        429       1309       1308
          4        429        430       1310       1309
          4        430        431       1311       1310
          4        431        432       1312       1311
          4        432        433       1313       1312
          4        433        434       1314       1313
          4        434        435       1315       1314
          4        435        436       1316       1315
          4        436        437       1317       1316
          4        437        438       1318       1317
          4        438        439       1319       1318
          4        439        440       1320       1319
          4        440        441       1321       1320
          4        441        442       1322       1321
          4        442        443       1323       1322
          4        443        444       1324       1323
          4        444        445       1325       1324
          4        445        446       1326       1325
          4        446        447       1327       1326
          4        447        448       1328       1327
          4        448        449       1329       1328
          4        449        450       1330       1329
          4        450        451       1331       1330
          4        451        452       1332       1331
          4        452        453       1333       1332
          4        453        454       1334       1333
          4        454        455       1335       1334
          4        455        456       1336       1335
          4        456        457       1337       1336
          4        457        458       1338       1337
          4        458        459       1339       1338
          4        459        460       1340       1339
          4        460        461       1341       1340
          4        461        462       1342       1341
          4        462        463       1343       1342
          4        463        464       1344       1343
          4        464        465       1345       1344
          4        465        466       1346       1345
          4        466        467       1347       1346
          4        467        468       1348       1347
          4        468        469       1349       1348
          4        469        470       1350       1349
          4        470        471       1351       1350
          4        471        472       1352       1351
          4        472        473       1353       1352
          4        473        474       1354       1353
          4        474        475       1355       1354
          4        475        476       1356       1355
          4        476        477       1357       1356
          4        477        478       1358       1357
          4        478        479       1359       1358
          4        479        480       1360       1359
          4        480        481       1361       1360
          4        481        482       1362       1361
          4        482        483       1363       1362
          4        483        484       1364       1363
          4        484        485       1365       1364
          4        485        486       1366       1365
          4        486        487       1367       1366
          4        487        488       1368       1367
          4        488        489       1369       1368
          4        489        490       1370       1369
          4        490        491       1371       1370
          4        491        492       1372       1371
          4        492        493       1373       1372
          4        493        494       1374       1373
          4        494        495       1375       1374
          4        495        496       1376       1375
          4        496        497       1377       1376
          4        497        498       1378       1377
          4        498        499       1379       1378
          4        499        500       1380       1379
          4        500        501       1381       1380
          4        501        502       1382       1381
          4        502        503       1383       1382
          4        503        504       1384       1383
          4        504        505       1385       1384
          4        505        506       1386       1385
          4        506        507       1387       1386
          4        507        508       1388       1387
          4        508        509       1389       1388
          4        509        510       1390       1389
          4        510        511       1391       1390
          4        511        512       1392       1391
          4        512        513       1393       1392
          4        513        514       1394       1393
          4        514        515       1395       1394
          4        515        516       1396       1395
          4        516        517       1397       1396
          4        517        518       1398       1397
          4        518        519       1399       1398
          4        519        520       1400       1399
          4        520        521       1401       1400
          4        521        522       1402       1401
          4        522        523       1403       1402
          4        523        524       1404       1403
          4        524        525       1405       1404
          4        525        526       1406       1405
          4        526        527       1407       1406
          4        527        528       1408       1407
          4        528        529       1409       1408
          4        529        530       1410       1409
          4        530        531       1411       1410
          4        531        532       1412       1411
          4        532        533       1413       1412
          4        533        534       1414       1413
          4        534        535       1415       1414
          4        535        536       1416       1415
          4        536        537       1417       1416
          4        537        538       1418       1417
          4        538        539       1419       1418
          4        539        540       1420       1419
          4        540        541       1421       1420
          4        541        542       1422       1421
          4        542        543       1423       1422
          4        543        544       1424       1423
          4        544        545       1425       1424
          4        545        546       1426       1425
          4        546        547       1427       1426
          4        547        548       1428       1427
          4        548        549       1429       1428
          4        549        550       1430       1429
          4        550        551       1431       1430
          4        551        552       1432       1431
          4        552        553       1433       1432
          4        553        554       1434       1433
          4        554        555       1435       1434
          4        555        556       1436       1435
          4        556        557       1437       1436
          4        557        558       1438       1437
          4        558        559       1439       1438
          4        559        560       1440       1439
          4        560        561       1441       1440
          4        561        562       1442       1441
          4        562        563       1443       1442
          4        563        564       1444       1443
          4        564        565       1445       1444
          4        565        566       1446       1445
          4        566        567       1447       1446
          4        567        568       1448       1447
          4        568        569       1449       1448
          4        569        570       1450       1449
          4        570        571       1451       1450
          4        571        572       1452       1451
          4        572        573       1453       1452
          4        573        574       1454       1453
          4        574        575       1455       1454
          4        575        576       1456       1455
          4        576        577       1457       1456
          4        577        578       1458       1457
          4        578        579       1459       1458
          4        579        580       1460       1459
          4        580        581       1461       1460
          4        581        582       1462       1461
          4        582        583       1463       1462
          4        583        584       1464       1463
          4        584        585       1465       1464
          4        585        586       1466       1465
          4        586        587       1467       1466
          4        587        588       1468       1467
          4        588        589       1469       1468
          4        589        590       1470       1469
          4        590        591       1471       1470
          4        591        592       1472       1471
          4        592        593       1473       1472
          4        593        594       1474       1473
          4        594        595       1475       1474
          4        595        596       1476       1475
          4        596        597       1477       1476
          4        597        598       1478       1477
          4        598        599       1479       1478
          4        599        600       1480       1479
          4        600        601       1481       1480
          4        601        602       1482       1481
          4        602        603       1483       1482
          4        603        604       1484       1483
          4        604        605       1485       1484
          4        605        606       1486       1485
          4        606        607       1487       1486
          4        607        608       1488       1487
          4        608        609       1489       1488
          4        609        610       1490       1489
          4        610        611       1491       1490
          4        611        612       1492       1491
          4        612        613       1493       1492
          4        613        614       1494       1493
          4        614        615       1495       1494
          4        615        616       1496       1495
          4        616        617       1497       1496
          4        617        618       1498       1497
          4        618        619       1499       1498
          4        619        620       1500       1499
          4        620        621       1501       1500
          4        621        622       1502       1501
          4        622        623       1503       1502
          4        623        624       1504       1503
          4        624        625       1505       1504
          4        625        626       1506       1505
          4        626        627       1507       1506
          4        627        628       1508       1507
          4        628        629       1509       1508
          4        629        630       1510       1509
          4        630        631       1511       1510
          4        631        632       1512       1511
          4        632        633       1513       1512
          4        633        634       1514       1513
          4        634        635       1515       1514
          4        635        636       1516       1515
          4        636        637       1517       1516
          4        637        638       1518       1517
          4        638        639       1519       1518
          4        639        640       1520       1519
          4        640        641       1521       1520
          4        641        642       1522       1521
          4        642        643       1523       1522
          4        643        644       1524       1523
          4        644        645       1525       1524
          4        645        646       1526       1525
          4        646        647       1527       1526
          4        647        648       1528       1527
          4        648        649       1529       1528
          4        649        650       1530       1529
          4        650        651       1531       1530
          4        651        652       1532       1531
          4        652        653       1533       1532
          4        653        654       1534       1533
          4        654        655       1535       1534
          4        655        656       1536       1535
          4        656        657       1537       1536
          4        657        658       1538       1537
          4        658        659       1539       1538
          4        659        660       1540       1539
          4        660        661       1541       1540
          4        661        662       1542       1541
          4        662        663       1543       1542
          4        663        664       1544       1543
          4        664        665       1545       1544
          4        665        666       1546       1545
          4        666        667       1547       1546
          4        667        668       1548       1547
          4        668        669       1549       1548
          4        669        670       1550       1549
          4        670        671       1551       1550
          4        671        672       1552       1551
          4        672        673       1553       1552
          4        673        674       1554       1553
          4        674        675       1555       1554
          4        675        676       1556       1555
          4        676        677       1557       1556
          4        677        678       1558       1557
          4        678        679       1559       1558
          4        679        680       1560       1559
          4        680        681       1561       1560
          4        681        682       1562       1561
          4        682        683       1563       1562
          4        683        684       1564       1563
          4        684        685       1565       1564
          4        685        686       1566       1565
          4        686        687       1567       1566
          4        687        688       1568       1567
          4        688        689       1569       1568
          4        689        690       1570       1569
          4        690        691       1571       1570
          4        691        692       1572       1571
          4        692        693       1573       1572
          4        693        694       1574       1573
          4        694        695       1575       1574
          4        695        696       1576       1575
          4        696        697       1577       1576
          4        697        698       1578       1577
          4        698        699       1579       1578
          4        699        700       1580       1579
          4        700        701       1581       1580
          4        701        702       1582       1581
          4        702        703       1583       1582
          4        703        704       1584       1583
          4        704        705       1585       1584
          4        705        706       1586       1585
          4        706        707       1587       1586
          4        707        708       1588       1587
          4        708        709       1589       1588
          4        709        710       1590       1589
          4        710        711       1591       1590
          4        711        712       1592       1591
          4        712        713       1593       1592
          4        713        714       1594       1593
          4        714        715       1595       1594
          4        715        716       1596       1595
          4        716        717       1597       1596
          4        717        718       1598       1597
          4        718        719       1599       1598
          4        719        720       1600       1599
          4        720        721       1601       1600
          4        721        722       1602       1601
          4        722        723       1603       1602
          4        723        724       1604       1603
          4        724        725       1605       1604
          4        725        726       1606       1605
          4        726        727       1607       1606
          4        727        728       1608       1607
          4        728        729       1609       1608
          4        729        730       1610       1609
          4        730        731       1611       1610
          4        731        732       1612       1611
          4        732        733       1613       1612
          4        733        734       1614       1613
          4        734        735       1615       1614
          4        735        736       1616       1615
          4        736        737       1617       1616
          4        737        738       1618       1617
          4        738        739       1619       1618
          4        739        740       1620       1619
          4        740        741       1621       1620
          4        741        742       1622       1621
          4        742        743       1623       1622
          4        743        744       1624       1623
          4        744        745       1625       1624
          4        745        746       1626       1625
          4        746        747       1627       1626
          4        747        748       1628       1627
          4        748        749       1629       1628
          4        749        750       1630       1629
          4        750        751       1631       1630
          4        751        752       1632       1631
          4        752        753       1633       1632
          4        753        754       1634       1633
          4        754        755       1635       1634
          4        755        756       1636       1635
          4        756        757       1637       1636
          4        757        758       1638       1637
          4        758        759       1639       1638
          4        759        760       1640       1639
          4        760        761       1641       1640
          4        761        762       1642       1641
          4        762        763       1643       1642
          4        763        764       1644       1643
          4        764        765       1645       1644
          4        765        766       1646       1645
          4        766        767       1647       1646
          4        767        768       1648       1647
          4        768        769       1649       1648
          4        769        770       1650       1649
          4        770        771       1651       1650
          4        771        772       1652       1651
          4        772        773       1653       1652
          4        773        774       1654       1653
          4        774        775       1655       1654
          4        775        776       1656       1655
          4        776        777       1657       1656
          4        777        778       1658       1657
          4        778        779       1659       1658
          4        779        780       1660       1659
          4        780        781       1661       1660
          4        781        782       1662       1661
          4        782        783       1663       1662
          4        783        784       1664       1663
          4        784        785       1665       1664
          4        785        786       1666       1665
          4        786        787       1667       1666
          4        787        788       1668       1667
          4        788        789       1669       1668
          4        789        790       1670       1669
          4        790        791       1671       1670
          4        791        792       1672       1671
          4        792        793       1673       1672
          4        793        794       1674       1673
          4        794        795       1675       1674
          4        795        796       1676       1675
          4        796        797       1677       1676
          4        797        798       1678       1677
          4        798        799       1679       1678
          4        799        800       1680       1679
          4        800        801       1681       1680
          4        801        802       1682       1681
          4        802        803       1683       1682
          4        803        804       1684       1683
          4        804        805       1685       1684
          4        805        806       1686       1685
          4        806        807       1687       1686
          4        807        808       1688       1687
          4        808        809       1689       1688
          4        809        810       1690       1689
          4        810        811       1691       1690
          4        811        812       1692       1691
          4        812        813       1693       1692
          4        813        814       1694       1693
          4        814        815       1695       1694
          4        815        816       1696       1695
          4        816        817       1697       1696
          4        817        818       1698       1697
          4        818        819       1699       1698
          4        819        820       1700       1699
          4        820        821       1701       1700
          4        821        822       1702       1701
          4        822        823       1703       1702
          4        823        824       1704       1703
          4        824        825       1705       1704
          4        825        826       1706       1705
          4        826        827       1707       1706
          4        827        828       1708       1707
          4        828        829       1709       1708
          4        829        830       1710       1709
          4        830        831       1711       1710
          4        831        832       1712       1711
          4        832        833       1713       1712
          4        833        834       1714       1713
          4        834        835       1715       1714
          4        835        836       1716       1715
          4        836        837       1717       1716
          4        837        838       1718       1717
          4        838        839       1719       1718
          4        839        840       1720       1719
          4        840        841       1721       1720
          4        841        842       1722       1721
          4        842        843       1723       1722
          4        843        844       1724       1723
          4        844        845       1725       1724
          4        845        846       1726       1725
          4        846        847       1727       1726
          4        847        848       1728       1727
          4        848        849       1729       1728
          4        849        850       1730       1729
          4        850        851       1731       1730
          4        851        852       1732       1731
          4        852        853       1733       1732
          4        853        854       1734       1733
          4        854        855       1735       1734
          4        855        856       1736       1735
          4        856        857       1737       1736
          4        857        858       1738       1737
          4        858        859       1739       1738
          4        859        860       1740       1739
          4        860        861       1741       1740
          4        861        862       1742       1741
          4        862        863       1743       1742
          4        863        864       1744       1743
          4        864        865       1745       1744
          4        865        866       1746       1745
          4        866        867       1747       1746
          4        867        868       1748       1747
          4        868        869       1749       1748
          4        869        870       1750       1749
          4        870        871       1751       1750
          4        871        872       1752       1751
          4        872        873       1753       1752
          4        873        874       1754       1753
          4        874        875       1755       1754
          4        875        876       1756       1755
          4        876        877       1757       1756
          4        877        878       1758       1757
          4        878        879       1759       1758
 
CELL_TYPES        879
          9
          9
          9
          9
          9
          9
          9
          9
          9
          9
          9
          9
          9
          9
          9
          9
          9
          9
          9
          9
          9
          9
          9
          9
          9
          9
          9
          9
          9
          9
          9
          9
          9
          9
          9
          9
          9
          9
          9
          9
          9
          9
          9
          9
          9
          9
          9
          9
          9
          9
          9
          9
          9
          9
          9
          9
          9
          9
          9
          9
          9
          9
          9
          9
          9
          9
          9
          9
          9
          9
          9
          9
          9
          9
          9
          9
          9
          9
          9
          9
          9
          9
          9
          9
          9
          9
          9
          9
          9
          9
          9
          9
          9
          9
          9
          9
          9
          9
          9
          9
          9
          9
          9
          9
          9
          9
          9
          9
          9
          9
          9
          9
          9
          9
          9
          9
          9
          9
          9
          9
          9
          9
          9
          9
          9
          9
          9
          9
          9
          9
          9
          9
          9
          9
          9
          9
          9
          9
          9
          9
          9
          9
          9
          9
          9
          9
          9
          9
          9
          9
          9
          9
          9
          9
          9
          9
          9
          9
          9
          9
          9
          9
          9
          9
          9
          9
          9
          9
          9
          9
          9
          9
          9
          9
          9
          9
          9
          9
          9
          9
          9
          9
          9
          9
          9
          9
          9
          9
          9
          9
          9
          9
          9
          9
          9
          9
          9
          9
          9
          9
          9
          9
          9
          9
          9
          9
          9
          9
          9
          9
          9
          9
          9
          9
          9
          9
          9
          9
          9
          9
          9
          9
          9
          9
          9
          9
          9
          9
          9
          9
          9
          9
          9
          9
          9
          9
          9
          9
          9
          9
          9
          9
          9
          9
          9
          9
          9
          9
          9
          9
          9
          9
          9
          9
          9
          9
          9
          9
          9
          9
          9
          9
          9
          9
          9
          9
          9
          9
          9
          9
          9
          9
          9
          9
          9
          9
          9
          9
          9
          9
          9
          9
          9
          9
          9
          9
          9
          9
          9
          9
          9
          9
          9
          9
          9
          9
          9
          9
          9
          9
          9
          9
          9
          9
          9
          9
          9
          9
          9
          9
          9
          9
          9
          9
          9
          9
          9
          9
          9
          9
          9
          9
          9
          9
          9
          9
          9
          9
          9
          9
          9
          9
          9
          9
          9
          9
          9
          9
          9
          9
          9
          9
          9
          9
          9
          9
          9
          9
          9
          9
          9
          9
          9
          9
          9
          9
          9
          9
          9
          9
          9
          9
          9
          9
          9
          9
          9
          9
          9
          9
          9
          9
          9
          9
          9
          9
          9
          9
          9
          9
          9
          9
          9
          9
          9
          9
          9
          9
          9
          9
          9
          9
          9
          9
          9
          9
          9
          9
          9
          9
          9
          9
          9
          9
          9
          9
          9
          9
          9
          9
          9
          9
          9
          9
          9
          9
          9
          9
          9
          9
          9
          9
          9
          9
          9
          9
          9
          9
          9
          9
          9
          9
          9
          9
          9
          9
          9
          9
          9
          9
          9
          9
          9
          9
          9
          9
          9
          9
          9
          9
          9
          9
          9
          9
          9
          9
          9
          9
          9
          9
          9
          9
          9
          9
          9
          9
          9
          9
          9
          9
          9
          9
          9
          9
          9
          9
          9
          9
          9
          9
          9
          9
          9
          9
          9
          9
          9
          9
          9
          9
          9
          9
          9
          9
          9
          9
          9
          9
          9
          9
          9
          9
          9
          9
          9
          9
          9
          9
          9
          9
          9
          9
          9
          9
          9
          9
          9
          9
          9
          9
          9
          9
          9
          9
          9
          9
          9
          9
          9
          9
          9
          9
          9
          9
          9
          9
          9
          9
          9
          9
          9
          9
          9
          9
          9
          9
          9
          9
          9
          9
          9
          9
          9
          9
          9
          9
          9
          9
          9
          9
          9
          9
          9
          9
          9
          9
          9
          9
          9
          9
          9
          9
          9
          9
          9
          9
          9
          9
          9
          9
          9
          9
          9
          9
          9
          9
          9
          9
          9
          9
          9
          9
          9
          9
          9
          9
          9
          9
          9
          9
          9
          9
          9
          9
          9
          9
          9
          9
          9
          9
          9
          9
          9
          9
          9
          9
          9
          9
          9
          9
          9
          9
          9
          9
          9
          9
          9
          9
          9
          9
          9
          9
          9
          9
          9
          9
          9
          9
          9
          9
          9
          9
          9
          9
          9
          9
          9
          9
          9
          9
          9
          9
          9
          9
          9
          9
          9
          9
          9
          9
          9
          9
          9
          9
          9
          9
          9
          9
          9
          9
          9
          9
          9
          9
          9
          9
          9
          9
          9
          9
          9
          9
          9
          9
          9
          9
          9
          9
          9
          9
          9
          9
          9
          9
          9
          9
          9
          9
          9
          9
          9
          9
          9
          9
          9
          9
          9
          9
          9
          9
          9
          9
          9
          9
          9
          9
          9
          9
          9
          9
          9
          9
          9
          9
          9
          9
          9
          9
          9
          9
          9
          9
          9
          9
          9
          9
          9
          9
          9
          9
          9
          9
          9
          9
          9
          9
          9
          9
          9
          9
          9
          9
          9
          9
          9
          9
          9
          9
          9
          9
          9
          9
          9
          9
          9
          9
          9
          9
          9
          9
          9
          9
          9
          9
          9
          9
          9
          9
          9
          9
          9
          9
          9
          9
          9
          9
          9
          9
          9
          9
          9
          9
          9
          9
          9
          9
          9
          9
          9
          9
          9
          9
          9
          9
          9
          9
          9
          9
          9
          9
          9
          9
          9
          9
          9
          9
          9
          9
          9
          9
          9
          9
          9
          9
          9
          9
          9
          9
          9
          9
          9
          9
          9
          9
          9
          9
          9
          9
          9
          9
          9
          9
          9
          9
          9
          9
          9
          9
          9
          9
          9
          9
          9
          9
          9
          9
          9
          9
          9
          9
          9
          9
          9
          9
          9
          9
          9
          9
          9
          9
          9
          9
          9
          9
          9
          9
          9
          9
          9
CELL_DATA       879
SCALARS Q float 1
LOOKUP_TABLE default
  0.0000000    
  0.0000000    
  0.0000000    
  0.0000000    
  0.0000000    
 0.10366883E-01
  0.0000000    
  0.0000000    
  0.0000000    
  0.0000000    
  0.0000000    
  0.0000000    
  0.0000000    
  0.0000000    
  0.0000000    
  0.0000000    
  0.0000000    
  0.0000000    
  0.0000000    
  0.0000000    
  0.0000000    
  0.0000000    
  0.0000000    
 0.25240073E-02
  0.0000000    
  0.0000000    
  0.0000000    
  0.0000000    
  0.0000000    
  0.0000000    
  0.0000000    
  0.0000000    
  0.0000000    
 0.10112931E-02
  0.0000000    
 0.74923004E-03
 0.49427297E-03
  0.0000000    
  0.0000000    
  0.0000000    
  0.0000000    
  0.0000000    
  0.0000000    
  0.0000000    
  0.0000000    
  0.0000000    
  0.0000000    
  0.0000000    
  0.0000000    
  0.0000000    
  0.0000000    
  0.0000000    
  0.0000000    
  0.0000000    
  0.0000000    
  0.0000000    
  0.0000000    
  0.0000000    
  0.0000000    
  0.0000000    
  0.0000000    
  0.0000000    
  0.0000000    
  0.0000000    
  0.0000000    
  0.0000000    
  0.0000000    
  0.0000000    
  0.0000000    
  0.0000000    
  0.0000000    
  0.0000000    
  0.0000000    
  0.0000000    
  0.0000000    
  0.0000000    
  0.0000000    
  0.0000000    
  0.0000000    
  0.0000000    
  0.0000000    
  0.0000000    
  0.0000000    
  0.0000000    
  0.0000000    
  0.0000000    
  0.0000000    
  0.0000000    
  0.0000000    
  0.0000000    
  0.0000000    
  0.0000000    
  0.0000000    
  0.0000000    
  0.0000000    
  0.0000000    
  0.0000000    
  0.0000000    
  0.0000000    
  0.0000000    
  0.0000000    
  0.0000000    
  0.0000000    
  0.0000000    
  0.0000000    
  0.0000000    
  0.0000000    
  0.0000000    
  0.0000000    
  0.0000000    
  0.0000000    
  0.0000000    
  0.0000000    
  0.0000000    
  0.0000000    
  0.0000000    
  0.0000000    
  0.0000000    
  0.0000000    
  0.0000000    
  0.0000000    
 0.24898262E-02
  0.0000000    
  0.0000000    
  0.0000000    
  0.0000000    
  0.0000000    
  0.0000000    
  0.0000000    
  0.0000000    
  0.0000000    
  0.0000000    
  0.0000000    
  0.0000000    
  0.0000000    
  0.0000000    
  0.0000000    
  0.0000000    
  0.0000000    
  0.0000000    
  0.0000000    
  0.0000000    
  0.0000000    
  0.0000000    
  0.0000000    
  0.0000000    
  0.0000000    
  0.0000000    
  0.0000000    
  0.0000000    
  0.0000000    
  0.0000000    
  0.0000000    
  0.0000000    
  0.0000000    
  0.0000000    
  0.0000000    
  0.0000000    
  0.0000000    
  0.0000000    
  0.0000000    
  0.0000000    
  0.0000000    
  0.0000000    
  0.0000000    
  0.0000000    
  0.0000000    
  0.0000000    
  0.0000000    
  0.0000000    
  0.0000000    
  0.0000000    
  0.0000000    
  0.0000000    
  0.0000000    
  0.0000000    
  0.0000000    
  0.0000000    
  0.0000000    
  0.0000000    
  0.0000000    
  0.0000000    
  0.0000000    
  0.0000000    
  0.0000000    
  0.0000000    
  0.0000000    
  0.0000000    
  0.0000000    
  0.0000000    
  0.0000000    
  0.0000000    
  0.0000000    
  0.0000000    
  0.0000000    
  0.0000000    
  0.0000000    
  0.0000000    
  0.0000000    
  0.0000000    
  0.0000000    
  0.0000000    
 0.15878186E-02
 0.37231944E-02
 0.58381176E-02
 0.78518586E-02
 0.97482726E-02
 0.11473791E-01
 0.12931026E-01
 0.13746271E-01
 0.49859518E-02
 0.63707773E-02
 0.76262341E-02
  0.0000000    
  0.0000000    
  0.0000000    
  0.0000000    
  0.0000000    
  0.0000000    
  0.0000000    
  0.0000000    
  0.0000000    
  0.0000000    
  0.0000000    
  0.0000000    
  0.0000000    
  0.0000000    
  0.0000000    
  0.0000000    
  0.0000000    
  0.0000000    
  0.0000000    
  0.0000000    
  0.0000000    
  0.0000000    
  0.0000000    
  0.0000000    
  0.0000000    
  0.0000000    
  0.0000000    
  0.0000000    
  0.0000000    
  0.0000000    
  0.0000000    
  0.0000000    
  0.0000000    
  0.0000000    
  0.0000000    
  0.0000000    
  0.0000000    
  0.0000000    
  0.0000000    
  0.0000000    
  0.0000000    
  0.0000000    
  0.0000000    
  0.0000000    
  0.0000000    
  0.0000000    
  0.0000000    
  0.0000000    
  0.0000000    
  0.0000000    
  0.0000000    
  0.0000000    
  0.0000000    
  0.0000000    
  0.0000000    
  0.0000000    
  0.0000000    
  0.0000000    
  0.0000000    
  0.0000000    
  0.0000000    
  0.0000000    
  0.0000000    
  0.0000000    
  0.0000000    
  0.0000000    
  0.0000000    
  0.0000000    
  0.0000000    
  0.0000000    
  0.0000000    
  0.0000000    
  0.0000000    
  0.0000000    
  0.0000000    
  0.0000000    
  0.0000000    
  0.0000000    
  0.0000000    
  0.0000000    
  0.0000000    
  0.0000000    
  0.0000000    
  0.0000000    
  0.0000000    
  0.0000000    
  0.0000000    
  0.0000000    
  0.0000000    
  0.0000000    
  0.0000000    
  0.0000000    
  0.0000000    
  0.0000000    
  0.0000000    
  0.0000000    
  0.0000000    
  0.0000000    
  0.0000000    
  0.0000000    
  0.0000000    
  0.0000000    
  0.0000000    
 0.32553948E-01
 0.40430017E-01
 0.66674590E-01
 0.86584799E-01
 0.11410654    
 0.14927575    
 0.19381186    
 0.25635672    
 0.40084794    
 0.54522002    
 0.74782747    
  1.0145533    
  1.3750609    
  1.8768721    
  2.8918805    
  4.0334024    
  5.6148739    
  17.316820    
  23.488743    
  31.695835    
  42.247322    
  47.977715    
  54.798740    
  63.113598    
  73.125175    
  84.646194    
  99.086693    
  116.23587    
  134.92752    
  156.99074    
  184.83885    
  221.28488    
  314.61960    
  432.52301    
  592.46667    
  798.42664    
  1080.3151    
  1467.3542    
  2103.4807    
  2826.5173    
  3845.7163    
  5297.0220    
  7128.8364    
  9318.6982    
  12107.716    
  13910.604    
  15989.495    
  18622.250    
  21964.045    
  25752.744    
  29717.070    
  34019.039    
  38967.801    
  44675.648    
  51199.496    
  58810.719    
  76039.023    
  101539.61    
  133219.78    
  166101.56    
  208749.31    
  268484.34    
  332416.41    
  371463.69    
  412609.06    
  455060.19    
  500448.28    
  550478.81    
  611860.75    
  686702.88    
  771472.38    
  869553.81    
  978209.31    
  1088102.5    
  1270064.2    
  1531833.8    
  1840342.1    
  2200344.0    
  2601183.2    
  3043316.5    
  3410688.5    
  3757917.2    
  4113333.2    
  0.0000000    
  0.0000000    
  0.0000000    
  0.0000000    
  0.0000000    
  0.0000000    
  0.0000000    
  0.0000000    
  0.0000000    
  0.0000000    
  0.0000000    
  0.0000000    
  0.0000000    
  0.0000000    
  0.0000000    
  0.0000000    
  0.0000000    
  0.0000000    
  0.0000000    
  0.0000000    
  0.0000000    
  0.0000000    
 0.72605999E-09
 0.68231437E-09
 0.64205258E-09
 0.60536665E-09
 0.57011212E-09
 0.54470389E-09
 0.46023038E-09
 0.38804379E-09
 0.32732420E-09
 0.27514577E-09
 0.22554461E-09
 0.17474795E-09
 0.14231376E-09
 0.11697010E-09
 0.95810138E-10
 0.78249726E-10
 0.64509405E-10
 0.48113531E-10
 0.42763997E-10
 0.38075442E-10
 0.33869969E-10
 0.30076098E-10
 0.26712908E-10
 0.23674522E-10
 0.21023202E-10
 0.18685834E-10
 0.16571309E-10
 0.14769672E-10
 0.13262199E-10
 0.98848941E-11
 0.89578735E-11
 0.80673142E-11
 0.72679180E-11
 0.65487711E-11
 0.59004420E-11
 0.51076170E-11
 0.42685274E-11
 0.35352565E-11
 0.20503603E-11
 0.18725928E-11
 0.17255082E-11
 0.15880240E-11
 0.14592136E-11
 0.13427937E-11
 0.12369690E-11
 0.11478258E-11
 0.10762364E-11
 0.10184617E-11
 0.96214605E-12
 0.90661474E-12
 0.53646828E-12
 0.46649376E-12
 0.40690674E-12
 0.36117685E-12
 0.32077046E-12
 0.28102724E-12
 0.23032729E-12
 0.19983601E-12
  0.0000000    
  0.0000000    
  0.0000000    
  0.0000000    
  0.0000000    
  0.0000000    
  0.0000000    
  0.0000000    
  0.0000000    
  0.0000000    
  0.0000000    
 0.33886071E-13
  0.0000000    
  0.0000000    
 0.14891375E-13
 0.96619185E-14
  0.0000000    
  0.0000000    
  0.0000000    
  0.0000000    
  0.0000000    
  0.0000000    
  0.0000000    
  0.0000000    
  0.0000000    
  0.0000000    
  0.0000000    
  0.0000000    
  0.0000000    
  0.0000000    
  0.0000000    
  0.0000000    
  0.0000000    
  0.0000000    
  0.0000000    
  0.0000000    
  0.0000000    
  0.0000000    
  0.0000000    
  0.0000000    
  0.0000000    
  0.0000000    
  0.0000000    
  0.0000000    
  0.0000000    
  0.0000000    
  0.0000000    
  0.0000000    
  0.0000000    
  0.0000000    
  0.0000000    
 0.39784717E-13
 0.46083326E-13
  0.0000000    
 0.64183115E-13
  0.0000000    
  0.0000000    
 0.10828452E-12
 0.14923045E-12
 0.16771530E-12
 0.18121271E-12
 0.19458683E-12
 0.21381322E-12
 0.22654825E-12
 0.20975319E-12
 0.21316098E-12
 0.21589707E-12
 0.21870078E-12
 0.22190923E-12
 0.22603288E-12
 0.23007388E-12
 0.23383270E-12
 0.23707834E-12
 0.23991429E-12
 0.24252017E-12
 0.24500505E-12
 0.24998750E-12
 0.25364904E-12
 0.25604551E-12
 0.25656514E-12
 0.25449293E-12
 0.25010958E-12
 0.39613241E-13
 0.51275736E-13
 0.61017333E-13
 0.67932259E-13
 0.74759155E-13
 0.81382722E-13
 0.87905215E-13
 0.94990422E-13
 0.10353164E-12
 0.11254689E-12
 0.11764419E-12
 0.11998319E-12
 0.12352775E-12
 0.12784309E-12
 0.13106356E-12
 0.13213684E-12
 0.13250407E-12
 0.12805008E-12
 0.12014963E-12
 0.11611538E-12
 0.11404930E-12
 0.11135914E-12
 0.10599110E-12
 0.99392811E-13
 0.93258192E-13
 0.89339790E-13
 0.86370506E-13
 0.82808380E-13
 0.76027529E-13
 0.68076770E-13
 0.61355624E-13
 0.56581005E-13
 0.52942514E-13
 0.49467473E-13
 0.45251011E-13
 0.40833544E-13
 0.36996055E-13
 0.33298952E-13
 0.29923394E-13
 0.26906462E-13
 0.23799325E-13
 0.20792048E-13
 0.18296047E-13
 0.16515940E-13
 0.14917173E-13
 0.13371146E-13
 0.11768155E-13
 0.10277902E-13
 0.49143623E-14
 0.48246865E-14
 0.47565334E-14
 0.46922097E-14
 0.46309057E-14
 0.45743129E-14
 0.45094234E-14
 0.44095417E-14
 0.42558836E-14
 0.40817141E-14
 0.39186666E-14
 0.37621650E-14
 0.34437755E-14
 0.31850516E-14
 0.30126921E-14
 0.28264579E-14
 0.26374668E-14
 0.24859665E-14
 0.23170267E-14
 0.21103864E-14
 0.19353693E-14
 0.17718221E-14
 0.16306394E-14
 0.14808476E-14
 0.13484149E-14
 0.12862616E-14
 0.12300913E-14
 0.11709866E-14
 0.11108678E-14
 0.10536969E-14
 0.10059395E-14
 0.96555424E-15
 0.92583634E-15
 0.88763118E-15
 0.85274777E-15
 0.82168909E-15
 0.78126042E-15
 0.70672824E-15
 0.63953740E-15
 0.57963963E-15
 0.52655936E-15
 0.47503334E-15
 0.43181237E-15
 0.41080351E-15
 0.39226289E-15
 0.37597045E-15
 0.36100788E-15
 0.34538907E-15
 0.32865630E-15
 0.31239835E-15
 0.29793558E-15
 0.28442792E-15
 0.27123033E-15
 0.25871017E-15
 0.24432681E-15
 0.22120148E-15
 0.20084502E-15
 0.18231658E-15
 0.16531280E-15
 0.15119618E-15
 0.13903199E-15
 0.13267302E-15
  0.0000000    
  0.0000000    
  0.0000000    
  0.0000000    
  0.0000000    
  0.0000000    
  0.0000000    
  0.0000000    
  0.0000000    
  0.0000000    
  0.0000000    
  0.0000000    
  0.0000000    
  0.0000000    
  0.0000000    
  0.0000000    
  0.0000000    
  0.0000000    
  0.0000000    
  0.0000000    
  0.0000000    
  0.0000000    
  0.0000000    
  0.0000000    
  0.0000000    
  0.0000000    
 0.11178227E-17
 0.76737018E-18
 0.39067606E-18
 0.78839192E-19
 0.26173256E-18
  0.0000000    
  0.0000000    
  0.0000000    
  0.0000000    
  0.0000000    
  0.0000000    
  0.0000000    
  0.0000000    
  0.0000000    
  0.0000000    
  0.0000000    
  0.0000000    
  0.0000000    
  0.0000000    
  0.0000000    
  0.0000000    
  0.0000000    
  0.0000000    
  0.0000000    
  0.0000000    
  0.0000000    
  0.0000000    
  0.0000000    
  0.0000000    
  0.0000000    
  0.0000000    
  0.0000000    
  0.0000000    
  0.0000000    
  0.0000000    
  0.0000000    
  0.0000000    
  0.0000000    
  0.0000000    
  0.0000000    
  0.0000000    
  0.0000000    
  0.0000000    
  0.0000000    
  0.0000000    
  0.0000000    
  0.0000000    
  0.0000000    
  0.0000000    
  0.0000000    
  0.0000000    
  0.0000000    
  0.0000000    
  0.0000000    
  0.0000000    
  0.0000000    
  0.0000000    
  0.0000000    
  0.0000000    
  0.0000000    
  0.0000000    
  0.0000000    
  0.0000000    
  0.0000000    
  0.0000000    
  0.0000000    
  0.0000000    
  0.0000000    
  0.0000000    
  0.0000000    
  0.0000000    
  0.0000000    
  0.0000000    
 0.18526705E-16
  0.0000000    
  0.0000000    
  0.0000000    
  0.0000000    
  0.0000000    
  0.0000000    
  0.0000000    
  0.0000000    
  0.0000000    
  0.0000000    
  0.0000000    
  0.0000000    
  0.0000000    
  0.0000000    
  0.0000000    
  0.0000000    
  0.0000000    
  0.0000000    
  0.0000000    
  0.0000000    
  0.0000000    
  0.0000000    
  0.0000000    
  0.0000000    
  0.0000000    
  0.0000000    
  0.0000000    
  0.0000000    
  0.0000000    
  0.0000000    
  0.0000000    
  0.0000000    
  0.0000000    
  0.0000000    
  0.0000000    
  0.0000000    
  0.0000000    
  0.0000000    
  2.9212887    
  2.7934818    
  2.6668239    
  2.5462277    
  2.4204805    
  2.2927983    
  2.1739879    
  2.0503802    
  1.9157412    
  1.7839059    
  1.6562483    
  1.5370383    
  1.4248204    
  1.3181821    
  1.2124305    
  1.1090754    
  1.0241970    
 0.95579135    
 0.89195621    
 0.83333242    
 0.77853316    
 0.72366834    
 0.66015875    
 0.59094131    
 0.52983344    
 0.47610360    
 0.42818949    
 0.38461962    
 0.34822929    
 0.31790346    
  0.0000000    
  0.0000000    
  0.0000000    
  0.0000000    
  0.0000000    
  0.0000000    
  0.0000000    
  0.0000000    
  0.0000000    
  0.0000000    
  0.0000000    
  0.0000000    
  0.0000000    
  0.0000000    
  0.0000000    
  0.0000000    
  0.0000000    
  0.0000000    
  0.0000000    
  0.0000000    
  0.0000000    
  0.0000000    
  0.0000000    
  0.0000000    
  0.0000000    
  0.0000000    
  0.0000000    
  0.0000000    
 0.20262404    
 0.16949309    
 0.14143595    
 0.11821771    
 0.98441519E-01
 0.82296684E-01
 0.37803996E-01
 0.33318151E-01
 0.29432796E-01
 0.26054760E-01
  0.0000000    
  0.0000000    
SCALARS psista float 1
LOOKUP_TABLE default
  0.0000000    
  0.0000000    
  0.0000000    
  0.0000000    
  0.0000000    
  11.382682    
  0.0000000    
  0.0000000    
  0.0000000    
  0.0000000    
  0.0000000    
  0.0000000    
  0.0000000    
  0.0000000    
  0.0000000    
  0.0000000    
  0.0000000    
  0.0000000    
  0.0000000    
  0.0000000    
  0.0000000    
  0.0000000    
  0.0000000    
  11.640792    
  0.0000000    
  0.0000000    
  0.0000000    
  0.0000000    
  0.0000000    
  0.0000000    
  0.0000000    
  0.0000000    
  0.0000000    
  11.689562    
  0.0000000    
  11.694100    
  11.697269    
  0.0000000    
  0.0000000    
  0.0000000    
  0.0000000    
  0.0000000    
  0.0000000    
  0.0000000    
  0.0000000    
  0.0000000    
  0.0000000    
  0.0000000    
  0.0000000    
  0.0000000    
  0.0000000    
  0.0000000    
  0.0000000    
  0.0000000    
  0.0000000    
  0.0000000    
  0.0000000    
  0.0000000    
  0.0000000    
  0.0000000    
  0.0000000    
  0.0000000    
  0.0000000    
  0.0000000    
  0.0000000    
  0.0000000    
  0.0000000    
  0.0000000    
  0.0000000    
  0.0000000    
  0.0000000    
  0.0000000    
  0.0000000    
  0.0000000    
  0.0000000    
  0.0000000    
  0.0000000    
  0.0000000    
  0.0000000    
  0.0000000    
  0.0000000    
  0.0000000    
  0.0000000    
  0.0000000    
  0.0000000    
  0.0000000    
  0.0000000    
  0.0000000    
  0.0000000    
  0.0000000    
  0.0000000    
  0.0000000    
  0.0000000    
  0.0000000    
  0.0000000    
  0.0000000    
  0.0000000    
  0.0000000    
  0.0000000    
  0.0000000    
  0.0000000    
  0.0000000    
  0.0000000    
  0.0000000    
  0.0000000    
  0.0000000    
  0.0000000    
  0.0000000    
  0.0000000    
  0.0000000    
  0.0000000    
  0.0000000    
  0.0000000    
  0.0000000    
  0.0000000    
  0.0000000    
  0.0000000    
  0.0000000    
  0.0000000    
  0.0000000    
  0.0000000    
  11.776643    
  0.0000000    
  0.0000000    
  0.0000000    
  0.0000000    
  0.0000000    
  0.0000000    
  0.0000000    
  0.0000000    
  0.0000000    
  0.0000000    
  0.0000000    
  0.0000000    
  0.0000000    
  0.0000000    
  0.0000000    
  0.0000000    
  0.0000000    
  0.0000000    
  0.0000000    
  0.0000000    
  0.0000000    
  0.0000000    
  0.0000000    
  0.0000000    
  0.0000000    
  0.0000000    
  0.0000000    
  0.0000000    
  0.0000000    
  0.0000000    
  0.0000000    
  0.0000000    
  0.0000000    
  0.0000000    
  0.0000000    
  0.0000000    
  0.0000000    
  0.0000000    
  0.0000000    
  0.0000000    
  0.0000000    
  0.0000000    
  0.0000000    
  0.0000000    
  0.0000000    
  0.0000000    
  0.0000000    
  0.0000000    
  0.0000000    
  0.0000000    
  0.0000000    
  0.0000000    
  0.0000000    
  0.0000000    
  0.0000000    
  0.0000000    
  0.0000000    
  0.0000000    
  0.0000000    
  0.0000000    
  0.0000000    
  0.0000000    
  0.0000000    
  0.0000000    
  0.0000000    
  0.0000000    
  0.0000000    
  0.0000000    
  0.0000000    
  0.0000000    
  0.0000000    
  0.0000000    
  0.0000000    
  0.0000000    
  0.0000000    
  0.0000000    
  0.0000000    
  0.0000000    
  0.0000000    
  0.0000000    
  11.099710    
  11.107725    
  11.117762    
  11.142649    
  11.173244    
  11.203515    
  11.235222    
  11.283950    
  11.329223    
  11.354430    
  11.379432    
  0.0000000    
  0.0000000    
  0.0000000    
  0.0000000    
  0.0000000    
  0.0000000    
  0.0000000    
  0.0000000    
  0.0000000    
  0.0000000    
  0.0000000    
  0.0000000    
  0.0000000    
  0.0000000    
  0.0000000    
  0.0000000    
  0.0000000    
  0.0000000    
  0.0000000    
  0.0000000    
  0.0000000    
  0.0000000    
  0.0000000    
  0.0000000    
  0.0000000    
  0.0000000    
  0.0000000    
  0.0000000    
  0.0000000    
  0.0000000    
  0.0000000    
  0.0000000    
  0.0000000    
  0.0000000    
  0.0000000    
  0.0000000    
  0.0000000    
  0.0000000    
  0.0000000    
  0.0000000    
  0.0000000    
  0.0000000    
  0.0000000    
  0.0000000    
  0.0000000    
  0.0000000    
  0.0000000    
  0.0000000    
  0.0000000    
  0.0000000    
  0.0000000    
  0.0000000    
  0.0000000    
  0.0000000    
  0.0000000    
  0.0000000    
  0.0000000    
  0.0000000    
  0.0000000    
  0.0000000    
  0.0000000    
  0.0000000    
  0.0000000    
  0.0000000    
  0.0000000    
  0.0000000    
  0.0000000    
  0.0000000    
  0.0000000    
  0.0000000    
  0.0000000    
  0.0000000    
  0.0000000    
  0.0000000    
  0.0000000    
  0.0000000    
  0.0000000    
  0.0000000    
  0.0000000    
  0.0000000    
  0.0000000    
  0.0000000    
  0.0000000    
  0.0000000    
  0.0000000    
  0.0000000    
  0.0000000    
  0.0000000    
  0.0000000    
  0.0000000    
  0.0000000    
  0.0000000    
  0.0000000    
  0.0000000    
  0.0000000    
  0.0000000    
  0.0000000    
  0.0000000    
  0.0000000    
  0.0000000    
  0.0000000    
  0.0000000    
  0.0000000    
  11.365370    
  11.244433    
  11.105453    
  10.955223    
  10.797130    
  10.642421    
  10.490976    
  10.329683    
  10.159903    
  9.9803524    
  9.7964878    
  9.6194115    
  9.4429770    
  9.2625017    
  9.0757322    
  8.8803234    
  8.6855764    
  8.4932280    
  8.2910719    
  8.0925455    
  7.9585428    
  7.8730569    
  7.7838235    
  7.6891751    
  7.5905771    
  7.4925399    
  7.3864903    
  7.2781606    
  7.1762319    
  7.0730600    
  6.9627786    
  6.8426270    
  6.6637459    
  6.4500432    
  6.2386470    
  6.0374403    
  5.8323431    
  5.6242599    
  5.4203792    
  5.2159247    
  5.0040936    
  4.7850981    
  4.5814571    
  4.3970199    
  4.2537675    
  4.1571188    
  4.0603266    
  3.9550731    
  3.8417034    
  3.7331140    
  3.6357462    
  3.5437250    
  3.4514465    
  3.3587379    
  3.2660022    
  3.1709070    
  3.0210121    
  2.8185856    
  2.6232486    
  2.4592838    
  2.2974017    
  2.1230633    
  1.9950420    
  1.9149185    
  1.8377432    
  1.7640430    
  1.6920105    
  1.6205245    
  1.5418940    
  1.4569875    
  1.3724220    
  1.2859734    
  1.2005883    
  1.1213341    
  1.0124223    
 0.86743253    
 0.73063171    
 0.59617823    
 0.46485162    
 0.33796012    
 0.22828162    
 0.12676971    
 0.29125130E-01
  0.0000000    
  0.0000000    
  0.0000000    
  0.0000000    
  0.0000000    
  0.0000000    
  0.0000000    
  0.0000000    
  0.0000000    
  0.0000000    
  0.0000000    
  0.0000000    
  0.0000000    
  0.0000000    
  0.0000000    
  0.0000000    
  0.0000000    
  0.0000000    
  0.0000000    
  0.0000000    
  0.0000000    
  0.0000000    
 0.43460548E-01
 0.99856898E-01
 0.15502702    
 0.20857137    
 0.26218653    
 0.34588608    
 0.46362823    
 0.58287251    
 0.70282173    
 0.82329935    
 0.95366979    
  1.0803325    
  1.2047765    
  1.3273785    
  1.4526217    
  1.5799301    
  1.7052295    
  1.8041744    
  1.8747647    
  1.9433813    
  2.0114539    
  2.0801899    
  2.1496499    
  2.2214825    
  2.2926292    
  2.3633621    
  2.4352498    
  2.5041280    
  2.5692666    
  2.6265545    
  2.6807580    
  2.7384748    
  2.7959850    
  2.8534658    
  2.9115791    
  2.9950583    
  3.1005988    
  3.2117307    
  3.2939487    
  3.3354876    
  3.3711274    
  3.4071364    
  3.4435465    
  3.4788928    
  3.5159550    
  3.5508869    
  3.5793295    
  3.6018124    
  3.6250033    
  3.6497548    
  3.6760826    
  3.7091112    
  3.7409160    
  3.7632554    
  3.7825007    
  3.8043184    
  3.8204224    
  3.8302076    
  0.0000000    
  0.0000000    
  0.0000000    
  0.0000000    
  0.0000000    
  0.0000000    
  0.0000000    
  0.0000000    
  0.0000000    
  0.0000000    
  0.0000000    
  3.9103074    
  0.0000000    
  0.0000000    
  3.9184015    
  3.9169900    
  0.0000000    
  0.0000000    
  0.0000000    
  0.0000000    
  0.0000000    
  0.0000000    
  0.0000000    
  0.0000000    
  0.0000000    
  0.0000000    
  0.0000000    
  0.0000000    
  0.0000000    
  0.0000000    
  0.0000000    
  0.0000000    
  0.0000000    
  0.0000000    
  0.0000000    
  0.0000000    
  0.0000000    
  0.0000000    
  0.0000000    
  0.0000000    
  0.0000000    
  0.0000000    
  0.0000000    
  0.0000000    
  0.0000000    
  0.0000000    
  0.0000000    
  0.0000000    
  0.0000000    
  0.0000000    
  0.0000000    
  3.8551390    
  3.8600714    
  0.0000000    
  3.8630555    
  0.0000000    
  0.0000000    
  3.8847921    
  3.8935983    
  3.9078941    
  3.9256759    
  3.9404330    
  3.9527237    
  3.9735277    
  3.9923902    
  4.0039606    
  4.0157776    
  4.0275269    
  4.0380273    
  4.0481339    
  4.0595307    
  4.0720949    
  4.0850582    
  4.0977883    
  4.1101098    
  4.1223044    
  4.1434007    
  4.1758475    
  4.2084031    
  4.2428021    
  4.2796783    
  4.3188286    
  4.3369541    
  4.3443799    
  4.3566837    
  4.3734298    
  4.3830838    
  4.3913102    
  4.4013357    
  4.4236474    
  4.4478617    
  4.4680529    
  4.4946070    
  4.5237637    
  4.5487289    
  4.5786114    
  4.6144404    
  4.6487494    
  4.6852608    
  4.7282367    
  4.7697506    
  4.8079710    
  4.8521066    
  4.8961649    
  4.9453998    
  4.9962363    
  5.0483007    
  5.0988240    
  5.1536131    
  5.2083535    
  5.2697883    
  5.3320203    
  5.3921018    
  5.4522471    
  5.5138268    
  5.5758247    
  5.6431289    
  5.7131147    
  5.7801170    
  5.8497529    
  5.9202361    
  5.9894962    
  6.0623093    
  6.1360621    
  6.2092772    
  6.2782202    
  6.3533607    
  6.4292650    
  6.5067177    
  6.5829773    
  6.6297450    
  6.6469693    
  6.6643329    
  6.6825199    
  6.7013755    
  6.7201614    
  6.7415061    
  6.7664075    
  6.7930636    
  6.8197193    
  6.8444982    
  6.8700962    
  6.9100490    
  6.9622884    
  7.0051532    
  7.0525932    
  7.1027021    
  7.1482768    
  7.2068934    
  7.2594719    
  7.3108912    
  7.3667855    
  7.4147644    
  7.4669824    
  7.5101089    
  7.5395207    
  7.5681977    
  7.5972772    
  7.6267281    
  7.6565590    
  7.6821842    
  7.7037354    
  7.7258291    
  7.7489381    
  7.7719655    
  7.7939677    
  7.8302631    
  7.8834953    
  7.9337106    
  7.9847126    
  8.0336313    
  8.0814629    
  8.1194506    
  8.1441832    
  8.1674776    
  8.1896315    
  8.2112370    
  8.2337141    
  8.2577477    
  8.2813320    
  8.3028536    
  8.3236303    
  8.3448076    
  8.3657923    
  8.3968706    
  8.4403391    
  8.4802952    
  8.5202398    
  8.5617886    
  8.5971327    
  8.6241255    
  8.6411982    
  0.0000000    
  0.0000000    
  0.0000000    
  0.0000000    
  0.0000000    
  0.0000000    
  0.0000000    
  0.0000000    
  0.0000000    
  0.0000000    
  0.0000000    
  0.0000000    
  0.0000000    
  0.0000000    
  0.0000000    
  0.0000000    
  0.0000000    
  0.0000000    
  0.0000000    
  0.0000000    
  0.0000000    
  0.0000000    
  0.0000000    
  0.0000000    
  0.0000000    
  0.0000000    
  9.0969944    
  9.1010799    
  9.1055737    
  9.1042957    
  9.1047621    
  0.0000000    
  0.0000000    
  0.0000000    
  0.0000000    
  0.0000000    
  0.0000000    
  0.0000000    
  0.0000000    
  0.0000000    
  0.0000000    
  0.0000000    
  0.0000000    
  0.0000000    
  0.0000000    
  0.0000000    
  0.0000000    
  0.0000000    
  0.0000000    
  0.0000000    
  0.0000000    
  0.0000000    
  0.0000000    
  0.0000000    
  0.0000000    
  0.0000000    
  0.0000000    
  0.0000000    
  0.0000000    
  0.0000000    
  0.0000000    
  0.0000000    
  0.0000000    
  0.0000000    
  0.0000000    
  0.0000000    
  0.0000000    
  0.0000000    
  0.0000000    
  0.0000000    
  0.0000000    
  0.0000000    
  0.0000000    
  0.0000000    
  0.0000000    
  0.0000000    
  0.0000000    
  0.0000000    
  0.0000000    
  0.0000000    
  0.0000000    
  0.0000000    
  0.0000000    
  0.0000000    
  0.0000000    
  0.0000000    
  0.0000000    
  0.0000000    
  0.0000000    
  0.0000000    
  0.0000000    
  0.0000000    
  0.0000000    
  0.0000000    
  0.0000000    
  0.0000000    
  0.0000000    
  0.0000000    
  0.0000000    
  7.8982286    
  0.0000000    
  0.0000000    
  0.0000000    
  0.0000000    
  0.0000000    
  0.0000000    
  0.0000000    
  0.0000000    
  0.0000000    
  0.0000000    
  0.0000000    
  0.0000000    
  0.0000000    
  0.0000000    
  0.0000000    
  0.0000000    
  0.0000000    
  0.0000000    
  0.0000000    
  0.0000000    
  0.0000000    
  0.0000000    
  0.0000000    
  0.0000000    
  0.0000000    
  0.0000000    
  0.0000000    
  0.0000000    
  0.0000000    
  0.0000000    
  0.0000000    
  0.0000000    
  0.0000000    
  0.0000000    
  0.0000000    
  0.0000000    
  0.0000000    
  0.0000000    
  8.6476908    
  8.6840487    
  8.7213020    
  8.7583532    
  8.7988453    
  8.8433781    
  8.8888216    
  8.9369316    
  8.9887371    
  9.0416393    
  9.0950994    
  9.1500044    
  9.2050514    
  9.2606630    
  9.3194056    
  9.3813601    
  9.4365549    
  9.4842939    
  9.5318975    
  9.5787811    
  9.6256142    
  9.6750298    
  9.7367964    
  9.8092136    
  9.8806372    
  9.9507017    
  10.020164    
  10.090145    
  10.154402    
  10.212740    
  0.0000000    
  0.0000000    
  0.0000000    
  0.0000000    
  0.0000000    
  0.0000000    
  0.0000000    
  0.0000000    
  0.0000000    
  0.0000000    
  0.0000000    
  0.0000000    
  0.0000000    
  0.0000000    
  0.0000000    
  0.0000000    
  0.0000000    
  0.0000000    
  0.0000000    
  0.0000000    
  0.0000000    
  0.0000000    
  0.0000000    
  0.0000000    
  0.0000000    
  0.0000000    
  0.0000000    
  0.0000000    
  10.322151    
  10.425224    
  10.529970    
  10.633596    
  10.739493    
  10.843611    
  10.923147    
  10.973130    
  11.020961    
  11.067478    
  0.0000000    
  0.0000000    
SCALARS angle float 1
LOOKUP_TABLE default
  0.0000000    
  0.0000000    
  0.0000000    
  0.0000000    
  0.0000000    
 0.85980225    
  0.0000000    
  0.0000000    
  0.0000000    
  0.0000000    
  0.0000000    
  0.0000000    
  0.0000000    
  0.0000000    
  0.0000000    
  0.0000000    
  0.0000000    
  0.0000000    
  0.0000000    
  0.0000000    
  0.0000000    
  0.0000000    
  0.0000000    
 0.33782196    
  0.0000000    
  0.0000000    
  0.0000000    
  0.0000000    
  0.0000000    
  0.0000000    
  0.0000000    
  0.0000000    
  0.0000000    
 0.14945984    
  0.0000000    
 0.11192322    
 0.74401855E-01
  0.0000000    
  0.0000000    
  0.0000000    
  0.0000000    
  0.0000000    
  0.0000000    
  0.0000000    
  0.0000000    
  0.0000000    
  0.0000000    
  0.0000000    
  0.0000000    
  0.0000000    
  0.0000000    
  0.0000000    
  0.0000000    
  0.0000000    
  0.0000000    
  0.0000000    
  0.0000000    
  0.0000000    
  0.0000000    
  0.0000000    
  0.0000000    
  0.0000000    
  0.0000000    
  0.0000000    
  0.0000000    
  0.0000000    
  0.0000000    
  0.0000000    
  0.0000000    
  0.0000000    
  0.0000000    
  0.0000000    
  0.0000000    
  0.0000000    
  0.0000000    
  0.0000000    
  0.0000000    
  0.0000000    
  0.0000000    
  0.0000000    
  0.0000000    
  0.0000000    
  0.0000000    
  0.0000000    
  0.0000000    
  0.0000000    
  0.0000000    
  0.0000000    
  0.0000000    
  0.0000000    
  0.0000000    
  0.0000000    
  0.0000000    
  0.0000000    
  0.0000000    
  0.0000000    
  0.0000000    
  0.0000000    
  0.0000000    
  0.0000000    
  0.0000000    
  0.0000000    
  0.0000000    
  0.0000000    
  0.0000000    
  0.0000000    
  0.0000000    
  0.0000000    
  0.0000000    
  0.0000000    
  0.0000000    
  0.0000000    
  0.0000000    
  0.0000000    
  0.0000000    
  0.0000000    
  0.0000000    
  0.0000000    
  0.0000000    
  0.0000000    
  0.0000000    
 0.50768280    
  0.0000000    
  0.0000000    
  0.0000000    
  0.0000000    
  0.0000000    
  0.0000000    
  0.0000000    
  0.0000000    
  0.0000000    
  0.0000000    
  0.0000000    
  0.0000000    
  0.0000000    
  0.0000000    
  0.0000000    
  0.0000000    
  0.0000000    
  0.0000000    
  0.0000000    
  0.0000000    
  0.0000000    
  0.0000000    
  0.0000000    
  0.0000000    
  0.0000000    
  0.0000000    
  0.0000000    
  0.0000000    
  0.0000000    
  0.0000000    
  0.0000000    
  0.0000000    
  0.0000000    
  0.0000000    
  0.0000000    
  0.0000000    
  0.0000000    
  0.0000000    
  0.0000000    
  0.0000000    
  0.0000000    
  0.0000000    
  0.0000000    
  0.0000000    
  0.0000000    
  0.0000000    
  0.0000000    
  0.0000000    
  0.0000000    
  0.0000000    
  0.0000000    
  0.0000000    
  0.0000000    
  0.0000000    
  0.0000000    
  0.0000000    
  0.0000000    
  0.0000000    
  0.0000000    
  0.0000000    
  0.0000000    
  0.0000000    
  0.0000000    
  0.0000000    
  0.0000000    
  0.0000000    
  0.0000000    
  0.0000000    
  0.0000000    
  0.0000000    
  0.0000000    
  0.0000000    
  0.0000000    
  0.0000000    
  0.0000000    
  0.0000000    
  0.0000000    
  0.0000000    
  0.0000000    
  0.0000000    
 0.10629272    
 0.25265503    
 0.40296936    
 0.56545258    
 0.73966980    
 0.91674042    
  1.0906067    
  1.2599640    
 0.49362183    
 0.65821075    
 0.82198334    
  0.0000000    
  0.0000000    
  0.0000000    
  0.0000000    
  0.0000000    
  0.0000000    
  0.0000000    
  0.0000000    
  0.0000000    
  0.0000000    
  0.0000000    
  0.0000000    
  0.0000000    
  0.0000000    
  0.0000000    
  0.0000000    
  0.0000000    
  0.0000000    
  0.0000000    
  0.0000000    
  0.0000000    
  0.0000000    
  0.0000000    
  0.0000000    
  0.0000000    
  0.0000000    
  0.0000000    
  0.0000000    
  0.0000000    
  0.0000000    
  0.0000000    
  0.0000000    
  0.0000000    
  0.0000000    
  0.0000000    
  0.0000000    
  0.0000000    
  0.0000000    
  0.0000000    
  0.0000000    
  0.0000000    
  0.0000000    
  0.0000000    
  0.0000000    
  0.0000000    
  0.0000000    
  0.0000000    
  0.0000000    
  0.0000000    
  0.0000000    
  0.0000000    
  0.0000000    
  0.0000000    
  0.0000000    
  0.0000000    
  0.0000000    
  0.0000000    
  0.0000000    
  0.0000000    
  0.0000000    
  0.0000000    
  0.0000000    
  0.0000000    
  0.0000000    
  0.0000000    
  0.0000000    
  0.0000000    
  0.0000000    
  0.0000000    
  0.0000000    
  0.0000000    
  0.0000000    
  0.0000000    
  0.0000000    
  0.0000000    
  0.0000000    
  0.0000000    
  0.0000000    
  0.0000000    
  0.0000000    
  0.0000000    
  0.0000000    
  0.0000000    
  0.0000000    
  0.0000000    
  0.0000000    
  0.0000000    
  0.0000000    
  0.0000000    
  0.0000000    
  0.0000000    
  0.0000000    
  0.0000000    
  0.0000000    
  0.0000000    
  0.0000000    
  0.0000000    
  0.0000000    
  0.0000000    
  0.0000000    
  0.0000000    
  0.0000000    
  0.0000000    
  2.9433823    
  2.9640274    
  3.8438873    
  3.8492126    
  3.8595428    
  3.8638916    
  3.8604889    
  3.8637848    
  4.5067825    
  4.4955215    
  4.4886246    
  4.4845657    
  4.4809647    
  4.4781265    
  4.9987869    
  4.9753418    
  4.9482269    
  4.9211426    
  4.9005737    
  4.8815613    
  5.3014374    
  5.2824097    
  5.2638092    
  5.2460480    
  5.2282944    
  5.2101593    
  5.1861572    
  5.1541672    
  5.1180725    
  5.0844803    
  5.0565872    
  5.0375290    
  5.4502029    
  5.4032898    
  5.3559952    
  5.3039017    
  5.2419586    
  5.1769867    
  5.4314728    
  5.3358765    
  5.2483826    
  5.1694183    
  5.0917053    
  5.0145340    
  5.2302017    
  5.1805496    
  5.1325989    
  5.0867920    
  5.0430984    
  5.0062790    
  4.9746017    
  4.9434128    
  4.9134750    
  4.8847580    
  4.8540497    
  4.8173447    
  4.9478912    
  4.8412781    
  4.7042694    
  4.5550461    
  4.4590759    
  4.3835373    
  4.4557877    
  4.4007187    
  4.3395767    
  4.2713165    
  4.2026291    
  4.1391907    
  4.0739746    
  4.0093765    
  3.9517288    
  3.8965149    
  3.8407593    
  3.7781677    
  3.7241898    
  3.5869904    
  3.4839554    
  3.3793869    
  3.2563248    
  3.1261063    
  2.9506836    
  2.7722931    
  2.6026154    
  0.0000000    
  0.0000000    
  0.0000000    
  0.0000000    
  0.0000000    
  0.0000000    
  0.0000000    
  0.0000000    
  0.0000000    
  0.0000000    
  0.0000000    
  0.0000000    
  0.0000000    
  0.0000000    
  0.0000000    
  0.0000000    
  0.0000000    
  0.0000000    
  0.0000000    
  0.0000000    
  0.0000000    
  0.0000000    
  2.5830231    
  2.6622086    
  2.7416916    
  2.8213120    
  2.9001770    
  3.1804047    
  3.2647476    
  3.3527145    
  3.4485626    
  3.5378952    
  3.5993881    
  3.4412918    
  3.4475861    
  3.4747696    
  3.5057678    
  3.5390701    
  3.5938873    
  3.1604767    
  3.1607285    
  3.1558838    
  3.1452713    
  3.1327209    
  3.1246872    
  3.1224670    
  3.1227264    
  3.1236191    
  3.1236420    
  3.1232910    
  3.1263046    
  2.5634766    
  2.5434952    
  2.5229874    
  2.5026627    
  2.4827652    
  2.4655228    
  2.4540482    
  2.4464417    
  2.4399948    
  1.6238480    
  1.5900421    
  1.5551682    
  1.5201340    
  1.4845657    
  1.4493179    
  1.4206924    
  1.3978882    
  1.3745880    
  1.3504486    
  1.3260651    
  1.3022232    
 0.80510712    
 0.73983765    
 0.68055725    
 0.62687683    
 0.57472229    
 0.52204132    
 0.43931580    
 0.38719177    
  0.0000000    
  0.0000000    
  0.0000000    
  0.0000000    
  0.0000000    
  0.0000000    
  0.0000000    
  0.0000000    
  0.0000000    
  0.0000000    
  0.0000000    
 0.74623108E-01
  0.0000000    
  0.0000000    
 0.33195496E-01
 0.21476746E-01
  0.0000000    
  0.0000000    
  0.0000000    
  0.0000000    
  0.0000000    
  0.0000000    
  0.0000000    
  0.0000000    
  0.0000000    
  0.0000000    
  0.0000000    
  0.0000000    
  0.0000000    
  0.0000000    
  0.0000000    
  0.0000000    
  0.0000000    
  0.0000000    
  0.0000000    
  0.0000000    
  0.0000000    
  0.0000000    
  0.0000000    
  0.0000000    
  0.0000000    
  0.0000000    
  0.0000000    
  0.0000000    
  0.0000000    
  0.0000000    
  0.0000000    
  0.0000000    
  0.0000000    
  0.0000000    
  0.0000000    
 0.77705383E-01
 0.90698242E-01
  0.0000000    
 0.12673950    
  0.0000000    
  0.0000000    
 0.22130585    
 0.30931854    
 0.35586548    
 0.39596558    
 0.43562317    
 0.48835754    
 0.53564453    
 0.51180267    
 0.53025055    
 0.54774475    
 0.56584167    
 0.58425140    
 0.60519409    
 0.62784576    
 0.65166473    
 0.67522430    
 0.69801331    
 0.72028351    
 0.74266815    
 0.78504944    
 0.84117889    
 0.89686584    
 0.95221710    
  1.0050354    
  1.0550842    
 0.17227173    
 0.22581482    
 0.27441406    
 0.31435394    
 0.35171509    
 0.38829803    
 0.42665100    
 0.47891998    
 0.54396057    
 0.61199188    
 0.66935730    
 0.71750641    
 0.77086639    
 0.83953857    
 0.91490936    
 0.97798920    
  1.0436935    
  1.0853424    
  1.0932312    
  1.1277542    
  1.1942062    
  1.2569962    
  1.3012390    
  1.3308411    
  1.3647385    
  1.4250870    
  1.5126038    
  1.5920868    
  1.6231995    
  1.6162796    
  1.6139755    
  1.6491623    
  1.7138901    
  1.7799072    
  1.8262100    
  1.8568802    
  1.8860474    
  1.9116592    
  1.9373398    
  1.9604797    
  1.9633179    
  1.9450150    
  1.9390335    
  1.9686661    
  2.0209579    
  2.0616379    
  2.0705719    
  2.0594559    
  1.0665359    
  1.0787735    
  1.0959854    
  1.1157074    
  1.1376038    
  1.1607742    
  1.1873093    
  1.2120438    
  1.2248993    
  1.2301025    
  1.2326508    
  1.2369385    
  1.2129898    
  1.2275772    
  1.2504501    
  1.2732620    
  1.2953415    
  1.3208542    
  1.3616638    
  1.3577499    
  1.3604584    
  1.3712234    
  1.3707962    
  1.3620148    
  1.3357620    
  1.3404160    
  1.3468018    
  1.3479385    
  1.3452682    
  1.3432770    
  1.3402557    
  1.3351059    
  1.3298340    
  1.3266830    
  1.3260803    
  1.3271332    
  1.3432007    
  1.3315506    
  1.3137283    
  1.2999039    
  1.2846222    
  1.2584152    
  1.2211990    
  1.2123260    
  1.2050095    
  1.1999207    
  1.1959076    
  1.1893616    
  1.1795578    
  1.1676865    
  1.1557159    
  1.1435776    
  1.1310730    
  1.1186218    
  1.1145782    
  1.0875626    
  1.0579376    
  1.0288467    
  1.0021515    
 0.97428131    
 0.93862152    
 0.92246246    
  0.0000000    
  0.0000000    
  0.0000000    
  0.0000000    
  0.0000000    
  0.0000000    
  0.0000000    
  0.0000000    
  0.0000000    
  0.0000000    
  0.0000000    
  0.0000000    
  0.0000000    
  0.0000000    
  0.0000000    
  0.0000000    
  0.0000000    
  0.0000000    
  0.0000000    
  0.0000000    
  0.0000000    
  0.0000000    
  0.0000000    
  0.0000000    
  0.0000000    
  0.0000000    
 0.13446045    
 0.93185425E-01
 0.47927856E-01
 0.96588135E-02
 0.32112122E-01
  0.0000000    
  0.0000000    
  0.0000000    
  0.0000000    
  0.0000000    
  0.0000000    
  0.0000000    
  0.0000000    
  0.0000000    
  0.0000000    
  0.0000000    
  0.0000000    
  0.0000000    
  0.0000000    
  0.0000000    
  0.0000000    
  0.0000000    
  0.0000000    
  0.0000000    
  0.0000000    
  0.0000000    
  0.0000000    
  0.0000000    
  0.0000000    
  0.0000000    
  0.0000000    
  0.0000000    
  0.0000000    
  0.0000000    
  0.0000000    
  0.0000000    
  0.0000000    
  0.0000000    
  0.0000000    
  0.0000000    
  0.0000000    
  0.0000000    
  0.0000000    
  0.0000000    
  0.0000000    
  0.0000000    
  0.0000000    
  0.0000000    
  0.0000000    
  0.0000000    
  0.0000000    
  0.0000000    
  0.0000000    
  0.0000000    
  0.0000000    
  0.0000000    
  0.0000000    
  0.0000000    
  0.0000000    
  0.0000000    
  0.0000000    
  0.0000000    
  0.0000000    
  0.0000000    
  0.0000000    
  0.0000000    
  0.0000000    
  0.0000000    
  0.0000000    
  0.0000000    
  0.0000000    
  0.0000000    
  0.0000000    
 0.39779663E-01
  0.0000000    
  0.0000000    
  0.0000000    
  0.0000000    
  0.0000000    
  0.0000000    
  0.0000000    
  0.0000000    
  0.0000000    
  0.0000000    
  0.0000000    
  0.0000000    
  0.0000000    
  0.0000000    
  0.0000000    
  0.0000000    
  0.0000000    
  0.0000000    
  0.0000000    
  0.0000000    
  0.0000000    
  0.0000000    
  0.0000000    
  0.0000000    
  0.0000000    
  0.0000000    
  0.0000000    
  0.0000000    
  0.0000000    
  0.0000000    
  0.0000000    
  0.0000000    
  0.0000000    
  0.0000000    
  0.0000000    
  0.0000000    
  0.0000000    
  0.0000000    
  1.9129028    
  1.9523697    
  1.9923706    
  2.0327225    
  2.0775986    
  2.1311722    
  2.1916504    
  2.2520828    
  2.3070831    
  2.3598633    
  2.4091644    
  2.4646225    
  2.5191269    
  2.5721893    
  2.6250839    
  2.6790924    
  2.7273941    
  2.7691727    
  2.8109131    
  2.8530045    
  2.8953400    
  2.9364090    
  2.9862442    
  3.0359573    
  3.0862122    
  3.1369247    
  3.1878967    
  3.2384949    
  3.2824554    
  3.3195648    
  0.0000000    
  0.0000000    
  0.0000000    
  0.0000000    
  0.0000000    
  0.0000000    
  0.0000000    
  0.0000000    
  0.0000000    
  0.0000000    
  0.0000000    
  0.0000000    
  0.0000000    
  0.0000000    
  0.0000000    
  0.0000000    
  0.0000000    
  0.0000000    
  0.0000000    
  0.0000000    
  0.0000000    
  0.0000000    
  0.0000000    
  0.0000000    
  0.0000000    
  0.0000000    
  0.0000000    
  0.0000000    
  2.5601501    
  2.5688248    
  2.5785446    
  2.5875320    
  2.5968094    
  2.6083603    
  1.3784943    
  1.3277435    
  1.2771072    
  1.2281876    
  0.0000000    
  0.0000000    
SCALARS lenpath float 1
LOOKUP_TABLE default
  54134.949    
  52997.648    
  51915.176    
  32016.029    
  29865.168    
  21605.898    
  26607.658    
  25702.158    
  24834.553    
  23979.039    
  23129.908    
  22296.016    
  21576.375    
  20963.297    
  20354.580    
  19751.506    
  19153.297    
  18561.012    
  17598.076    
  16284.521    
  14990.871    
  13728.316    
  12490.238    
  28439.041    
  10299.133    
  9668.3975    
  9043.7441    
  8419.0820    
  7801.5317    
  7192.8057    
  6593.9312    
  5998.1899    
  5401.1948    
  31379.557    
  4205.4868    
  31940.664    
  32361.141    
  1731.2921    
  681.83856    
  1.2648807    
  22380.924    
  2831.8730    
  21262.305    
  4993.4409    
  6047.9224    
  7104.5869    
  8138.1162    
  18477.391    
  9896.7324    
  10395.620    
  10894.246    
  11395.194    
  11899.948    
  12409.187    
  12921.189    
  13433.067    
  13943.472    
  15528.495    
  14945.593    
  15436.850    
  16167.605    
  17131.174    
  18080.965    
  19016.129    
  19935.559    
  11777.633    
  21735.629    
  22603.586    
  23447.121    
  24277.793    
  25106.488    
  25915.355    
  26498.240    
  7841.8608    
  27236.590    
  27591.979    
  27942.025    
  28284.234    
  28620.162    
  28948.717    
  29269.793    
  29585.756    
  29894.949    
  30198.729    
  30652.914    
  4194.4331    
  31798.629    
  3104.2671    
  2585.4663    
  33251.164    
  33560.930    
  33744.062    
  33919.645    
  34088.945    
  630.78845    
  34401.418    
  17004.570    
  16825.816    
  675.23065    
  16464.186    
  1421.8722    
  1810.6650    
  15835.912    
  15495.835    
  15151.808    
  14803.556    
  14451.100    
  14094.854    
  13738.069    
  13381.091    
  13020.899    
  12656.956    
  12289.865    
  11920.965    
  11564.990    
  11220.361    
  10872.672    
  10522.172    
  10168.384    
  9810.0361    
  9556.6768    
  57015.480    
  9262.1768    
  9113.5420    
  8963.8643    
  8812.9014    
  8656.6035    
  8495.4102    
  8333.3477    
  8170.4453    
  8006.6304    
  7841.5918    
  7624.2061    
  7351.5415    
  7074.0024    
  6791.2998    
  6503.7456    
  6211.1724    
  5994.7261    
  5857.5850    
  5719.2949    
  5579.5513    
  5437.7002    
  5294.0938    
  5165.3008    
  5052.1260    
  4937.9707    
  4822.5254    
  4706.0991    
  330.64026    
  142.47180    
  54.107903    
  397.34903    
  1079.5374    
  661.79083    
  223.20378    
  224.49734    
  682.54102    
  1172.8984    
  2204.2759    
  69.009537    
  510.13589    
  1761.9131    
  1599.6117    
  1434.8351    
  1267.4177    
  1096.8998    
  923.41565    
  767.60876    
  630.56116    
  492.25540    
  352.92743    
  212.59972    
  71.163841    
  157.04832    
  481.17688    
  821.85382    
  1190.9484    
  1607.5386    
  4891.9512    
  6156.9561    
  6693.4722    
  7400.2036    
  8023.5186    
  8461.3613    
  8947.3467    
  9746.2646    
  10431.361    
  11193.531    
  11987.098    
  12714.823    
  13535.710    
  14490.728    
  15799.090    
  52447.977    
  53583.242    
  54596.906    
  55489.766    
  1427.6542    
  991.35168    
  548.51678    
  114.68291    
  2235.7939    
  2026.6356    
  1818.0247    
  1609.9110    
  1402.1675    
  1194.7974    
  987.69714    
  780.94617    
  575.29907    
  370.75766    
  166.47952    
  13248.539    
  12990.344    
  12723.589    
  444.34390    
  269.12610    
  241.45833    
  12284.996    
  12195.264    
  12103.857    
  11996.550    
  11872.803    
  11746.252    
  11617.018    
  11485.112    
  11350.742    
  11182.139    
  10975.247    
  10760.404    
  10536.604    
  10303.915    
  10062.153    
  9833.1074    
  9617.0098    
  9392.7139    
  9160.3789    
  8920.2188    
  8671.6445    
  8434.5322    
  8200.7471    
  7947.7852    
  7683.0947    
  7406.9038    
  7118.0806    
  6905.6694    
  6775.9883    
  6642.8315    
  6506.4829    
  6366.7930    
  6224.0654    
  6090.1099    
  5966.2993    
  5840.1450    
  5712.2544    
  5582.1978    
  5450.4937    
  5272.5391    
  5042.2759    
  4802.1284    
  4503.9648    
  4182.9834    
  3845.2014    
  3602.3828    
  3463.6753    
  3319.5403    
  3170.6340    
  3016.1184    
  2856.6575    
  2711.7383    
  2583.4058    
  2452.4749    
  2319.8032    
  2161.8296    
  1816.4733    
  1543.9043    
  1293.4796    
  1025.2180    
  743.48132    
  452.77707    
  153.23732    
  85.684326    
  260.30011    
  439.08456    
  623.22430    
  812.70789    
  1008.0132    
  1249.9066    
  1568.8406    
  1759.7517    
  1887.3778    
  2013.1659    
  2136.8545    
  2397.3723    
  2819.2737    
  3304.1987    
  3808.7046    
  4170.6919    
  4561.3477    
  4915.1089    
  5246.3325    
  5513.8467    
  5719.4922    
  5936.4712    
  6168.4907    
  6461.7583    
  6856.7954    
  7167.5879    
  7445.9785    
  7754.6113    
  8110.2266    
  8754.8721    
  9701.0225    
  10863.296    
  12776.646    
  13332.938    
  13484.763    
  13632.850    
  13777.632    
  13924.388    
  14073.066    
  14223.977    
  14377.008    
  14528.019    
  14677.675    
  14829.950    
  14985.091    
  15143.204    
  15304.203    
  15465.289    
  15626.609    
  15792.199    
  15962.120    
  16135.854    
  16313.434    
  16442.400    
  16520.381    
  16599.426    
  16679.496    
  16760.883    
  16843.275    
  16939.662    
  17050.605    
  17163.443    
  17278.379    
  17395.316    
  17514.072    
  17678.465    
  17892.203    
  18113.576    
  18343.053    
  18580.297    
  18825.516    
  19076.418    
  19334.980    
  19605.609    
  19888.867    
  20184.418    
  20491.953    
  20728.209    
  20886.797    
  21049.129    
  21214.979    
  21384.264    
  21557.129    
  21736.320    
  21922.717    
  22114.797    
  22312.984    
  22517.717    
  22729.295    
  23052.707    
  23503.309    
  23988.443    
  24520.742    
  25087.598    
  25684.756    
  26144.230    
  26440.557    
  26747.637    
  27065.596    
  27393.469    
  27728.352    
  28113.729    
  28564.592    
  29050.559    
  29574.701    
  30139.512    
  30746.938    
  31669.391    
  32995.770    
  34509.887    
  36304.262    
  38593.906    
  41604.191    
  45532.242    
  51487.742    
  66127.414    
  0.0000000    
  0.0000000    
  0.0000000    
  0.0000000    
  0.0000000    
  0.0000000    
  0.0000000    
  0.0000000    
  0.0000000    
  0.0000000    
  0.0000000    
  0.0000000    
  0.0000000    
  0.0000000    
  0.0000000    
  0.0000000    
  0.0000000    
  0.0000000    
  0.0000000    
  0.0000000    
  0.0000000    
  0.0000000    
  68889.508    
  59784.488    
  54985.312    
  51531.605    
  48837.539    
  46125.434    
  43404.262    
  41214.336    
  39474.703    
  37994.805    
  36697.305    
  35510.691    
  34375.590    
  33354.078    
  32413.551    
  31547.695    
  30749.713    
  30120.182    
  29632.846    
  29159.600    
  28710.357    
  28285.918    
  27879.146    
  27482.307    
  27093.473    
  26713.559    
  26343.881    
  25983.623    
  25632.381    
  25282.170    
  24932.748    
  24591.496    
  24258.484    
  23932.945    
  23614.592    
  23149.029    
  22549.047    
  21970.662    
  21525.939    
  21203.773    
  20887.984    
  20578.094    
  20274.006    
  19975.430    
  19715.658    
  19492.883    
  19272.836    
  19055.742    
  18841.453    
  18629.842    
  18323.373    
  17926.883    
  17538.564    
  17158.035    
  16785.197    
  16419.639    
  16060.821    
  15708.531    
  7543.5327    
  6528.7417    
  5641.1772    
  4601.3613    
  4024.4819    
  3688.2056    
  3376.7537    
  3073.5613    
  2767.1714    
  2481.2820    
  2188.3130    
  15308.836    
  1596.4946    
  1304.7391    
  15738.516    
  15907.082    
  1.1600494    
  179.78758    
  819.43054    
  1424.5624    
  1985.7697    
  2551.3855    
  5836.4351    
  3248.5920    
  3522.9119    
  3784.1350    
  5153.4248    
  4263.4287    
  4814.1650    
  4685.8770    
  4875.5391    
  4323.0264    
  5230.6514    
  5403.8643    
  5688.8608    
  3365.7783    
  6469.4751    
  6848.8965    
  7207.1221    
  7542.3481    
  7780.4893    
  7934.3296    
  8082.9980    
  685.74945    
  8363.8066    
  289.80362    
 0.93586558    
  1.4384409    
  403.95435    
  667.57416    
  915.85992    
  6399.3516    
  6234.1533    
  1968.7010    
  5798.5259    
  2922.4226    
  3478.0803    
  5155.8267    
  4944.3477    
  4734.2515    
  4525.3735    
  4317.5186    
  4110.5942    
  3904.7158    
  3748.5784    
  3641.8381    
  3535.2495    
  3428.8271    
  3322.5547    
  3216.4216    
  3114.1904    
  3015.7983    
  2917.4910    
  2819.2498    
  2721.0933    
  2623.0308    
  2472.6831    
  2270.1177    
  2067.7170    
  1865.3969    
  1663.0756    
  1460.5940    
  24444.568    
  1054.8857    
  852.01447    
  648.76300    
  444.98163    
  240.89601    
  36.812897    
  68747.508    
  68704.344    
  68682.906    
  68682.891    
  68698.820    
  68731.789    
  68784.812    
  68865.289    
  68971.359    
  69100.648    
  69257.891    
  69424.383    
  69597.586    
  69794.320    
  70016.648    
  70257.578    
  70509.625    
  70769.547    
  71044.836    
  71349.375    
  71693.734    
  72071.156    
  72463.516    
  72865.273    
  73283.781    
  73735.570    
  74225.992    
  74757.906    
  75326.703    
  75932.281    
  76566.766    
  77229.469    
  77928.430    
  78662.117    
  79410.750    
  80176.805    
  80985.484    
  81853.516    
  82782.430    
  83750.273    
  84730.633    
  85314.172    
  85492.188    
  85677.219    
  85871.281    
  86074.695    
  86288.742    
  86548.891    
  86861.141    
  87189.320    
  87528.016    
  87875.172    
  88229.164    
  88717.422    
  89350.320    
  90018.570    
  90741.891    
  91519.141    
  92347.273    
  93229.016    
  94154.516    
  95125.219    
  96166.352    
  97274.602    
  98435.484    
  99376.570    
  100069.43    
  100788.34    
  101536.64    
  102310.16    
  103107.16    
  103828.72    
  104463.30    
  105102.67    
  105746.16    
  106398.93    
  107064.34    
  108216.49    
  109953.10    
  111885.70    
  114017.14    
  116345.78    
  118813.55    
  120708.66    
  122017.14    
  123382.70    
  124809.88    
  126306.84    
  127888.40    
  129566.13    
  131346.17    
  133229.88    
  135228.27    
  137371.39    
  139687.56    
  143581.83    
  149640.23    
  156583.28    
  165366.92    
  178192.91    
  197666.61    
  227465.14    
  292835.00    
  159794.02    
  133434.81    
  118030.91    
  107196.77    
  98081.086    
  89978.031    
  84190.383    
  79925.891    
  76293.992    
  73149.664    
  69348.305    
  65125.281    
  61381.375    
  56101.504    
  51266.586    
  46855.504    
  42761.398    
  38916.340    
  35270.695    
  31755.145    
  28339.965    
  25097.584    
  22006.213    
  18917.654    
  15740.398    
  12577.653    
  29811.141    
  31134.982    
  32520.111    
  34008.582    
  44514.789    
  5453.9761    
  8668.8672    
  11876.058    
  14787.105    
  17486.254    
  20291.727    
  23198.439    
  26165.277    
  29156.490    
  31863.795    
  34301.176    
  36823.348    
  39409.758    
  42049.664    
  44775.984    
  47285.523    
  49568.719    
  51958.199    
  54458.012    
  57068.324    
  59795.871    
  62947.516    
  66590.312    
  70584.000    
  74872.773    
  79389.312    
  84382.789    
  91110.320    
  100621.80    
  113430.55    
  134685.64    
  210275.41    
  133842.84    
  110042.16    
  99598.375    
  91855.609    
  85689.484    
  80455.148    
  75788.562    
  71051.484    
  66490.859    
  62461.254    
  58654.352    
  55019.684    
  51650.367    
  48538.539    
  45536.617    
  42600.602    
  39766.348    
  36989.203    
  34229.086    
  31779.811    
  29607.979    
  27357.158    
  24982.639    
  22413.295    
  19515.322    
  17075.238    
  15544.804    
  14029.935    
  12530.251    
  11044.324    
  9573.3242    
  7907.4673    
  6059.6890    
  4229.9956    
  2397.8882    
  546.63397    
  27846.773    
  3273.1497    
  5242.9189    
  7245.0981    
  9251.8730    
  11261.022    
  13292.807    
  15109.616    
  16701.189    
  18091.188    
  18958.834    
  19844.361    
  20748.525    
  21671.904    
  22615.516    
  23580.754    
  24569.277    
  25584.279    
  26629.990    
  27876.098    
  29348.754    
  30900.568    
  32548.193    
  34315.637    
  36227.621    
  38299.508    
  40550.008    
  43020.340    
  45731.367    
  48687.348    
  52041.867    
  55453.316    
  58829.719    
  62628.281    
  67195.430    
  73137.984    
  81114.656    
  93237.016    
  116554.05    
  276983.00    
  191395.25    
  170358.34    
  157865.94    
  148122.72    
  140162.52    
  133662.77    
  128371.41    
  123887.87    
  119879.68    
  116312.74    
  113130.21    
  110252.44    
  107661.34    
  105349.04    
  103232.31    
  101453.30    
  99983.258    
  98606.953    
  97326.516    
  96120.773    
  94965.141    
  93680.055    
  92275.336    
  90946.117    
  89692.797    
  88497.844    
  87385.555    
  86463.859    
  85682.688    
  11434.101    
  8933.5967    
  6024.4736    
  2383.7351    
  185.40999    
  11918.439    
  933.87897    
  1312.4457    
  1694.1033    
  2078.9363    
  2525.4836    
  3035.5522    
  3551.0984    
  4072.1768    
  4599.2080    
  5132.4902    
  5629.6060    
  6089.3345    
  6553.9092    
  7023.4170    
  7498.1343    
  7978.3530    
  8489.0908    
  9032.2119    
  9583.8672    
  10143.379    
  10709.905    
  11283.894    
  72500.008    
  70824.578    
  69241.359    
  67741.844    
  66306.750    
  64951.578    
  63765.617    
  62695.812    
  61651.043    
  60629.938    
  56698.285    
  55342.520    
SCALARS zbdotn float 1
LOOKUP_TABLE default
  0.0000000    
  0.0000000    
  0.0000000    
  0.0000000    
  0.0000000    
-0.73736653E-01
  0.0000000    
  0.0000000    
  0.0000000    
  0.0000000    
  0.0000000    
  0.0000000    
  0.0000000    
  0.0000000    
  0.0000000    
  0.0000000    
  0.0000000    
  0.0000000    
  0.0000000    
  0.0000000    
  0.0000000    
  0.0000000    
  0.0000000    
-0.27915984E-01
  0.0000000    
  0.0000000    
  0.0000000    
  0.0000000    
  0.0000000    
  0.0000000    
  0.0000000    
  0.0000000    
  0.0000000    
-0.12158111E-01
  0.0000000    
-0.90776831E-02
-0.60211718E-02
  0.0000000    
  0.0000000    
  0.0000000    
  0.0000000    
  0.0000000    
  0.0000000    
  0.0000000    
  0.0000000    
  0.0000000    
  0.0000000    
  0.0000000    
  0.0000000    
  0.0000000    
  0.0000000    
  0.0000000    
  0.0000000    
  0.0000000    
  0.0000000    
  0.0000000    
  0.0000000    
  0.0000000    
  0.0000000    
  0.0000000    
  0.0000000    
  0.0000000    
  0.0000000    
  0.0000000    
  0.0000000    
  0.0000000    
  0.0000000    
  0.0000000    
  0.0000000    
  0.0000000    
  0.0000000    
  0.0000000    
  0.0000000    
  0.0000000    
  0.0000000    
  0.0000000    
  0.0000000    
  0.0000000    
  0.0000000    
  0.0000000    
  0.0000000    
  0.0000000    
  0.0000000    
  0.0000000    
  0.0000000    
  0.0000000    
  0.0000000    
  0.0000000    
  0.0000000    
  0.0000000    
  0.0000000    
  0.0000000    
  0.0000000    
  0.0000000    
  0.0000000    
  0.0000000    
  0.0000000    
  0.0000000    
  0.0000000    
  0.0000000    
  0.0000000    
  0.0000000    
  0.0000000    
  0.0000000    
  0.0000000    
  0.0000000    
  0.0000000    
  0.0000000    
  0.0000000    
  0.0000000    
  0.0000000    
  0.0000000    
  0.0000000    
  0.0000000    
  0.0000000    
  0.0000000    
  0.0000000    
  0.0000000    
  0.0000000    
  0.0000000    
  0.0000000    
-0.34741014E-01
  0.0000000    
  0.0000000    
  0.0000000    
  0.0000000    
  0.0000000    
  0.0000000    
  0.0000000    
  0.0000000    
  0.0000000    
  0.0000000    
  0.0000000    
  0.0000000    
  0.0000000    
  0.0000000    
  0.0000000    
  0.0000000    
  0.0000000    
  0.0000000    
  0.0000000    
  0.0000000    
  0.0000000    
  0.0000000    
  0.0000000    
  0.0000000    
  0.0000000    
  0.0000000    
  0.0000000    
  0.0000000    
  0.0000000    
  0.0000000    
  0.0000000    
  0.0000000    
  0.0000000    
  0.0000000    
  0.0000000    
  0.0000000    
  0.0000000    
  0.0000000    
  0.0000000    
  0.0000000    
  0.0000000    
  0.0000000    
  0.0000000    
  0.0000000    
  0.0000000    
  0.0000000    
  0.0000000    
  0.0000000    
  0.0000000    
  0.0000000    
  0.0000000    
  0.0000000    
  0.0000000    
  0.0000000    
  0.0000000    
  0.0000000    
  0.0000000    
  0.0000000    
  0.0000000    
  0.0000000    
  0.0000000    
  0.0000000    
  0.0000000    
  0.0000000    
  0.0000000    
  0.0000000    
  0.0000000    
  0.0000000    
  0.0000000    
  0.0000000    
  0.0000000    
  0.0000000    
  0.0000000    
  0.0000000    
  0.0000000    
  0.0000000    
  0.0000000    
  0.0000000    
  0.0000000    
  0.0000000    
-0.69605196E-02
-0.16546676E-01
-0.26395075E-01
-0.37043210E-01
-0.48460782E-01
-0.60069654E-01
-0.71471639E-01
-0.82581170E-01
-0.32364823E-01
-0.43175977E-01
-0.53942561E-01
  0.0000000    
  0.0000000    
  0.0000000    
  0.0000000    
  0.0000000    
  0.0000000    
  0.0000000    
  0.0000000    
  0.0000000    
  0.0000000    
  0.0000000    
  0.0000000    
  0.0000000    
  0.0000000    
  0.0000000    
  0.0000000    
  0.0000000    
  0.0000000    
  0.0000000    
  0.0000000    
  0.0000000    
  0.0000000    
  0.0000000    
  0.0000000    
  0.0000000    
  0.0000000    
  0.0000000    
  0.0000000    
  0.0000000    
  0.0000000    
  0.0000000    
  0.0000000    
  0.0000000    
  0.0000000    
  0.0000000    
  0.0000000    
  0.0000000    
  0.0000000    
  0.0000000    
  0.0000000    
  0.0000000    
  0.0000000    
  0.0000000    
  0.0000000    
  0.0000000    
  0.0000000    
  0.0000000    
  0.0000000    
  0.0000000    
  0.0000000    
  0.0000000    
  0.0000000    
  0.0000000    
  0.0000000    
  0.0000000    
  0.0000000    
  0.0000000    
  0.0000000    
  0.0000000    
  0.0000000    
  0.0000000    
  0.0000000    
  0.0000000    
  0.0000000    
  0.0000000    
  0.0000000    
  0.0000000    
  0.0000000    
  0.0000000    
  0.0000000    
  0.0000000    
  0.0000000    
  0.0000000    
  0.0000000    
  0.0000000    
  0.0000000    
  0.0000000    
  0.0000000    
  0.0000000    
  0.0000000    
  0.0000000    
  0.0000000    
  0.0000000    
  0.0000000    
  0.0000000    
  0.0000000    
  0.0000000    
  0.0000000    
  0.0000000    
  0.0000000    
  0.0000000    
  0.0000000    
  0.0000000    
  0.0000000    
  0.0000000    
  0.0000000    
  0.0000000    
  0.0000000    
  0.0000000    
  0.0000000    
  0.0000000    
  0.0000000    
  0.0000000    
 0.22479144    
 0.22701108    
 0.29516706    
 0.29645324    
 0.29812059    
 0.29933083    
 0.29994953    
 0.30109438    
 0.35214594    
 0.35232434    
 0.35285458    
 0.35361892    
 0.35442603    
 0.35528699    
 0.39773178    
 0.39712799    
 0.39622185    
 0.39531937    
 0.39494300    
 0.39469022    
 0.42955738    
 0.42864937    
 0.42777160    
 0.42695862    
 0.42614400    
 0.42529657    
 0.42406389    
 0.42226949    
 0.42013472    
 0.41819993    
 0.41672996    
 0.41598749    
 0.45123160    
 0.44898564    
 0.44669569    
 0.44401905    
 0.44053417    
 0.43678287    
 0.45997143    
 0.45365855    
 0.44801590    
 0.44307822    
 0.43821451    
 0.43336982    
 0.45337403    
 0.45003670    
 0.44683737    
 0.44381434    
 0.44096506    
 0.43871063    
 0.43691361    
 0.43516999    
 0.43353188    
 0.43199790    
 0.43028313    
 0.42802891    
 0.44114426    
 0.43370748    
 0.42345247    
 0.41199705    
 0.40532005    
 0.40046218    
 0.40852836    
 0.40440786    
 0.39970738    
 0.39432597    
 0.38888797    
 0.38392261    
 0.37887841    
 0.37397051    
 0.36968693    
 0.36561030    
 0.36146030    
 0.35664248    
 0.35305312    
 0.34196049    
 0.33403537    
 0.32587883    
 0.31583655    
 0.30498469    
 0.28954789    
 0.27361378    
 0.25836739    
  0.0000000    
  0.0000000    
  0.0000000    
  0.0000000    
  0.0000000    
  0.0000000    
  0.0000000    
  0.0000000    
  0.0000000    
  0.0000000    
  0.0000000    
  0.0000000    
  0.0000000    
  0.0000000    
  0.0000000    
  0.0000000    
  0.0000000    
  0.0000000    
  0.0000000    
  0.0000000    
  0.0000000    
  0.0000000    
-0.28858048    
-0.29846394    
-0.30845091    
-0.31852424    
-0.32858294    
-0.36191303    
-0.37350538    
-0.38564575    
-0.39883408    
-0.41140848    
-0.42086101    
-0.40436947    
-0.40685165    
-0.41183931    
-0.41732746    
-0.42314070    
-0.43159768    
-0.38083011    
-0.38161767    
-0.38179037    
-0.38126171    
-0.38049406    
-0.38027650    
-0.38076979    
-0.38157231    
-0.38245615    
-0.38323879    
-0.38397795    
-0.38513637    
-0.31640387    
-0.31439057    
-0.31230637    
-0.31023920    
-0.30821905    
-0.30652368    
-0.30576953    
-0.30572343    
-0.30582425    
-0.20396093    
-0.19989881    
-0.19569571    
-0.19146580    
-0.18716240    
-0.18288997    
-0.17942640    
-0.17667635    
-0.17385891    
-0.17093199    
-0.16796993    
-0.16507313    
-0.10214667    
-0.93949959E-01
-0.86499423E-01
-0.79748370E-01
-0.73180735E-01
-0.66534869E-01
-0.56043964E-01
-0.49439874E-01
  0.0000000    
  0.0000000    
  0.0000000    
  0.0000000    
  0.0000000    
  0.0000000    
  0.0000000    
  0.0000000    
  0.0000000    
  0.0000000    
  0.0000000    
-0.96056685E-02
  0.0000000    
  0.0000000    
-0.42797029E-02
-0.27701333E-02
  0.0000000    
  0.0000000    
  0.0000000    
  0.0000000    
  0.0000000    
  0.0000000    
  0.0000000    
  0.0000000    
  0.0000000    
  0.0000000    
  0.0000000    
  0.0000000    
  0.0000000    
  0.0000000    
  0.0000000    
  0.0000000    
  0.0000000    
  0.0000000    
  0.0000000    
  0.0000000    
  0.0000000    
  0.0000000    
  0.0000000    
  0.0000000    
  0.0000000    
  0.0000000    
  0.0000000    
  0.0000000    
  0.0000000    
  0.0000000    
  0.0000000    
  0.0000000    
  0.0000000    
  0.0000000    
  0.0000000    
-0.10268711E-01
-0.11994518E-01
  0.0000000    
-0.16790420E-01
  0.0000000    
  0.0000000    
-0.29393137E-01
-0.41118264E-01
-0.47347642E-01
-0.52727222E-01
-0.58056191E-01
-0.65138623E-01
-0.71501501E-01
-0.68356700E-01
-0.70846364E-01
-0.73210925E-01
-0.75656995E-01
-0.78148693E-01
-0.80979563E-01
-0.84038906E-01
-0.87254740E-01
-0.90435885E-01
-0.93518667E-01
-0.96534267E-01
-0.99564999E-01
-0.10529700    
-0.11289445    
-0.12044206    
-0.12795004    
-0.13512270    
-0.14192875    
-0.23182187E-01
-0.30388216E-01
-0.36925390E-01
-0.42296492E-01
-0.47316898E-01
-0.52234057E-01
-0.57389662E-01
-0.64411268E-01
-0.73151328E-01
-0.82296446E-01
-0.89993536E-01
-0.96443944E-01
-0.10359532    
-0.11279817    
-0.12289770    
-0.13134126    
-0.14013506    
-0.14568265    
-0.14668378    
-0.15126939    
-0.16014741    
-0.16852427    
-0.17439525    
-0.17829154    
-0.18275920    
-0.19077288    
-0.20242490    
-0.21299225    
-0.21706566    
-0.21604192    
-0.21563807    
-0.22025257    
-0.22881903    
-0.23754919    
-0.24362600    
-0.24760103    
-0.25137925    
-0.25467500    
-0.25797284    
-0.26093024    
-0.26119107    
-0.25864893    
-0.25774699    
-0.26158348    
-0.26843381    
-0.27373257    
-0.27479950    
-0.27320024    
-0.14143345    
-0.14297611    
-0.14517662    
-0.14770769    
-0.15052362    
-0.15350619    
-0.15691717    
-0.16007254    
-0.16165236    
-0.16221951    
-0.16243592    
-0.16288066    
-0.15956819    
-0.16127741    
-0.16407421    
-0.16685244    
-0.16953152    
-0.17265810    
-0.17777634    
-0.17705181    
-0.17719145    
-0.17837813    
-0.17810726    
-0.17675173    
-0.17318033    
-0.17366254    
-0.17437083    
-0.17439950    
-0.17393485    
-0.17356053    
-0.17306736    
-0.17231454    
-0.17154634    
-0.17105317    
-0.17088760    
-0.17093539    
-0.17286281    
-0.17117345    
-0.16869484    
-0.16673493    
-0.16459297    
-0.16105752    
-0.15616447    
-0.15494245    
-0.15392227    
-0.15318789    
-0.15259132    
-0.15167242    
-0.15033977    
-0.14874503    
-0.14714177    
-0.14551792    
-0.14384940    
-0.14218950    
-0.14156529    
-0.13799000    
-0.13409197    
-0.13026917    
-0.12675908    
-0.12310982    
-0.11851788    
-0.11642572    
  0.0000000    
  0.0000000    
  0.0000000    
  0.0000000    
  0.0000000    
  0.0000000    
  0.0000000    
  0.0000000    
  0.0000000    
  0.0000000    
  0.0000000    
  0.0000000    
  0.0000000    
  0.0000000    
  0.0000000    
  0.0000000    
  0.0000000    
  0.0000000    
  0.0000000    
  0.0000000    
  0.0000000    
  0.0000000    
  0.0000000    
  0.0000000    
  0.0000000    
  0.0000000    
-0.16621115E-01
-0.11508148E-01
-0.59142783E-02
-0.11903271E-02
 0.39555393E-02
  0.0000000    
  0.0000000    
  0.0000000    
  0.0000000    
  0.0000000    
  0.0000000    
  0.0000000    
  0.0000000    
  0.0000000    
  0.0000000    
  0.0000000    
  0.0000000    
  0.0000000    
  0.0000000    
  0.0000000    
  0.0000000    
  0.0000000    
  0.0000000    
  0.0000000    
  0.0000000    
  0.0000000    
  0.0000000    
  0.0000000    
  0.0000000    
  0.0000000    
  0.0000000    
  0.0000000    
  0.0000000    
  0.0000000    
  0.0000000    
  0.0000000    
  0.0000000    
  0.0000000    
  0.0000000    
  0.0000000    
  0.0000000    
  0.0000000    
  0.0000000    
  0.0000000    
  0.0000000    
  0.0000000    
  0.0000000    
  0.0000000    
  0.0000000    
  0.0000000    
  0.0000000    
  0.0000000    
  0.0000000    
  0.0000000    
  0.0000000    
  0.0000000    
  0.0000000    
  0.0000000    
  0.0000000    
  0.0000000    
  0.0000000    
  0.0000000    
  0.0000000    
  0.0000000    
  0.0000000    
  0.0000000    
  0.0000000    
  0.0000000    
  0.0000000    
  0.0000000    
  0.0000000    
  0.0000000    
  0.0000000    
-0.46010092E-02
  0.0000000    
  0.0000000    
  0.0000000    
  0.0000000    
  0.0000000    
  0.0000000    
  0.0000000    
  0.0000000    
  0.0000000    
  0.0000000    
  0.0000000    
  0.0000000    
  0.0000000    
  0.0000000    
  0.0000000    
  0.0000000    
  0.0000000    
  0.0000000    
  0.0000000    
  0.0000000    
  0.0000000    
  0.0000000    
  0.0000000    
  0.0000000    
  0.0000000    
  0.0000000    
  0.0000000    
  0.0000000    
  0.0000000    
  0.0000000    
  0.0000000    
  0.0000000    
  0.0000000    
  0.0000000    
  0.0000000    
  0.0000000    
  0.0000000    
  0.0000000    
-0.19321088    
-0.19661187    
-0.20004636    
-0.20349555    
-0.20731834    
-0.21192457    
-0.21718439    
-0.22240375    
-0.22705236    
-0.23145041    
-0.23546267    
-0.24002995    
-0.24447235    
-0.24874499    
-0.25297070    
-0.25727347    
-0.26110563    
-0.26439726    
-0.26766884    
-0.27095574    
-0.27424905    
-0.27740499    
-0.28125715    
-0.28496507    
-0.28869629    
-0.29244754    
-0.29619634    
-0.29988688    
-0.30305550    
-0.30569339    
  0.0000000    
  0.0000000    
  0.0000000    
  0.0000000    
  0.0000000    
  0.0000000    
  0.0000000    
  0.0000000    
  0.0000000    
  0.0000000    
  0.0000000    
  0.0000000    
  0.0000000    
  0.0000000    
  0.0000000    
  0.0000000    
  0.0000000    
  0.0000000    
  0.0000000    
  0.0000000    
  0.0000000    
  0.0000000    
  0.0000000    
  0.0000000    
  0.0000000    
  0.0000000    
  0.0000000    
  0.0000000    
-0.23493806    
-0.23441134    
-0.23398736    
-0.23350154    
-0.23304874    
-0.23280387    
-0.12252549    
-0.11762440    
-0.11276575    
-0.10809015    
  0.0000000    
  0.0000000    
VECTORS bfield float
  0.0000000       0.0000000       0.0000000    
  0.0000000       0.0000000       0.0000000    
  0.0000000       0.0000000       0.0000000    
  0.0000000       0.0000000       0.0000000    
  0.0000000       0.0000000       0.0000000    
-0.12182795       4.9036345     -0.29196447    
  0.0000000       0.0000000       0.0000000    
  0.0000000       0.0000000       0.0000000    
  0.0000000       0.0000000       0.0000000    
  0.0000000       0.0000000       0.0000000    
  0.0000000       0.0000000       0.0000000    
  0.0000000       0.0000000       0.0000000    
  0.0000000       0.0000000       0.0000000    
  0.0000000       0.0000000       0.0000000    
  0.0000000       0.0000000       0.0000000    
  0.0000000       0.0000000       0.0000000    
  0.0000000       0.0000000       0.0000000    
  0.0000000       0.0000000       0.0000000    
  0.0000000       0.0000000       0.0000000    
  0.0000000       0.0000000       0.0000000    
  0.0000000       0.0000000       0.0000000    
  0.0000000       0.0000000       0.0000000    
  0.0000000       0.0000000       0.0000000    
-0.18727097       4.7210059     -0.30557650    
  0.0000000       0.0000000       0.0000000    
  0.0000000       0.0000000       0.0000000    
  0.0000000       0.0000000       0.0000000    
  0.0000000       0.0000000       0.0000000    
  0.0000000       0.0000000       0.0000000    
  0.0000000       0.0000000       0.0000000    
  0.0000000       0.0000000       0.0000000    
  0.0000000       0.0000000       0.0000000    
  0.0000000       0.0000000       0.0000000    
-0.21472400       4.6449642     -0.31477386    
  0.0000000       0.0000000       0.0000000    
-0.21997117       4.6307526     -0.31677955    
-0.22341348       4.6202002     -0.31809068    
  0.0000000       0.0000000       0.0000000    
  0.0000000       0.0000000       0.0000000    
  0.0000000       0.0000000       0.0000000    
  0.0000000       0.0000000       0.0000000    
  0.0000000       0.0000000       0.0000000    
  0.0000000       0.0000000       0.0000000    
  0.0000000       0.0000000       0.0000000    
  0.0000000       0.0000000       0.0000000    
  0.0000000       0.0000000       0.0000000    
  0.0000000       0.0000000       0.0000000    
  0.0000000       0.0000000       0.0000000    
  0.0000000       0.0000000       0.0000000    
  0.0000000       0.0000000       0.0000000    
  0.0000000       0.0000000       0.0000000    
  0.0000000       0.0000000       0.0000000    
  0.0000000       0.0000000       0.0000000    
  0.0000000       0.0000000       0.0000000    
  0.0000000       0.0000000       0.0000000    
  0.0000000       0.0000000       0.0000000    
  0.0000000       0.0000000       0.0000000    
  0.0000000       0.0000000       0.0000000    
  0.0000000       0.0000000       0.0000000    
  0.0000000       0.0000000       0.0000000    
  0.0000000       0.0000000       0.0000000    
  0.0000000       0.0000000       0.0000000    
  0.0000000       0.0000000       0.0000000    
  0.0000000       0.0000000       0.0000000    
  0.0000000       0.0000000       0.0000000    
  0.0000000       0.0000000       0.0000000    
  0.0000000       0.0000000       0.0000000    
  0.0000000       0.0000000       0.0000000    
  0.0000000       0.0000000       0.0000000    
  0.0000000       0.0000000       0.0000000    
  0.0000000       0.0000000       0.0000000    
  0.0000000       0.0000000       0.0000000    
  0.0000000       0.0000000       0.0000000    
  0.0000000       0.0000000       0.0000000    
  0.0000000       0.0000000       0.0000000    
  0.0000000       0.0000000       0.0000000    
  0.0000000       0.0000000       0.0000000    
  0.0000000       0.0000000       0.0000000    
  0.0000000       0.0000000       0.0000000    
  0.0000000       0.0000000       0.0000000    
  0.0000000       0.0000000       0.0000000    
  0.0000000       0.0000000       0.0000000    
  0.0000000       0.0000000       0.0000000    
  0.0000000       0.0000000       0.0000000    
  0.0000000       0.0000000       0.0000000    
  0.0000000       0.0000000       0.0000000    
  0.0000000       0.0000000       0.0000000    
  0.0000000       0.0000000       0.0000000    
  0.0000000       0.0000000       0.0000000    
  0.0000000       0.0000000       0.0000000    
  0.0000000       0.0000000       0.0000000    
  0.0000000       0.0000000       0.0000000    
  0.0000000       0.0000000       0.0000000    
  0.0000000       0.0000000       0.0000000    
  0.0000000       0.0000000       0.0000000    
  0.0000000       0.0000000       0.0000000    
  0.0000000       0.0000000       0.0000000    
  0.0000000       0.0000000       0.0000000    
  0.0000000       0.0000000       0.0000000    
  0.0000000       0.0000000       0.0000000    
  0.0000000       0.0000000       0.0000000    
  0.0000000       0.0000000       0.0000000    
  0.0000000       0.0000000       0.0000000    
  0.0000000       0.0000000       0.0000000    
  0.0000000       0.0000000       0.0000000    
  0.0000000       0.0000000       0.0000000    
  0.0000000       0.0000000       0.0000000    
  0.0000000       0.0000000       0.0000000    
  0.0000000       0.0000000       0.0000000    
  0.0000000       0.0000000       0.0000000    
  0.0000000       0.0000000       0.0000000    
  0.0000000       0.0000000       0.0000000    
  0.0000000       0.0000000       0.0000000    
  0.0000000       0.0000000       0.0000000    
  0.0000000       0.0000000       0.0000000    
  0.0000000       0.0000000       0.0000000    
  0.0000000       0.0000000       0.0000000    
  0.0000000       0.0000000       0.0000000    
  0.0000000       0.0000000       0.0000000    
  0.0000000       0.0000000       0.0000000    
  0.0000000       0.0000000       0.0000000    
-0.34792861       3.8493273     -0.65924227    
  0.0000000       0.0000000       0.0000000    
  0.0000000       0.0000000       0.0000000    
  0.0000000       0.0000000       0.0000000    
  0.0000000       0.0000000       0.0000000    
  0.0000000       0.0000000       0.0000000    
  0.0000000       0.0000000       0.0000000    
  0.0000000       0.0000000       0.0000000    
  0.0000000       0.0000000       0.0000000    
  0.0000000       0.0000000       0.0000000    
  0.0000000       0.0000000       0.0000000    
  0.0000000       0.0000000       0.0000000    
  0.0000000       0.0000000       0.0000000    
  0.0000000       0.0000000       0.0000000    
  0.0000000       0.0000000       0.0000000    
  0.0000000       0.0000000       0.0000000    
  0.0000000       0.0000000       0.0000000    
  0.0000000       0.0000000       0.0000000    
  0.0000000       0.0000000       0.0000000    
  0.0000000       0.0000000       0.0000000    
  0.0000000       0.0000000       0.0000000    
  0.0000000       0.0000000       0.0000000    
  0.0000000       0.0000000       0.0000000    
  0.0000000       0.0000000       0.0000000    
  0.0000000       0.0000000       0.0000000    
  0.0000000       0.0000000       0.0000000    
  0.0000000       0.0000000       0.0000000    
  0.0000000       0.0000000       0.0000000    
  0.0000000       0.0000000       0.0000000    
  0.0000000       0.0000000       0.0000000    
  0.0000000       0.0000000       0.0000000    
  0.0000000       0.0000000       0.0000000    
  0.0000000       0.0000000       0.0000000    
  0.0000000       0.0000000       0.0000000    
  0.0000000       0.0000000       0.0000000    
  0.0000000       0.0000000       0.0000000    
  0.0000000       0.0000000       0.0000000    
  0.0000000       0.0000000       0.0000000    
  0.0000000       0.0000000       0.0000000    
  0.0000000       0.0000000       0.0000000    
  0.0000000       0.0000000       0.0000000    
  0.0000000       0.0000000       0.0000000    
  0.0000000       0.0000000       0.0000000    
  0.0000000       0.0000000       0.0000000    
  0.0000000       0.0000000       0.0000000    
  0.0000000       0.0000000       0.0000000    
  0.0000000       0.0000000       0.0000000    
  0.0000000       0.0000000       0.0000000    
  0.0000000       0.0000000       0.0000000    
  0.0000000       0.0000000       0.0000000    
  0.0000000       0.0000000       0.0000000    
  0.0000000       0.0000000       0.0000000    
  0.0000000       0.0000000       0.0000000    
  0.0000000       0.0000000       0.0000000    
  0.0000000       0.0000000       0.0000000    
  0.0000000       0.0000000       0.0000000    
  0.0000000       0.0000000       0.0000000    
  0.0000000       0.0000000       0.0000000    
  0.0000000       0.0000000       0.0000000    
  0.0000000       0.0000000       0.0000000    
  0.0000000       0.0000000       0.0000000    
  0.0000000       0.0000000       0.0000000    
  0.0000000       0.0000000       0.0000000    
  0.0000000       0.0000000       0.0000000    
  0.0000000       0.0000000       0.0000000    
  0.0000000       0.0000000       0.0000000    
  0.0000000       0.0000000       0.0000000    
  0.0000000       0.0000000       0.0000000    
  0.0000000       0.0000000       0.0000000    
  0.0000000       0.0000000       0.0000000    
  0.0000000       0.0000000       0.0000000    
  0.0000000       0.0000000       0.0000000    
  0.0000000       0.0000000       0.0000000    
  0.0000000       0.0000000       0.0000000    
  0.0000000       0.0000000       0.0000000    
  0.0000000       0.0000000       0.0000000    
  0.0000000       0.0000000       0.0000000    
  0.0000000       0.0000000       0.0000000    
  0.0000000       0.0000000       0.0000000    
  0.0000000       0.0000000       0.0000000    
  0.0000000       0.0000000       0.0000000    
 0.69605196E-02   3.6391308     -0.91304755    
 0.16546676E-01   3.6391275     -0.91514498    
 0.26395075E-01   3.6391225     -0.91709179    
 0.37043210E-01   3.6391129     -0.91876864    
 0.48460782E-01   3.6391008     -0.92019558    
 0.60069654E-01   3.6390886     -0.92151642    
 0.71471639E-01   3.6390748     -0.92310476    
 0.82581170E-01   3.6390550     -0.92475247    
 0.93570568E-01   3.6395438     -0.92629063    
 0.10451882       3.6405449     -0.92801166    
 0.11544673       3.6415472     -0.92982751    
  0.0000000       0.0000000       0.0000000    
  0.0000000       0.0000000       0.0000000    
  0.0000000       0.0000000       0.0000000    
  0.0000000       0.0000000       0.0000000    
  0.0000000       0.0000000       0.0000000    
  0.0000000       0.0000000       0.0000000    
  0.0000000       0.0000000       0.0000000    
  0.0000000       0.0000000       0.0000000    
  0.0000000       0.0000000       0.0000000    
  0.0000000       0.0000000       0.0000000    
  0.0000000       0.0000000       0.0000000    
  0.0000000       0.0000000       0.0000000    
  0.0000000       0.0000000       0.0000000    
  0.0000000       0.0000000       0.0000000    
  0.0000000       0.0000000       0.0000000    
  0.0000000       0.0000000       0.0000000    
  0.0000000       0.0000000       0.0000000    
  0.0000000       0.0000000       0.0000000    
  0.0000000       0.0000000       0.0000000    
  0.0000000       0.0000000       0.0000000    
  0.0000000       0.0000000       0.0000000    
  0.0000000       0.0000000       0.0000000    
  0.0000000       0.0000000       0.0000000    
  0.0000000       0.0000000       0.0000000    
  0.0000000       0.0000000       0.0000000    
  0.0000000       0.0000000       0.0000000    
  0.0000000       0.0000000       0.0000000    
  0.0000000       0.0000000       0.0000000    
  0.0000000       0.0000000       0.0000000    
  0.0000000       0.0000000       0.0000000    
  0.0000000       0.0000000       0.0000000    
  0.0000000       0.0000000       0.0000000    
  0.0000000       0.0000000       0.0000000    
  0.0000000       0.0000000       0.0000000    
  0.0000000       0.0000000       0.0000000    
  0.0000000       0.0000000       0.0000000    
  0.0000000       0.0000000       0.0000000    
  0.0000000       0.0000000       0.0000000    
  0.0000000       0.0000000       0.0000000    
  0.0000000       0.0000000       0.0000000    
  0.0000000       0.0000000       0.0000000    
  0.0000000       0.0000000       0.0000000    
  0.0000000       0.0000000       0.0000000    
  0.0000000       0.0000000       0.0000000    
  0.0000000       0.0000000       0.0000000    
  0.0000000       0.0000000       0.0000000    
  0.0000000       0.0000000       0.0000000    
  0.0000000       0.0000000       0.0000000    
  0.0000000       0.0000000       0.0000000    
  0.0000000       0.0000000       0.0000000    
  0.0000000       0.0000000       0.0000000    
  0.0000000       0.0000000       0.0000000    
  0.0000000       0.0000000       0.0000000    
  0.0000000       0.0000000       0.0000000    
  0.0000000       0.0000000       0.0000000    
  0.0000000       0.0000000       0.0000000    
  0.0000000       0.0000000       0.0000000    
  0.0000000       0.0000000       0.0000000    
  0.0000000       0.0000000       0.0000000    
  0.0000000       0.0000000       0.0000000    
  0.0000000       0.0000000       0.0000000    
  0.0000000       0.0000000       0.0000000    
  0.0000000       0.0000000       0.0000000    
  0.0000000       0.0000000       0.0000000    
  0.0000000       0.0000000       0.0000000    
  0.0000000       0.0000000       0.0000000    
  0.0000000       0.0000000       0.0000000    
  0.0000000       0.0000000       0.0000000    
  0.0000000       0.0000000       0.0000000    
  0.0000000       0.0000000       0.0000000    
  0.0000000       0.0000000       0.0000000    
  0.0000000       0.0000000       0.0000000    
  0.0000000       0.0000000       0.0000000    
  0.0000000       0.0000000       0.0000000    
  0.0000000       0.0000000       0.0000000    
  0.0000000       0.0000000       0.0000000    
  0.0000000       0.0000000       0.0000000    
  0.0000000       0.0000000       0.0000000    
  0.0000000       0.0000000       0.0000000    
  0.0000000       0.0000000       0.0000000    
  0.0000000       0.0000000       0.0000000    
  0.0000000       0.0000000       0.0000000    
  0.0000000       0.0000000       0.0000000    
  0.0000000       0.0000000       0.0000000    
  0.0000000       0.0000000       0.0000000    
  0.0000000       0.0000000       0.0000000    
  0.0000000       0.0000000       0.0000000    
  0.0000000       0.0000000       0.0000000    
  0.0000000       0.0000000       0.0000000    
  0.0000000       0.0000000       0.0000000    
  0.0000000       0.0000000       0.0000000    
  0.0000000       0.0000000       0.0000000    
  0.0000000       0.0000000       0.0000000    
  0.0000000       0.0000000       0.0000000    
  0.0000000       0.0000000       0.0000000    
  0.0000000       0.0000000       0.0000000    
  0.0000000       0.0000000       0.0000000    
  0.0000000       0.0000000       0.0000000    
  0.0000000       0.0000000       0.0000000    
  0.0000000       0.0000000       0.0000000    
  0.0000000       0.0000000       0.0000000    
  0.0000000       0.0000000       0.0000000    
  0.0000000       0.0000000       0.0000000    
 0.66630119       4.2009726      -1.0354844    
 0.66136515       4.2152281      -1.0334673    
 0.65615267       4.2299995      -1.0308774    
 0.65062320       4.2452931      -1.0274289    
 0.64417017       4.2606978      -1.0235844    
 0.63775754       4.2762146      -1.0191276    
 0.63175964       4.2918434      -1.0143116    
 0.62522155       4.3075886      -1.0096766    
 0.61777890       4.3237410      -1.0038900    
 0.60999256       4.3403068     -0.99735546    
 0.60199642       4.3569989     -0.99111259    
 0.59388709       4.3738184     -0.98504740    
 0.58546734       4.3907666     -0.97882128    
 0.57631052       4.4078474     -0.97197372    
 0.56707704       4.4253273     -0.96443880    
 0.55788720       4.4432125     -0.95623899    
 0.54833889       4.4612408     -0.94745445    
 0.53870165       4.4794159     -0.93857127    
 0.52851295       4.4977417     -0.92991465    
 0.51781750       4.5162153     -0.92102170    
 0.51030475       4.5296803     -0.91422021    
 0.50587833       4.5380812     -0.90980077    
 0.50126779       4.5465145     -0.90528214    
 0.49645185       4.5549822     -0.90067101    
 0.49150255       4.5634828     -0.89600009    
 0.48654014       4.5720148     -0.89125776    
 0.48101211       4.5818653     -0.88560855    
 0.47507763       4.5930433     -0.87894928    
 0.46936011       4.6042724     -0.87209570    
 0.46350914       4.6155567     -0.86528593    
 0.45714283       4.6269002     -0.85876256    
 0.45015496       4.6383033     -0.85262430    
 0.43992826       4.6544957     -0.84384465    
 0.42623296       4.6755376     -0.83183700    
 0.41210574       4.6967645     -0.81950384    
 0.39924815       4.7181811     -0.80752325    
 0.38853028       4.7397938     -0.79604876    
 0.37843335       4.7616053     -0.78466344    
 0.36654329       4.7838798     -0.77092946    
 0.35307691       4.8066263     -0.75508451    
 0.33971837       4.8295927     -0.74009854    
 0.32605129       4.8527808     -0.72574770    
 0.31181064       4.8761840     -0.71113706    
 0.29749328       4.8998046     -0.69648236    
 0.28694895       4.9177246     -0.68533176    
 0.28022283       4.9298611     -0.67765784    
 0.27346227       4.9420571     -0.67013574    
 0.26651812       4.9543180     -0.66266328    
 0.25923175       4.9666429     -0.65525520    
 0.25144836       4.9790268     -0.64822507    
 0.24317375       4.9916449     -0.64143181    
 0.23467021       5.0045013     -0.63458937    
 0.22607931       5.0174241     -0.62780857    
 0.21738699       5.0304136     -0.62108970    
 0.20876598       5.0434704     -0.61418509    
 0.20044038       5.0565958     -0.60686469    
 0.18896592       5.0765047     -0.59490979    
 0.17409457       5.1033025     -0.57882541    
 0.15910265       5.1303768     -0.55949962    
 0.14398827       5.1577258     -0.53875822    
 0.12901482       5.1853652     -0.52346897    
 0.11356629       5.2133055     -0.50998640    
 0.10142577       5.2338157     -0.49836248    
 0.93300134E-01   5.2467766     -0.49000967    
 0.84942982E-01   5.2598000     -0.48092103    
 0.76446891E-01   5.2728863     -0.47100368    
 0.69101758E-01   5.2860365     -0.46156788    
 0.63247591E-01   5.2992520     -0.45335072    
 0.56300759E-01   5.3141251     -0.44454491    
 0.46854675E-01   5.3306746     -0.43470025    
 0.36318973E-01   5.3473263     -0.42505282    
 0.25562873E-01   5.3640828     -0.41552562    
 0.14750280E-01   5.3809433     -0.40589067    
 0.43913629E-02   5.3979077     -0.39573050    
-0.86343987E-02   5.4221563     -0.37994623    
-0.25959428E-01   5.4538212     -0.36053336    
-0.44893421E-01   5.4858541     -0.34387273    
-0.63839950E-01   5.5182629     -0.32695767    
-0.82785375E-01   5.5510535     -0.30799383    
-0.10069329       5.5842314     -0.28859168    
-0.11547661       5.6172543     -0.26891229    
-0.12924659       5.6501179     -0.24876699    
-0.14606786       5.6833653     -0.22852194    
  0.0000000       0.0000000       0.0000000    
  0.0000000       0.0000000       0.0000000    
  0.0000000       0.0000000       0.0000000    
  0.0000000       0.0000000       0.0000000    
  0.0000000       0.0000000       0.0000000    
  0.0000000       0.0000000       0.0000000    
  0.0000000       0.0000000       0.0000000    
  0.0000000       0.0000000       0.0000000    
  0.0000000       0.0000000       0.0000000    
  0.0000000       0.0000000       0.0000000    
  0.0000000       0.0000000       0.0000000    
  0.0000000       0.0000000       0.0000000    
  0.0000000       0.0000000       0.0000000    
  0.0000000       0.0000000       0.0000000    
  0.0000000       0.0000000       0.0000000    
  0.0000000       0.0000000       0.0000000    
  0.0000000       0.0000000       0.0000000    
  0.0000000       0.0000000       0.0000000    
  0.0000000       0.0000000       0.0000000    
  0.0000000       0.0000000       0.0000000    
  0.0000000       0.0000000       0.0000000    
  0.0000000       0.0000000       0.0000000    
-0.27073416       6.3948884      0.18755554    
-0.27033636       6.4170494      0.19879219    
-0.27007705       6.4393659      0.21008247    
-0.26988435       6.4618392      0.22143054    
-0.26970547       6.4844699      0.23275675    
-0.26721981       6.5130930      0.24799073    
-0.26237226       6.5478129      0.26727423    
-0.25851658       6.5829043      0.28643614    
-0.25654843       6.6183739      0.30537403    
-0.25447986       6.6542263      0.32359311    
-0.24936801       6.6904659      0.34029680    
-0.24099661       6.7228589      0.35620052    
-0.23215435       6.7513289      0.37259078    
-0.22564323       6.7800422      0.39002848    
-0.21931200       6.8089995      0.40807623    
-0.21342158       6.8382053      0.42606694    
-0.21000314       6.8676648      0.44515410    
-0.20671494       6.8890371      0.46059442    
-0.20281255       6.9022236      0.47090650    
-0.19847362       6.9154611      0.48071647    
-0.19378999       6.9287491      0.48959967    
-0.18910298       6.9420896      0.49790090    
-0.18466464       6.9554806      0.50699615    
-0.18053916       6.9689221      0.51710844    
-0.17651840       6.9824162      0.52771020    
-0.17248759       6.9959631      0.53854996    
-0.16833746       7.0095625      0.54940605    
-0.16412936       7.0232172      0.56026095    
-0.16032346       7.0369282      0.57126939    
-0.15600933       7.0485148      0.58206040    
-0.15077978       7.0579610      0.59252828    
-0.14548449       7.0674300      0.60295737    
-0.14022419       7.0769243      0.61332011    
-0.13503216       7.0864434      0.62364060    
-0.13014680       7.0959892      0.63399351    
-0.12450181       7.1103692      0.65025115    
-0.11781745       7.1296225      0.67241204    
-0.11122901       7.1489773      0.69478744    
-0.10508987       7.1613712      0.71248221    
-0.99141657E-01   7.1667604      0.72558713    
-0.92989311E-01   7.1721621      0.73905587    
-0.86790703E-01   7.1775727      0.75258315    
-0.80541261E-01   7.1829910      0.76609880    
-0.74327119E-01   7.1884174      0.77958918    
-0.69146648E-01   7.1932201      0.79133391    
-0.64931892E-01   7.1974015      0.80148232    
-0.60621116E-01   7.2015915      0.81195205    
-0.56123421E-01   7.2057900      0.82272911    
-0.51614709E-01   7.2099938      0.83352137    
-0.47159877E-01   7.2142019      0.84423906    
-0.39957508E-01   7.2183824      0.85954487    
-0.30301334E-01   7.2225332      0.87934124    
-0.21401651E-01   7.2266903      0.89900488    
-0.13192413E-01   7.2308583      0.91895449    
-0.51303245E-02   7.2350330      0.93916023    
 0.29962268E-02   7.2392125      0.95929617    
 0.11586774E-01   7.2433004      0.97944081    
 0.19667979E-01   7.2472963       1.0002650    
  0.0000000       0.0000000       0.0000000    
  0.0000000       0.0000000       0.0000000    
  0.0000000       0.0000000       0.0000000    
  0.0000000       0.0000000       0.0000000    
  0.0000000       0.0000000       0.0000000    
  0.0000000       0.0000000       0.0000000    
  0.0000000       0.0000000       0.0000000    
  0.0000000       0.0000000       0.0000000    
  0.0000000       0.0000000       0.0000000    
  0.0000000       0.0000000       0.0000000    
  0.0000000       0.0000000       0.0000000    
 0.71230747E-01   7.2804461       1.1725891    
  0.0000000       0.0000000       0.0000000    
  0.0000000       0.0000000       0.0000000    
 0.78724183E-01   7.2865119       1.2038376    
 0.80973908E-01   7.2885389       1.2144945    
  0.0000000       0.0000000       0.0000000    
  0.0000000       0.0000000       0.0000000    
  0.0000000       0.0000000       0.0000000    
  0.0000000       0.0000000       0.0000000    
  0.0000000       0.0000000       0.0000000    
  0.0000000       0.0000000       0.0000000    
  0.0000000       0.0000000       0.0000000    
  0.0000000       0.0000000       0.0000000    
  0.0000000       0.0000000       0.0000000    
  0.0000000       0.0000000       0.0000000    
  0.0000000       0.0000000       0.0000000    
  0.0000000       0.0000000       0.0000000    
  0.0000000       0.0000000       0.0000000    
  0.0000000       0.0000000       0.0000000    
  0.0000000       0.0000000       0.0000000    
  0.0000000       0.0000000       0.0000000    
  0.0000000       0.0000000       0.0000000    
  0.0000000       0.0000000       0.0000000    
  0.0000000       0.0000000       0.0000000    
  0.0000000       0.0000000       0.0000000    
  0.0000000       0.0000000       0.0000000    
  0.0000000       0.0000000       0.0000000    
  0.0000000       0.0000000       0.0000000    
  0.0000000       0.0000000       0.0000000    
  0.0000000       0.0000000       0.0000000    
  0.0000000       0.0000000       0.0000000    
  0.0000000       0.0000000       0.0000000    
  0.0000000       0.0000000       0.0000000    
  0.0000000       0.0000000       0.0000000    
  0.0000000       0.0000000       0.0000000    
  0.0000000       0.0000000       0.0000000    
  0.0000000       0.0000000       0.0000000    
  0.0000000       0.0000000       0.0000000    
  0.0000000       0.0000000       0.0000000    
  0.0000000       0.0000000       0.0000000    
 0.10354306       7.3884344       1.6502910    
 0.10285713       7.3915572       1.6599426    
  0.0000000       0.0000000       0.0000000    
 0.99815592E-01   7.3999000       1.6857045    
  0.0000000       0.0000000       0.0000000    
  0.0000000       0.0000000       0.0000000    
 0.89525655E-01   7.4124379       1.7195630    
 0.84524520E-01   7.4167304       1.7305789    
 0.79076685E-01   7.4211287       1.7415560    
 0.74396655E-01   7.4255295       1.7513783    
 0.69699086E-01   7.4299374       1.7605104    
 0.63273266E-01   7.4343514       1.7695541    
 0.57429764E-01   7.4387655       1.7769327    
 0.54305613E-01   7.4420619       1.7813734    
 0.52094255E-01   7.4442439       1.7844895    
 0.49869202E-01   7.4464269       1.7876089    
 0.47667760E-01   7.4486108       1.7907277    
 0.45357928E-01   7.4507971       1.7939559    
 0.42768102E-01   7.4529853       1.7970428    
 0.39870113E-01   7.4550958       1.7994810    
 0.36776289E-01   7.4571285       1.8013608    
 0.33676308E-01   7.4591618       1.8032126    
 0.30727956E-01   7.4611959       1.8052497    
 0.27893040E-01   7.4632320       1.8074265    
 0.25001882E-01   7.4652696       1.8095639    
 0.19859513E-01   7.4684033       1.8120656    
 0.12443431E-01   7.4726357       1.8149441    
 0.50147511E-02   7.4768715       1.8174535    
-0.23432560E-02   7.4811106       1.8193548    
-0.94777895E-02   7.4853530       1.8204143    
-0.16247362E-01   7.4895992       1.8209113    
-0.23182187E-01   7.4917231       1.8217349    
-0.30388216E-01   7.4917173       1.8225300    
-0.36925390E-01   7.4917068       1.8209291    
-0.42296492E-01   7.4916945       1.8167596    
-0.47316898E-01   7.4916854       1.8131930    
-0.52234057E-01   7.4916787       1.8106763    
-0.57389662E-01   7.4916687       1.8076613    
-0.64411268E-01   7.4916515       1.8036509    
-0.73151328E-01   7.4916320       1.8002779    
-0.82296446E-01   7.4916134       1.7980846    
-0.89993536E-01   7.4915919       1.7922447    
-0.96443944E-01   7.4915686       1.7837312    
-0.10359532       7.4915466       1.7766329    
-0.11279817       7.4915218       1.7692926    
-0.12289770       7.4914927       1.7612839    
-0.13134126       7.4914637       1.7533472    
-0.14013506       7.4914327       1.7457720    
-0.14568265       7.4913979       1.7352788    
-0.14668378       7.4913635       1.7219045    
-0.15126939       7.4913301       1.7111872    
-0.16014741       7.4912949       1.7030811    
-0.16852427       7.4912572       1.6938475    
-0.17439525       7.4912167       1.6815953    
-0.17829154       7.4911737       1.6672477    
-0.18275920       7.4911308       1.6528671    
-0.19077288       7.4910879       1.6397868    
-0.20242490       7.4910431       1.6277819    
-0.21299225       7.4909964       1.6152034    
-0.21706566       7.4909463       1.6002756    
-0.21604192       7.4908948       1.5836060    
-0.21563807       7.4908442       1.5672437    
-0.22025257       7.4907937       1.5524498    
-0.22881903       7.4907427       1.5388771    
-0.23754919       7.4906907       1.5247734    
-0.24362600       7.4906349       1.5081217    
-0.24760103       7.4905772       1.4898050    
-0.25137925       7.4905210       1.4720585    
-0.25467500       7.4904633       1.4538085    
-0.25797284       7.4904041       1.4342821    
-0.26093024       7.4903460       1.4147272    
-0.26119107       7.4902859       1.3966743    
-0.25864893       7.4902244       1.3800005    
-0.25774699       7.4901638       1.3629855    
-0.26158348       7.4901047       1.3459922    
-0.26843381       7.4900432       1.3296146    
-0.27373257       7.4899797       1.3124061    
-0.27479950       7.4899158       1.2934595    
-0.27320024       7.4898520       1.2737101    
-0.27232224       7.4883709       1.2595384    
-0.27301574       7.4854732       1.2509654    
-0.27431878       7.4825773       1.2424407    
-0.27601677       7.4796839       1.2339756    
-0.27795935       7.4767914       1.2256492    
-0.28010964       7.4739022       1.2174404    
-0.28259975       7.4705811       1.2079418    
-0.28458709       7.4668303       1.1968836    
-0.28500304       7.4630814       1.1853368    
-0.28430018       7.4593377       1.1734157    
-0.28332385       7.4555984       1.1614641    
-0.28257388       7.4518614       1.1498802    
-0.28186995       7.4465857       1.1343107    
-0.28147689       7.4397783       1.1144774    
-0.28216323       7.4329867       1.0947056    
-0.28279400       7.4262075       1.0745908    
-0.28338900       7.4194384       1.0547780    
-0.28455138       7.4126811       1.0363553    
-0.28393835       7.4060364       1.0182462    
-0.28132576       7.3995080       1.0000116    
-0.27954262       7.3929925      0.98139632    
-0.27873585       7.3864880      0.96204275    
-0.27646005       7.3799973      0.94274473    
-0.27309349       7.3735161      0.92317259    
-0.27095005       7.3683910      0.90748703    
-0.27022758       7.3646207      0.89615810    
-0.26976696       7.3608551      0.88501453    
-0.26864362       7.3570929      0.87422115    
-0.26703835       7.3533340      0.86354542    
-0.26550040       7.3495789      0.85280550    
-0.26402822       7.3462610      0.84355617    
-0.26245919       7.3433781      0.83593458    
-0.26087964       7.3404975      0.82837892    
-0.25955161       7.3376184      0.82056874    
-0.25852141       7.3347416      0.81248093    
-0.25766549       7.3318682      0.80434334    
-0.25590295       7.3272347      0.79194587    
-0.25248158       7.3208456      0.77548289    
-0.24829522       7.3144684      0.75906003    
-0.24458975       7.3081026      0.74225277    
-0.24068998       7.3017488      0.72555447    
-0.23543514       7.2954063      0.70907909    
-0.23133825       7.2906046      0.69636202    
-0.22915019       7.2873397      0.68762922    
-0.22724512       7.2840791      0.67925811    
-0.22566113       7.2808223      0.67120588    
-0.22419484       7.2775688      0.66320914    
-0.22239865       7.2743173      0.65491021    
-0.22012669       7.2710681      0.64641869    
-0.21768434       7.2678223      0.63843524    
-0.21530047       7.2645798      0.63120204    
-0.21291789       7.2613411      0.62417483    
-0.21046950       7.2581058      0.61695182    
-0.20801623       7.2548733      0.60960174    
-0.20438454       7.2501307      0.59860390    
-0.19925220       7.2438817      0.58376765    
-0.19373523       7.2376456      0.56835347    
-0.18829279       7.2314200      0.55292916    
-0.18326582       7.2252049      0.53848231    
-0.17817247       7.2190027      0.52468860    
-0.17410089       7.2145162      0.51478899    
-0.17134251       7.2117395      0.50875843    
  0.0000000       0.0000000       0.0000000    
  0.0000000       0.0000000       0.0000000    
  0.0000000       0.0000000       0.0000000    
  0.0000000       0.0000000       0.0000000    
  0.0000000       0.0000000       0.0000000    
  0.0000000       0.0000000       0.0000000    
  0.0000000       0.0000000       0.0000000    
  0.0000000       0.0000000       0.0000000    
  0.0000000       0.0000000       0.0000000    
  0.0000000       0.0000000       0.0000000    
  0.0000000       0.0000000       0.0000000    
  0.0000000       0.0000000       0.0000000    
  0.0000000       0.0000000       0.0000000    
  0.0000000       0.0000000       0.0000000    
  0.0000000       0.0000000       0.0000000    
  0.0000000       0.0000000       0.0000000    
  0.0000000       0.0000000       0.0000000    
  0.0000000       0.0000000       0.0000000    
  0.0000000       0.0000000       0.0000000    
  0.0000000       0.0000000       0.0000000    
  0.0000000       0.0000000       0.0000000    
  0.0000000       0.0000000       0.0000000    
  0.0000000       0.0000000       0.0000000    
  0.0000000       0.0000000       0.0000000    
  0.0000000       0.0000000       0.0000000    
  0.0000000       0.0000000       0.0000000    
-0.43667290E-01   7.0772157      0.26088893    
-0.37628412E-01   7.0712900      0.25219172    
-0.31859182E-01   7.0652800      0.24293379    
-0.26165448E-01   7.0591879      0.23409274    
-0.20132674E-01   7.0531063      0.22607180    
  0.0000000       0.0000000       0.0000000    
  0.0000000       0.0000000       0.0000000    
  0.0000000       0.0000000       0.0000000    
  0.0000000       0.0000000       0.0000000    
  0.0000000       0.0000000       0.0000000    
  0.0000000       0.0000000       0.0000000    
  0.0000000       0.0000000       0.0000000    
  0.0000000       0.0000000       0.0000000    
  0.0000000       0.0000000       0.0000000    
  0.0000000       0.0000000       0.0000000    
  0.0000000       0.0000000       0.0000000    
  0.0000000       0.0000000       0.0000000    
  0.0000000       0.0000000       0.0000000    
  0.0000000       0.0000000       0.0000000    
  0.0000000       0.0000000       0.0000000    
  0.0000000       0.0000000       0.0000000    
  0.0000000       0.0000000       0.0000000    
  0.0000000       0.0000000       0.0000000    
  0.0000000       0.0000000       0.0000000    
  0.0000000       0.0000000       0.0000000    
  0.0000000       0.0000000       0.0000000    
  0.0000000       0.0000000       0.0000000    
  0.0000000       0.0000000       0.0000000    
  0.0000000       0.0000000       0.0000000    
  0.0000000       0.0000000       0.0000000    
  0.0000000       0.0000000       0.0000000    
  0.0000000       0.0000000       0.0000000    
  0.0000000       0.0000000       0.0000000    
  0.0000000       0.0000000       0.0000000    
  0.0000000       0.0000000       0.0000000    
  0.0000000       0.0000000       0.0000000    
  0.0000000       0.0000000       0.0000000    
  0.0000000       0.0000000       0.0000000    
  0.0000000       0.0000000       0.0000000    
  0.0000000       0.0000000       0.0000000    
  0.0000000       0.0000000       0.0000000    
  0.0000000       0.0000000       0.0000000    
  0.0000000       0.0000000       0.0000000    
  0.0000000       0.0000000       0.0000000    
  0.0000000       0.0000000       0.0000000    
  0.0000000       0.0000000       0.0000000    
  0.0000000       0.0000000       0.0000000    
  0.0000000       0.0000000       0.0000000    
  0.0000000       0.0000000       0.0000000    
  0.0000000       0.0000000       0.0000000    
  0.0000000       0.0000000       0.0000000    
  0.0000000       0.0000000       0.0000000    
  0.0000000       0.0000000       0.0000000    
  0.0000000       0.0000000       0.0000000    
  0.0000000       0.0000000       0.0000000    
  0.0000000       0.0000000       0.0000000    
  0.0000000       0.0000000       0.0000000    
  0.0000000       0.0000000       0.0000000    
  0.0000000       0.0000000       0.0000000    
  0.0000000       0.0000000       0.0000000    
  0.0000000       0.0000000       0.0000000    
  0.0000000       0.0000000       0.0000000    
  0.0000000       0.0000000       0.0000000    
  0.0000000       0.0000000       0.0000000    
  0.0000000       0.0000000       0.0000000    
  0.0000000       0.0000000       0.0000000    
  0.0000000       0.0000000       0.0000000    
  0.0000000       0.0000000       0.0000000    
  0.0000000       0.0000000       0.0000000    
  0.0000000       0.0000000       0.0000000    
  0.0000000       0.0000000       0.0000000    
  0.0000000       0.0000000       0.0000000    
  0.0000000       0.0000000       0.0000000    
 0.19464789       6.6231980     -0.74595399E-01
  0.0000000       0.0000000       0.0000000    
  0.0000000       0.0000000       0.0000000    
  0.0000000       0.0000000       0.0000000    
  0.0000000       0.0000000       0.0000000    
  0.0000000       0.0000000       0.0000000    
  0.0000000       0.0000000       0.0000000    
  0.0000000       0.0000000       0.0000000    
  0.0000000       0.0000000       0.0000000    
  0.0000000       0.0000000       0.0000000    
  0.0000000       0.0000000       0.0000000    
  0.0000000       0.0000000       0.0000000    
  0.0000000       0.0000000       0.0000000    
  0.0000000       0.0000000       0.0000000    
  0.0000000       0.0000000       0.0000000    
  0.0000000       0.0000000       0.0000000    
  0.0000000       0.0000000       0.0000000    
  0.0000000       0.0000000       0.0000000    
  0.0000000       0.0000000       0.0000000    
  0.0000000       0.0000000       0.0000000    
  0.0000000       0.0000000       0.0000000    
  0.0000000       0.0000000       0.0000000    
  0.0000000       0.0000000       0.0000000    
  0.0000000       0.0000000       0.0000000    
  0.0000000       0.0000000       0.0000000    
  0.0000000       0.0000000       0.0000000    
  0.0000000       0.0000000       0.0000000    
  0.0000000       0.0000000       0.0000000    
  0.0000000       0.0000000       0.0000000    
  0.0000000       0.0000000       0.0000000    
  0.0000000       0.0000000       0.0000000    
  0.0000000       0.0000000       0.0000000    
  0.0000000       0.0000000       0.0000000    
  0.0000000       0.0000000       0.0000000    
  0.0000000       0.0000000       0.0000000    
  0.0000000       0.0000000       0.0000000    
  0.0000000       0.0000000       0.0000000    
  0.0000000       0.0000000       0.0000000    
  0.0000000       0.0000000       0.0000000    
 0.10358505       5.7821765     -0.24232519    
 0.10123356       5.7649374     -0.24509320    
 0.98821595E-01   5.7478004     -0.24787623    
 0.96288010E-01   5.7307649     -0.25063491    
 0.93373388E-01   5.7122502     -0.25364792    
 0.90373680E-01   5.6922770     -0.25747043    
 0.87763920E-01   5.6724415     -0.26212463    
 0.85340172E-01   5.6527414     -0.26679474    
 0.82870796E-01   5.6331754     -0.27085102    
 0.80359638E-01   5.6137447     -0.27462435    
 0.77809393E-01   5.5940528     -0.27850264    
 0.75230762E-01   5.5741043     -0.28242901    
 0.72705872E-01   5.5542970     -0.28623980    
 0.70289373E-01   5.5346289     -0.28990871    
 0.67904145E-01   5.5150986     -0.29353881    
 0.65397844E-01   5.4957032     -0.29721171    
 0.63078120E-01   5.4786515     -0.30044472    
 0.61029889E-01   5.4639158     -0.30320320    
 0.58969110E-01   5.4492588     -0.30593580    
 0.56888271E-01   5.4346809     -0.30868572    
 0.54817148E-01   5.4201803     -0.31143427    
 0.52828897E-01   5.4057555     -0.31407470    
 0.50675601E-01   5.3892651     -0.31689566    
 0.48263699E-01   5.3707352     -0.31997132    
 0.45836944E-01   5.3523326     -0.32306716    
 0.43503180E-01   5.3340559     -0.32621771    
 0.41273117E-01   5.3159037     -0.32939586    
 0.39124899E-01   5.2978745     -0.33255014    
 0.37303440E-01   5.2820187     -0.33525813    
 0.35745613E-01   5.2683115     -0.33750671    
  0.0000000       0.0000000       0.0000000    
  0.0000000       0.0000000       0.0000000    
  0.0000000       0.0000000       0.0000000    
  0.0000000       0.0000000       0.0000000    
  0.0000000       0.0000000       0.0000000    
  0.0000000       0.0000000       0.0000000    
  0.0000000       0.0000000       0.0000000    
  0.0000000       0.0000000       0.0000000    
  0.0000000       0.0000000       0.0000000    
  0.0000000       0.0000000       0.0000000    
  0.0000000       0.0000000       0.0000000    
  0.0000000       0.0000000       0.0000000    
  0.0000000       0.0000000       0.0000000    
  0.0000000       0.0000000       0.0000000    
  0.0000000       0.0000000       0.0000000    
  0.0000000       0.0000000       0.0000000    
  0.0000000       0.0000000       0.0000000    
  0.0000000       0.0000000       0.0000000    
  0.0000000       0.0000000       0.0000000    
  0.0000000       0.0000000       0.0000000    
  0.0000000       0.0000000       0.0000000    
  0.0000000       0.0000000       0.0000000    
  0.0000000       0.0000000       0.0000000    
  0.0000000       0.0000000       0.0000000    
  0.0000000       0.0000000       0.0000000    
  0.0000000       0.0000000       0.0000000    
  0.0000000       0.0000000       0.0000000    
  0.0000000       0.0000000       0.0000000    
-0.22176074E-01   5.2523689     -0.27534643    
-0.28349256E-01   5.2226701     -0.27791628    
-0.34463737E-01   5.1933045     -0.28057432    
-0.40920831E-01   5.1642671     -0.28333545    
-0.47417872E-01   5.1355505     -0.28615564    
-0.53366818E-01   5.1071510     -0.28893030    
-0.59134755E-01   5.0845261     -0.29009116    
-0.64821437E-01   5.0675769     -0.28959018    
-0.70405349E-01   5.0507417     -0.28901237    
-0.75945780E-01   5.0340185     -0.28867865    
  0.0000000       0.0000000       0.0000000    
  0.0000000       0.0000000       0.0000000    
VECTORS normal float
  0.0000000       0.0000000       0.0000000    
  0.0000000       0.0000000       0.0000000    
  0.0000000       0.0000000       0.0000000    
  0.0000000       0.0000000       0.0000000    
  0.0000000       0.0000000       0.0000000    
-0.80770636       0.0000000      0.58958495    
  0.0000000       0.0000000       0.0000000    
  0.0000000       0.0000000       0.0000000    
  0.0000000       0.0000000       0.0000000    
  0.0000000       0.0000000       0.0000000    
  0.0000000       0.0000000       0.0000000    
  0.0000000       0.0000000       0.0000000    
  0.0000000       0.0000000       0.0000000    
  0.0000000       0.0000000       0.0000000    
  0.0000000       0.0000000       0.0000000    
  0.0000000       0.0000000       0.0000000    
  0.0000000       0.0000000       0.0000000    
  0.0000000       0.0000000       0.0000000    
  0.0000000       0.0000000       0.0000000    
  0.0000000       0.0000000       0.0000000    
  0.0000000       0.0000000       0.0000000    
  0.0000000       0.0000000       0.0000000    
  0.0000000       0.0000000       0.0000000    
-0.80933273       0.0000000      0.58735049    
  0.0000000       0.0000000       0.0000000    
  0.0000000       0.0000000       0.0000000    
  0.0000000       0.0000000       0.0000000    
  0.0000000       0.0000000       0.0000000    
  0.0000000       0.0000000       0.0000000    
  0.0000000       0.0000000       0.0000000    
  0.0000000       0.0000000       0.0000000    
  0.0000000       0.0000000       0.0000000    
  0.0000000       0.0000000       0.0000000    
-0.80769688       0.0000000      0.58959794    
  0.0000000       0.0000000       0.0000000    
-0.80773491       0.0000000      0.58954585    
-0.80932313       0.0000000      0.58736354    
  0.0000000       0.0000000       0.0000000    
  0.0000000       0.0000000       0.0000000    
  0.0000000       0.0000000       0.0000000    
  0.0000000       0.0000000       0.0000000    
  0.0000000       0.0000000       0.0000000    
  0.0000000       0.0000000       0.0000000    
  0.0000000       0.0000000       0.0000000    
  0.0000000       0.0000000       0.0000000    
  0.0000000       0.0000000       0.0000000    
  0.0000000       0.0000000       0.0000000    
  0.0000000       0.0000000       0.0000000    
  0.0000000       0.0000000       0.0000000    
  0.0000000       0.0000000       0.0000000    
  0.0000000       0.0000000       0.0000000    
  0.0000000       0.0000000       0.0000000    
  0.0000000       0.0000000       0.0000000    
  0.0000000       0.0000000       0.0000000    
  0.0000000       0.0000000       0.0000000    
  0.0000000       0.0000000       0.0000000    
  0.0000000       0.0000000       0.0000000    
  0.0000000       0.0000000       0.0000000    
  0.0000000       0.0000000       0.0000000    
  0.0000000       0.0000000       0.0000000    
  0.0000000       0.0000000       0.0000000    
  0.0000000       0.0000000       0.0000000    
  0.0000000       0.0000000       0.0000000    
  0.0000000       0.0000000       0.0000000    
  0.0000000       0.0000000       0.0000000    
  0.0000000       0.0000000       0.0000000    
  0.0000000       0.0000000       0.0000000    
  0.0000000       0.0000000       0.0000000    
  0.0000000       0.0000000       0.0000000    
  0.0000000       0.0000000       0.0000000    
  0.0000000       0.0000000       0.0000000    
  0.0000000       0.0000000       0.0000000    
  0.0000000       0.0000000       0.0000000    
  0.0000000       0.0000000       0.0000000    
  0.0000000       0.0000000       0.0000000    
  0.0000000       0.0000000       0.0000000    
  0.0000000       0.0000000       0.0000000    
  0.0000000       0.0000000       0.0000000    
  0.0000000       0.0000000       0.0000000    
  0.0000000       0.0000000       0.0000000    
  0.0000000       0.0000000       0.0000000    
  0.0000000       0.0000000       0.0000000    
  0.0000000       0.0000000       0.0000000    
  0.0000000       0.0000000       0.0000000    
  0.0000000       0.0000000       0.0000000    
  0.0000000       0.0000000       0.0000000    
  0.0000000       0.0000000       0.0000000    
  0.0000000       0.0000000       0.0000000    
  0.0000000       0.0000000       0.0000000    
  0.0000000       0.0000000       0.0000000    
  0.0000000       0.0000000       0.0000000    
  0.0000000       0.0000000       0.0000000    
  0.0000000       0.0000000       0.0000000    
  0.0000000       0.0000000       0.0000000    
  0.0000000       0.0000000       0.0000000    
  0.0000000       0.0000000       0.0000000    
  0.0000000       0.0000000       0.0000000    
  0.0000000       0.0000000       0.0000000    
  0.0000000       0.0000000       0.0000000    
  0.0000000       0.0000000       0.0000000    
  0.0000000       0.0000000       0.0000000    
  0.0000000       0.0000000       0.0000000    
  0.0000000       0.0000000       0.0000000    
  0.0000000       0.0000000       0.0000000    
  0.0000000       0.0000000       0.0000000    
  0.0000000       0.0000000       0.0000000    
  0.0000000       0.0000000       0.0000000    
  0.0000000       0.0000000       0.0000000    
  0.0000000       0.0000000       0.0000000    
  0.0000000       0.0000000       0.0000000    
  0.0000000       0.0000000       0.0000000    
  0.0000000       0.0000000       0.0000000    
  0.0000000       0.0000000       0.0000000    
  0.0000000       0.0000000       0.0000000    
  0.0000000       0.0000000       0.0000000    
  0.0000000       0.0000000       0.0000000    
  0.0000000       0.0000000       0.0000000    
  0.0000000       0.0000000       0.0000000    
  0.0000000       0.0000000       0.0000000    
  0.0000000       0.0000000       0.0000000    
  0.0000000       0.0000000       0.0000000    
-0.86167300       0.0000000      0.50746399    
  0.0000000       0.0000000       0.0000000    
  0.0000000       0.0000000       0.0000000    
  0.0000000       0.0000000       0.0000000    
  0.0000000       0.0000000       0.0000000    
  0.0000000       0.0000000       0.0000000    
  0.0000000       0.0000000       0.0000000    
  0.0000000       0.0000000       0.0000000    
  0.0000000       0.0000000       0.0000000    
  0.0000000       0.0000000       0.0000000    
  0.0000000       0.0000000       0.0000000    
  0.0000000       0.0000000       0.0000000    
  0.0000000       0.0000000       0.0000000    
  0.0000000       0.0000000       0.0000000    
  0.0000000       0.0000000       0.0000000    
  0.0000000       0.0000000       0.0000000    
  0.0000000       0.0000000       0.0000000    
  0.0000000       0.0000000       0.0000000    
  0.0000000       0.0000000       0.0000000    
  0.0000000       0.0000000       0.0000000    
  0.0000000       0.0000000       0.0000000    
  0.0000000       0.0000000       0.0000000    
  0.0000000       0.0000000       0.0000000    
  0.0000000       0.0000000       0.0000000    
  0.0000000       0.0000000       0.0000000    
  0.0000000       0.0000000       0.0000000    
  0.0000000       0.0000000       0.0000000    
  0.0000000       0.0000000       0.0000000    
  0.0000000       0.0000000       0.0000000    
  0.0000000       0.0000000       0.0000000    
  0.0000000       0.0000000       0.0000000    
  0.0000000       0.0000000       0.0000000    
  0.0000000       0.0000000       0.0000000    
  0.0000000       0.0000000       0.0000000    
  0.0000000       0.0000000       0.0000000    
  0.0000000       0.0000000       0.0000000    
  0.0000000       0.0000000       0.0000000    
  0.0000000       0.0000000       0.0000000    
  0.0000000       0.0000000       0.0000000    
  0.0000000       0.0000000       0.0000000    
  0.0000000       0.0000000       0.0000000    
  0.0000000       0.0000000       0.0000000    
  0.0000000       0.0000000       0.0000000    
  0.0000000       0.0000000       0.0000000    
  0.0000000       0.0000000       0.0000000    
  0.0000000       0.0000000       0.0000000    
  0.0000000       0.0000000       0.0000000    
  0.0000000       0.0000000       0.0000000    
  0.0000000       0.0000000       0.0000000    
  0.0000000       0.0000000       0.0000000    
  0.0000000       0.0000000       0.0000000    
  0.0000000       0.0000000       0.0000000    
  0.0000000       0.0000000       0.0000000    
  0.0000000       0.0000000       0.0000000    
  0.0000000       0.0000000       0.0000000    
  0.0000000       0.0000000       0.0000000    
  0.0000000       0.0000000       0.0000000    
  0.0000000       0.0000000       0.0000000    
  0.0000000       0.0000000       0.0000000    
  0.0000000       0.0000000       0.0000000    
  0.0000000       0.0000000       0.0000000    
  0.0000000       0.0000000       0.0000000    
  0.0000000       0.0000000       0.0000000    
  0.0000000       0.0000000       0.0000000    
  0.0000000       0.0000000       0.0000000    
  0.0000000       0.0000000       0.0000000    
  0.0000000       0.0000000       0.0000000    
  0.0000000       0.0000000       0.0000000    
  0.0000000       0.0000000       0.0000000    
  0.0000000       0.0000000       0.0000000    
  0.0000000       0.0000000       0.0000000    
  0.0000000       0.0000000       0.0000000    
  0.0000000       0.0000000       0.0000000    
  0.0000000       0.0000000       0.0000000    
  0.0000000       0.0000000       0.0000000    
  0.0000000       0.0000000       0.0000000    
  0.0000000       0.0000000       0.0000000    
  0.0000000       0.0000000       0.0000000    
  0.0000000       0.0000000       0.0000000    
  0.0000000       0.0000000       0.0000000    
  0.0000000       0.0000000       0.0000000    
 -1.0000000       0.0000000       0.0000000    
 -1.0000000       0.0000000       0.0000000    
 -1.0000000       0.0000000       0.0000000    
 -1.0000000       0.0000000       0.0000000    
 -1.0000000       0.0000000       0.0000000    
 -1.0000000       0.0000000       0.0000000    
 -1.0000000       0.0000000       0.0000000    
 -1.0000000       0.0000000       0.0000000    
-0.99782908       0.0000000     -0.65856881E-01
-0.99782914       0.0000000     -0.65856874E-01
-0.99782777       0.0000000     -0.65876082E-01
  0.0000000       0.0000000       0.0000000    
  0.0000000       0.0000000       0.0000000    
  0.0000000       0.0000000       0.0000000    
  0.0000000       0.0000000       0.0000000    
  0.0000000       0.0000000       0.0000000    
  0.0000000       0.0000000       0.0000000    
  0.0000000       0.0000000       0.0000000    
  0.0000000       0.0000000       0.0000000    
  0.0000000       0.0000000       0.0000000    
  0.0000000       0.0000000       0.0000000    
  0.0000000       0.0000000       0.0000000    
  0.0000000       0.0000000       0.0000000    
  0.0000000       0.0000000       0.0000000    
  0.0000000       0.0000000       0.0000000    
  0.0000000       0.0000000       0.0000000    
  0.0000000       0.0000000       0.0000000    
  0.0000000       0.0000000       0.0000000    
  0.0000000       0.0000000       0.0000000    
  0.0000000       0.0000000       0.0000000    
  0.0000000       0.0000000       0.0000000    
  0.0000000       0.0000000       0.0000000    
  0.0000000       0.0000000       0.0000000    
  0.0000000       0.0000000       0.0000000    
  0.0000000       0.0000000       0.0000000    
  0.0000000       0.0000000       0.0000000    
  0.0000000       0.0000000       0.0000000    
  0.0000000       0.0000000       0.0000000    
  0.0000000       0.0000000       0.0000000    
  0.0000000       0.0000000       0.0000000    
  0.0000000       0.0000000       0.0000000    
  0.0000000       0.0000000       0.0000000    
  0.0000000       0.0000000       0.0000000    
  0.0000000       0.0000000       0.0000000    
  0.0000000       0.0000000       0.0000000    
  0.0000000       0.0000000       0.0000000    
  0.0000000       0.0000000       0.0000000    
  0.0000000       0.0000000       0.0000000    
  0.0000000       0.0000000       0.0000000    
  0.0000000       0.0000000       0.0000000    
  0.0000000       0.0000000       0.0000000    
  0.0000000       0.0000000       0.0000000    
  0.0000000       0.0000000       0.0000000    
  0.0000000       0.0000000       0.0000000    
  0.0000000       0.0000000       0.0000000    
  0.0000000       0.0000000       0.0000000    
  0.0000000       0.0000000       0.0000000    
  0.0000000       0.0000000       0.0000000    
  0.0000000       0.0000000       0.0000000    
  0.0000000       0.0000000       0.0000000    
  0.0000000       0.0000000       0.0000000    
  0.0000000       0.0000000       0.0000000    
  0.0000000       0.0000000       0.0000000    
  0.0000000       0.0000000       0.0000000    
  0.0000000       0.0000000       0.0000000    
  0.0000000       0.0000000       0.0000000    
  0.0000000       0.0000000       0.0000000    
  0.0000000       0.0000000       0.0000000    
  0.0000000       0.0000000       0.0000000    
  0.0000000       0.0000000       0.0000000    
  0.0000000       0.0000000       0.0000000    
  0.0000000       0.0000000       0.0000000    
  0.0000000       0.0000000       0.0000000    
  0.0000000       0.0000000       0.0000000    
  0.0000000       0.0000000       0.0000000    
  0.0000000       0.0000000       0.0000000    
  0.0000000       0.0000000       0.0000000    
  0.0000000       0.0000000       0.0000000    
  0.0000000       0.0000000       0.0000000    
  0.0000000       0.0000000       0.0000000    
  0.0000000       0.0000000       0.0000000    
  0.0000000       0.0000000       0.0000000    
  0.0000000       0.0000000       0.0000000    
  0.0000000       0.0000000       0.0000000    
  0.0000000       0.0000000       0.0000000    
  0.0000000       0.0000000       0.0000000    
  0.0000000       0.0000000       0.0000000    
  0.0000000       0.0000000       0.0000000    
  0.0000000       0.0000000       0.0000000    
  0.0000000       0.0000000       0.0000000    
  0.0000000       0.0000000       0.0000000    
  0.0000000       0.0000000       0.0000000    
  0.0000000       0.0000000       0.0000000    
  0.0000000       0.0000000       0.0000000    
  0.0000000       0.0000000       0.0000000    
  0.0000000       0.0000000       0.0000000    
  0.0000000       0.0000000       0.0000000    
  0.0000000       0.0000000       0.0000000    
  0.0000000       0.0000000       0.0000000    
  0.0000000       0.0000000       0.0000000    
  0.0000000       0.0000000       0.0000000    
  0.0000000       0.0000000       0.0000000    
  0.0000000       0.0000000       0.0000000    
  0.0000000       0.0000000       0.0000000    
  0.0000000       0.0000000       0.0000000    
  0.0000000       0.0000000       0.0000000    
  0.0000000       0.0000000       0.0000000    
  0.0000000       0.0000000       0.0000000    
  0.0000000       0.0000000       0.0000000    
  0.0000000       0.0000000       0.0000000    
  0.0000000       0.0000000       0.0000000    
  0.0000000       0.0000000       0.0000000    
  0.0000000       0.0000000       0.0000000    
  0.0000000       0.0000000       0.0000000    
-0.72802585       0.0000000     -0.68554962    
-0.72802085       0.0000000     -0.68555504    
-0.68892890       0.0000000     -0.72482884    
-0.68894356       0.0000000     -0.72481507    
-0.68893850       0.0000000     -0.72481978    
-0.68892443       0.0000000     -0.72483325    
-0.68893850       0.0000000     -0.72481978    
-0.68893850       0.0000000     -0.72481978    
-0.65619320       0.0000000     -0.75459284    
-0.65619326       0.0000000     -0.75459290    
-0.65619731       0.0000000     -0.75458938    
-0.65618372       0.0000000     -0.75460124    
-0.65619731       0.0000000     -0.75458938    
-0.65618372       0.0000000     -0.75460124    
-0.62552977       0.0000000     -0.78020024    
-0.62549573       0.0000000     -0.78022760    
-0.62551451       0.0000000     -0.78021246    
-0.62551451       0.0000000     -0.78021252    
-0.62551099       0.0000000     -0.78021532    
-0.62551451       0.0000000     -0.78021246    
-0.59634107       0.0000000     -0.80273116    
-0.59634107       0.0000000     -0.80273116    
-0.59634107       0.0000000     -0.80273116    
-0.59632683       0.0000000     -0.80274171    
-0.59634107       0.0000000     -0.80273110    
-0.59634107       0.0000000     -0.80273122    
-0.59633625       0.0000000     -0.80273485    
-0.59632528       0.0000000     -0.80274290    
-0.59636343       0.0000000     -0.80271459    
-0.59632522       0.0000000     -0.80274290    
-0.59635246       0.0000000     -0.80272275    
-0.59633619       0.0000000     -0.80273479    
-0.56151038       0.0000000     -0.82746971    
-0.56151032       0.0000000     -0.82746965    
-0.56152821       0.0000000     -0.82745761    
-0.56151038       0.0000000     -0.82746971    
-0.56151932       0.0000000     -0.82746369    
-0.56151927       0.0000000     -0.82746369    
-0.52941859       0.0000000     -0.84836072    
-0.52941865       0.0000000     -0.84836072    
-0.52942038       0.0000000     -0.84835964    
-0.52941865       0.0000000     -0.84836072    
-0.52942896       0.0000000     -0.84835422    
-0.52941865       0.0000000     -0.84836072    
-0.49509773       0.0000000     -0.86883730    
-0.49509776       0.0000000     -0.86883730    
-0.49511448       0.0000000     -0.86882770    
-0.49506629       0.0000000     -0.86885524    
-0.49509776       0.0000000     -0.86883730    
-0.49509773       0.0000000     -0.86883730    
-0.49508381       0.0000000     -0.86884522    
-0.49509808       0.0000000     -0.86883706    
-0.49509808       0.0000000     -0.86883706    
-0.49509808       0.0000000     -0.86883712    
-0.49506947       0.0000000     -0.86885339    
-0.49509808       0.0000000     -0.86883706    
-0.46032783       0.0000000     -0.88774896    
-0.46033543       0.0000000     -0.88774502    
-0.46033543       0.0000000     -0.88774508    
-0.46033546       0.0000000     -0.88774508    
-0.46032760       0.0000000     -0.88774914    
-0.46032783       0.0000000     -0.88774896    
-0.42344749       0.0000000     -0.90592062    
-0.42342988       0.0000000     -0.90592897    
-0.42344752       0.0000000     -0.90592062    
-0.42342985       0.0000000     -0.90592891    
-0.42342985       0.0000000     -0.90592897    
-0.42342982       0.0000000     -0.90592885    
-0.42346105       0.0000000     -0.90591431    
-0.42341918       0.0000000     -0.90593386    
-0.42343920       0.0000000     -0.90592456    
-0.42344013       0.0000000     -0.90592408    
-0.42344010       0.0000000     -0.90592408    
-0.42343920       0.0000000     -0.90592456    
-0.39114329       0.0000000     -0.92032981    
-0.39116654       0.0000000     -0.92031991    
-0.39115024       0.0000000     -0.92032689    
-0.39115146       0.0000000     -0.92032629    
-0.39115024       0.0000000     -0.92032689    
-0.39115837       0.0000000     -0.92032337    
-0.25678331       0.0000000     -0.96646905    
-0.25678071       0.0000000     -0.96646971    
-0.25678590       0.0000000     -0.96646827    
  0.0000000       0.0000000       0.0000000    
  0.0000000       0.0000000       0.0000000    
  0.0000000       0.0000000       0.0000000    
  0.0000000       0.0000000       0.0000000    
  0.0000000       0.0000000       0.0000000    
  0.0000000       0.0000000       0.0000000    
  0.0000000       0.0000000       0.0000000    
  0.0000000       0.0000000       0.0000000    
  0.0000000       0.0000000       0.0000000    
  0.0000000       0.0000000       0.0000000    
  0.0000000       0.0000000       0.0000000    
  0.0000000       0.0000000       0.0000000    
  0.0000000       0.0000000       0.0000000    
  0.0000000       0.0000000       0.0000000    
  0.0000000       0.0000000       0.0000000    
  0.0000000       0.0000000       0.0000000    
  0.0000000       0.0000000       0.0000000    
  0.0000000       0.0000000       0.0000000    
  0.0000000       0.0000000       0.0000000    
  0.0000000       0.0000000       0.0000000    
  0.0000000       0.0000000       0.0000000    
  0.0000000       0.0000000       0.0000000    
 0.44580072       0.0000000     -0.89513224    
 0.44581553       0.0000000     -0.89512479    
 0.44579327       0.0000000     -0.89513594    
 0.44580069       0.0000000     -0.89513218    
 0.44580072       0.0000000     -0.89513218    
 0.64579839       0.0000000     -0.76350802    
 0.64579231       0.0000000     -0.76351315    
 0.64579225       0.0000000     -0.76351309    
 0.64579743       0.0000000     -0.76350880    
 0.64580351       0.0000000     -0.76350361    
 0.64579225       0.0000000     -0.76351309    
 0.80889767       0.0000000     -0.58794945    
 0.80890489       0.0000000     -0.58793950    
 0.80889767       0.0000000     -0.58794945    
 0.80890262       0.0000000     -0.58794260    
 0.80890131       0.0000000     -0.58794451    
 0.80890125       0.0000000     -0.58794445    
 0.90780067       0.0000000     -0.41940185    
 0.90779430       0.0000000     -0.41941574    
 0.90779775       0.0000000     -0.41940829    
 0.90780067       0.0000000     -0.41940185    
 0.90779430       0.0000000     -0.41941571    
 0.90779769       0.0000000     -0.41940826    
 0.90780061       0.0000000     -0.41940185    
 0.90779424       0.0000000     -0.41941571    
 0.90779775       0.0000000     -0.41940826    
 0.90780067       0.0000000     -0.41940185    
 0.90779424       0.0000000     -0.41941571    
 0.90779775       0.0000000     -0.41940826    
 0.95798296       0.0000000     -0.28682518    
 0.95798618       0.0000000     -0.28681436    
 0.95798755       0.0000000     -0.28680974    
 0.95798755       0.0000000     -0.28680974    
 0.95799088       0.0000000     -0.28679895    
 0.95798296       0.0000000     -0.28682515    
 0.95798755       0.0000000     -0.28680971    
 0.95798683       0.0000000     -0.28681204    
 0.95798922       0.0000000     -0.28680435    
 0.99011934       0.0000000     -0.14022723    
 0.99012142       0.0000000     -0.14021270    
 0.99012142       0.0000000     -0.14021268    
 0.99011934       0.0000000     -0.14022723    
 0.99012136       0.0000000     -0.14021268    
 0.99012345       0.0000000     -0.14019814    
 0.99011993       0.0000000     -0.14022264    
 0.99011999       0.0000000     -0.14022265    
 0.99012309       0.0000000     -0.14020108    
 0.99012035       0.0000000     -0.14021997    
 0.99012226       0.0000000     -0.14020643    
 0.99012035       0.0000000     -0.14021997    
 0.99737036       0.0000000     -0.72473519E-01
 0.99737036       0.0000000     -0.72472788E-01
 0.99737036       0.0000000     -0.72473526E-01
 0.99737114       0.0000000     -0.72463475E-01
 0.99737030       0.0000000     -0.72473153E-01
 0.99737030       0.0000000     -0.72473153E-01
 0.99761510       0.0000000     -0.69022141E-01
 0.99761379       0.0000000     -0.69042623E-01
  0.0000000       0.0000000       0.0000000    
  0.0000000       0.0000000       0.0000000    
  0.0000000       0.0000000       0.0000000    
  0.0000000       0.0000000       0.0000000    
  0.0000000       0.0000000       0.0000000    
  0.0000000       0.0000000       0.0000000    
  0.0000000       0.0000000       0.0000000    
  0.0000000       0.0000000       0.0000000    
  0.0000000       0.0000000       0.0000000    
  0.0000000       0.0000000       0.0000000    
  0.0000000       0.0000000       0.0000000    
 0.99763089       0.0000000     -0.68794481E-01
  0.0000000       0.0000000       0.0000000    
  0.0000000       0.0000000       0.0000000    
 0.99763089       0.0000000     -0.68794481E-01
 0.99763072       0.0000000     -0.68795860E-01
  0.0000000       0.0000000       0.0000000    
  0.0000000       0.0000000       0.0000000    
  0.0000000       0.0000000       0.0000000    
  0.0000000       0.0000000       0.0000000    
  0.0000000       0.0000000       0.0000000    
  0.0000000       0.0000000       0.0000000    
  0.0000000       0.0000000       0.0000000    
  0.0000000       0.0000000       0.0000000    
  0.0000000       0.0000000       0.0000000    
  0.0000000       0.0000000       0.0000000    
  0.0000000       0.0000000       0.0000000    
  0.0000000       0.0000000       0.0000000    
  0.0000000       0.0000000       0.0000000    
  0.0000000       0.0000000       0.0000000    
  0.0000000       0.0000000       0.0000000    
  0.0000000       0.0000000       0.0000000    
  0.0000000       0.0000000       0.0000000    
  0.0000000       0.0000000       0.0000000    
  0.0000000       0.0000000       0.0000000    
  0.0000000       0.0000000       0.0000000    
  0.0000000       0.0000000       0.0000000    
  0.0000000       0.0000000       0.0000000    
  0.0000000       0.0000000       0.0000000    
  0.0000000       0.0000000       0.0000000    
  0.0000000       0.0000000       0.0000000    
  0.0000000       0.0000000       0.0000000    
  0.0000000       0.0000000       0.0000000    
  0.0000000       0.0000000       0.0000000    
  0.0000000       0.0000000       0.0000000    
  0.0000000       0.0000000       0.0000000    
  0.0000000       0.0000000       0.0000000    
  0.0000000       0.0000000       0.0000000    
  0.0000000       0.0000000       0.0000000    
  0.0000000       0.0000000       0.0000000    
  0.0000000       0.0000000       0.0000000    
 0.99762934       0.0000000     -0.68815924E-01
 0.99761373       0.0000000     -0.69042265E-01
  0.0000000       0.0000000       0.0000000    
 0.99761444       0.0000000     -0.69032207E-01
  0.0000000       0.0000000       0.0000000    
  0.0000000       0.0000000       0.0000000    
 0.99761444       0.0000000     -0.69032200E-01
 0.99737030       0.0000000     -0.72473153E-01
 0.99737030       0.0000000     -0.72473340E-01
 0.99737036       0.0000000     -0.72473340E-01
 0.99737114       0.0000000     -0.72463103E-01
 0.99737036       0.0000000     -0.72473340E-01
 0.99737036       0.0000000     -0.72473340E-01
 0.99763143       0.0000000     -0.68786077E-01
 0.99762875       0.0000000     -0.68824776E-01
 0.99763143       0.0000000     -0.68785749E-01
 0.99763006       0.0000000     -0.68805426E-01
 0.99763149       0.0000000     -0.68786077E-01
 0.99763012       0.0000000     -0.68805434E-01
 0.99763006       0.0000000     -0.68805687E-01
 0.99763012       0.0000000     -0.68805687E-01
 0.99763155       0.0000000     -0.68784140E-01
 0.99763149       0.0000000     -0.68784855E-01
 0.99763000       0.0000000     -0.68805680E-01
 0.99763012       0.0000000     -0.68805322E-01
 0.99761379       0.0000000     -0.69042265E-01
 0.99761373       0.0000000     -0.69042444E-01
 0.99761516       0.0000000     -0.69022313E-01
 0.99761367       0.0000000     -0.69042265E-01
 0.99761438       0.0000000     -0.69032378E-01
 0.99761373       0.0000000     -0.69042437E-01
  1.0000000       0.0000000       0.0000000    
  1.0000000       0.0000000       0.0000000    
  1.0000000       0.0000000       0.0000000    
  1.0000000       0.0000000       0.0000000    
  1.0000000       0.0000000       0.0000000    
  1.0000000       0.0000000       0.0000000    
  1.0000000       0.0000000       0.0000000    
  1.0000000       0.0000000       0.0000000    
  1.0000000       0.0000000       0.0000000    
  1.0000000       0.0000000       0.0000000    
  1.0000000       0.0000000       0.0000000    
  1.0000000       0.0000000       0.0000000    
  1.0000000       0.0000000       0.0000000    
  1.0000000       0.0000000       0.0000000    
  1.0000000       0.0000000       0.0000000    
  1.0000000       0.0000000       0.0000000    
  1.0000000       0.0000000       0.0000000    
  1.0000000       0.0000000       0.0000000    
  1.0000000       0.0000000       0.0000000    
  1.0000000       0.0000000       0.0000000    
  1.0000000       0.0000000       0.0000000    
  1.0000000       0.0000000       0.0000000    
  1.0000000       0.0000000       0.0000000    
  1.0000000       0.0000000       0.0000000    
  1.0000000       0.0000000       0.0000000    
  1.0000000       0.0000000       0.0000000    
  1.0000000       0.0000000       0.0000000    
  1.0000000       0.0000000       0.0000000    
  1.0000000       0.0000000       0.0000000    
  1.0000000       0.0000000       0.0000000    
  1.0000000       0.0000000       0.0000000    
  1.0000000       0.0000000       0.0000000    
  1.0000000       0.0000000       0.0000000    
  1.0000000       0.0000000       0.0000000    
  1.0000000       0.0000000       0.0000000    
  1.0000000       0.0000000       0.0000000    
  1.0000000       0.0000000       0.0000000    
  1.0000000       0.0000000       0.0000000    
  1.0000000       0.0000000       0.0000000    
  1.0000000       0.0000000       0.0000000    
  1.0000000       0.0000000       0.0000000    
  1.0000000       0.0000000       0.0000000    
  1.0000000       0.0000000       0.0000000    
  1.0000000       0.0000000       0.0000000    
  1.0000000       0.0000000       0.0000000    
  1.0000000       0.0000000       0.0000000    
  1.0000000       0.0000000       0.0000000    
  1.0000000       0.0000000       0.0000000    
 0.99470478       0.0000000      0.10277318    
 0.99470258       0.0000000      0.10279530    
 0.99470484       0.0000000      0.10277320    
 0.99470258       0.0000000      0.10279530    
 0.99470484       0.0000000      0.10277319    
 0.99470478       0.0000000      0.10277319    
 0.99470133       0.0000000      0.10280724    
 0.99470478       0.0000000      0.10277323    
 0.99470305       0.0000000      0.10279024    
 0.99470663       0.0000000      0.10275623    
 0.99470305       0.0000000      0.10279024    
 0.99470299       0.0000000      0.10279022    
 0.99432236       0.0000000      0.10640946    
 0.99432141       0.0000000      0.10641856    
 0.99432242       0.0000000      0.10640945    
 0.99432349       0.0000000      0.10639983    
 0.99432147       0.0000000      0.10641883    
 0.99432242       0.0000000      0.10640919    
 0.99470383       0.0000000      0.10278282    
 0.99470383       0.0000000      0.10278282    
 0.99470389       0.0000000      0.10278282    
 0.99470389       0.0000000      0.10278284    
 0.99470484       0.0000000      0.10277321    
 0.99470288       0.0000000      0.10279244    
 0.99436045       0.0000000      0.10605297    
 0.99436033       0.0000000      0.10605388    
 0.99435854       0.0000000      0.10607086    
 0.99435872       0.0000000      0.10606997    
 0.99435860       0.0000000      0.10607088    
 0.99436051       0.0000000      0.10605298    
 0.99435920       0.0000000      0.10606468    
 0.99435908       0.0000000      0.10606587    
 0.99435925       0.0000000      0.10606468    
 0.99435914       0.0000000      0.10606587    
 0.99435925       0.0000000      0.10606470    
 0.99436384       0.0000000      0.10602170    
 0.99466759       0.0000000      0.10313274    
 0.99466962       0.0000000      0.10311294    
 0.99466860       0.0000000      0.10312309    
 0.99466759       0.0000000      0.10313275    
 0.99466974       0.0000000      0.10311296    
 0.99466860       0.0000000      0.10312309    
 0.99435782       0.0000000      0.10607778    
 0.99436188       0.0000000      0.10603938    
 0.99435985       0.0000000      0.10605858    
 0.99435782       0.0000000      0.10607778    
 0.99435985       0.0000000      0.10605859    
 0.99435788       0.0000000      0.10607778    
 0.99436194       0.0000000      0.10603938    
 0.99435991       0.0000000      0.10605858    
 0.99435991       0.0000000      0.10605858    
 0.99435991       0.0000000      0.10605859    
 0.99435991       0.0000000      0.10605858    
 0.99435991       0.0000000      0.10605858    
 0.99466860       0.0000000      0.10312259    
 0.99466860       0.0000000      0.10312309    
 0.99466854       0.0000000      0.10312308    
 0.99466860       0.0000000      0.10312309    
 0.99466866       0.0000000      0.10312259    
 0.99466765       0.0000000      0.10313274    
 0.99435920       0.0000000      0.10606468    
 0.99436152       0.0000000      0.10604379    
  0.0000000       0.0000000       0.0000000    
  0.0000000       0.0000000       0.0000000    
  0.0000000       0.0000000       0.0000000    
  0.0000000       0.0000000       0.0000000    
  0.0000000       0.0000000       0.0000000    
  0.0000000       0.0000000       0.0000000    
  0.0000000       0.0000000       0.0000000    
  0.0000000       0.0000000       0.0000000    
  0.0000000       0.0000000       0.0000000    
  0.0000000       0.0000000       0.0000000    
  0.0000000       0.0000000       0.0000000    
  0.0000000       0.0000000       0.0000000    
  0.0000000       0.0000000       0.0000000    
  0.0000000       0.0000000       0.0000000    
  0.0000000       0.0000000       0.0000000    
  0.0000000       0.0000000       0.0000000    
  0.0000000       0.0000000       0.0000000    
  0.0000000       0.0000000       0.0000000    
  0.0000000       0.0000000       0.0000000    
  0.0000000       0.0000000       0.0000000    
  0.0000000       0.0000000       0.0000000    
  0.0000000       0.0000000       0.0000000    
  0.0000000       0.0000000       0.0000000    
  0.0000000       0.0000000       0.0000000    
  0.0000000       0.0000000       0.0000000    
  0.0000000       0.0000000       0.0000000    
 0.99470377       0.0000000      0.10278283    
 0.99470383       0.0000000      0.10278282    
 0.99435991       0.0000000      0.10605858    
 0.99435991       0.0000000      0.10605859    
 0.99436092       0.0000000      0.10604897    
  0.0000000       0.0000000       0.0000000    
  0.0000000       0.0000000       0.0000000    
  0.0000000       0.0000000       0.0000000    
  0.0000000       0.0000000       0.0000000    
  0.0000000       0.0000000       0.0000000    
  0.0000000       0.0000000       0.0000000    
  0.0000000       0.0000000       0.0000000    
  0.0000000       0.0000000       0.0000000    
  0.0000000       0.0000000       0.0000000    
  0.0000000       0.0000000       0.0000000    
  0.0000000       0.0000000       0.0000000    
  0.0000000       0.0000000       0.0000000    
  0.0000000       0.0000000       0.0000000    
  0.0000000       0.0000000       0.0000000    
  0.0000000       0.0000000       0.0000000    
  0.0000000       0.0000000       0.0000000    
  0.0000000       0.0000000       0.0000000    
  0.0000000       0.0000000       0.0000000    
  0.0000000       0.0000000       0.0000000    
  0.0000000       0.0000000       0.0000000    
  0.0000000       0.0000000       0.0000000    
  0.0000000       0.0000000       0.0000000    
  0.0000000       0.0000000       0.0000000    
  0.0000000       0.0000000       0.0000000    
  0.0000000       0.0000000       0.0000000    
  0.0000000       0.0000000       0.0000000    
  0.0000000       0.0000000       0.0000000    
  0.0000000       0.0000000       0.0000000    
  0.0000000       0.0000000       0.0000000    
  0.0000000       0.0000000       0.0000000    
  0.0000000       0.0000000       0.0000000    
  0.0000000       0.0000000       0.0000000    
  0.0000000       0.0000000       0.0000000    
  0.0000000       0.0000000       0.0000000    
  0.0000000       0.0000000       0.0000000    
  0.0000000       0.0000000       0.0000000    
  0.0000000       0.0000000       0.0000000    
  0.0000000       0.0000000       0.0000000    
  0.0000000       0.0000000       0.0000000    
  0.0000000       0.0000000       0.0000000    
  0.0000000       0.0000000       0.0000000    
  0.0000000       0.0000000       0.0000000    
  0.0000000       0.0000000       0.0000000    
  0.0000000       0.0000000       0.0000000    
  0.0000000       0.0000000       0.0000000    
  0.0000000       0.0000000       0.0000000    
  0.0000000       0.0000000       0.0000000    
  0.0000000       0.0000000       0.0000000    
  0.0000000       0.0000000       0.0000000    
  0.0000000       0.0000000       0.0000000    
  0.0000000       0.0000000       0.0000000    
  0.0000000       0.0000000       0.0000000    
  0.0000000       0.0000000       0.0000000    
  0.0000000       0.0000000       0.0000000    
  0.0000000       0.0000000       0.0000000    
  0.0000000       0.0000000       0.0000000    
  0.0000000       0.0000000       0.0000000    
  0.0000000       0.0000000       0.0000000    
  0.0000000       0.0000000       0.0000000    
  0.0000000       0.0000000       0.0000000    
  0.0000000       0.0000000       0.0000000    
  0.0000000       0.0000000       0.0000000    
  0.0000000       0.0000000       0.0000000    
  0.0000000       0.0000000       0.0000000    
  0.0000000       0.0000000       0.0000000    
  0.0000000       0.0000000       0.0000000    
  0.0000000       0.0000000       0.0000000    
  0.0000000       0.0000000       0.0000000    
 0.33715615       0.0000000      0.94144875    
  0.0000000       0.0000000       0.0000000    
  0.0000000       0.0000000       0.0000000    
  0.0000000       0.0000000       0.0000000    
  0.0000000       0.0000000       0.0000000    
  0.0000000       0.0000000       0.0000000    
  0.0000000       0.0000000       0.0000000    
  0.0000000       0.0000000       0.0000000    
  0.0000000       0.0000000       0.0000000    
  0.0000000       0.0000000       0.0000000    
  0.0000000       0.0000000       0.0000000    
  0.0000000       0.0000000       0.0000000    
  0.0000000       0.0000000       0.0000000    
  0.0000000       0.0000000       0.0000000    
  0.0000000       0.0000000       0.0000000    
  0.0000000       0.0000000       0.0000000    
  0.0000000       0.0000000       0.0000000    
  0.0000000       0.0000000       0.0000000    
  0.0000000       0.0000000       0.0000000    
  0.0000000       0.0000000       0.0000000    
  0.0000000       0.0000000       0.0000000    
  0.0000000       0.0000000       0.0000000    
  0.0000000       0.0000000       0.0000000    
  0.0000000       0.0000000       0.0000000    
  0.0000000       0.0000000       0.0000000    
  0.0000000       0.0000000       0.0000000    
  0.0000000       0.0000000       0.0000000    
  0.0000000       0.0000000       0.0000000    
  0.0000000       0.0000000       0.0000000    
  0.0000000       0.0000000       0.0000000    
  0.0000000       0.0000000       0.0000000    
  0.0000000       0.0000000       0.0000000    
  0.0000000       0.0000000       0.0000000    
  0.0000000       0.0000000       0.0000000    
  0.0000000       0.0000000       0.0000000    
  0.0000000       0.0000000       0.0000000    
  0.0000000       0.0000000       0.0000000    
  0.0000000       0.0000000       0.0000000    
  0.0000000       0.0000000       0.0000000    
 0.33716407       0.0000000      0.94144589    
 0.33715248       0.0000000      0.94145006    
 0.33714598       0.0000000      0.94145238    
 0.33715761       0.0000000      0.94144821    
 0.33713871       0.0000000      0.94145501    
 0.33715940       0.0000000      0.94144756    
 0.33716914       0.0000000      0.94144410    
 0.33713871       0.0000000      0.94145495    
 0.33715391       0.0000000      0.94144952    
 0.33715940       0.0000000      0.94144756    
 0.33996129       0.0000000      0.94043940    
 0.33997184       0.0000000      0.94043559    
 0.33997062       0.0000000      0.94043607    
 0.33996660       0.0000000      0.94043750    
 0.33996135       0.0000000      0.94043946    
 0.33998114       0.0000000      0.94043231    
 0.33996326       0.0000000      0.94043875    
 0.33995643       0.0000000      0.94044119    
 0.33994958       0.0000000      0.94044363    
 0.33998907       0.0000000      0.94042939    
 0.33996326       0.0000000      0.94043875    
 0.33998221       0.0000000      0.94043189    
 0.33714566       0.0000000      0.94145244    
 0.33715090       0.0000000      0.94145066    
 0.33716029       0.0000000      0.94144726    
 0.33717075       0.0000000      0.94144344    
 0.33714041       0.0000000      0.94145435    
 0.33716133       0.0000000      0.94144684    
 0.33712915       0.0000000      0.94145840    
 0.33715633       0.0000000      0.94144869    
  0.0000000       0.0000000       0.0000000    
  0.0000000       0.0000000       0.0000000    
  0.0000000       0.0000000       0.0000000    
  0.0000000       0.0000000       0.0000000    
  0.0000000       0.0000000       0.0000000    
  0.0000000       0.0000000       0.0000000    
  0.0000000       0.0000000       0.0000000    
  0.0000000       0.0000000       0.0000000    
  0.0000000       0.0000000       0.0000000    
  0.0000000       0.0000000       0.0000000    
  0.0000000       0.0000000       0.0000000    
  0.0000000       0.0000000       0.0000000    
  0.0000000       0.0000000       0.0000000    
  0.0000000       0.0000000       0.0000000    
  0.0000000       0.0000000       0.0000000    
  0.0000000       0.0000000       0.0000000    
  0.0000000       0.0000000       0.0000000    
  0.0000000       0.0000000       0.0000000    
  0.0000000       0.0000000       0.0000000    
  0.0000000       0.0000000       0.0000000    
  0.0000000       0.0000000       0.0000000    
  0.0000000       0.0000000       0.0000000    
  0.0000000       0.0000000       0.0000000    
  0.0000000       0.0000000       0.0000000    
  0.0000000       0.0000000       0.0000000    
  0.0000000       0.0000000       0.0000000    
  0.0000000       0.0000000       0.0000000    
  0.0000000       0.0000000       0.0000000    
-0.45601472       0.0000000      0.88997221    
-0.45600742       0.0000000      0.88997597    
-0.45601487       0.0000000      0.88997215    
-0.45600742       0.0000000      0.88997602    
-0.45600742       0.0000000      0.88997597    
-0.45601469       0.0000000      0.88997221    
-0.80933267       0.0000000      0.58735049    
-0.80934221       0.0000000      0.58733737    
-0.80934215       0.0000000      0.58733737    
-0.80933267       0.0000000      0.58735049    
  0.0000000       0.0000000       0.0000000    
  0.0000000       0.0000000       0.0000000    
SCALARS Msign int 
LOOKUP_TABLE default
        0
        0
        0
        0
        0
       -1
        0
        0
        0
        0
        0
        0
        0
        0
        0
        0
        0
        0
        0
        0
        0
        0
        0
       -1
        0
        0
        0
        0
        0
        0
        0
        0
        0
       -1
        0
       -1
       -1
        0
        0
        0
        0
        0
        0
        0
        0
        0
        0
        0
        0
        0
        0
        0
        0
        0
        0
        0
        0
        0
        0
        0
        0
        0
        0
        0
        0
        0
        0
        0
        0
        0
        0
        0
        0
        0
        0
        0
        0
        0
        0
        0
        0
        0
        0
        0
        0
        0
        0
        0
        0
        0
        0
        0
        0
        0
        0
        0
        0
        0
        0
        0
        0
        0
        0
        0
        0
        0
        0
        0
        0
        0
        0
        0
        0
        0
        0
        0
        0
        0
        0
        0
        0
       -1
        0
        0
        0
        0
        0
        0
        0
        0
        0
        0
        0
        0
        0
        0
        0
        0
        0
        0
        0
        0
        0
        0
        0
        0
        0
        0
        0
        0
        0
        0
        0
        0
        0
        0
        0
        0
        0
        0
        0
        0
        0
        0
        0
        0
        0
        0
        0
        0
        0
        0
        0
        0
        0
        0
        0
        0
        0
        0
        0
        0
        0
        0
        0
        0
        0
        0
        0
        0
        0
        0
        0
        0
        0
        0
        0
        0
        0
        0
        0
        0
       -1
       -1
       -1
       -1
       -1
       -1
       -1
       -1
       -1
       -1
       -1
        0
        0
        0
        0
        0
        0
        0
        0
        0
        0
        0
        0
        0
        0
        0
        0
        0
        0
        0
        0
        0
        0
        0
        0
        0
        0
        0
        0
        0
        0
        0
        0
        0
        0
        0
        0
        0
        0
        0
        0
        0
        0
        0
        0
        0
        0
        0
        0
        0
        0
        0
        0
        0
        0
        0
        0
        0
        0
        0
        0
        0
        0
        0
        0
        0
        0
        0
        0
        0
        0
        0
        0
        0
        0
        0
        0
        0
        0
        0
        0
        0
        0
        0
        0
        0
        0
        0
        0
        0
        0
        0
        0
        0
        0
        0
        0
        0
        0
        0
        0
        0
        0
        0
        1
        1
        1
        1
        1
        1
        1
        1
        1
        1
        1
        1
        1
        1
        1
        1
        1
        1
        1
        1
        1
        1
        1
        1
        1
        1
        1
        1
        1
        1
        1
        1
        1
        1
        1
        1
        1
        1
        1
        1
        1
        1
        1
        1
        1
        1
        1
        1
        1
        1
        1
        1
        1
        1
        1
        1
        1
        1
        1
        1
        1
        1
        1
        1
        1
        1
        1
        1
        1
        1
        1
        1
        1
        1
        1
        1
        1
        1
        1
        1
        1
        1
        1
        0
        0
        0
        0
        0
        0
        0
        0
        0
        0
        0
        0
        0
        0
        0
        0
        0
        0
        0
        0
        0
        0
       -1
       -1
       -1
       -1
       -1
       -1
       -1
       -1
       -1
       -1
       -1
       -1
       -1
       -1
       -1
       -1
       -1
       -1
       -1
       -1
       -1
       -1
       -1
       -1
       -1
       -1
       -1
       -1
       -1
       -1
       -1
       -1
       -1
       -1
       -1
       -1
       -1
       -1
       -1
       -1
       -1
       -1
       -1
       -1
       -1
       -1
       -1
       -1
       -1
       -1
       -1
       -1
       -1
       -1
       -1
       -1
       -1
       -1
        0
        0
        0
        0
        0
        0
        0
        0
        0
        0
        0
       -1
        0
        0
       -1
       -1
        0
        0
        0
        0
        0
        0
        0
        0
        0
        0
        0
        0
        0
        0
        0
        0
        0
        0
        0
        0
        0
        0
        0
        0
        0
        0
        0
        0
        0
        0
        0
        0
        0
        0
        0
       -1
       -1
        0
       -1
        0
        0
       -1
       -1
       -1
       -1
       -1
       -1
       -1
       -1
       -1
       -1
       -1
       -1
       -1
       -1
       -1
       -1
       -1
       -1
       -1
       -1
       -1
       -1
       -1
       -1
       -1
       -1
       -1
       -1
       -1
       -1
       -1
       -1
       -1
       -1
       -1
       -1
       -1
       -1
       -1
       -1
       -1
       -1
       -1
       -1
       -1
       -1
       -1
       -1
       -1
       -1
       -1
       -1
       -1
       -1
       -1
       -1
       -1
       -1
       -1
       -1
       -1
       -1
       -1
       -1
       -1
       -1
       -1
       -1
       -1
       -1
       -1
       -1
       -1
       -1
       -1
       -1
       -1
       -1
       -1
       -1
       -1
       -1
       -1
       -1
       -1
       -1
       -1
       -1
       -1
       -1
       -1
       -1
       -1
       -1
       -1
       -1
       -1
       -1
       -1
       -1
       -1
       -1
       -1
       -1
       -1
       -1
       -1
       -1
       -1
       -1
       -1
       -1
       -1
       -1
       -1
       -1
       -1
       -1
       -1
       -1
       -1
       -1
       -1
       -1
       -1
       -1
       -1
       -1
       -1
       -1
       -1
       -1
       -1
       -1
       -1
        0
        0
        0
        0
        0
        0
        0
        0
        0
        0
        0
        0
        0
        0
        0
        0
        0
        0
        0
        0
        0
        0
        0
        0
        0
        0
       -1
       -1
       -1
       -1
        1
        0
        0
        0
        0
        0
        0
        0
        0
        0
        0
        0
        0
        0
        0
        0
        0
        0
        0
        0
        0
        0
        0
        0
        0
        0
        0
        0
        0
        0
        0
        0
        0
        0
        0
        0
        0
        0
        0
        0
        0
        0
        0
        0
        0
        0
        0
        0
        0
        0
        0
        0
        0
        0
        0
        0
        0
        0
        0
        0
        0
        0
        0
        0
        0
        0
        0
        0
        0
       -1
        0
        0
        0
        0
        0
        0
        0
        0
        0
        0
        0
        0
        0
        0
        0
        0
        0
        0
        0
        0
        0
        0
        0
        0
        0
        0
        0
        0
        0
        0
        0
        0
        0
        0
        0
        0
        0
        0
       -1
       -1
       -1
       -1
       -1
       -1
       -1
       -1
       -1
       -1
       -1
       -1
       -1
       -1
       -1
       -1
       -1
       -1
       -1
       -1
       -1
       -1
       -1
       -1
       -1
       -1
       -1
       -1
       -1
       -1
        0
        0
        0
        0
        0
        0
        0
        0
        0
        0
        0
        0
        0
        0
        0
        0
        0
        0
        0
        0
        0
        0
        0
        0
        0
        0
        0
        0
       -1
       -1
       -1
       -1
       -1
       -1
       -1
       -1
       -1
       -1
        0
        0
