# vtk DataFile Version 2.0
power statistics in cartesians Number_Parameters=  6    1    0   -3    3    1    1                                                                                                                                                                              
ASCII
           
DATASET UNSTRUCTURED_GRID
POINTS       1760 float
  8742.6670       76.296097      -6063.0000    
  8771.5000       76.547714      -6023.5000    
  8800.3320       76.799332      -5984.0000    
  8829.1631       77.050949      -5944.5000    
  8857.9961       77.302559      -5905.0000    
  8886.8281       77.554184      -5865.5000    
  8915.6611       77.805794      -5826.0000    
  8931.8633       77.947189      -5803.5796    
  8948.0654       78.088585      -5781.1592    
  8964.2676       78.229980      -5758.7388    
  8980.4697       78.371376      -5736.3188    
  8996.6719       78.512764      -5713.8984    
  9012.8740       78.654152      -5691.4780    
  9025.3379       78.762924      -5674.2319    
  9037.8008       78.871689      -5656.9854    
  9050.2646       78.980453      -5639.7393    
  9062.7266       79.089226      -5622.4927    
  9075.1904       79.197990      -5605.2466    
  9087.6543       79.306763      -5588.0000    
  9116.3193       79.556915      -5548.5000    
  9144.9854       79.807076      -5509.0000    
  9173.6504       80.057236      -5469.5000    
  9202.3164       80.307396      -5430.0000    
  9230.9814       80.557564      -5390.5000    
  9259.6475       80.807724      -5351.0000    
  9274.0645       80.933525      -5331.2500    
  9288.4795       81.059334      -5311.5000    
  9302.8965       81.185150      -5291.7500    
  9317.3125       81.310951      -5272.0000    
  9331.7275       81.436760      -5252.2500    
  9346.1445       81.562561      -5232.5000    
  9360.5605       81.688377      -5212.7500    
  9374.9775       81.814186      -5193.0000    
  9389.3916       81.939980      -5173.2500    
  9403.8086       82.065788      -5153.5000    
  9418.2246       82.191597      -5133.7500    
  9432.6396       82.317406      -5114.0000    
  9461.3066       82.567574      -5074.5000    
  9489.9717       82.817734      -5035.0000    
  9518.6377       83.067894      -4995.5000    
  9547.3027       83.318047      -4956.0000    
  9575.9688       83.568207      -4916.5000    
  9604.6348       83.818367      -4877.0000    
  9633.2998       84.068535      -4837.5000    
  9661.9658       84.318695      -4798.0000    
  9690.6309       84.568855      -4758.5000    
  9719.2969       84.819008      -4719.0000    
  9747.9619       85.069176      -4679.5000    
  9776.6289       85.319344      -4640.0000    
  9791.0439       85.445152      -4620.1670    
  9805.4590       85.570946      -4600.3330    
  9819.8760       85.696754      -4580.5000    
  9834.2910       85.822563      -4560.6665    
  9848.7080       85.948372      -4540.8335    
  9863.1240       86.074181      -4521.0000    
  9877.5410       86.199982      -4501.1670    
  9891.9561       86.325798      -4481.3335    
  9906.3721       86.451607      -4461.5000    
  9920.7891       86.577408      -4441.6665    
  9935.2041       86.703217      -4421.8335    
  9949.6211       86.829025      -4402.0000    
  9978.2871       87.079185      -4362.5000    
  10006.952       87.329353      -4323.0000    
  10035.618       87.579514      -4283.5000    
  10064.283       87.829674      -4244.0000    
  10092.949       88.079834      -4204.5000    
  10121.614       88.329987      -4165.0000    
  10150.280       88.580147      -4125.5000    
  10178.945       88.830315      -4086.0000    
  10207.611       89.080475      -4046.5002    
  10236.276       89.330635      -4007.0000    
  10264.942       89.580795      -3967.5000    
  10293.607       89.830948      -3928.0000    
  10308.023       89.956757      -3908.2500    
  10322.440       90.082573      -3888.5000    
  10336.855       90.208374      -3868.7500    
  10351.272       90.334183      -3849.0000    
  10365.688       90.459991      -3829.2500    
  10380.105       90.585800      -3809.5000    
  10394.521       90.711609      -3789.7500    
  10408.938       90.837410      -3770.0000    
  10423.354       90.963219      -3750.2500    
  10437.769       91.089035      -3730.5000    
  10452.186       91.214836      -3710.7500    
  10466.602       91.340645      -3691.0000    
  10495.267       91.590805      -3651.5000    
  10523.933       91.840965      -3612.0000    
  10552.599       92.091133      -3572.5000    
  10581.264       92.341286      -3533.0000    
  10609.929       92.591446      -3493.5000    
  10638.595       92.841614      -3454.0000    
  10651.059       92.950371      -3436.7534    
  10663.521       93.059135      -3419.5073    
  10675.985       93.167908      -3402.2607    
  10688.448       93.276672      -3385.0146    
  10700.912       93.385437      -3367.7681    
  10713.374       93.494202      -3350.5217    
  10729.577       93.635597      -3328.1013    
  10745.779       93.776993      -3305.6812    
  10761.981       93.918388      -3283.2607    
  10778.184       94.059784      -3260.8406    
  10794.386       94.201180      -3238.4202    
  10810.588       94.342575      -3216.0000    
  10839.420       94.594185      -3176.5000    
  10868.253       94.845802      -3137.0000    
  10897.085       95.097420      -3097.5000    
  10925.918       95.349037      -3058.0000    
  10954.750       95.600647      -3018.5000    
  10983.582       95.852264      -2979.0000    
  11012.247       96.102425      -2939.5000    
  11040.913       96.352585      -2900.0000    
  11069.578       96.602745      -2860.5000    
  11098.244       96.852905      -2821.0000    
  11126.910       97.103073      -2781.5000    
  11155.576       97.353226      -2742.0000    
  11183.074       97.593208      -2701.6665    
  11210.573       97.833191      -2661.3333    
  11238.071       98.073166      -2621.0000    
  11265.570       98.313148      -2580.6667    
  11293.070       98.553131      -2540.3333    
  11320.569       98.793114      -2500.0000    
  11332.667       98.898689      -2479.4565    
  11344.766       99.004272      -2458.9131    
  11356.864       99.109840      -2438.3696    
  11368.961       99.215424      -2417.8264    
  11381.061       99.321007      -2397.2830    
  11393.158       99.426582      -2376.7395    
  11405.893       99.537704      -2355.1165    
  11418.627       99.648849      -2333.4929    
  11431.361       99.759972      -2311.8699    
  11444.095       99.871101      -2290.2466    
  11456.829       99.982224      -2268.6233    
  11469.562       100.09336      -2247.0000    
  11491.729       100.28680      -2203.5000    
  11513.896       100.48024      -2160.0000    
  11536.061       100.67368      -2116.5000    
  11558.227       100.86711      -2073.0000    
  11580.393       101.06055      -2029.5000    
  11602.559       101.25398      -1986.0000    
  11613.485       101.34935      -1960.6594    
  11624.412       101.44471      -1935.3188    
  11635.339       101.54007      -1909.9783    
  11646.267       101.63543      -1884.6377    
  11657.194       101.73080      -1859.2971    
  11668.120       101.82616      -1833.9564    
  11676.527       101.89950      -1814.4637    
  11684.932       101.97286      -1794.9709    
  11693.338       102.04620      -1775.4783    
  11701.743       102.11958      -1755.9855    
  11710.147       102.19292      -1736.4928    
  11718.554       102.26627      -1717.0000    
  11735.219       102.41171      -1671.1666    
  11751.887       102.55715      -1625.3333    
  11768.552       102.70261      -1579.5000    
  11785.217       102.84804      -1533.6666    
  11801.884       102.99348      -1487.8334    
  11818.550       103.13892      -1442.0000    
  11832.051       103.25673      -1395.0000    
  11845.549       103.37453      -1348.0000    
  11859.048       103.49235      -1301.0000    
  11872.548       103.61016      -1254.0000    
  11886.047       103.72797      -1207.0000    
  11899.547       103.84576      -1160.0000    
  11908.496       103.92386      -1133.0580    
  11917.444       104.00196      -1106.1160    
  11926.395       104.08006      -1079.1740    
  11935.342       104.15816      -1052.2319    
  11944.291       104.23625      -1025.2899    
  11953.240       104.31434      -998.34784    
  11960.124       104.37442      -977.62317    
  11967.008       104.43449      -956.89856    
  11973.893       104.49457      -936.17389    
  11980.775       104.55466      -915.44928    
  11987.659       104.61472      -894.72467    
  11994.543       104.67479      -874.00000    
  11994.543       104.67479      -849.91663    
  11994.543       104.67479      -825.83331    
  11994.543       104.67479      -801.75000    
  11994.543       104.67479      -777.66669    
  11994.543       104.67479      -753.58331    
  11994.543       104.67479      -729.50000    
  11994.543       104.67479      -705.41669    
  11994.543       104.67479      -681.33337    
  11994.543       104.67479      -657.25000    
  11994.543       104.67479      -633.16669    
  11994.543       104.67479      -609.08337    
  11994.543       104.67479      -585.00000    
  11994.543       104.67479      -536.33331    
  11994.543       104.67479      -487.66666    
  11994.543       104.67479      -439.00000    
  11994.543       104.67479      -390.33331    
  11994.543       104.67479      -341.66666    
  11994.543       104.67479      -293.00000    
  11994.543       104.67479      -244.16667    
  11994.543       104.67479      -195.33333    
  11994.543       104.67479      -146.50000    
  11994.543       104.67479      -97.666664    
  11994.543       104.67479      -48.833332    
  11994.543       104.67479       0.0000000    
  11994.543       104.67479       51.000000    
  11994.543       104.67479       102.00000    
  11994.543       104.67479       153.00000    
  11994.543       104.67479       204.00000    
  11994.543       104.67479       255.00000    
  11994.543       104.67479       306.00000    
  11994.543       104.67479       357.00000    
  11994.543       104.67479       408.00000    
  11994.543       104.67479       459.00000    
  11994.543       104.67479       510.00000    
  11994.543       104.67479       561.00000    
  11994.543       104.67479       612.00000    
  11991.210       104.64571       662.50000    
  11987.877       104.61662       713.00000    
  11984.543       104.58753       763.50000    
  11981.211       104.55844       814.00000    
  11977.878       104.52935       864.50000    
  11974.545       104.50026       915.00000    
  11970.560       104.46548       936.88403    
  11966.573       104.43069       958.76813    
  11962.587       104.39592       980.65216    
  11958.603       104.36114       1002.5362    
  11954.618       104.32636       1024.4203    
  11950.632       104.29158       1046.3043    
  11945.451       104.24637       1074.7537    
  11940.270       104.20116       1103.2029    
  11935.088       104.15594       1131.6521    
  11929.909       104.11073       1160.1014    
  11924.728       104.06552       1188.5507    
  11919.546       104.02029       1217.0000    
  11907.547       103.91559       1266.6666    
  11895.547       103.81086       1316.3333    
  11883.548       103.70614       1366.0000    
  11871.548       103.60143       1415.6667    
  11859.548       103.49671       1465.3334    
  11847.548       103.39199       1515.0000    
  11833.050       103.26546       1563.8334    
  11818.550       103.13892       1612.6667    
  11804.051       103.01238       1661.5000    
  11789.551       102.88585       1710.3334    
  11775.052       102.75932       1759.1667    
  11760.552       102.63278       1808.0000    
  11743.719       102.48588       1856.1667    
  11726.887       102.33897       1904.3334    
  11710.054       102.19209       1952.5000    
  11693.221       102.04520       2000.6666    
  11676.389       101.89830       2048.8333    
  11659.556       101.75140       2097.0000    
  11648.936       101.65871       2122.7810    
  11638.314       101.56603       2148.5623    
  11627.694       101.47334       2174.3433    
  11617.073       101.38066       2200.1245    
  11606.453       101.28799       2225.9055    
  11595.832       101.19529       2251.6865    
  11586.953       101.11781       2273.2390    
  11578.075       101.04034       2294.7910    
  11569.195       100.96284       2316.3433    
  11560.317       100.88536       2337.8958    
  11551.439       100.80788       2359.4478    
  11542.561       100.73040       2381.0000    
  11520.562       100.53841       2427.0000    
  11498.562       100.34642       2473.0000    
  11476.563       100.15445       2519.0000    
  11454.564       99.962463       2565.0000    
  11432.564       99.770477       2611.0000    
  11410.565       99.578499       2657.0000    
  11396.812       99.458473       2682.4348    
  11383.059       99.338448       2707.8696    
  11369.307       99.218437       2733.3042    
  11355.554       99.098412       2758.7393    
  11341.800       98.978386       2784.1741    
  11328.047       98.858360       2809.6086    
  11317.468       98.766045       2829.1738    
  11306.889       98.673714       2848.7393    
  11296.310       98.581390       2868.3042    
  11285.729       98.489067       2887.8696    
  11275.150       98.396744       2907.4348    
  11264.571       98.304428       2927.0000    
  11238.071       98.073166       2970.5000    
  11211.572       97.841911       3014.0000    
  11185.074       97.610657       3057.5000    
  11158.575       97.379410       3101.0000    
  11132.076       97.148148       3144.5000    
  11105.577       96.916901       3188.0000    
  11093.041       96.807503       3206.3335    
  11080.506       96.698112       3224.6665    
  11067.970       96.588707       3243.0000    
  11055.435       96.479309       3261.3333    
  11042.898       96.369911       3279.6667    
  11030.363       96.260521       3298.0000    
  11014.065       96.118294       3321.8333    
  10997.770       95.976074       3345.6667    
  10981.474       95.833870       3369.5000    
  10965.177       95.691643       3393.3335    
  10948.880       95.549423       3417.1667    
  10932.583       95.407211       3441.0000    
  10901.586       95.136696       3481.5000    
  10870.586       94.866173       3522.0000    
  10839.587       94.595650       3562.5000    
  10808.588       94.325127       3603.0000    
  10777.590       94.054596       3643.5000    
  10746.591       93.784073       3684.0000    
  10732.170       93.658234       3700.9565    
  10717.753       93.532402       3717.9131    
  10703.332       93.406555       3734.8694    
  10688.911       93.280716       3751.8259    
  10674.492       93.154877       3768.7827    
  10660.072       93.029045       3785.7393    
  10641.327       92.865456       3807.7827    
  10622.580       92.701859       3829.8262    
  10603.836       92.538277       3851.8696    
  10585.090       92.374680       3873.9131    
  10566.345       92.211090       3895.9565    
  10547.599       92.047501       3918.0000    
  10512.599       91.742058       3955.1665    
  10477.601       91.436630       3992.3335    
  10442.603       91.131210       4029.5000    
  10407.604       90.825783       4066.6665    
  10372.605       90.520355       4103.8330    
  10337.606       90.214920       4141.0000    
  10300.607       89.892036       4176.1665    
  10263.609       89.569160       4211.3335    
  10226.611       89.246277       4246.5000    
  10189.611       88.923393       4281.6670    
  10152.613       88.600517       4316.8335    
  10115.615       88.277634       4352.0000    
  10077.283       87.943115       4385.3335    
  10038.951       87.608597       4418.6670    
  10000.620       87.274078       4452.0000    
  9962.2871       86.939568       4485.3335    
  9923.9561       86.605049       4518.6665    
  9885.6230       86.270523       4552.0000    
  9846.1260       85.925835       4583.6670    
  9806.6260       85.581131       4615.3335    
  9767.1279       85.236435       4647.0000    
  9727.6299       84.891739       4678.6665    
  9688.1309       84.547043       4710.3335    
  9648.6328       84.202339       4742.0000    
  9630.8799       84.047417       4755.1885    
  9613.1270       83.892487       4768.3770    
  9595.3740       83.737556       4781.5654    
  9577.6211       83.582634       4794.7534    
  9559.8682       83.427704       4807.9419    
  9542.1152       83.272774       4821.1304    
  9519.0361       83.071373       4838.2754    
  9495.9570       82.869965       4855.4199    
  9472.8789       82.668556       4872.5654    
  9449.7998       82.467148       4889.7100    
  9426.7217       82.265747       4906.8550    
  9403.6426       82.064339       4924.0000    
  9361.6436       81.697830       4952.5000    
  9319.6445       81.331306       4981.0000    
  9277.6475       80.964798       5009.5000    
  9235.6484       80.598282       5038.0000    
  9193.6504       80.231773       5066.5000    
  9151.6523       79.865257       5095.0000    
  9108.6533       79.490013       5121.8335    
  9065.6543       79.114769       5148.6670    
  9022.6562       78.739525       5175.5000    
  8979.6572       78.364281       5202.3335    
  8936.6602       77.989052       5229.1665    
  8893.6611       77.613808       5256.0000    
  8871.8896       77.423813       5268.4062    
  8850.1182       77.233810       5280.8125    
  8828.3477       77.043816       5293.2188    
  8806.5752       76.853821       5305.6245    
  8784.8037       76.663818       5318.0308    
  8763.0322       76.473824       5330.4370    
  8740.6387       76.278397       5343.1973    
  8718.2451       76.082977       5355.9580    
  8695.8516       75.887543       5368.7188    
  8673.4580       75.692116       5381.4795    
  8651.0645       75.496696       5394.2393    
  8628.6709       75.301277       5407.0000    
  8583.6729       74.908577       5430.3330    
  8538.6748       74.515877       5453.6665    
  8493.6768       74.123199       5477.0000    
  8448.6787       73.730499       5500.3335    
  8403.6797       73.337807       5523.6670    
  8358.6816       72.945114       5547.0000    
  8338.1328       72.765785       5556.6050    
  8317.5840       72.586456       5566.2095    
  8297.0352       72.407127       5575.8145    
  8276.4863       72.227798       5585.4189    
  8255.9375       72.048477       5595.0234    
  8235.3887       71.869148       5604.6279    
  8209.9395       71.647057       5616.5239    
  8184.4893       71.424957       5628.4189    
  8159.0405       71.202866       5640.3140    
  8133.5908       70.980774       5652.2095    
  8108.1411       70.758675       5664.1050    
  8082.6924       70.536591       5676.0000    
  8036.0269       70.129341       5695.8330    
  7989.3623       69.722107       5715.6670    
  7942.6978       69.314865       5735.5000    
  7896.0322       68.907631       5755.3335    
  7849.3677       68.500389       5775.1665    
  7802.7031       68.093155       5795.0000    
  7757.5381       67.699005       5807.0000    
  7712.3726       67.304855       5819.0000    
  7667.2080       66.910713       5831.0000    
  7622.0430       66.516563       5843.0000    
  7576.8779       66.122414       5855.0000    
  7531.7134       65.728264       5867.0000    
  7485.0483       65.321030       5867.8330    
  7438.3838       64.913788       5868.6665    
  7391.7188       64.506554       5869.5000    
  7345.0532       64.099312       5870.3330    
  7298.3887       63.692070       5871.1665    
  7251.7236       63.284836       5872.0000    
  7206.2261       62.887779       5861.8330    
  7160.7271       62.490715       5851.6665    
  7115.2290       62.093662       5841.5000    
  7069.7310       61.696609       5831.3330    
  7024.2324       61.299549       5821.1665    
  6978.7344       60.902493       5811.0000    
  6960.5464       60.743767       5801.9419    
  6942.3589       60.585049       5792.8838    
  6924.1709       60.426323       5783.8257    
  6905.9834       60.267601       5774.7686    
  6887.7959       60.108887       5765.7104    
  6869.6079       59.950161       5756.6523    
  6845.9639       59.743820       5744.8770    
  6822.3198       59.537487       5733.1016    
  6798.6758       59.331146       5721.3257    
  6775.0322       59.124809       5709.5508    
  6751.3882       58.918468       5697.7754    
  6727.7441       58.712132       5686.0000    
  6692.0786       58.400883       5655.8330    
  6656.4131       58.089642       5625.6665    
  6620.7476       57.778389       5595.5000    
  6585.0825       57.467144       5565.3335    
  6549.4175       57.155899       5535.1665    
  6513.7520       56.844650       5505.0000    
  6486.2529       56.604668       5467.1670    
  6458.7539       56.364693       5429.3330    
  6431.2549       56.124714       5391.5000    
  6403.7563       55.884731       5353.6670    
  6376.2573       55.644753       5315.8335    
  6348.7583       55.404774       5278.0000    
  6336.5923       55.298599       5251.6665    
  6324.4258       55.192425       5225.3330    
  6312.2598       55.086254       5199.0000    
  6300.0938       54.980083       5172.6665    
  6287.9272       54.873909       5146.3330    
  6275.7612       54.767735       5120.0000    
  6263.5952       54.661564       5093.6665    
  6251.4287       54.555389       5067.3330    
  6239.2627       54.449219       5041.0000    
  6227.0967       54.343048       5014.6665    
  6214.9302       54.236870       4988.3330    
  6202.7642       54.130699       4962.0000    
  6194.4307       54.057980       4934.1665    
  6186.0977       53.985256       4906.3335    
  6177.7646       53.912537       4878.5000    
  6169.4316       53.839813       4850.6665    
  6161.0991       53.767097       4822.8335    
  6152.7656       53.694370       4795.0000    
  6136.0996       53.548931       4739.3330    
  6119.4336       53.403484       4683.6665    
  6102.7681       53.258045       4628.0000    
  6098.1519       53.217766       4595.4058    
  6093.5361       53.177483       4562.8115    
  6088.9204       53.137203       4530.2173    
  6084.3042       53.096920       4497.6230    
  6079.6885       53.056637       4465.0288    
  6075.0732       53.016361       4432.4346    
  6071.5225       52.985374       4407.3623    
  6067.9717       52.954388       4382.2900    
  6064.4214       52.923401       4357.2173    
  6060.8706       52.892418       4332.1445    
  6057.3203       52.861435       4307.0728    
  6053.7695       52.830444       4282.0000    
  6050.2695       52.799904       4233.8335    
  6046.7695       52.769360       4185.6665    
  6043.2695       52.738815       4137.5000    
  6039.7700       52.708271       4089.3335    
  6036.2700       52.677731       4041.1667    
  6032.7700       52.647190       3993.0000    
  6029.4375       52.618103       3944.8333    
  6026.1040       52.589012       3896.6667    
  6022.7705       52.559921       3848.5000    
  6019.4375       52.530838       3800.3333    
  6016.1040       52.501747       3752.1667    
  6012.7710       52.472660       3704.0000    
  6011.1045       52.458115       3679.8335    
  6009.4375       52.443569       3655.6665    
  6007.7710       52.429024       3631.5000    
  6006.1045       52.414482       3607.3335    
  6004.4385       52.399937       3583.1665    
  6002.7715       52.385391       3559.0000    
  6001.1050       52.370846       3534.8335    
  5999.4385       52.356304       3510.6665    
  5997.7720       52.341759       3486.5000    
  5996.1045       52.327213       3462.3335    
  5994.4380       52.312668       3438.1665    
  5992.7715       52.298130       3414.0000    
  5989.4385       52.269039       3365.8333    
  5986.1055       52.239952       3317.6667    
  5982.7720       52.210861       3269.5000    
  5979.4395       52.181774       3221.3333    
  5976.1055       52.152683       3173.1667    
  5972.7725       52.123596       3125.0000    
  5971.0225       52.108326       3100.9165    
  5969.2725       52.093056       3076.8333    
  5967.5225       52.077782       3052.7500    
  5965.7729       52.062511       3028.6667    
  5964.0229       52.047241       3004.5833    
  5962.2729       52.031967       2980.5000    
  5960.5229       52.016697       2956.4165    
  5958.7729       52.001423       2932.3333    
  5957.0229       51.986153       2908.2500    
  5955.2729       51.970882       2884.1667    
  5953.5234       51.955612       2860.0833    
  5951.7734       51.940342       2836.0000    
  5948.4399       51.911251       2787.8335    
  5945.1069       51.882164       2739.6667    
  5941.7739       51.853073       2691.5000    
  5938.4409       51.823986       2643.3335    
  5935.1074       51.794899       2595.1667    
  5931.7739       51.765812       2547.0000    
  5930.1069       51.751263       2522.8333    
  5928.4409       51.736721       2498.6667    
  5926.7744       51.722176       2474.5000    
  5925.1079       51.707634       2450.3333    
  5923.4409       51.693085       2426.1667    
  5921.7744       51.678543       2402.0000    
  5920.1079       51.663998       2377.8333    
  5918.4414       51.649456       2353.6667    
  5916.7749       51.634907       2329.5000    
  5915.1084       51.620365       2305.3335    
  5913.4419       51.605820       2281.1665    
  5911.7749       51.591282       2257.0000    
  5908.4414       51.562191       2208.8333    
  5905.1084       51.533104       2160.6667    
  5901.7754       51.504013       2112.5000    
  5898.4424       51.474926       2064.3335    
  5895.1089       51.445835       2016.1667    
  5891.7759       51.416748       1968.0000    
  5888.2759       51.386208       1919.8333    
  5884.7759       51.355663       1871.6666    
  5881.2759       51.325115       1823.5000    
  5877.7764       51.294571       1775.3333    
  5874.2764       51.264030       1727.1666    
  5870.7764       51.233490       1679.0000    
  5869.0488       51.218414       1653.9448    
  5867.3203       51.203331       1628.8896    
  5865.5928       51.188251       1603.8344    
  5863.8647       51.173172       1578.7792    
  5862.1372       51.158096       1553.7240    
  5860.4092       51.143017       1528.6688    
  5858.8037       51.129005       1505.3907    
  5857.1982       51.114994       1482.1127    
  5855.5933       51.100986       1458.8344    
  5853.9883       51.086979       1435.5563    
  5852.3828       51.072968       1412.2782    
  5850.7773       51.058956       1389.0000    
  5847.4438       51.029873       1340.8333    
  5844.1104       51.000782       1292.6666    
  5840.7778       50.971695       1244.5000    
  5837.4443       50.942604       1196.3333    
  5834.1113       50.913517       1148.1666    
  5830.7778       50.884426       1100.0000    
  5830.7778       50.884426       1052.0000    
  5830.7778       50.884426       1003.9999    
  5830.7778       50.884426       956.00000    
  5830.7778       50.884426       908.00000    
  5830.7778       50.884426       860.00000    
  5830.7778       50.884426       812.00000    
  5830.7778       50.884426       764.16663    
  5830.7778       50.884426       716.33331    
  5830.7778       50.884426       668.50000    
  5830.7778       50.884426       620.66669    
  5830.7778       50.884426       572.83337    
  5830.7778       50.884426       525.00000    
  5830.7778       50.884426       477.16666    
  5830.7778       50.884426       429.33334    
  5830.7778       50.884426       381.50000    
  5830.7778       50.884426       333.66666    
  5830.7778       50.884426       285.83334    
  5830.7778       50.884426       238.00000    
  5830.7778       50.884426       190.00000    
  5830.7778       50.884426       142.00000    
  5830.7778       50.884426       94.000000    
  5830.7778       50.884426       46.000000    
  5830.7778       50.884426      -2.0000000    
  5830.7778       50.884426      -50.000000    
  5830.7778       50.884426      -98.000000    
  5830.7778       50.884426      -146.00000    
  5830.7778       50.884426      -194.00000    
  5830.7778       50.884426      -242.00000    
  5830.7778       50.884426      -290.00000    
  5830.7778       50.884426      -338.00000    
  5830.7778       50.884426      -385.83331    
  5830.7778       50.884426      -433.66669    
  5830.7778       50.884426      -481.50000    
  5830.7778       50.884426      -529.33337    
  5830.7778       50.884426      -577.16669    
  5830.7778       50.884426      -625.00000    
  5830.7778       50.884426      -672.83331    
  5830.7778       50.884426      -720.66663    
  5830.7778       50.884426      -768.50000    
  5830.7778       50.884426      -816.33337    
  5830.7778       50.884426      -864.16669    
  5830.7778       50.884426      -912.00000    
  5830.7778       50.884426      -960.00000    
  5830.7778       50.884426      -1008.0000    
  5830.7778       50.884426      -1056.0000    
  5830.7778       50.884426      -1104.0000    
  5830.7778       50.884426      -1152.0000    
  5830.7778       50.884426      -1200.0000    
  5833.0239       50.904030      -1221.7391    
  5835.2705       50.923634      -1243.4783    
  5837.5166       50.943237      -1265.2174    
  5839.7632       50.962841      -1286.9565    
  5842.0093       50.982441      -1308.6957    
  5844.2554       51.002045      -1330.4348    
  5847.1763       51.027534      -1358.6957    
  5850.0962       51.053013      -1386.9565    
  5853.0166       51.078499      -1415.2174    
  5855.9360       51.103981      -1443.4783    
  5858.8564       51.129467      -1471.7391    
  5861.7769       51.154949      -1500.0000    
  5867.1099       51.201492      -1549.8333    
  5872.4434       51.248035      -1599.6667    
  5877.7764       51.294571      -1649.5000    
  5883.1089       51.341118      -1699.3333    
  5888.4424       51.387657      -1749.1666    
  5893.7754       51.434200      -1799.0000    
  5898.9419       51.479286      -1849.0000    
  5904.1084       51.524372      -1899.0000    
  5909.2749       51.569462      -1949.0000    
  5914.4414       51.614548      -1999.0000    
  5919.6074       51.659634      -2049.0000    
  5924.7744       51.704723      -2099.0000    
  5927.7886       51.731030      -2127.2610    
  5930.8027       51.757332      -2155.5217    
  5933.8174       51.783642      -2183.7825    
  5936.8320       51.809948      -2212.0435    
  5939.8467       51.836250      -2240.3042    
  5942.8608       51.862560      -2268.5652    
  5945.1797       51.882797      -2290.3044    
  5947.4985       51.903030      -2312.0435    
  5949.8174       51.923267      -2333.7827    
  5952.1362       51.943504      -2355.5217    
  5954.4551       51.963737      -2377.2610    
  5956.7729       51.983971      -2399.0000    
  5961.9399       52.029057      -2448.8333    
  5967.1060       52.074146      -2498.6667    
  5972.2725       52.119232      -2548.5000    
  5977.4395       52.164318      -2598.3333    
  5982.6055       52.209408      -2648.1667    
  5987.7720       52.254494      -2698.0000    
  5990.4390       52.277767      -2723.0000    
  5993.1050       52.301033      -2748.0000    
  5995.7715       52.324306      -2773.0000    
  5998.4385       52.347580      -2798.0000    
  6001.1050       52.370846      -2823.0000    
  6003.7720       52.394123      -2848.0000    
  6006.4380       52.417389      -2873.0000    
  6009.1045       52.440659      -2898.0000    
  6011.7710       52.463928      -2923.0000    
  6014.4375       52.487202      -2948.0000    
  6017.1040       52.510475      -2973.0000    
  6019.7705       52.533741      -2998.0000    
  6024.9370       52.578831      -3047.8335    
  6030.1035       52.623920      -3097.6667    
  6035.2700       52.669003      -3147.5000    
  6040.4365       52.714092      -3197.3333    
  6045.6030       52.759178      -3247.1667    
  6050.7700       52.804264      -3297.0000    
  6053.0889       52.824501      -3318.7393    
  6055.4072       52.844738      -3340.4783    
  6057.7261       52.864971      -3362.2175    
  6060.0449       52.885208      -3383.9565    
  6062.3638       52.905445      -3405.6956    
  6064.6826       52.925678      -3427.4346    
  6067.6963       52.951984      -3455.6956    
  6070.7104       52.978287      -3483.9565    
  6073.7251       53.004597      -3512.2173    
  6076.7397       53.030903      -3540.4783    
  6079.7539       53.057209      -3568.7393    
  6082.7686       53.083515      -3597.0000    
  6087.9351       53.128605      -3647.0000    
  6093.1011       53.173687      -3697.0000    
  6098.2676       53.218773      -3747.0000    
  6103.4346       53.263866      -3797.0000    
  6108.6006       53.308949      -3847.0000    
  6113.7671       53.354034      -3897.0000    
  6119.1001       53.400581      -3946.8333    
  6124.4336       53.447121      -3996.6667    
  6129.7671       53.493664      -4046.5002    
  6135.1001       53.540203      -4096.3335    
  6140.4326       53.586742      -4146.1670    
  6145.7656       53.633289      -4196.0000    
  6150.9321       53.678371      -4246.0000    
  6156.0986       53.723461      -4296.0000    
  6161.2651       53.768551      -4346.0000    
  6166.4321       53.813633      -4396.0000    
  6171.5986       53.858723      -4446.0000    
  6176.7651       53.903812      -4496.0000    
  6182.0981       53.950352      -4546.0000    
  6187.4312       53.996895      -4596.0000    
  6192.7637       54.043430      -4646.0000    
  6198.0972       54.089973      -4696.0000    
  6203.4307       54.136517      -4746.0000    
  6208.7637       54.183060      -4796.0000    
  6213.2109       54.221870      -4838.2856    
  6217.6577       54.260677      -4880.5703    
  6222.1050       54.299488      -4922.8560    
  6226.5522       54.338299      -4965.1411    
  6230.9995       54.377110      -5007.4263    
  6235.4468       54.415924      -5049.7119    
  6238.8677       54.445774      -5082.2393    
  6242.2891       54.475628      -5114.7661    
  6245.7095       54.505482      -5147.2930    
  6249.1304       54.535332      -5179.8203    
  6252.5518       54.565189      -5212.3477    
  6255.9717       54.595043      -5244.8745    
  6258.6035       54.618004      -5269.8955    
  6261.2354       54.640972      -5294.9165    
  6263.8667       54.663937      -5319.9370    
  6266.4985       54.686905      -5344.9585    
  6269.1299       54.709866      -5369.9790    
  6271.7607       54.732830      -5395.0000    
  6299.2603       54.972809      -5413.1665    
  6326.7593       55.212791      -5431.3335    
  6354.2583       55.452766      -5449.5000    
  6381.7568       55.692749      -5467.6665    
  6409.2559       55.932732      -5485.8330    
  6436.7549       56.172707      -5504.0000    
  6444.7544       56.242523      -5539.3335    
  6452.7544       56.312332      -5574.6665    
  6460.7539       56.382145      -5610.0000    
  6468.7534       56.451958      -5645.3335    
  6476.7539       56.521774      -5680.6665    
  6484.7529       56.591587      -5716.0000    
  6478.4492       56.536572      -5740.6377    
  6472.1445       56.481552      -5765.2754    
  6465.8408       56.426537      -5789.9131    
  6459.5366       56.371521      -5814.5508    
  6453.2329       56.316505      -5839.1885    
  6446.9287       56.261494      -5863.8262    
  6438.7329       56.189972      -5895.8550    
  6430.5376       56.118454      -5927.8843    
  6422.3423       56.046932      -5959.9131    
  6414.1475       55.975414      -5991.9419    
  6405.9517       55.903893      -6023.9712    
  6397.7559       55.832371      -6056.0000    
  6389.5610       55.760853      -6087.9351    
  6381.3652       55.689331      -6119.8696    
  6373.1704       55.617817      -6151.8047    
  6364.9751       55.546295      -6183.7393    
  6356.7798       55.474777      -6215.6738    
  6348.5840       55.403255      -6247.6089    
  6342.2803       55.348240      -6272.1738    
  6335.9761       55.293224      -6296.7393    
  6329.6724       55.238209      -6321.3042    
  6323.3682       55.183197      -6345.8696    
  6317.0640       55.128178      -6370.4346    
  6310.7598       55.073166      -6395.0000    
  6332.2080       55.260345      -6402.6812    
  6353.6567       55.447517      -6410.3623    
  6375.1050       55.634697      -6418.0435    
  6396.5537       55.821877      -6425.7246    
  6418.0015       56.009056      -6433.4058    
  6439.4507       56.196236      -6441.0869    
  6467.3340       56.439564      -6451.0728    
  6495.2163       56.682896      -6461.0581    
  6523.0996       56.926224      -6471.0435    
  6550.9824       57.169556      -6481.0288    
  6578.8657       57.412888      -6491.0146    
  6606.7480       57.656216      -6501.0000    
  6634.6313       57.899551      -6510.9854    
  6662.5142       58.142883      -6520.9707    
  6690.3979       58.386215      -6530.9565    
  6718.2808       58.629547      -6540.9424    
  6746.1636       58.872875      -6550.9277    
  6774.0464       59.116207      -6560.9131    
  6795.4946       59.303383      -6568.5938    
  6816.9438       59.490566      -6576.2754    
  6838.3916       59.677738      -6583.9565    
  6859.8398       59.864918      -6591.6377    
  6881.2886       60.052097      -6599.3188    
  6902.7373       60.239273      -6607.0000    
  6924.1855       60.426456      -6614.7539    
  6945.6338       60.613628      -6622.5073    
  6967.0825       60.800804      -6630.2607    
  6988.5312       60.987988      -6638.0142    
  7009.9795       61.175163      -6645.7681    
  7031.4277       61.362347      -6653.5215    
  7059.3110       61.605675      -6663.6016    
  7087.1938       61.849007      -6673.6812    
  7115.0771       62.092335      -6683.7607    
  7142.9600       62.335667      -6693.8403    
  7170.8428       62.578999      -6703.9204    
  7198.7256       62.822327      -6714.0000    
  7226.6089       63.065655      -6723.9858    
  7254.4917       63.308990      -6733.9712    
  7282.3750       63.552326      -6743.9565    
  7310.2578       63.795654      -6753.9419    
  7338.1411       64.038986      -6763.9272    
  7366.0239       64.282310      -6773.9131    
  7387.4722       64.469498      -6781.5942    
  7408.9209       64.656677      -6789.2754    
  7430.3691       64.843849      -6796.9565    
  7451.8174       65.031021      -6804.6377    
  7473.2661       65.218201      -6812.3188    
  7494.7148       65.405380      -6820.0000    
  7517.2637       65.602165      -6828.0752    
  7539.8135       65.798950      -6836.1509    
  7562.3628       65.995735      -6844.2266    
  7584.9116       66.192520      -6852.3018    
  7607.4609       66.389305      -6860.3770    
  7630.0107       66.586090      -6868.4526    
  7656.7930       66.819817      -6878.0435    
  7683.5747       67.053543      -6887.6348    
  7710.3569       67.287270      -6897.2266    
  7737.1392       67.520988      -6906.8174    
  7763.9214       67.754715      -6916.4087    
  7790.7031       67.988434      -6926.0000    
  7818.5864       68.231766      -6936.0796    
  7846.4688       68.475098      -6946.1592    
  7874.3525       68.718430      -6956.2393    
  7902.2354       68.961761      -6966.3188    
  7930.1187       69.205101      -6976.3984    
  7958.0015       69.448425      -6986.4785    
  7979.4497       69.635597      -6994.2319    
  8000.8984       69.822784      -7001.9854    
  8022.3477       70.009964      -7009.7388    
  8043.7954       70.197136      -7017.4927    
  8065.2437       70.384315      -7025.2461    
  8086.6919       70.571487      -7033.0000    
  8114.5752       70.814827      -7042.9854    
  8142.4580       71.058151      -7052.9707    
  8170.3413       71.301491      -7062.9565    
  8198.2236       71.544807      -7072.9424    
  8226.1074       71.788147      -7082.9277    
  8253.9893       72.031479      -7092.9131    
  8275.4395       72.218666      -7100.5942    
  8296.8877       72.405838      -7108.2754    
  8318.3359       72.593010      -7115.9565    
  8339.7832       72.780190      -7123.6377    
  8361.2314       72.967369      -7131.3188    
  8382.6807       73.154549      -7139.0000    
  8379.2021       73.124191      -7113.8550    
  8375.7246       73.093842      -7088.7104    
  8372.2471       73.063484      -7063.5654    
  8368.7686       73.033142      -7038.4204    
  8365.2910       73.002785      -7013.2754    
  8361.8115       72.972427      -6988.1304    
  8357.2900       72.932968      -6955.4419    
  8352.7686       72.893517      -6922.7539    
  8348.2471       72.854050      -6890.0654    
  8343.7266       72.814590      -6857.3765    
  8339.2041       72.775124      -6824.6885    
  8334.6826       72.735672      -6792.0000    
  8330.9531       72.703125      -6764.4634    
  8327.2236       72.670578      -6736.9268    
  8323.4941       72.638031      -6709.3896    
  8319.7637       72.605484      -6681.8530    
  8316.0342       72.572929      -6654.3159    
  8312.3047       72.540382      -6626.7793    
  8308.2012       72.504570      -6596.4829    
  8304.0977       72.468758      -6566.1860    
  8299.9951       72.432961      -6535.8896    
  8295.8916       72.397148      -6505.5928    
  8291.7881       72.361336      -6475.2964    
  8287.6846       72.325531      -6445.0000    
  8334.8496       72.737129      -6420.8330    
  8382.0146       73.148735      -6396.6665    
  8429.1787       73.560326      -6372.5000    
  8476.3438       73.971924      -6348.3335    
  8523.5088       74.383537      -6324.1670    
  8570.6738       74.795135      -6300.0000    
  8599.3398       75.045296      -6260.5000    
  8628.0049       75.295456      -6221.0000    
  8656.6699       75.545616      -6181.5000    
  8685.3359       75.795784      -6142.0000    
  8714.0020       76.045937      -6102.5000    
  8742.6670       76.296097      -6063.0000    
  8742.6670      -76.296097      -6063.0000    
  8771.5000      -76.547714      -6023.5000    
  8800.3320      -76.799332      -5984.0000    
  8829.1631      -77.050949      -5944.5000    
  8857.9961      -77.302559      -5905.0000    
  8886.8281      -77.554184      -5865.5000    
  8915.6611      -77.805794      -5826.0000    
  8931.8633      -77.947189      -5803.5796    
  8948.0654      -78.088585      -5781.1592    
  8964.2676      -78.229980      -5758.7388    
  8980.4697      -78.371376      -5736.3188    
  8996.6719      -78.512764      -5713.8984    
  9012.8740      -78.654152      -5691.4780    
  9025.3379      -78.762924      -5674.2319    
  9037.8008      -78.871689      -5656.9854    
  9050.2646      -78.980453      -5639.7393    
  9062.7266      -79.089226      -5622.4927    
  9075.1904      -79.197990      -5605.2466    
  9087.6543      -79.306763      -5588.0000    
  9116.3193      -79.556915      -5548.5000    
  9144.9854      -79.807076      -5509.0000    
  9173.6504      -80.057236      -5469.5000    
  9202.3164      -80.307396      -5430.0000    
  9230.9814      -80.557564      -5390.5000    
  9259.6475      -80.807724      -5351.0000    
  9274.0645      -80.933525      -5331.2500    
  9288.4795      -81.059334      -5311.5000    
  9302.8965      -81.185150      -5291.7500    
  9317.3125      -81.310951      -5272.0000    
  9331.7275      -81.436760      -5252.2500    
  9346.1445      -81.562561      -5232.5000    
  9360.5605      -81.688377      -5212.7500    
  9374.9775      -81.814186      -5193.0000    
  9389.3916      -81.939980      -5173.2500    
  9403.8086      -82.065788      -5153.5000    
  9418.2246      -82.191597      -5133.7500    
  9432.6396      -82.317406      -5114.0000    
  9461.3066      -82.567574      -5074.5000    
  9489.9717      -82.817734      -5035.0000    
  9518.6377      -83.067894      -4995.5000    
  9547.3027      -83.318047      -4956.0000    
  9575.9688      -83.568207      -4916.5000    
  9604.6348      -83.818367      -4877.0000    
  9633.2998      -84.068535      -4837.5000    
  9661.9658      -84.318695      -4798.0000    
  9690.6309      -84.568855      -4758.5000    
  9719.2969      -84.819008      -4719.0000    
  9747.9619      -85.069176      -4679.5000    
  9776.6289      -85.319344      -4640.0000    
  9791.0439      -85.445152      -4620.1670    
  9805.4590      -85.570946      -4600.3330    
  9819.8760      -85.696754      -4580.5000    
  9834.2910      -85.822563      -4560.6665    
  9848.7080      -85.948372      -4540.8335    
  9863.1240      -86.074181      -4521.0000    
  9877.5410      -86.199982      -4501.1670    
  9891.9561      -86.325798      -4481.3335    
  9906.3721      -86.451607      -4461.5000    
  9920.7891      -86.577408      -4441.6665    
  9935.2041      -86.703217      -4421.8335    
  9949.6211      -86.829025      -4402.0000    
  9978.2871      -87.079185      -4362.5000    
  10006.952      -87.329353      -4323.0000    
  10035.618      -87.579514      -4283.5000    
  10064.283      -87.829674      -4244.0000    
  10092.949      -88.079834      -4204.5000    
  10121.614      -88.329987      -4165.0000    
  10150.280      -88.580147      -4125.5000    
  10178.945      -88.830315      -4086.0000    
  10207.611      -89.080475      -4046.5002    
  10236.276      -89.330635      -4007.0000    
  10264.942      -89.580795      -3967.5000    
  10293.607      -89.830948      -3928.0000    
  10308.023      -89.956757      -3908.2500    
  10322.440      -90.082573      -3888.5000    
  10336.855      -90.208374      -3868.7500    
  10351.272      -90.334183      -3849.0000    
  10365.688      -90.459991      -3829.2500    
  10380.105      -90.585800      -3809.5000    
  10394.521      -90.711609      -3789.7500    
  10408.938      -90.837410      -3770.0000    
  10423.354      -90.963219      -3750.2500    
  10437.769      -91.089035      -3730.5000    
  10452.186      -91.214836      -3710.7500    
  10466.602      -91.340645      -3691.0000    
  10495.267      -91.590805      -3651.5000    
  10523.933      -91.840965      -3612.0000    
  10552.599      -92.091133      -3572.5000    
  10581.264      -92.341286      -3533.0000    
  10609.929      -92.591446      -3493.5000    
  10638.595      -92.841614      -3454.0000    
  10651.059      -92.950371      -3436.7534    
  10663.521      -93.059135      -3419.5073    
  10675.985      -93.167908      -3402.2607    
  10688.448      -93.276672      -3385.0146    
  10700.912      -93.385437      -3367.7681    
  10713.374      -93.494202      -3350.5217    
  10729.577      -93.635597      -3328.1013    
  10745.779      -93.776993      -3305.6812    
  10761.981      -93.918388      -3283.2607    
  10778.184      -94.059784      -3260.8406    
  10794.386      -94.201180      -3238.4202    
  10810.588      -94.342575      -3216.0000    
  10839.420      -94.594185      -3176.5000    
  10868.253      -94.845802      -3137.0000    
  10897.085      -95.097420      -3097.5000    
  10925.918      -95.349037      -3058.0000    
  10954.750      -95.600647      -3018.5000    
  10983.582      -95.852264      -2979.0000    
  11012.247      -96.102425      -2939.5000    
  11040.913      -96.352585      -2900.0000    
  11069.578      -96.602745      -2860.5000    
  11098.244      -96.852905      -2821.0000    
  11126.910      -97.103073      -2781.5000    
  11155.576      -97.353226      -2742.0000    
  11183.074      -97.593208      -2701.6665    
  11210.573      -97.833191      -2661.3333    
  11238.071      -98.073166      -2621.0000    
  11265.570      -98.313148      -2580.6667    
  11293.070      -98.553131      -2540.3333    
  11320.569      -98.793114      -2500.0000    
  11332.667      -98.898689      -2479.4565    
  11344.766      -99.004272      -2458.9131    
  11356.864      -99.109840      -2438.3696    
  11368.961      -99.215424      -2417.8264    
  11381.061      -99.321007      -2397.2830    
  11393.158      -99.426582      -2376.7395    
  11405.893      -99.537704      -2355.1165    
  11418.627      -99.648849      -2333.4929    
  11431.361      -99.759972      -2311.8699    
  11444.095      -99.871101      -2290.2466    
  11456.829      -99.982224      -2268.6233    
  11469.562      -100.09336      -2247.0000    
  11491.729      -100.28680      -2203.5000    
  11513.896      -100.48024      -2160.0000    
  11536.061      -100.67368      -2116.5000    
  11558.227      -100.86711      -2073.0000    
  11580.393      -101.06055      -2029.5000    
  11602.559      -101.25398      -1986.0000    
  11613.485      -101.34935      -1960.6594    
  11624.412      -101.44471      -1935.3188    
  11635.339      -101.54007      -1909.9783    
  11646.267      -101.63543      -1884.6377    
  11657.194      -101.73080      -1859.2971    
  11668.120      -101.82616      -1833.9564    
  11676.527      -101.89950      -1814.4637    
  11684.932      -101.97286      -1794.9709    
  11693.338      -102.04620      -1775.4783    
  11701.743      -102.11958      -1755.9855    
  11710.147      -102.19292      -1736.4928    
  11718.554      -102.26627      -1717.0000    
  11735.219      -102.41171      -1671.1666    
  11751.887      -102.55715      -1625.3333    
  11768.552      -102.70261      -1579.5000    
  11785.217      -102.84804      -1533.6666    
  11801.884      -102.99348      -1487.8334    
  11818.550      -103.13892      -1442.0000    
  11832.051      -103.25673      -1395.0000    
  11845.549      -103.37453      -1348.0000    
  11859.048      -103.49235      -1301.0000    
  11872.548      -103.61016      -1254.0000    
  11886.047      -103.72797      -1207.0000    
  11899.547      -103.84576      -1160.0000    
  11908.496      -103.92386      -1133.0580    
  11917.444      -104.00196      -1106.1160    
  11926.395      -104.08006      -1079.1740    
  11935.342      -104.15816      -1052.2319    
  11944.291      -104.23625      -1025.2899    
  11953.240      -104.31434      -998.34784    
  11960.124      -104.37442      -977.62317    
  11967.008      -104.43449      -956.89856    
  11973.893      -104.49457      -936.17389    
  11980.775      -104.55466      -915.44928    
  11987.659      -104.61472      -894.72467    
  11994.543      -104.67479      -874.00000    
  11994.543      -104.67479      -849.91663    
  11994.543      -104.67479      -825.83331    
  11994.543      -104.67479      -801.75000    
  11994.543      -104.67479      -777.66669    
  11994.543      -104.67479      -753.58331    
  11994.543      -104.67479      -729.50000    
  11994.543      -104.67479      -705.41669    
  11994.543      -104.67479      -681.33337    
  11994.543      -104.67479      -657.25000    
  11994.543      -104.67479      -633.16669    
  11994.543      -104.67479      -609.08337    
  11994.543      -104.67479      -585.00000    
  11994.543      -104.67479      -536.33331    
  11994.543      -104.67479      -487.66666    
  11994.543      -104.67479      -439.00000    
  11994.543      -104.67479      -390.33331    
  11994.543      -104.67479      -341.66666    
  11994.543      -104.67479      -293.00000    
  11994.543      -104.67479      -244.16667    
  11994.543      -104.67479      -195.33333    
  11994.543      -104.67479      -146.50000    
  11994.543      -104.67479      -97.666664    
  11994.543      -104.67479      -48.833332    
  11994.543      -104.67479       0.0000000    
  11994.543      -104.67479       51.000000    
  11994.543      -104.67479       102.00000    
  11994.543      -104.67479       153.00000    
  11994.543      -104.67479       204.00000    
  11994.543      -104.67479       255.00000    
  11994.543      -104.67479       306.00000    
  11994.543      -104.67479       357.00000    
  11994.543      -104.67479       408.00000    
  11994.543      -104.67479       459.00000    
  11994.543      -104.67479       510.00000    
  11994.543      -104.67479       561.00000    
  11994.543      -104.67479       612.00000    
  11991.210      -104.64571       662.50000    
  11987.877      -104.61662       713.00000    
  11984.543      -104.58753       763.50000    
  11981.211      -104.55844       814.00000    
  11977.878      -104.52935       864.50000    
  11974.545      -104.50026       915.00000    
  11970.560      -104.46548       936.88403    
  11966.573      -104.43069       958.76813    
  11962.587      -104.39592       980.65216    
  11958.603      -104.36114       1002.5362    
  11954.618      -104.32636       1024.4203    
  11950.632      -104.29158       1046.3043    
  11945.451      -104.24637       1074.7537    
  11940.270      -104.20116       1103.2029    
  11935.088      -104.15594       1131.6521    
  11929.909      -104.11073       1160.1014    
  11924.728      -104.06552       1188.5507    
  11919.546      -104.02029       1217.0000    
  11907.547      -103.91559       1266.6666    
  11895.547      -103.81086       1316.3333    
  11883.548      -103.70614       1366.0000    
  11871.548      -103.60143       1415.6667    
  11859.548      -103.49671       1465.3334    
  11847.548      -103.39199       1515.0000    
  11833.050      -103.26546       1563.8334    
  11818.550      -103.13892       1612.6667    
  11804.051      -103.01238       1661.5000    
  11789.551      -102.88585       1710.3334    
  11775.052      -102.75932       1759.1667    
  11760.552      -102.63278       1808.0000    
  11743.719      -102.48588       1856.1667    
  11726.887      -102.33897       1904.3334    
  11710.054      -102.19209       1952.5000    
  11693.221      -102.04520       2000.6666    
  11676.389      -101.89830       2048.8333    
  11659.556      -101.75140       2097.0000    
  11648.936      -101.65871       2122.7810    
  11638.314      -101.56603       2148.5623    
  11627.694      -101.47334       2174.3433    
  11617.073      -101.38066       2200.1245    
  11606.453      -101.28799       2225.9055    
  11595.832      -101.19529       2251.6865    
  11586.953      -101.11781       2273.2390    
  11578.075      -101.04034       2294.7910    
  11569.195      -100.96284       2316.3433    
  11560.317      -100.88536       2337.8958    
  11551.439      -100.80788       2359.4478    
  11542.561      -100.73040       2381.0000    
  11520.562      -100.53841       2427.0000    
  11498.562      -100.34642       2473.0000    
  11476.563      -100.15445       2519.0000    
  11454.564      -99.962463       2565.0000    
  11432.564      -99.770477       2611.0000    
  11410.565      -99.578499       2657.0000    
  11396.812      -99.458473       2682.4348    
  11383.059      -99.338448       2707.8696    
  11369.307      -99.218437       2733.3042    
  11355.554      -99.098412       2758.7393    
  11341.800      -98.978386       2784.1741    
  11328.047      -98.858360       2809.6086    
  11317.468      -98.766045       2829.1738    
  11306.889      -98.673714       2848.7393    
  11296.310      -98.581390       2868.3042    
  11285.729      -98.489067       2887.8696    
  11275.150      -98.396744       2907.4348    
  11264.571      -98.304428       2927.0000    
  11238.071      -98.073166       2970.5000    
  11211.572      -97.841911       3014.0000    
  11185.074      -97.610657       3057.5000    
  11158.575      -97.379410       3101.0000    
  11132.076      -97.148148       3144.5000    
  11105.577      -96.916901       3188.0000    
  11093.041      -96.807503       3206.3335    
  11080.506      -96.698112       3224.6665    
  11067.970      -96.588707       3243.0000    
  11055.435      -96.479309       3261.3333    
  11042.898      -96.369911       3279.6667    
  11030.363      -96.260521       3298.0000    
  11014.065      -96.118294       3321.8333    
  10997.770      -95.976074       3345.6667    
  10981.474      -95.833870       3369.5000    
  10965.177      -95.691643       3393.3335    
  10948.880      -95.549423       3417.1667    
  10932.583      -95.407211       3441.0000    
  10901.586      -95.136696       3481.5000    
  10870.586      -94.866173       3522.0000    
  10839.587      -94.595650       3562.5000    
  10808.588      -94.325127       3603.0000    
  10777.590      -94.054596       3643.5000    
  10746.591      -93.784073       3684.0000    
  10732.170      -93.658234       3700.9565    
  10717.753      -93.532402       3717.9131    
  10703.332      -93.406555       3734.8694    
  10688.911      -93.280716       3751.8259    
  10674.492      -93.154877       3768.7827    
  10660.072      -93.029045       3785.7393    
  10641.327      -92.865456       3807.7827    
  10622.580      -92.701859       3829.8262    
  10603.836      -92.538277       3851.8696    
  10585.090      -92.374680       3873.9131    
  10566.345      -92.211090       3895.9565    
  10547.599      -92.047501       3918.0000    
  10512.599      -91.742058       3955.1665    
  10477.601      -91.436630       3992.3335    
  10442.603      -91.131210       4029.5000    
  10407.604      -90.825783       4066.6665    
  10372.605      -90.520355       4103.8330    
  10337.606      -90.214920       4141.0000    
  10300.607      -89.892036       4176.1665    
  10263.609      -89.569160       4211.3335    
  10226.611      -89.246277       4246.5000    
  10189.611      -88.923393       4281.6670    
  10152.613      -88.600517       4316.8335    
  10115.615      -88.277634       4352.0000    
  10077.283      -87.943115       4385.3335    
  10038.951      -87.608597       4418.6670    
  10000.620      -87.274078       4452.0000    
  9962.2871      -86.939568       4485.3335    
  9923.9561      -86.605049       4518.6665    
  9885.6230      -86.270523       4552.0000    
  9846.1260      -85.925835       4583.6670    
  9806.6260      -85.581131       4615.3335    
  9767.1279      -85.236435       4647.0000    
  9727.6299      -84.891739       4678.6665    
  9688.1309      -84.547043       4710.3335    
  9648.6328      -84.202339       4742.0000    
  9630.8799      -84.047417       4755.1885    
  9613.1270      -83.892487       4768.3770    
  9595.3740      -83.737556       4781.5654    
  9577.6211      -83.582634       4794.7534    
  9559.8682      -83.427704       4807.9419    
  9542.1152      -83.272774       4821.1304    
  9519.0361      -83.071373       4838.2754    
  9495.9570      -82.869965       4855.4199    
  9472.8789      -82.668556       4872.5654    
  9449.7998      -82.467148       4889.7100    
  9426.7217      -82.265747       4906.8550    
  9403.6426      -82.064339       4924.0000    
  9361.6436      -81.697830       4952.5000    
  9319.6445      -81.331306       4981.0000    
  9277.6475      -80.964798       5009.5000    
  9235.6484      -80.598282       5038.0000    
  9193.6504      -80.231773       5066.5000    
  9151.6523      -79.865257       5095.0000    
  9108.6533      -79.490013       5121.8335    
  9065.6543      -79.114769       5148.6670    
  9022.6562      -78.739525       5175.5000    
  8979.6572      -78.364281       5202.3335    
  8936.6602      -77.989052       5229.1665    
  8893.6611      -77.613808       5256.0000    
  8871.8896      -77.423813       5268.4062    
  8850.1182      -77.233810       5280.8125    
  8828.3477      -77.043816       5293.2188    
  8806.5752      -76.853821       5305.6245    
  8784.8037      -76.663818       5318.0308    
  8763.0322      -76.473824       5330.4370    
  8740.6387      -76.278397       5343.1973    
  8718.2451      -76.082977       5355.9580    
  8695.8516      -75.887543       5368.7188    
  8673.4580      -75.692116       5381.4795    
  8651.0645      -75.496696       5394.2393    
  8628.6709      -75.301277       5407.0000    
  8583.6729      -74.908577       5430.3330    
  8538.6748      -74.515877       5453.6665    
  8493.6768      -74.123199       5477.0000    
  8448.6787      -73.730499       5500.3335    
  8403.6797      -73.337807       5523.6670    
  8358.6816      -72.945114       5547.0000    
  8338.1328      -72.765785       5556.6050    
  8317.5840      -72.586456       5566.2095    
  8297.0352      -72.407127       5575.8145    
  8276.4863      -72.227798       5585.4189    
  8255.9375      -72.048477       5595.0234    
  8235.3887      -71.869148       5604.6279    
  8209.9395      -71.647057       5616.5239    
  8184.4893      -71.424957       5628.4189    
  8159.0405      -71.202866       5640.3140    
  8133.5908      -70.980774       5652.2095    
  8108.1411      -70.758675       5664.1050    
  8082.6924      -70.536591       5676.0000    
  8036.0269      -70.129341       5695.8330    
  7989.3623      -69.722107       5715.6670    
  7942.6978      -69.314865       5735.5000    
  7896.0322      -68.907631       5755.3335    
  7849.3677      -68.500389       5775.1665    
  7802.7031      -68.093155       5795.0000    
  7757.5381      -67.699005       5807.0000    
  7712.3726      -67.304855       5819.0000    
  7667.2080      -66.910713       5831.0000    
  7622.0430      -66.516563       5843.0000    
  7576.8779      -66.122414       5855.0000    
  7531.7134      -65.728264       5867.0000    
  7485.0483      -65.321030       5867.8330    
  7438.3838      -64.913788       5868.6665    
  7391.7188      -64.506554       5869.5000    
  7345.0532      -64.099312       5870.3330    
  7298.3887      -63.692070       5871.1665    
  7251.7236      -63.284836       5872.0000    
  7206.2261      -62.887779       5861.8330    
  7160.7271      -62.490715       5851.6665    
  7115.2290      -62.093662       5841.5000    
  7069.7310      -61.696609       5831.3330    
  7024.2324      -61.299549       5821.1665    
  6978.7344      -60.902493       5811.0000    
  6960.5464      -60.743767       5801.9419    
  6942.3589      -60.585049       5792.8838    
  6924.1709      -60.426323       5783.8257    
  6905.9834      -60.267601       5774.7686    
  6887.7959      -60.108887       5765.7104    
  6869.6079      -59.950161       5756.6523    
  6845.9639      -59.743820       5744.8770    
  6822.3198      -59.537487       5733.1016    
  6798.6758      -59.331146       5721.3257    
  6775.0322      -59.124809       5709.5508    
  6751.3882      -58.918468       5697.7754    
  6727.7441      -58.712132       5686.0000    
  6692.0786      -58.400883       5655.8330    
  6656.4131      -58.089642       5625.6665    
  6620.7476      -57.778389       5595.5000    
  6585.0825      -57.467144       5565.3335    
  6549.4175      -57.155899       5535.1665    
  6513.7520      -56.844650       5505.0000    
  6486.2529      -56.604668       5467.1670    
  6458.7539      -56.364693       5429.3330    
  6431.2549      -56.124714       5391.5000    
  6403.7563      -55.884731       5353.6670    
  6376.2573      -55.644753       5315.8335    
  6348.7583      -55.404774       5278.0000    
  6336.5923      -55.298599       5251.6665    
  6324.4258      -55.192425       5225.3330    
  6312.2598      -55.086254       5199.0000    
  6300.0938      -54.980083       5172.6665    
  6287.9272      -54.873909       5146.3330    
  6275.7612      -54.767735       5120.0000    
  6263.5952      -54.661564       5093.6665    
  6251.4287      -54.555389       5067.3330    
  6239.2627      -54.449219       5041.0000    
  6227.0967      -54.343048       5014.6665    
  6214.9302      -54.236870       4988.3330    
  6202.7642      -54.130699       4962.0000    
  6194.4307      -54.057980       4934.1665    
  6186.0977      -53.985256       4906.3335    
  6177.7646      -53.912537       4878.5000    
  6169.4316      -53.839813       4850.6665    
  6161.0991      -53.767097       4822.8335    
  6152.7656      -53.694370       4795.0000    
  6136.0996      -53.548931       4739.3330    
  6119.4336      -53.403484       4683.6665    
  6102.7681      -53.258045       4628.0000    
  6098.1519      -53.217766       4595.4058    
  6093.5361      -53.177483       4562.8115    
  6088.9204      -53.137203       4530.2173    
  6084.3042      -53.096920       4497.6230    
  6079.6885      -53.056637       4465.0288    
  6075.0732      -53.016361       4432.4346    
  6071.5225      -52.985374       4407.3623    
  6067.9717      -52.954388       4382.2900    
  6064.4214      -52.923401       4357.2173    
  6060.8706      -52.892418       4332.1445    
  6057.3203      -52.861435       4307.0728    
  6053.7695      -52.830444       4282.0000    
  6050.2695      -52.799904       4233.8335    
  6046.7695      -52.769360       4185.6665    
  6043.2695      -52.738815       4137.5000    
  6039.7700      -52.708271       4089.3335    
  6036.2700      -52.677731       4041.1667    
  6032.7700      -52.647190       3993.0000    
  6029.4375      -52.618103       3944.8333    
  6026.1040      -52.589012       3896.6667    
  6022.7705      -52.559921       3848.5000    
  6019.4375      -52.530838       3800.3333    
  6016.1040      -52.501747       3752.1667    
  6012.7710      -52.472660       3704.0000    
  6011.1045      -52.458115       3679.8335    
  6009.4375      -52.443569       3655.6665    
  6007.7710      -52.429024       3631.5000    
  6006.1045      -52.414482       3607.3335    
  6004.4385      -52.399937       3583.1665    
  6002.7715      -52.385391       3559.0000    
  6001.1050      -52.370846       3534.8335    
  5999.4385      -52.356304       3510.6665    
  5997.7720      -52.341759       3486.5000    
  5996.1045      -52.327213       3462.3335    
  5994.4380      -52.312668       3438.1665    
  5992.7715      -52.298130       3414.0000    
  5989.4385      -52.269039       3365.8333    
  5986.1055      -52.239952       3317.6667    
  5982.7720      -52.210861       3269.5000    
  5979.4395      -52.181774       3221.3333    
  5976.1055      -52.152683       3173.1667    
  5972.7725      -52.123596       3125.0000    
  5971.0225      -52.108326       3100.9165    
  5969.2725      -52.093056       3076.8333    
  5967.5225      -52.077782       3052.7500    
  5965.7729      -52.062511       3028.6667    
  5964.0229      -52.047241       3004.5833    
  5962.2729      -52.031967       2980.5000    
  5960.5229      -52.016697       2956.4165    
  5958.7729      -52.001423       2932.3333    
  5957.0229      -51.986153       2908.2500    
  5955.2729      -51.970882       2884.1667    
  5953.5234      -51.955612       2860.0833    
  5951.7734      -51.940342       2836.0000    
  5948.4399      -51.911251       2787.8335    
  5945.1069      -51.882164       2739.6667    
  5941.7739      -51.853073       2691.5000    
  5938.4409      -51.823986       2643.3335    
  5935.1074      -51.794899       2595.1667    
  5931.7739      -51.765812       2547.0000    
  5930.1069      -51.751263       2522.8333    
  5928.4409      -51.736721       2498.6667    
  5926.7744      -51.722176       2474.5000    
  5925.1079      -51.707634       2450.3333    
  5923.4409      -51.693085       2426.1667    
  5921.7744      -51.678543       2402.0000    
  5920.1079      -51.663998       2377.8333    
  5918.4414      -51.649456       2353.6667    
  5916.7749      -51.634907       2329.5000    
  5915.1084      -51.620365       2305.3335    
  5913.4419      -51.605820       2281.1665    
  5911.7749      -51.591282       2257.0000    
  5908.4414      -51.562191       2208.8333    
  5905.1084      -51.533104       2160.6667    
  5901.7754      -51.504013       2112.5000    
  5898.4424      -51.474926       2064.3335    
  5895.1089      -51.445835       2016.1667    
  5891.7759      -51.416748       1968.0000    
  5888.2759      -51.386208       1919.8333    
  5884.7759      -51.355663       1871.6666    
  5881.2759      -51.325115       1823.5000    
  5877.7764      -51.294571       1775.3333    
  5874.2764      -51.264030       1727.1666    
  5870.7764      -51.233490       1679.0000    
  5869.0488      -51.218414       1653.9448    
  5867.3203      -51.203331       1628.8896    
  5865.5928      -51.188251       1603.8344    
  5863.8647      -51.173172       1578.7792    
  5862.1372      -51.158096       1553.7240    
  5860.4092      -51.143017       1528.6688    
  5858.8037      -51.129005       1505.3907    
  5857.1982      -51.114994       1482.1127    
  5855.5933      -51.100986       1458.8344    
  5853.9883      -51.086979       1435.5563    
  5852.3828      -51.072968       1412.2782    
  5850.7773      -51.058956       1389.0000    
  5847.4438      -51.029873       1340.8333    
  5844.1104      -51.000782       1292.6666    
  5840.7778      -50.971695       1244.5000    
  5837.4443      -50.942604       1196.3333    
  5834.1113      -50.913517       1148.1666    
  5830.7778      -50.884426       1100.0000    
  5830.7778      -50.884426       1052.0000    
  5830.7778      -50.884426       1003.9999    
  5830.7778      -50.884426       956.00000    
  5830.7778      -50.884426       908.00000    
  5830.7778      -50.884426       860.00000    
  5830.7778      -50.884426       812.00000    
  5830.7778      -50.884426       764.16663    
  5830.7778      -50.884426       716.33331    
  5830.7778      -50.884426       668.50000    
  5830.7778      -50.884426       620.66669    
  5830.7778      -50.884426       572.83337    
  5830.7778      -50.884426       525.00000    
  5830.7778      -50.884426       477.16666    
  5830.7778      -50.884426       429.33334    
  5830.7778      -50.884426       381.50000    
  5830.7778      -50.884426       333.66666    
  5830.7778      -50.884426       285.83334    
  5830.7778      -50.884426       238.00000    
  5830.7778      -50.884426       190.00000    
  5830.7778      -50.884426       142.00000    
  5830.7778      -50.884426       94.000000    
  5830.7778      -50.884426       46.000000    
  5830.7778      -50.884426      -2.0000000    
  5830.7778      -50.884426      -50.000000    
  5830.7778      -50.884426      -98.000000    
  5830.7778      -50.884426      -146.00000    
  5830.7778      -50.884426      -194.00000    
  5830.7778      -50.884426      -242.00000    
  5830.7778      -50.884426      -290.00000    
  5830.7778      -50.884426      -338.00000    
  5830.7778      -50.884426      -385.83331    
  5830.7778      -50.884426      -433.66669    
  5830.7778      -50.884426      -481.50000    
  5830.7778      -50.884426      -529.33337    
  5830.7778      -50.884426      -577.16669    
  5830.7778      -50.884426      -625.00000    
  5830.7778      -50.884426      -672.83331    
  5830.7778      -50.884426      -720.66663    
  5830.7778      -50.884426      -768.50000    
  5830.7778      -50.884426      -816.33337    
  5830.7778      -50.884426      -864.16669    
  5830.7778      -50.884426      -912.00000    
  5830.7778      -50.884426      -960.00000    
  5830.7778      -50.884426      -1008.0000    
  5830.7778      -50.884426      -1056.0000    
  5830.7778      -50.884426      -1104.0000    
  5830.7778      -50.884426      -1152.0000    
  5830.7778      -50.884426      -1200.0000    
  5833.0239      -50.904030      -1221.7391    
  5835.2705      -50.923634      -1243.4783    
  5837.5166      -50.943237      -1265.2174    
  5839.7632      -50.962841      -1286.9565    
  5842.0093      -50.982441      -1308.6957    
  5844.2554      -51.002045      -1330.4348    
  5847.1763      -51.027534      -1358.6957    
  5850.0962      -51.053013      -1386.9565    
  5853.0166      -51.078499      -1415.2174    
  5855.9360      -51.103981      -1443.4783    
  5858.8564      -51.129467      -1471.7391    
  5861.7769      -51.154949      -1500.0000    
  5867.1099      -51.201492      -1549.8333    
  5872.4434      -51.248035      -1599.6667    
  5877.7764      -51.294571      -1649.5000    
  5883.1089      -51.341118      -1699.3333    
  5888.4424      -51.387657      -1749.1666    
  5893.7754      -51.434200      -1799.0000    
  5898.9419      -51.479286      -1849.0000    
  5904.1084      -51.524372      -1899.0000    
  5909.2749      -51.569462      -1949.0000    
  5914.4414      -51.614548      -1999.0000    
  5919.6074      -51.659634      -2049.0000    
  5924.7744      -51.704723      -2099.0000    
  5927.7886      -51.731030      -2127.2610    
  5930.8027      -51.757332      -2155.5217    
  5933.8174      -51.783642      -2183.7825    
  5936.8320      -51.809948      -2212.0435    
  5939.8467      -51.836250      -2240.3042    
  5942.8608      -51.862560      -2268.5652    
  5945.1797      -51.882797      -2290.3044    
  5947.4985      -51.903030      -2312.0435    
  5949.8174      -51.923267      -2333.7827    
  5952.1362      -51.943504      -2355.5217    
  5954.4551      -51.963737      -2377.2610    
  5956.7729      -51.983971      -2399.0000    
  5961.9399      -52.029057      -2448.8333    
  5967.1060      -52.074146      -2498.6667    
  5972.2725      -52.119232      -2548.5000    
  5977.4395      -52.164318      -2598.3333    
  5982.6055      -52.209408      -2648.1667    
  5987.7720      -52.254494      -2698.0000    
  5990.4390      -52.277767      -2723.0000    
  5993.1050      -52.301033      -2748.0000    
  5995.7715      -52.324306      -2773.0000    
  5998.4385      -52.347580      -2798.0000    
  6001.1050      -52.370846      -2823.0000    
  6003.7720      -52.394123      -2848.0000    
  6006.4380      -52.417389      -2873.0000    
  6009.1045      -52.440659      -2898.0000    
  6011.7710      -52.463928      -2923.0000    
  6014.4375      -52.487202      -2948.0000    
  6017.1040      -52.510475      -2973.0000    
  6019.7705      -52.533741      -2998.0000    
  6024.9370      -52.578831      -3047.8335    
  6030.1035      -52.623920      -3097.6667    
  6035.2700      -52.669003      -3147.5000    
  6040.4365      -52.714092      -3197.3333    
  6045.6030      -52.759178      -3247.1667    
  6050.7700      -52.804264      -3297.0000    
  6053.0889      -52.824501      -3318.7393    
  6055.4072      -52.844738      -3340.4783    
  6057.7261      -52.864971      -3362.2175    
  6060.0449      -52.885208      -3383.9565    
  6062.3638      -52.905445      -3405.6956    
  6064.6826      -52.925678      -3427.4346    
  6067.6963      -52.951984      -3455.6956    
  6070.7104      -52.978287      -3483.9565    
  6073.7251      -53.004597      -3512.2173    
  6076.7397      -53.030903      -3540.4783    
  6079.7539      -53.057209      -3568.7393    
  6082.7686      -53.083515      -3597.0000    
  6087.9351      -53.128605      -3647.0000    
  6093.1011      -53.173687      -3697.0000    
  6098.2676      -53.218773      -3747.0000    
  6103.4346      -53.263866      -3797.0000    
  6108.6006      -53.308949      -3847.0000    
  6113.7671      -53.354034      -3897.0000    
  6119.1001      -53.400581      -3946.8333    
  6124.4336      -53.447121      -3996.6667    
  6129.7671      -53.493664      -4046.5002    
  6135.1001      -53.540203      -4096.3335    
  6140.4326      -53.586742      -4146.1670    
  6145.7656      -53.633289      -4196.0000    
  6150.9321      -53.678371      -4246.0000    
  6156.0986      -53.723461      -4296.0000    
  6161.2651      -53.768551      -4346.0000    
  6166.4321      -53.813633      -4396.0000    
  6171.5986      -53.858723      -4446.0000    
  6176.7651      -53.903812      -4496.0000    
  6182.0981      -53.950352      -4546.0000    
  6187.4312      -53.996895      -4596.0000    
  6192.7637      -54.043430      -4646.0000    
  6198.0972      -54.089973      -4696.0000    
  6203.4307      -54.136517      -4746.0000    
  6208.7637      -54.183060      -4796.0000    
  6213.2109      -54.221870      -4838.2856    
  6217.6577      -54.260677      -4880.5703    
  6222.1050      -54.299488      -4922.8560    
  6226.5522      -54.338299      -4965.1411    
  6230.9995      -54.377110      -5007.4263    
  6235.4468      -54.415924      -5049.7119    
  6238.8677      -54.445774      -5082.2393    
  6242.2891      -54.475628      -5114.7661    
  6245.7095      -54.505482      -5147.2930    
  6249.1304      -54.535332      -5179.8203    
  6252.5518      -54.565189      -5212.3477    
  6255.9717      -54.595043      -5244.8745    
  6258.6035      -54.618004      -5269.8955    
  6261.2354      -54.640972      -5294.9165    
  6263.8667      -54.663937      -5319.9370    
  6266.4985      -54.686905      -5344.9585    
  6269.1299      -54.709866      -5369.9790    
  6271.7607      -54.732830      -5395.0000    
  6299.2603      -54.972809      -5413.1665    
  6326.7593      -55.212791      -5431.3335    
  6354.2583      -55.452766      -5449.5000    
  6381.7568      -55.692749      -5467.6665    
  6409.2559      -55.932732      -5485.8330    
  6436.7549      -56.172707      -5504.0000    
  6444.7544      -56.242523      -5539.3335    
  6452.7544      -56.312332      -5574.6665    
  6460.7539      -56.382145      -5610.0000    
  6468.7534      -56.451958      -5645.3335    
  6476.7539      -56.521774      -5680.6665    
  6484.7529      -56.591587      -5716.0000    
  6478.4492      -56.536572      -5740.6377    
  6472.1445      -56.481552      -5765.2754    
  6465.8408      -56.426537      -5789.9131    
  6459.5366      -56.371521      -5814.5508    
  6453.2329      -56.316505      -5839.1885    
  6446.9287      -56.261494      -5863.8262    
  6438.7329      -56.189972      -5895.8550    
  6430.5376      -56.118454      -5927.8843    
  6422.3423      -56.046932      -5959.9131    
  6414.1475      -55.975414      -5991.9419    
  6405.9517      -55.903893      -6023.9712    
  6397.7559      -55.832371      -6056.0000    
  6389.5610      -55.760853      -6087.9351    
  6381.3652      -55.689331      -6119.8696    
  6373.1704      -55.617817      -6151.8047    
  6364.9751      -55.546295      -6183.7393    
  6356.7798      -55.474777      -6215.6738    
  6348.5840      -55.403255      -6247.6089    
  6342.2803      -55.348240      -6272.1738    
  6335.9761      -55.293224      -6296.7393    
  6329.6724      -55.238209      -6321.3042    
  6323.3682      -55.183197      -6345.8696    
  6317.0640      -55.128178      -6370.4346    
  6310.7598      -55.073166      -6395.0000    
  6332.2080      -55.260345      -6402.6812    
  6353.6567      -55.447517      -6410.3623    
  6375.1050      -55.634697      -6418.0435    
  6396.5537      -55.821877      -6425.7246    
  6418.0015      -56.009056      -6433.4058    
  6439.4507      -56.196236      -6441.0869    
  6467.3340      -56.439564      -6451.0728    
  6495.2163      -56.682896      -6461.0581    
  6523.0996      -56.926224      -6471.0435    
  6550.9824      -57.169556      -6481.0288    
  6578.8657      -57.412888      -6491.0146    
  6606.7480      -57.656216      -6501.0000    
  6634.6313      -57.899551      -6510.9854    
  6662.5142      -58.142883      -6520.9707    
  6690.3979      -58.386215      -6530.9565    
  6718.2808      -58.629547      -6540.9424    
  6746.1636      -58.872875      -6550.9277    
  6774.0464      -59.116207      -6560.9131    
  6795.4946      -59.303383      -6568.5938    
  6816.9438      -59.490566      -6576.2754    
  6838.3916      -59.677738      -6583.9565    
  6859.8398      -59.864918      -6591.6377    
  6881.2886      -60.052097      -6599.3188    
  6902.7373      -60.239273      -6607.0000    
  6924.1855      -60.426456      -6614.7539    
  6945.6338      -60.613628      -6622.5073    
  6967.0825      -60.800804      -6630.2607    
  6988.5312      -60.987988      -6638.0142    
  7009.9795      -61.175163      -6645.7681    
  7031.4277      -61.362347      -6653.5215    
  7059.3110      -61.605675      -6663.6016    
  7087.1938      -61.849007      -6673.6812    
  7115.0771      -62.092335      -6683.7607    
  7142.9600      -62.335667      -6693.8403    
  7170.8428      -62.578999      -6703.9204    
  7198.7256      -62.822327      -6714.0000    
  7226.6089      -63.065655      -6723.9858    
  7254.4917      -63.308990      -6733.9712    
  7282.3750      -63.552326      -6743.9565    
  7310.2578      -63.795654      -6753.9419    
  7338.1411      -64.038986      -6763.9272    
  7366.0239      -64.282310      -6773.9131    
  7387.4722      -64.469498      -6781.5942    
  7408.9209      -64.656677      -6789.2754    
  7430.3691      -64.843849      -6796.9565    
  7451.8174      -65.031021      -6804.6377    
  7473.2661      -65.218201      -6812.3188    
  7494.7148      -65.405380      -6820.0000    
  7517.2637      -65.602165      -6828.0752    
  7539.8135      -65.798950      -6836.1509    
  7562.3628      -65.995735      -6844.2266    
  7584.9116      -66.192520      -6852.3018    
  7607.4609      -66.389305      -6860.3770    
  7630.0107      -66.586090      -6868.4526    
  7656.7930      -66.819817      -6878.0435    
  7683.5747      -67.053543      -6887.6348    
  7710.3569      -67.287270      -6897.2266    
  7737.1392      -67.520988      -6906.8174    
  7763.9214      -67.754715      -6916.4087    
  7790.7031      -67.988434      -6926.0000    
  7818.5864      -68.231766      -6936.0796    
  7846.4688      -68.475098      -6946.1592    
  7874.3525      -68.718430      -6956.2393    
  7902.2354      -68.961761      -6966.3188    
  7930.1187      -69.205101      -6976.3984    
  7958.0015      -69.448425      -6986.4785    
  7979.4497      -69.635597      -6994.2319    
  8000.8984      -69.822784      -7001.9854    
  8022.3477      -70.009964      -7009.7388    
  8043.7954      -70.197136      -7017.4927    
  8065.2437      -70.384315      -7025.2461    
  8086.6919      -70.571487      -7033.0000    
  8114.5752      -70.814827      -7042.9854    
  8142.4580      -71.058151      -7052.9707    
  8170.3413      -71.301491      -7062.9565    
  8198.2236      -71.544807      -7072.9424    
  8226.1074      -71.788147      -7082.9277    
  8253.9893      -72.031479      -7092.9131    
  8275.4395      -72.218666      -7100.5942    
  8296.8877      -72.405838      -7108.2754    
  8318.3359      -72.593010      -7115.9565    
  8339.7832      -72.780190      -7123.6377    
  8361.2314      -72.967369      -7131.3188    
  8382.6807      -73.154549      -7139.0000    
  8379.2021      -73.124191      -7113.8550    
  8375.7246      -73.093842      -7088.7104    
  8372.2471      -73.063484      -7063.5654    
  8368.7686      -73.033142      -7038.4204    
  8365.2910      -73.002785      -7013.2754    
  8361.8115      -72.972427      -6988.1304    
  8357.2900      -72.932968      -6955.4419    
  8352.7686      -72.893517      -6922.7539    
  8348.2471      -72.854050      -6890.0654    
  8343.7266      -72.814590      -6857.3765    
  8339.2041      -72.775124      -6824.6885    
  8334.6826      -72.735672      -6792.0000    
  8330.9531      -72.703125      -6764.4634    
  8327.2236      -72.670578      -6736.9268    
  8323.4941      -72.638031      -6709.3896    
  8319.7637      -72.605484      -6681.8530    
  8316.0342      -72.572929      -6654.3159    
  8312.3047      -72.540382      -6626.7793    
  8308.2012      -72.504570      -6596.4829    
  8304.0977      -72.468758      -6566.1860    
  8299.9951      -72.432961      -6535.8896    
  8295.8916      -72.397148      -6505.5928    
  8291.7881      -72.361336      -6475.2964    
  8287.6846      -72.325531      -6445.0000    
  8334.8496      -72.737129      -6420.8330    
  8382.0146      -73.148735      -6396.6665    
  8429.1787      -73.560326      -6372.5000    
  8476.3438      -73.971924      -6348.3335    
  8523.5088      -74.383537      -6324.1670    
  8570.6738      -74.795135      -6300.0000    
  8599.3398      -75.045296      -6260.5000    
  8628.0049      -75.295456      -6221.0000    
  8656.6699      -75.545616      -6181.5000    
  8685.3359      -75.795784      -6142.0000    
  8714.0020      -76.045937      -6102.5000    
  8742.6670      -76.296097      -6063.0000    
 
CELLS        879       4395
          4          0          1        881        880
          4          1          2        882        881
          4          2          3        883        882
          4          3          4        884        883
          4          4          5        885        884
          4          5          6        886        885
          4          6          7        887        886
          4          7          8        888        887
          4          8          9        889        888
          4          9         10        890        889
          4         10         11        891        890
          4         11         12        892        891
          4         12         13        893        892
          4         13         14        894        893
          4         14         15        895        894
          4         15         16        896        895
          4         16         17        897        896
          4         17         18        898        897
          4         18         19        899        898
          4         19         20        900        899
          4         20         21        901        900
          4         21         22        902        901
          4         22         23        903        902
          4         23         24        904        903
          4         24         25        905        904
          4         25         26        906        905
          4         26         27        907        906
          4         27         28        908        907
          4         28         29        909        908
          4         29         30        910        909
          4         30         31        911        910
          4         31         32        912        911
          4         32         33        913        912
          4         33         34        914        913
          4         34         35        915        914
          4         35         36        916        915
          4         36         37        917        916
          4         37         38        918        917
          4         38         39        919        918
          4         39         40        920        919
          4         40         41        921        920
          4         41         42        922        921
          4         42         43        923        922
          4         43         44        924        923
          4         44         45        925        924
          4         45         46        926        925
          4         46         47        927        926
          4         47         48        928        927
          4         48         49        929        928
          4         49         50        930        929
          4         50         51        931        930
          4         51         52        932        931
          4         52         53        933        932
          4         53         54        934        933
          4         54         55        935        934
          4         55         56        936        935
          4         56         57        937        936
          4         57         58        938        937
          4         58         59        939        938
          4         59         60        940        939
          4         60         61        941        940
          4         61         62        942        941
          4         62         63        943        942
          4         63         64        944        943
          4         64         65        945        944
          4         65         66        946        945
          4         66         67        947        946
          4         67         68        948        947
          4         68         69        949        948
          4         69         70        950        949
          4         70         71        951        950
          4         71         72        952        951
          4         72         73        953        952
          4         73         74        954        953
          4         74         75        955        954
          4         75         76        956        955
          4         76         77        957        956
          4         77         78        958        957
          4         78         79        959        958
          4         79         80        960        959
          4         80         81        961        960
          4         81         82        962        961
          4         82         83        963        962
          4         83         84        964        963
          4         84         85        965        964
          4         85         86        966        965
          4         86         87        967        966
          4         87         88        968        967
          4         88         89        969        968
          4         89         90        970        969
          4         90         91        971        970
          4         91         92        972        971
          4         92         93        973        972
          4         93         94        974        973
          4         94         95        975        974
          4         95         96        976        975
          4         96         97        977        976
          4         97         98        978        977
          4         98         99        979        978
          4         99        100        980        979
          4        100        101        981        980
          4        101        102        982        981
          4        102        103        983        982
          4        103        104        984        983
          4        104        105        985        984
          4        105        106        986        985
          4        106        107        987        986
          4        107        108        988        987
          4        108        109        989        988
          4        109        110        990        989
          4        110        111        991        990
          4        111        112        992        991
          4        112        113        993        992
          4        113        114        994        993
          4        114        115        995        994
          4        115        116        996        995
          4        116        117        997        996
          4        117        118        998        997
          4        118        119        999        998
          4        119        120       1000        999
          4        120        121       1001       1000
          4        121        122       1002       1001
          4        122        123       1003       1002
          4        123        124       1004       1003
          4        124        125       1005       1004
          4        125        126       1006       1005
          4        126        127       1007       1006
          4        127        128       1008       1007
          4        128        129       1009       1008
          4        129        130       1010       1009
          4        130        131       1011       1010
          4        131        132       1012       1011
          4        132        133       1013       1012
          4        133        134       1014       1013
          4        134        135       1015       1014
          4        135        136       1016       1015
          4        136        137       1017       1016
          4        137        138       1018       1017
          4        138        139       1019       1018
          4        139        140       1020       1019
          4        140        141       1021       1020
          4        141        142       1022       1021
          4        142        143       1023       1022
          4        143        144       1024       1023
          4        144        145       1025       1024
          4        145        146       1026       1025
          4        146        147       1027       1026
          4        147        148       1028       1027
          4        148        149       1029       1028
          4        149        150       1030       1029
          4        150        151       1031       1030
          4        151        152       1032       1031
          4        152        153       1033       1032
          4        153        154       1034       1033
          4        154        155       1035       1034
          4        155        156       1036       1035
          4        156        157       1037       1036
          4        157        158       1038       1037
          4        158        159       1039       1038
          4        159        160       1040       1039
          4        160        161       1041       1040
          4        161        162       1042       1041
          4        162        163       1043       1042
          4        163        164       1044       1043
          4        164        165       1045       1044
          4        165        166       1046       1045
          4        166        167       1047       1046
          4        167        168       1048       1047
          4        168        169       1049       1048
          4        169        170       1050       1049
          4        170        171       1051       1050
          4        171        172       1052       1051
          4        172        173       1053       1052
          4        173        174       1054       1053
          4        174        175       1055       1054
          4        175        176       1056       1055
          4        176        177       1057       1056
          4        177        178       1058       1057
          4        178        179       1059       1058
          4        179        180       1060       1059
          4        180        181       1061       1060
          4        181        182       1062       1061
          4        182        183       1063       1062
          4        183        184       1064       1063
          4        184        185       1065       1064
          4        185        186       1066       1065
          4        186        187       1067       1066
          4        187        188       1068       1067
          4        188        189       1069       1068
          4        189        190       1070       1069
          4        190        191       1071       1070
          4        191        192       1072       1071
          4        192        193       1073       1072
          4        193        194       1074       1073
          4        194        195       1075       1074
          4        195        196       1076       1075
          4        196        197       1077       1076
          4        197        198       1078       1077
          4        198        199       1079       1078
          4        199        200       1080       1079
          4        200        201       1081       1080
          4        201        202       1082       1081
          4        202        203       1083       1082
          4        203        204       1084       1083
          4        204        205       1085       1084
          4        205        206       1086       1085
          4        206        207       1087       1086
          4        207        208       1088       1087
          4        208        209       1089       1088
          4        209        210       1090       1089
          4        210        211       1091       1090
          4        211        212       1092       1091
          4        212        213       1093       1092
          4        213        214       1094       1093
          4        214        215       1095       1094
          4        215        216       1096       1095
          4        216        217       1097       1096
          4        217        218       1098       1097
          4        218        219       1099       1098
          4        219        220       1100       1099
          4        220        221       1101       1100
          4        221        222       1102       1101
          4        222        223       1103       1102
          4        223        224       1104       1103
          4        224        225       1105       1104
          4        225        226       1106       1105
          4        226        227       1107       1106
          4        227        228       1108       1107
          4        228        229       1109       1108
          4        229        230       1110       1109
          4        230        231       1111       1110
          4        231        232       1112       1111
          4        232        233       1113       1112
          4        233        234       1114       1113
          4        234        235       1115       1114
          4        235        236       1116       1115
          4        236        237       1117       1116
          4        237        238       1118       1117
          4        238        239       1119       1118
          4        239        240       1120       1119
          4        240        241       1121       1120
          4        241        242       1122       1121
          4        242        243       1123       1122
          4        243        244       1124       1123
          4        244        245       1125       1124
          4        245        246       1126       1125
          4        246        247       1127       1126
          4        247        248       1128       1127
          4        248        249       1129       1128
          4        249        250       1130       1129
          4        250        251       1131       1130
          4        251        252       1132       1131
          4        252        253       1133       1132
          4        253        254       1134       1133
          4        254        255       1135       1134
          4        255        256       1136       1135
          4        256        257       1137       1136
          4        257        258       1138       1137
          4        258        259       1139       1138
          4        259        260       1140       1139
          4        260        261       1141       1140
          4        261        262       1142       1141
          4        262        263       1143       1142
          4        263        264       1144       1143
          4        264        265       1145       1144
          4        265        266       1146       1145
          4        266        267       1147       1146
          4        267        268       1148       1147
          4        268        269       1149       1148
          4        269        270       1150       1149
          4        270        271       1151       1150
          4        271        272       1152       1151
          4        272        273       1153       1152
          4        273        274       1154       1153
          4        274        275       1155       1154
          4        275        276       1156       1155
          4        276        277       1157       1156
          4        277        278       1158       1157
          4        278        279       1159       1158
          4        279        280       1160       1159
          4        280        281       1161       1160
          4        281        282       1162       1161
          4        282        283       1163       1162
          4        283        284       1164       1163
          4        284        285       1165       1164
          4        285        286       1166       1165
          4        286        287       1167       1166
          4        287        288       1168       1167
          4        288        289       1169       1168
          4        289        290       1170       1169
          4        290        291       1171       1170
          4        291        292       1172       1171
          4        292        293       1173       1172
          4        293        294       1174       1173
          4        294        295       1175       1174
          4        295        296       1176       1175
          4        296        297       1177       1176
          4        297        298       1178       1177
          4        298        299       1179       1178
          4        299        300       1180       1179
          4        300        301       1181       1180
          4        301        302       1182       1181
          4        302        303       1183       1182
          4        303        304       1184       1183
          4        304        305       1185       1184
          4        305        306       1186       1185
          4        306        307       1187       1186
          4        307        308       1188       1187
          4        308        309       1189       1188
          4        309        310       1190       1189
          4        310        311       1191       1190
          4        311        312       1192       1191
          4        312        313       1193       1192
          4        313        314       1194       1193
          4        314        315       1195       1194
          4        315        316       1196       1195
          4        316        317       1197       1196
          4        317        318       1198       1197
          4        318        319       1199       1198
          4        319        320       1200       1199
          4        320        321       1201       1200
          4        321        322       1202       1201
          4        322        323       1203       1202
          4        323        324       1204       1203
          4        324        325       1205       1204
          4        325        326       1206       1205
          4        326        327       1207       1206
          4        327        328       1208       1207
          4        328        329       1209       1208
          4        329        330       1210       1209
          4        330        331       1211       1210
          4        331        332       1212       1211
          4        332        333       1213       1212
          4        333        334       1214       1213
          4        334        335       1215       1214
          4        335        336       1216       1215
          4        336        337       1217       1216
          4        337        338       1218       1217
          4        338        339       1219       1218
          4        339        340       1220       1219
          4        340        341       1221       1220
          4        341        342       1222       1221
          4        342        343       1223       1222
          4        343        344       1224       1223
          4        344        345       1225       1224
          4        345        346       1226       1225
          4        346        347       1227       1226
          4        347        348       1228       1227
          4        348        349       1229       1228
          4        349        350       1230       1229
          4        350        351       1231       1230
          4        351        352       1232       1231
          4        352        353       1233       1232
          4        353        354       1234       1233
          4        354        355       1235       1234
          4        355        356       1236       1235
          4        356        357       1237       1236
          4        357        358       1238       1237
          4        358        359       1239       1238
          4        359        360       1240       1239
          4        360        361       1241       1240
          4        361        362       1242       1241
          4        362        363       1243       1242
          4        363        364       1244       1243
          4        364        365       1245       1244
          4        365        366       1246       1245
          4        366        367       1247       1246
          4        367        368       1248       1247
          4        368        369       1249       1248
          4        369        370       1250       1249
          4        370        371       1251       1250
          4        371        372       1252       1251
          4        372        373       1253       1252
          4        373        374       1254       1253
          4        374        375       1255       1254
          4        375        376       1256       1255
          4        376        377       1257       1256
          4        377        378       1258       1257
          4        378        379       1259       1258
          4        379        380       1260       1259
          4        380        381       1261       1260
          4        381        382       1262       1261
          4        382        383       1263       1262
          4        383        384       1264       1263
          4        384        385       1265       1264
          4        385        386       1266       1265
          4        386        387       1267       1266
          4        387        388       1268       1267
          4        388        389       1269       1268
          4        389        390       1270       1269
          4        390        391       1271       1270
          4        391        392       1272       1271
          4        392        393       1273       1272
          4        393        394       1274       1273
          4        394        395       1275       1274
          4        395        396       1276       1275
          4        396        397       1277       1276
          4        397        398       1278       1277
          4        398        399       1279       1278
          4        399        400       1280       1279
          4        400        401       1281       1280
          4        401        402       1282       1281
          4        402        403       1283       1282
          4        403        404       1284       1283
          4        404        405       1285       1284
          4        405        406       1286       1285
          4        406        407       1287       1286
          4        407        408       1288       1287
          4        408        409       1289       1288
          4        409        410       1290       1289
          4        410        411       1291       1290
          4        411        412       1292       1291
          4        412        413       1293       1292
          4        413        414       1294       1293
          4        414        415       1295       1294
          4        415        416       1296       1295
          4        416        417       1297       1296
          4        417        418       1298       1297
          4        418        419       1299       1298
          4        419        420       1300       1299
          4        420        421       1301       1300
          4        421        422       1302       1301
          4        422        423       1303       1302
          4        423        424       1304       1303
          4        424        425       1305       1304
          4        425        426       1306       1305
          4        426        427       1307       1306
          4        427        428       1308       1307
          4        428        429       1309       1308
          4        429        430       1310       1309
          4        430        431       1311       1310
          4        431        432       1312       1311
          4        432        433       1313       1312
          4        433        434       1314       1313
          4        434        435       1315       1314
          4        435        436       1316       1315
          4        436        437       1317       1316
          4        437        438       1318       1317
          4        438        439       1319       1318
          4        439        440       1320       1319
          4        440        441       1321       1320
          4        441        442       1322       1321
          4        442        443       1323       1322
          4        443        444       1324       1323
          4        444        445       1325       1324
          4        445        446       1326       1325
          4        446        447       1327       1326
          4        447        448       1328       1327
          4        448        449       1329       1328
          4        449        450       1330       1329
          4        450        451       1331       1330
          4        451        452       1332       1331
          4        452        453       1333       1332
          4        453        454       1334       1333
          4        454        455       1335       1334
          4        455        456       1336       1335
          4        456        457       1337       1336
          4        457        458       1338       1337
          4        458        459       1339       1338
          4        459        460       1340       1339
          4        460        461       1341       1340
          4        461        462       1342       1341
          4        462        463       1343       1342
          4        463        464       1344       1343
          4        464        465       1345       1344
          4        465        466       1346       1345
          4        466        467       1347       1346
          4        467        468       1348       1347
          4        468        469       1349       1348
          4        469        470       1350       1349
          4        470        471       1351       1350
          4        471        472       1352       1351
          4        472        473       1353       1352
          4        473        474       1354       1353
          4        474        475       1355       1354
          4        475        476       1356       1355
          4        476        477       1357       1356
          4        477        478       1358       1357
          4        478        479       1359       1358
          4        479        480       1360       1359
          4        480        481       1361       1360
          4        481        482       1362       1361
          4        482        483       1363       1362
          4        483        484       1364       1363
          4        484        485       1365       1364
          4        485        486       1366       1365
          4        486        487       1367       1366
          4        487        488       1368       1367
          4        488        489       1369       1368
          4        489        490       1370       1369
          4        490        491       1371       1370
          4        491        492       1372       1371
          4        492        493       1373       1372
          4        493        494       1374       1373
          4        494        495       1375       1374
          4        495        496       1376       1375
          4        496        497       1377       1376
          4        497        498       1378       1377
          4        498        499       1379       1378
          4        499        500       1380       1379
          4        500        501       1381       1380
          4        501        502       1382       1381
          4        502        503       1383       1382
          4        503        504       1384       1383
          4        504        505       1385       1384
          4        505        506       1386       1385
          4        506        507       1387       1386
          4        507        508       1388       1387
          4        508        509       1389       1388
          4        509        510       1390       1389
          4        510        511       1391       1390
          4        511        512       1392       1391
          4        512        513       1393       1392
          4        513        514       1394       1393
          4        514        515       1395       1394
          4        515        516       1396       1395
          4        516        517       1397       1396
          4        517        518       1398       1397
          4        518        519       1399       1398
          4        519        520       1400       1399
          4        520        521       1401       1400
          4        521        522       1402       1401
          4        522        523       1403       1402
          4        523        524       1404       1403
          4        524        525       1405       1404
          4        525        526       1406       1405
          4        526        527       1407       1406
          4        527        528       1408       1407
          4        528        529       1409       1408
          4        529        530       1410       1409
          4        530        531       1411       1410
          4        531        532       1412       1411
          4        532        533       1413       1412
          4        533        534       1414       1413
          4        534        535       1415       1414
          4        535        536       1416       1415
          4        536        537       1417       1416
          4        537        538       1418       1417
          4        538        539       1419       1418
          4        539        540       1420       1419
          4        540        541       1421       1420
          4        541        542       1422       1421
          4        542        543       1423       1422
          4        543        544       1424       1423
          4        544        545       1425       1424
          4        545        546       1426       1425
          4        546        547       1427       1426
          4        547        548       1428       1427
          4        548        549       1429       1428
          4        549        550       1430       1429
          4        550        551       1431       1430
          4        551        552       1432       1431
          4        552        553       1433       1432
          4        553        554       1434       1433
          4        554        555       1435       1434
          4        555        556       1436       1435
          4        556        557       1437       1436
          4        557        558       1438       1437
          4        558        559       1439       1438
          4        559        560       1440       1439
          4        560        561       1441       1440
          4        561        562       1442       1441
          4        562        563       1443       1442
          4        563        564       1444       1443
          4        564        565       1445       1444
          4        565        566       1446       1445
          4        566        567       1447       1446
          4        567        568       1448       1447
          4        568        569       1449       1448
          4        569        570       1450       1449
          4        570        571       1451       1450
          4        571        572       1452       1451
          4        572        573       1453       1452
          4        573        574       1454       1453
          4        574        575       1455       1454
          4        575        576       1456       1455
          4        576        577       1457       1456
          4        577        578       1458       1457
          4        578        579       1459       1458
          4        579        580       1460       1459
          4        580        581       1461       1460
          4        581        582       1462       1461
          4        582        583       1463       1462
          4        583        584       1464       1463
          4        584        585       1465       1464
          4        585        586       1466       1465
          4        586        587       1467       1466
          4        587        588       1468       1467
          4        588        589       1469       1468
          4        589        590       1470       1469
          4        590        591       1471       1470
          4        591        592       1472       1471
          4        592        593       1473       1472
          4        593        594       1474       1473
          4        594        595       1475       1474
          4        595        596       1476       1475
          4        596        597       1477       1476
          4        597        598       1478       1477
          4        598        599       1479       1478
          4        599        600       1480       1479
          4        600        601       1481       1480
          4        601        602       1482       1481
          4        602        603       1483       1482
          4        603        604       1484       1483
          4        604        605       1485       1484
          4        605        606       1486       1485
          4        606        607       1487       1486
          4        607        608       1488       1487
          4        608        609       1489       1488
          4        609        610       1490       1489
          4        610        611       1491       1490
          4        611        612       1492       1491
          4        612        613       1493       1492
          4        613        614       1494       1493
          4        614        615       1495       1494
          4        615        616       1496       1495
          4        616        617       1497       1496
          4        617        618       1498       1497
          4        618        619       1499       1498
          4        619        620       1500       1499
          4        620        621       1501       1500
          4        621        622       1502       1501
          4        622        623       1503       1502
          4        623        624       1504       1503
          4        624        625       1505       1504
          4        625        626       1506       1505
          4        626        627       1507       1506
          4        627        628       1508       1507
          4        628        629       1509       1508
          4        629        630       1510       1509
          4        630        631       1511       1510
          4        631        632       1512       1511
          4        632        633       1513       1512
          4        633        634       1514       1513
          4        634        635       1515       1514
          4        635        636       1516       1515
          4        636        637       1517       1516
          4        637        638       1518       1517
          4        638        639       1519       1518
          4        639        640       1520       1519
          4        640        641       1521       1520
          4        641        642       1522       1521
          4        642        643       1523       1522
          4        643        644       1524       1523
          4        644        645       1525       1524
          4        645        646       1526       1525
          4        646        647       1527       1526
          4        647        648       1528       1527
          4        648        649       1529       1528
          4        649        650       1530       1529
          4        650        651       1531       1530
          4        651        652       1532       1531
          4        652        653       1533       1532
          4        653        654       1534       1533
          4        654        655       1535       1534
          4        655        656       1536       1535
          4        656        657       1537       1536
          4        657        658       1538       1537
          4        658        659       1539       1538
          4        659        660       1540       1539
          4        660        661       1541       1540
          4        661        662       1542       1541
          4        662        663       1543       1542
          4        663        664       1544       1543
          4        664        665       1545       1544
          4        665        666       1546       1545
          4        666        667       1547       1546
          4        667        668       1548       1547
          4        668        669       1549       1548
          4        669        670       1550       1549
          4        670        671       1551       1550
          4        671        672       1552       1551
          4        672        673       1553       1552
          4        673        674       1554       1553
          4        674        675       1555       1554
          4        675        676       1556       1555
          4        676        677       1557       1556
          4        677        678       1558       1557
          4        678        679       1559       1558
          4        679        680       1560       1559
          4        680        681       1561       1560
          4        681        682       1562       1561
          4        682        683       1563       1562
          4        683        684       1564       1563
          4        684        685       1565       1564
          4        685        686       1566       1565
          4        686        687       1567       1566
          4        687        688       1568       1567
          4        688        689       1569       1568
          4        689        690       1570       1569
          4        690        691       1571       1570
          4        691        692       1572       1571
          4        692        693       1573       1572
          4        693        694       1574       1573
          4        694        695       1575       1574
          4        695        696       1576       1575
          4        696        697       1577       1576
          4        697        698       1578       1577
          4        698        699       1579       1578
          4        699        700       1580       1579
          4        700        701       1581       1580
          4        701        702       1582       1581
          4        702        703       1583       1582
          4        703        704       1584       1583
          4        704        705       1585       1584
          4        705        706       1586       1585
          4        706        707       1587       1586
          4        707        708       1588       1587
          4        708        709       1589       1588
          4        709        710       1590       1589
          4        710        711       1591       1590
          4        711        712       1592       1591
          4        712        713       1593       1592
          4        713        714       1594       1593
          4        714        715       1595       1594
          4        715        716       1596       1595
          4        716        717       1597       1596
          4        717        718       1598       1597
          4        718        719       1599       1598
          4        719        720       1600       1599
          4        720        721       1601       1600
          4        721        722       1602       1601
          4        722        723       1603       1602
          4        723        724       1604       1603
          4        724        725       1605       1604
          4        725        726       1606       1605
          4        726        727       1607       1606
          4        727        728       1608       1607
          4        728        729       1609       1608
          4        729        730       1610       1609
          4        730        731       1611       1610
          4        731        732       1612       1611
          4        732        733       1613       1612
          4        733        734       1614       1613
          4        734        735       1615       1614
          4        735        736       1616       1615
          4        736        737       1617       1616
          4        737        738       1618       1617
          4        738        739       1619       1618
          4        739        740       1620       1619
          4        740        741       1621       1620
          4        741        742       1622       1621
          4        742        743       1623       1622
          4        743        744       1624       1623
          4        744        745       1625       1624
          4        745        746       1626       1625
          4        746        747       1627       1626
          4        747        748       1628       1627
          4        748        749       1629       1628
          4        749        750       1630       1629
          4        750        751       1631       1630
          4        751        752       1632       1631
          4        752        753       1633       1632
          4        753        754       1634       1633
          4        754        755       1635       1634
          4        755        756       1636       1635
          4        756        757       1637       1636
          4        757        758       1638       1637
          4        758        759       1639       1638
          4        759        760       1640       1639
          4        760        761       1641       1640
          4        761        762       1642       1641
          4        762        763       1643       1642
          4        763        764       1644       1643
          4        764        765       1645       1644
          4        765        766       1646       1645
          4        766        767       1647       1646
          4        767        768       1648       1647
          4        768        769       1649       1648
          4        769        770       1650       1649
          4        770        771       1651       1650
          4        771        772       1652       1651
          4        772        773       1653       1652
          4        773        774       1654       1653
          4        774        775       1655       1654
          4        775        776       1656       1655
          4        776        777       1657       1656
          4        777        778       1658       1657
          4        778        779       1659       1658
          4        779        780       1660       1659
          4        780        781       1661       1660
          4        781        782       1662       1661
          4        782        783       1663       1662
          4        783        784       1664       1663
          4        784        785       1665       1664
          4        785        786       1666       1665
          4        786        787       1667       1666
          4        787        788       1668       1667
          4        788        789       1669       1668
          4        789        790       1670       1669
          4        790        791       1671       1670
          4        791        792       1672       1671
          4        792        793       1673       1672
          4        793        794       1674       1673
          4        794        795       1675       1674
          4        795        796       1676       1675
          4        796        797       1677       1676
          4        797        798       1678       1677
          4        798        799       1679       1678
          4        799        800       1680       1679
          4        800        801       1681       1680
          4        801        802       1682       1681
          4        802        803       1683       1682
          4        803        804       1684       1683
          4        804        805       1685       1684
          4        805        806       1686       1685
          4        806        807       1687       1686
          4        807        808       1688       1687
          4        808        809       1689       1688
          4        809        810       1690       1689
          4        810        811       1691       1690
          4        811        812       1692       1691
          4        812        813       1693       1692
          4        813        814       1694       1693
          4        814        815       1695       1694
          4        815        816       1696       1695
          4        816        817       1697       1696
          4        817        818       1698       1697
          4        818        819       1699       1698
          4        819        820       1700       1699
          4        820        821       1701       1700
          4        821        822       1702       1701
          4        822        823       1703       1702
          4        823        824       1704       1703
          4        824        825       1705       1704
          4        825        826       1706       1705
          4        826        827       1707       1706
          4        827        828       1708       1707
          4        828        829       1709       1708
          4        829        830       1710       1709
          4        830        831       1711       1710
          4        831        832       1712       1711
          4        832        833       1713       1712
          4        833        834       1714       1713
          4        834        835       1715       1714
          4        835        836       1716       1715
          4        836        837       1717       1716
          4        837        838       1718       1717
          4        838        839       1719       1718
          4        839        840       1720       1719
          4        840        841       1721       1720
          4        841        842       1722       1721
          4        842        843       1723       1722
          4        843        844       1724       1723
          4        844        845       1725       1724
          4        845        846       1726       1725
          4        846        847       1727       1726
          4        847        848       1728       1727
          4        848        849       1729       1728
          4        849        850       1730       1729
          4        850        851       1731       1730
          4        851        852       1732       1731
          4        852        853       1733       1732
          4        853        854       1734       1733
          4        854        855       1735       1734
          4        855        856       1736       1735
          4        856        857       1737       1736
          4        857        858       1738       1737
          4        858        859       1739       1738
          4        859        860       1740       1739
          4        860        861       1741       1740
          4        861        862       1742       1741
          4        862        863       1743       1742
          4        863        864       1744       1743
          4        864        865       1745       1744
          4        865        866       1746       1745
          4        866        867       1747       1746
          4        867        868       1748       1747
          4        868        869       1749       1748
          4        869        870       1750       1749
          4        870        871       1751       1750
          4        871        872       1752       1751
          4        872        873       1753       1752
          4        873        874       1754       1753
          4        874        875       1755       1754
          4        875        876       1756       1755
          4        876        877       1757       1756
          4        877        878       1758       1757
          4        878        879       1759       1758
 
CELL_TYPES        879
          9
          9
          9
          9
          9
          9
          9
          9
          9
          9
          9
          9
          9
          9
          9
          9
          9
          9
          9
          9
          9
          9
          9
          9
          9
          9
          9
          9
          9
          9
          9
          9
          9
          9
          9
          9
          9
          9
          9
          9
          9
          9
          9
          9
          9
          9
          9
          9
          9
          9
          9
          9
          9
          9
          9
          9
          9
          9
          9
          9
          9
          9
          9
          9
          9
          9
          9
          9
          9
          9
          9
          9
          9
          9
          9
          9
          9
          9
          9
          9
          9
          9
          9
          9
          9
          9
          9
          9
          9
          9
          9
          9
          9
          9
          9
          9
          9
          9
          9
          9
          9
          9
          9
          9
          9
          9
          9
          9
          9
          9
          9
          9
          9
          9
          9
          9
          9
          9
          9
          9
          9
          9
          9
          9
          9
          9
          9
          9
          9
          9
          9
          9
          9
          9
          9
          9
          9
          9
          9
          9
          9
          9
          9
          9
          9
          9
          9
          9
          9
          9
          9
          9
          9
          9
          9
          9
          9
          9
          9
          9
          9
          9
          9
          9
          9
          9
          9
          9
          9
          9
          9
          9
          9
          9
          9
          9
          9
          9
          9
          9
          9
          9
          9
          9
          9
          9
          9
          9
          9
          9
          9
          9
          9
          9
          9
          9
          9
          9
          9
          9
          9
          9
          9
          9
          9
          9
          9
          9
          9
          9
          9
          9
          9
          9
          9
          9
          9
          9
          9
          9
          9
          9
          9
          9
          9
          9
          9
          9
          9
          9
          9
          9
          9
          9
          9
          9
          9
          9
          9
          9
          9
          9
          9
          9
          9
          9
          9
          9
          9
          9
          9
          9
          9
          9
          9
          9
          9
          9
          9
          9
          9
          9
          9
          9
          9
          9
          9
          9
          9
          9
          9
          9
          9
          9
          9
          9
          9
          9
          9
          9
          9
          9
          9
          9
          9
          9
          9
          9
          9
          9
          9
          9
          9
          9
          9
          9
          9
          9
          9
          9
          9
          9
          9
          9
          9
          9
          9
          9
          9
          9
          9
          9
          9
          9
          9
          9
          9
          9
          9
          9
          9
          9
          9
          9
          9
          9
          9
          9
          9
          9
          9
          9
          9
          9
          9
          9
          9
          9
          9
          9
          9
          9
          9
          9
          9
          9
          9
          9
          9
          9
          9
          9
          9
          9
          9
          9
          9
          9
          9
          9
          9
          9
          9
          9
          9
          9
          9
          9
          9
          9
          9
          9
          9
          9
          9
          9
          9
          9
          9
          9
          9
          9
          9
          9
          9
          9
          9
          9
          9
          9
          9
          9
          9
          9
          9
          9
          9
          9
          9
          9
          9
          9
          9
          9
          9
          9
          9
          9
          9
          9
          9
          9
          9
          9
          9
          9
          9
          9
          9
          9
          9
          9
          9
          9
          9
          9
          9
          9
          9
          9
          9
          9
          9
          9
          9
          9
          9
          9
          9
          9
          9
          9
          9
          9
          9
          9
          9
          9
          9
          9
          9
          9
          9
          9
          9
          9
          9
          9
          9
          9
          9
          9
          9
          9
          9
          9
          9
          9
          9
          9
          9
          9
          9
          9
          9
          9
          9
          9
          9
          9
          9
          9
          9
          9
          9
          9
          9
          9
          9
          9
          9
          9
          9
          9
          9
          9
          9
          9
          9
          9
          9
          9
          9
          9
          9
          9
          9
          9
          9
          9
          9
          9
          9
          9
          9
          9
          9
          9
          9
          9
          9
          9
          9
          9
          9
          9
          9
          9
          9
          9
          9
          9
          9
          9
          9
          9
          9
          9
          9
          9
          9
          9
          9
          9
          9
          9
          9
          9
          9
          9
          9
          9
          9
          9
          9
          9
          9
          9
          9
          9
          9
          9
          9
          9
          9
          9
          9
          9
          9
          9
          9
          9
          9
          9
          9
          9
          9
          9
          9
          9
          9
          9
          9
          9
          9
          9
          9
          9
          9
          9
          9
          9
          9
          9
          9
          9
          9
          9
          9
          9
          9
          9
          9
          9
          9
          9
          9
          9
          9
          9
          9
          9
          9
          9
          9
          9
          9
          9
          9
          9
          9
          9
          9
          9
          9
          9
          9
          9
          9
          9
          9
          9
          9
          9
          9
          9
          9
          9
          9
          9
          9
          9
          9
          9
          9
          9
          9
          9
          9
          9
          9
          9
          9
          9
          9
          9
          9
          9
          9
          9
          9
          9
          9
          9
          9
          9
          9
          9
          9
          9
          9
          9
          9
          9
          9
          9
          9
          9
          9
          9
          9
          9
          9
          9
          9
          9
          9
          9
          9
          9
          9
          9
          9
          9
          9
          9
          9
          9
          9
          9
          9
          9
          9
          9
          9
          9
          9
          9
          9
          9
          9
          9
          9
          9
          9
          9
          9
          9
          9
          9
          9
          9
          9
          9
          9
          9
          9
          9
          9
          9
          9
          9
          9
          9
          9
          9
          9
          9
          9
          9
          9
          9
          9
          9
          9
          9
          9
          9
          9
          9
          9
          9
          9
          9
          9
          9
          9
          9
          9
          9
          9
          9
          9
          9
          9
          9
          9
          9
          9
          9
          9
          9
          9
          9
          9
          9
          9
          9
          9
          9
          9
          9
          9
          9
          9
          9
          9
          9
          9
          9
          9
          9
          9
          9
          9
          9
          9
          9
          9
          9
          9
          9
          9
          9
          9
          9
          9
          9
          9
          9
          9
          9
          9
          9
          9
          9
          9
          9
          9
          9
          9
          9
          9
          9
          9
          9
          9
          9
          9
          9
          9
          9
          9
          9
          9
          9
          9
          9
          9
          9
          9
          9
          9
          9
          9
          9
          9
          9
          9
          9
          9
          9
          9
          9
          9
          9
          9
          9
          9
          9
          9
          9
          9
          9
          9
          9
          9
          9
          9
          9
          9
          9
          9
          9
          9
          9
          9
          9
          9
CELL_DATA       879
SCALARS Q float 1
LOOKUP_TABLE default
  0.0000000    
  0.0000000    
  0.0000000    
  0.0000000    
  0.0000000    
  0.0000000    
  0.0000000    
  0.0000000    
  0.0000000    
  0.0000000    
  0.0000000    
  0.0000000    
  0.0000000    
  0.0000000    
  0.0000000    
  0.0000000    
  0.0000000    
  0.0000000    
  0.0000000    
  0.0000000    
  0.0000000    
  0.0000000    
  0.0000000    
  0.0000000    
  0.0000000    
  0.0000000    
  0.0000000    
  0.0000000    
  0.0000000    
  0.0000000    
  0.0000000    
  0.0000000    
  0.0000000    
 0.82470447E-01
  0.0000000    
  0.0000000    
 0.40449902E-01
  0.0000000    
 0.10513232E-01
  0.0000000    
  0.0000000    
  0.0000000    
  0.0000000    
  0.0000000    
  0.0000000    
  0.0000000    
  0.0000000    
  0.0000000    
  0.0000000    
  0.0000000    
  0.0000000    
  0.0000000    
  0.0000000    
  0.0000000    
  0.0000000    
  0.0000000    
  0.0000000    
  0.0000000    
  0.0000000    
  0.0000000    
  0.0000000    
  0.0000000    
  0.0000000    
  0.0000000    
  0.0000000    
  0.0000000    
  0.0000000    
  0.0000000    
  0.0000000    
  0.0000000    
  0.0000000    
  0.0000000    
  0.0000000    
  0.0000000    
  0.0000000    
  0.0000000    
  0.0000000    
  0.0000000    
  0.0000000    
  0.0000000    
  0.0000000    
  0.0000000    
  0.0000000    
  0.0000000    
  0.0000000    
  0.0000000    
  0.0000000    
  0.0000000    
  0.0000000    
  0.0000000    
  0.0000000    
  0.0000000    
  0.0000000    
  0.0000000    
  0.0000000    
  0.0000000    
  0.0000000    
  0.0000000    
  0.0000000    
  0.0000000    
  0.0000000    
  0.0000000    
  0.0000000    
  0.0000000    
  0.0000000    
  0.0000000    
  0.0000000    
  0.0000000    
  0.0000000    
  0.0000000    
  0.0000000    
  0.0000000    
  0.0000000    
  0.0000000    
  0.0000000    
  0.0000000    
  0.0000000    
  0.0000000    
  0.0000000    
  0.0000000    
  0.0000000    
  0.0000000    
  0.0000000    
  0.0000000    
  0.0000000    
  0.0000000    
  0.0000000    
  0.0000000    
  0.0000000    
  0.0000000    
  0.0000000    
  0.0000000    
  0.0000000    
  0.0000000    
  0.0000000    
  0.0000000    
  0.0000000    
  0.0000000    
  0.0000000    
  0.0000000    
  0.0000000    
  0.0000000    
  0.0000000    
  0.0000000    
 0.93605287E-01
  0.0000000    
  0.0000000    
  0.0000000    
  0.0000000    
  0.0000000    
  0.0000000    
  0.0000000    
  0.0000000    
 0.48155237E-01
  0.0000000    
  0.0000000    
 0.10014951    
  0.0000000    
  0.0000000    
  0.0000000    
  0.0000000    
  0.0000000    
  0.0000000    
  0.0000000    
  0.0000000    
  0.0000000    
  0.0000000    
  0.0000000    
  0.0000000    
  0.0000000    
  0.0000000    
  0.0000000    
  0.0000000    
  0.0000000    
  0.0000000    
  0.0000000    
  0.0000000    
  0.0000000    
  0.0000000    
  0.0000000    
  0.0000000    
  0.0000000    
  0.0000000    
  0.0000000    
  0.0000000    
  0.0000000    
  0.0000000    
  0.0000000    
  0.0000000    
  0.0000000    
  0.0000000    
  0.0000000    
  0.0000000    
  0.0000000    
  0.0000000    
  0.0000000    
  0.0000000    
  0.0000000    
  0.0000000    
  0.0000000    
  0.0000000    
  0.0000000    
 0.10186661    
 0.23983078    
 0.37596339    
 0.51414245    
 0.64960164    
 0.77034473    
 0.86882615    
 0.94331002    
  0.0000000    
 0.45697936    
 0.54934990    
  0.0000000    
  0.0000000    
  0.0000000    
  0.0000000    
  0.0000000    
  0.0000000    
  0.0000000    
  0.0000000    
  0.0000000    
  0.0000000    
  0.0000000    
  0.0000000    
  0.0000000    
  0.0000000    
  0.0000000    
  0.0000000    
  0.0000000    
  0.0000000    
  0.0000000    
  0.0000000    
  0.0000000    
 0.13323237    
 0.19983798    
  0.0000000    
  0.0000000    
  0.0000000    
  0.0000000    
  0.0000000    
  0.0000000    
  0.0000000    
  0.0000000    
  0.0000000    
  0.0000000    
  0.0000000    
  0.0000000    
  0.0000000    
  0.0000000    
  0.0000000    
  0.0000000    
  0.0000000    
  0.0000000    
  0.0000000    
  0.0000000    
  0.0000000    
  0.0000000    
  0.0000000    
 0.12785201    
  0.0000000    
  0.0000000    
  0.0000000    
  0.0000000    
  0.0000000    
  0.0000000    
  0.0000000    
  0.0000000    
  0.0000000    
  0.0000000    
 0.11107440    
  0.0000000    
  0.0000000    
  0.0000000    
 0.12278024    
  0.0000000    
  0.0000000    
 0.22424363E-01
  0.0000000    
 0.33795752E-01
 0.39197560E-01
  0.0000000    
  0.0000000    
  0.0000000    
  0.0000000    
 0.53869072E-01
 0.51604006E-01
 0.49160760E-01
  0.0000000    
 0.43013807E-01
 0.40470503E-01
  0.0000000    
  0.0000000    
  0.0000000    
  0.0000000    
  0.0000000    
  0.0000000    
  0.0000000    
  0.0000000    
  0.0000000    
  0.0000000    
  0.0000000    
  0.0000000    
  0.0000000    
  0.0000000    
  0.0000000    
  0.0000000    
  0.0000000    
  0.0000000    
  0.0000000    
  0.0000000    
  0.0000000    
  0.0000000    
  0.0000000    
  0.0000000    
  0.0000000    
  2.2926383    
  2.7095501    
  4.2370038    
  5.2480230    
  6.5281978    
  8.1159897    
  10.078241    
  12.549191    
  18.560631    
  23.941641    
  30.986452    
  40.263878    
  52.449757    
  68.579536    
  101.77188    
  136.87840    
  184.21179    
  374.66086    
  457.51675    
  558.65186    
  704.29395    
  772.31897    
  846.39868    
  927.31702    
  1015.1776    
  1110.4094    
  1229.7960    
  1377.2173    
  1541.0076    
  1723.0284    
  1928.0198    
  2160.2788    
  2772.9563    
  3441.5566    
  4267.0381    
  5272.8867    
  6483.1411    
  7951.0088    
  10434.055    
  12913.124    
  15990.247    
  19803.482    
  24393.846    
  29840.729    
  36605.789    
  40495.668    
  44809.711    
  49607.723    
  54921.410    
  60911.449    
  67794.188    
  75621.094    
  84349.305    
  94024.750    
  104642.85    
  116154.59    
  140807.19    
  171095.39    
  207224.11    
  250491.70    
  305305.34    
  372682.75    
  443341.97    
  483889.31    
  526524.06    
  571677.19    
  618320.31    
  667332.19    
  725003.25    
  795297.50    
  874363.50    
  962708.50    
  1059742.0    
  1162036.9    
  1330261.0    
  1545876.4    
  1809480.6    
  2094348.4    
  2394072.5    
  2743048.2    
  3062416.0    
  3319079.5    
  3536287.2    
  0.0000000    
  0.0000000    
  0.0000000    
  0.0000000    
  0.0000000    
  0.0000000    
  0.0000000    
  0.0000000    
  0.0000000    
  0.0000000    
  0.0000000    
  0.0000000    
  0.0000000    
  0.0000000    
  0.0000000    
  0.0000000    
  0.0000000    
  0.0000000    
  0.0000000    
  0.0000000    
  0.0000000    
  0.0000000    
  4353541.0    
  4177738.2    
  3985211.2    
  3769704.0    
  3511302.2    
  3385756.8    
  2963447.2    
  2575020.5    
  2251349.2    
  1949529.6    
  1651817.9    
  1322550.4    
  1114091.8    
  946407.31    
  803937.81    
  683811.94    
  584781.19    
  449467.72    
  408728.41    
  370850.84    
  335411.47    
  302644.91    
  273317.56    
  247467.55    
  224483.77    
  203878.55    
  185347.47    
  168826.23    
  154340.06    
  116785.37    
  107954.41    
  99924.273    
  92591.242    
  85875.609    
  79769.461    
  71855.625    
  62685.715    
  54712.469    
  33216.457    
  30941.061    
  28822.834    
  26865.105    
  25049.857    
  23377.053    
  22041.746    
  20980.562    
  19969.426    
  19001.104    
  18082.508    
  17220.617    
  10297.585    
  9144.5674    
  8152.5542    
  7296.6079    
  6515.6846    
  5778.5684    
  4762.5337    
  4124.2051    
  0.0000000    
  0.0000000    
  0.0000000    
  0.0000000    
  0.0000000    
  0.0000000    
  0.0000000    
  0.0000000    
  0.0000000    
  0.0000000    
  0.0000000    
  751.56207    
  0.0000000    
  0.0000000    
  333.60800    
  215.81947    
  0.0000000    
  0.0000000    
  0.0000000    
  0.0000000    
  0.0000000    
  0.0000000    
  0.0000000    
  0.0000000    
  0.0000000    
  0.0000000    
  0.0000000    
  0.0000000    
  0.0000000    
  0.0000000    
  0.0000000    
  0.0000000    
  0.0000000    
  0.0000000    
  0.0000000    
  0.0000000    
  0.0000000    
  0.0000000    
  0.0000000    
  0.0000000    
  0.0000000    
  0.0000000    
  0.0000000    
  0.0000000    
  0.0000000    
  0.0000000    
  0.0000000    
  215.01233    
  0.0000000    
  0.0000000    
  779.44653    
  846.29205    
  985.59442    
  1132.9097    
  1366.3430    
  0.0000000    
  0.0000000    
  2335.4746    
  3227.5322    
  3659.6011    
  4072.6218    
  4326.0737    
  4752.1025    
  5093.4863    
  4779.7612    
  4892.5625    
  4991.1812    
  5089.8599    
  5185.8999    
  5298.2280    
  5421.2085    
  5549.6880    
  5668.3096    
  5773.3784    
  5867.0557    
  5954.5859    
  6137.1475    
  6341.1289    
  6503.2700    
  6625.1953    
  6693.3013    
  6710.6787    
  1070.9425    
  1390.5098    
  1664.4059    
  1881.4269    
  2073.6294    
  2251.4272    
  2429.2065    
  2636.1270    
  2926.8796    
  3209.5901    
  3411.9197    
  3547.5920    
  3687.7197    
  3875.0530    
  4059.1372    
  4155.3530    
  4231.4346    
  4183.1929    
  4000.0837    
  3915.6060    
  3924.8499    
  3900.3103    
  3806.7051    
  3669.5049    
  3545.2512    
  3486.6658    
  3476.6172    
  3424.1294    
  3257.6230    
  3025.4258    
  2818.2959    
  2684.8179    
  2595.6472    
  2500.4238    
  2372.6636    
  2226.3718    
  2083.3616    
  1945.7205    
  1817.4082    
  1693.9192    
  1560.5271    
  1421.7272    
  1301.9547    
  1210.9254    
  1135.7817    
  1057.1058    
  969.87012    
  883.11322    
  433.31000    
  429.04321    
  426.34497    
  424.68118    
  423.35620    
  422.12900    
  420.26633    
  415.72647    
  406.91693    
  395.75800    
  384.23599    
  373.50784    
  350.99515    
  336.59174    
  324.54553    
  312.19772    
  299.39703    
  287.12289    
  278.27966    
  260.96799    
  245.98645    
  233.03876    
  218.74951    
  204.00319    
  190.39839    
  184.39487    
  178.84702    
  172.79781    
  166.60271    
  160.77356    
  155.77573    
  151.28540    
  146.98434    
  143.05327    
  139.55324    
  136.30260    
  132.52646    
  124.10616    
  115.28727    
  107.36348    
  99.911591    
  92.377678    
  86.085144    
  83.232506    
  80.569412    
  78.152603    
  75.905258    
  73.559837    
  71.115173    
  68.624809    
  66.238754    
  63.912640    
  61.637657    
  59.462860    
  57.068146    
  53.003578    
  49.152191    
  45.552719    
  42.335869    
  39.455811    
  36.837124    
  35.513741    
  0.0000000    
  0.0000000    
  0.0000000    
  0.0000000    
  0.0000000    
  0.0000000    
  0.0000000    
  0.0000000    
  0.0000000    
  0.0000000    
  0.0000000    
  0.0000000    
  0.0000000    
  0.0000000    
  0.0000000    
  0.0000000    
  0.0000000    
  0.0000000    
  0.0000000    
  0.0000000    
  0.0000000    
  0.0000000    
  0.0000000    
  0.0000000    
  0.0000000    
  0.0000000    
 0.63239008    
  0.0000000    
 0.22273576    
 0.44753995E-01
 0.14953794    
  0.0000000    
  0.0000000    
  0.0000000    
  0.0000000    
  0.0000000    
  0.0000000    
  0.0000000    
  0.0000000    
  0.0000000    
  0.0000000    
  0.0000000    
  0.0000000    
  0.0000000    
  0.0000000    
  0.0000000    
  0.0000000    
  0.0000000    
  0.0000000    
  0.0000000    
  0.0000000    
  0.0000000    
  0.0000000    
  0.0000000    
  0.0000000    
  0.0000000    
  0.0000000    
  0.0000000    
  0.0000000    
  0.0000000    
  0.0000000    
  0.0000000    
  0.0000000    
  0.0000000    
  0.0000000    
  0.0000000    
  0.0000000    
  0.0000000    
  0.0000000    
  0.0000000    
  0.0000000    
  0.0000000    
  0.0000000    
  0.0000000    
  0.0000000    
  0.0000000    
  0.0000000    
  0.0000000    
  0.0000000    
  0.0000000    
  0.0000000    
  0.0000000    
  0.0000000    
  0.0000000    
  0.0000000    
  0.0000000    
  0.0000000    
  0.0000000    
  0.0000000    
  0.0000000    
  29.528660    
  0.0000000    
  0.0000000    
  0.0000000    
  16.897713    
  0.0000000    
  0.0000000    
  0.0000000    
  0.0000000    
  3.2855921    
  7.8668084    
  12.255550    
  0.0000000    
  0.0000000    
  0.0000000    
  27.770386    
  0.0000000    
  0.0000000    
  0.0000000    
  0.0000000    
  0.0000000    
  0.0000000    
  0.0000000    
  0.0000000    
  0.0000000    
  0.0000000    
  0.0000000    
  0.0000000    
  0.0000000    
  0.0000000    
  0.0000000    
  0.0000000    
  0.0000000    
  0.0000000    
  0.0000000    
  0.0000000    
  0.0000000    
  0.0000000    
  0.0000000    
  0.0000000    
  0.0000000    
  0.0000000    
  0.0000000    
  0.0000000    
  0.0000000    
  0.0000000    
  0.0000000    
  0.0000000    
  154.17180    
  90.219566    
  86.874657    
  83.439339    
  79.798889    
  76.181282    
  72.730370    
  69.275215    
  65.600876    
  61.782795    
  57.952789    
  54.560089    
  51.331314    
  48.109577    
  44.946362    
  41.934475    
  39.286709    
  37.038895    
  34.915394    
  32.935467    
  31.103571    
  29.334600    
  27.375681    
  25.135445    
  22.997145    
  21.023939    
  19.185051    
  17.510471    
  16.164957    
  15.061791    
  0.0000000    
  0.0000000    
  0.0000000    
  0.0000000    
  0.0000000    
  0.0000000    
  0.0000000    
  0.0000000    
  0.0000000    
  0.0000000    
  0.0000000    
  0.0000000    
  0.0000000    
  0.0000000    
  0.0000000    
  0.0000000    
  0.0000000    
  0.0000000    
  0.0000000    
  0.0000000    
  0.0000000    
  0.0000000    
  0.0000000    
  0.0000000    
  0.0000000    
  0.0000000    
  0.0000000    
  0.0000000    
  9.9661684    
  8.5951672    
  7.4073505    
  6.3937368    
  5.5204692    
  4.7688618    
  2.2537787    
  2.0213168    
  1.8148849    
  1.6332663    
  0.0000000    
  0.0000000    
SCALARS psista float 1
LOOKUP_TABLE default
  0.0000000    
  0.0000000    
  0.0000000    
  0.0000000    
  0.0000000    
  0.0000000    
  0.0000000    
  0.0000000    
  0.0000000    
  0.0000000    
  0.0000000    
  0.0000000    
  0.0000000    
  0.0000000    
  0.0000000    
  0.0000000    
  0.0000000    
  0.0000000    
  0.0000000    
  0.0000000    
  0.0000000    
  0.0000000    
  0.0000000    
  0.0000000    
  0.0000000    
  0.0000000    
  0.0000000    
  0.0000000    
  0.0000000    
  0.0000000    
  0.0000000    
  0.0000000    
  0.0000000    
  11.689586    
  0.0000000    
  0.0000000    
  11.697083    
  0.0000000    
  11.700608    
  0.0000000    
  0.0000000    
  0.0000000    
  0.0000000    
  0.0000000    
  0.0000000    
  0.0000000    
  0.0000000    
  0.0000000    
  0.0000000    
  0.0000000    
  0.0000000    
  0.0000000    
  0.0000000    
  0.0000000    
  0.0000000    
  0.0000000    
  0.0000000    
  0.0000000    
  0.0000000    
  0.0000000    
  0.0000000    
  0.0000000    
  0.0000000    
  0.0000000    
  0.0000000    
  0.0000000    
  0.0000000    
  0.0000000    
  0.0000000    
  0.0000000    
  0.0000000    
  0.0000000    
  0.0000000    
  0.0000000    
  0.0000000    
  0.0000000    
  0.0000000    
  0.0000000    
  0.0000000    
  0.0000000    
  0.0000000    
  0.0000000    
  0.0000000    
  0.0000000    
  0.0000000    
  0.0000000    
  0.0000000    
  0.0000000    
  0.0000000    
  0.0000000    
  0.0000000    
  0.0000000    
  0.0000000    
  0.0000000    
  0.0000000    
  0.0000000    
  0.0000000    
  0.0000000    
  0.0000000    
  0.0000000    
  0.0000000    
  0.0000000    
  0.0000000    
  0.0000000    
  0.0000000    
  0.0000000    
  0.0000000    
  0.0000000    
  0.0000000    
  0.0000000    
  0.0000000    
  0.0000000    
  0.0000000    
  0.0000000    
  0.0000000    
  0.0000000    
  0.0000000    
  0.0000000    
  0.0000000    
  0.0000000    
  0.0000000    
  0.0000000    
  0.0000000    
  0.0000000    
  0.0000000    
  0.0000000    
  0.0000000    
  0.0000000    
  0.0000000    
  0.0000000    
  0.0000000    
  0.0000000    
  0.0000000    
  0.0000000    
  0.0000000    
  0.0000000    
  0.0000000    
  0.0000000    
  0.0000000    
  0.0000000    
  0.0000000    
  0.0000000    
  0.0000000    
  0.0000000    
  12.056035    
  0.0000000    
  0.0000000    
  0.0000000    
  0.0000000    
  0.0000000    
  0.0000000    
  0.0000000    
  0.0000000    
  12.097271    
  0.0000000    
  0.0000000    
  12.118320    
  0.0000000    
  0.0000000    
  0.0000000    
  0.0000000    
  0.0000000    
  0.0000000    
  0.0000000    
  0.0000000    
  0.0000000    
  0.0000000    
  0.0000000    
  0.0000000    
  0.0000000    
  0.0000000    
  0.0000000    
  0.0000000    
  0.0000000    
  0.0000000    
  0.0000000    
  0.0000000    
  0.0000000    
  0.0000000    
  0.0000000    
  0.0000000    
  0.0000000    
  0.0000000    
  0.0000000    
  0.0000000    
  0.0000000    
  0.0000000    
  0.0000000    
  0.0000000    
  0.0000000    
  0.0000000    
  0.0000000    
  0.0000000    
  0.0000000    
  0.0000000    
  0.0000000    
  0.0000000    
  0.0000000    
  0.0000000    
  0.0000000    
  0.0000000    
  0.0000000    
  11.101830    
  11.109103    
  11.122235    
  11.141761    
  11.168037    
  11.201509    
  11.242030    
  11.289281    
  0.0000000    
  11.347345    
  11.376756    
  0.0000000    
  0.0000000    
  0.0000000    
  0.0000000    
  0.0000000    
  0.0000000    
  0.0000000    
  0.0000000    
  0.0000000    
  0.0000000    
  0.0000000    
  0.0000000    
  0.0000000    
  0.0000000    
  0.0000000    
  0.0000000    
  0.0000000    
  0.0000000    
  0.0000000    
  0.0000000    
  0.0000000    
  11.720307    
  11.735808    
  0.0000000    
  0.0000000    
  0.0000000    
  0.0000000    
  0.0000000    
  0.0000000    
  0.0000000    
  0.0000000    
  0.0000000    
  0.0000000    
  0.0000000    
  0.0000000    
  0.0000000    
  0.0000000    
  0.0000000    
  0.0000000    
  0.0000000    
  0.0000000    
  0.0000000    
  0.0000000    
  0.0000000    
  0.0000000    
  0.0000000    
  12.377200    
  0.0000000    
  0.0000000    
  0.0000000    
  0.0000000    
  0.0000000    
  0.0000000    
  0.0000000    
  0.0000000    
  0.0000000    
  0.0000000    
  12.631389    
  0.0000000    
  0.0000000    
  0.0000000    
  12.690953    
  0.0000000    
  0.0000000    
  12.730272    
  0.0000000    
  12.748630    
  12.760355    
  0.0000000    
  0.0000000    
  0.0000000    
  0.0000000    
  12.745865    
  12.738535    
  12.731866    
  0.0000000    
  12.723465    
  12.709947    
  0.0000000    
  0.0000000    
  0.0000000    
  0.0000000    
  0.0000000    
  0.0000000    
  0.0000000    
  0.0000000    
  0.0000000    
  0.0000000    
  0.0000000    
  0.0000000    
  0.0000000    
  0.0000000    
  0.0000000    
  0.0000000    
  0.0000000    
  0.0000000    
  0.0000000    
  0.0000000    
  0.0000000    
  0.0000000    
  0.0000000    
  0.0000000    
  0.0000000    
  11.375633    
  11.255916    
  11.116392    
  10.959145    
  10.801009    
  10.643541    
  10.486869    
  10.330875    
  10.162490    
  9.9820776    
  9.8018637    
  9.6211815    
  9.4406767    
  9.2595053    
  9.0692053    
  8.8701296    
  8.6720915    
  8.4757013    
  8.2794313    
  8.0838203    
  7.9404750    
  7.8486018    
  7.7574596    
  7.6668167    
  7.5770040    
  7.4880257    
  7.3861723    
  7.2723923    
  7.1587763    
  7.0464511    
  6.9346042    
  6.8233113    
  6.6614394    
  6.4495387    
  6.2392139    
  6.0319891    
  5.8285789    
  5.6277809    
  5.4209442    
  5.2086673    
  4.9982486    
  4.7902579    
  4.5885553    
  4.3943849    
  4.2498522    
  4.1518841    
  4.0542755    
  3.9568911    
  3.8601475    
  3.7633729    
  3.6647444    
  3.5646634    
  3.4652245    
  3.3669646    
  3.2701373    
  3.1748958    
  3.0346458    
  2.8529396    
  2.6696711    
  2.4867222    
  2.3077588    
  2.1326530    
  2.0063722    
  1.9265444    
  1.8482746    
  1.7705581    
  1.6959808    
  1.6242458    
  1.5471834    
  1.4628785    
  1.3783590    
  1.2933745    
  1.2086700    
  1.1257938    
  1.0122665    
 0.87085837    
 0.73136562    
 0.60040897    
 0.47470576    
 0.34520575    
 0.22318225    
 0.12048078    
 0.30411793E-01
  0.0000000    
  0.0000000    
  0.0000000    
  0.0000000    
  0.0000000    
  0.0000000    
  0.0000000    
  0.0000000    
  0.0000000    
  0.0000000    
  0.0000000    
  0.0000000    
  0.0000000    
  0.0000000    
  0.0000000    
  0.0000000    
  0.0000000    
  0.0000000    
  0.0000000    
  0.0000000    
  0.0000000    
  0.0000000    
 0.39699133E-01
 0.89441098E-01
 0.14276800    
 0.20133889    
 0.26971790    
 0.35916036    
 0.47050470    
 0.58776724    
 0.70265484    
 0.82311088    
 0.95371574    
  1.0810082    
  1.2059003    
  1.3300213    
  1.4558001    
  1.5819726    
  1.7094703    
  1.8099838    
  1.8810217    
  1.9528071    
  2.0258853    
  2.1005471    
  2.1759484    
  2.2511413    
  2.3258436    
  2.4001064    
  2.4737179    
  2.5460644    
  2.6167316    
  2.6796315    
  2.7350559    
  2.7894063    
  2.8430829    
  2.8962741    
  2.9492047    
  3.0285907    
  3.1351914    
  3.2423327    
  3.3164675    
  3.3566868    
  3.3960445    
  3.4345353    
  3.4720886    
  3.5087419    
  3.5404050    
  3.5674753    
  3.5941148    
  3.6203103    
  3.6460087    
  3.6712291    
  3.6987076    
  3.7269270    
  3.7528453    
  3.7767401    
  3.7987158    
  3.8187706    
  3.8363659    
  3.8513386    
  0.0000000    
  0.0000000    
  0.0000000    
  0.0000000    
  0.0000000    
  0.0000000    
  0.0000000    
  0.0000000    
  0.0000000    
  0.0000000    
  0.0000000    
  3.9031842    
  0.0000000    
  0.0000000    
  3.9061954    
  3.9066298    
  0.0000000    
  0.0000000    
  0.0000000    
  0.0000000    
  0.0000000    
  0.0000000    
  0.0000000    
  0.0000000    
  0.0000000    
  0.0000000    
  0.0000000    
  0.0000000    
  0.0000000    
  0.0000000    
  0.0000000    
  0.0000000    
  0.0000000    
  0.0000000    
  0.0000000    
  0.0000000    
  0.0000000    
  0.0000000    
  0.0000000    
  0.0000000    
  0.0000000    
  0.0000000    
  0.0000000    
  0.0000000    
  0.0000000    
  0.0000000    
  0.0000000    
  3.8566480    
  0.0000000    
  0.0000000    
  3.8597209    
  3.8611286    
  3.8635287    
  3.8671563    
  3.8713834    
  0.0000000    
  0.0000000    
  3.8907061    
  3.9005759    
  3.9130745    
  3.9136271    
  3.9427388    
  3.9599257    
  3.9792728    
  3.9943810    
  4.0045009    
  4.0149713    
  4.0257816    
  4.0369406    
  4.0484657    
  4.0599813    
  4.0714955    
  4.0834475    
  4.0958071    
  4.1085706    
  4.1217175    
  4.1427732    
  4.1730018    
  4.2053061    
  4.2396383    
  4.2759972    
  4.3142362    
  4.3333292    
  4.3411765    
  4.3535585    
  4.3644600    
  4.3767252    
  4.3904042    
  4.4053473    
  4.4331260    
  4.4517937    
  4.4729309    
  4.4963036    
  4.5213084    
  4.5484533    
  4.5779133    
  4.6105390    
  4.6462517    
  4.6850319    
  4.7268744    
  4.7698650    
  4.8133416    
  4.8589973    
  4.9068699    
  4.9558749    
  5.0051656    
  5.0548487    
  5.1049128    
  5.1572218    
  5.2129068    
  5.2709379    
  5.3294044    
  5.3878021    
  5.4468193    
  5.5078101    
  5.5713277    
  5.6373811    
  5.7053218    
  5.7748065    
  5.8442426    
  5.9135156    
  5.9834499    
  6.0545392    
  6.1260085    
  6.1985359    
  6.2734995    
  6.3508296    
  6.4294634    
  6.5070438    
  6.5828481    
  6.6291423    
  6.6470575    
  6.6657009    
  6.6840129    
  6.7030334    
  6.7225027    
  6.7453275    
  6.7719383    
  6.7989631    
  6.8260555    
  6.8527842    
  6.8796701    
  6.9157181    
  6.9612570    
  7.0077543    
  7.0559578    
  7.1061058    
  7.1583085    
  7.2108502    
  7.2631106    
  7.3151898    
  7.3680196    
  7.4217520    
  7.4758501    
  7.5181718    
  7.5484991    
  7.5786581    
  7.6087837    
  7.6382790    
  7.6674476    
  7.6925006    
  7.7142053    
  7.7354631    
  7.7565985    
  7.7773638    
  7.7981720    
  7.8324747    
  7.8812037    
  7.9328294    
  7.9848175    
  8.0363703    
  8.0859118    
  8.1206131    
  8.1432076    
  8.1658659    
  8.1883173    
  8.2104235    
  8.2325945    
  8.2544413    
  8.2762985    
  8.2977810    
  8.3193531    
  8.3409805    
  8.3622627    
  8.3943949    
  8.4366894    
  8.4776573    
  8.5189352    
  8.5591631    
  8.5952978    
  8.6221666    
  8.6386213    
  0.0000000    
  0.0000000    
  0.0000000    
  0.0000000    
  0.0000000    
  0.0000000    
  0.0000000    
  0.0000000    
  0.0000000    
  0.0000000    
  0.0000000    
  0.0000000    
  0.0000000    
  0.0000000    
  0.0000000    
  0.0000000    
  0.0000000    
  0.0000000    
  0.0000000    
  0.0000000    
  0.0000000    
  0.0000000    
  0.0000000    
  0.0000000    
  0.0000000    
  0.0000000    
  9.1016951    
  0.0000000    
  9.1073437    
  9.1082640    
  9.1052332    
  0.0000000    
  0.0000000    
  0.0000000    
  0.0000000    
  0.0000000    
  0.0000000    
  0.0000000    
  0.0000000    
  0.0000000    
  0.0000000    
  0.0000000    
  0.0000000    
  0.0000000    
  0.0000000    
  0.0000000    
  0.0000000    
  0.0000000    
  0.0000000    
  0.0000000    
  0.0000000    
  0.0000000    
  0.0000000    
  0.0000000    
  0.0000000    
  0.0000000    
  0.0000000    
  0.0000000    
  0.0000000    
  0.0000000    
  0.0000000    
  0.0000000    
  0.0000000    
  0.0000000    
  0.0000000    
  0.0000000    
  0.0000000    
  0.0000000    
  0.0000000    
  0.0000000    
  0.0000000    
  0.0000000    
  0.0000000    
  0.0000000    
  0.0000000    
  0.0000000    
  0.0000000    
  0.0000000    
  0.0000000    
  0.0000000    
  0.0000000    
  0.0000000    
  0.0000000    
  0.0000000    
  0.0000000    
  0.0000000    
  0.0000000    
  0.0000000    
  0.0000000    
  0.0000000    
  7.9251323    
  0.0000000    
  0.0000000    
  0.0000000    
  7.9044333    
  0.0000000    
  0.0000000    
  0.0000000    
  0.0000000    
  7.8944645    
  7.8959923    
  7.8986340    
  0.0000000    
  0.0000000    
  0.0000000    
  7.9204922    
  0.0000000    
  0.0000000    
  0.0000000    
  0.0000000    
  0.0000000    
  0.0000000    
  0.0000000    
  0.0000000    
  0.0000000    
  0.0000000    
  0.0000000    
  0.0000000    
  0.0000000    
  0.0000000    
  0.0000000    
  0.0000000    
  0.0000000    
  0.0000000    
  0.0000000    
  0.0000000    
  0.0000000    
  0.0000000    
  0.0000000    
  0.0000000    
  0.0000000    
  0.0000000    
  0.0000000    
  0.0000000    
  0.0000000    
  0.0000000    
  0.0000000    
  0.0000000    
  8.6441107    
  8.6807184    
  8.7170496    
  8.7549944    
  8.7968388    
  8.8421869    
  8.8893042    
  8.9375648    
  8.9877930    
  9.0408096    
  9.0953398    
  9.1489153    
  9.2025089    
  9.2581587    
  9.3158197    
  9.3745966    
  9.4293022    
  9.4782925    
  9.5273418    
  9.5760031    
  9.6239147    
  9.6724329    
  9.7300692    
  9.7987747    
  9.8701668    
  9.9423447    
  10.015989    
  10.089554    
  10.153975    
  10.210679    
  0.0000000    
  0.0000000    
  0.0000000    
  0.0000000    
  0.0000000    
  0.0000000    
  0.0000000    
  0.0000000    
  0.0000000    
  0.0000000    
  0.0000000    
  0.0000000    
  0.0000000    
  0.0000000    
  0.0000000    
  0.0000000    
  0.0000000    
  0.0000000    
  0.0000000    
  0.0000000    
  0.0000000    
  0.0000000    
  0.0000000    
  0.0000000    
  0.0000000    
  0.0000000    
  0.0000000    
  0.0000000    
  10.318165    
  10.423455    
  10.530235    
  10.636320    
  10.742929    
  10.850471    
  10.930543    
  10.981346    
  11.030422    
  11.077788    
  0.0000000    
  0.0000000    
SCALARS angle float 1
LOOKUP_TABLE default
  0.0000000    
  0.0000000    
  0.0000000    
  0.0000000    
  0.0000000    
  0.0000000    
  0.0000000    
  0.0000000    
  0.0000000    
  0.0000000    
  0.0000000    
  0.0000000    
  0.0000000    
  0.0000000    
  0.0000000    
  0.0000000    
  0.0000000    
  0.0000000    
  0.0000000    
  0.0000000    
  0.0000000    
  0.0000000    
  0.0000000    
  0.0000000    
  0.0000000    
  0.0000000    
  0.0000000    
  0.0000000    
  0.0000000    
  0.0000000    
  0.0000000    
  0.0000000    
  0.0000000    
 0.14945984    
  0.0000000    
  0.0000000    
 0.74401855E-01
  0.0000000    
 0.19538879E-01
  0.0000000    
  0.0000000    
  0.0000000    
  0.0000000    
  0.0000000    
  0.0000000    
  0.0000000    
  0.0000000    
  0.0000000    
  0.0000000    
  0.0000000    
  0.0000000    
  0.0000000    
  0.0000000    
  0.0000000    
  0.0000000    
  0.0000000    
  0.0000000    
  0.0000000    
  0.0000000    
  0.0000000    
  0.0000000    
  0.0000000    
  0.0000000    
  0.0000000    
  0.0000000    
  0.0000000    
  0.0000000    
  0.0000000    
  0.0000000    
  0.0000000    
  0.0000000    
  0.0000000    
  0.0000000    
  0.0000000    
  0.0000000    
  0.0000000    
  0.0000000    
  0.0000000    
  0.0000000    
  0.0000000    
  0.0000000    
  0.0000000    
  0.0000000    
  0.0000000    
  0.0000000    
  0.0000000    
  0.0000000    
  0.0000000    
  0.0000000    
  0.0000000    
  0.0000000    
  0.0000000    
  0.0000000    
  0.0000000    
  0.0000000    
  0.0000000    
  0.0000000    
  0.0000000    
  0.0000000    
  0.0000000    
  0.0000000    
  0.0000000    
  0.0000000    
  0.0000000    
  0.0000000    
  0.0000000    
  0.0000000    
  0.0000000    
  0.0000000    
  0.0000000    
  0.0000000    
  0.0000000    
  0.0000000    
  0.0000000    
  0.0000000    
  0.0000000    
  0.0000000    
  0.0000000    
  0.0000000    
  0.0000000    
  0.0000000    
  0.0000000    
  0.0000000    
  0.0000000    
  0.0000000    
  0.0000000    
  0.0000000    
  0.0000000    
  0.0000000    
  0.0000000    
  0.0000000    
  0.0000000    
  0.0000000    
  0.0000000    
  0.0000000    
  0.0000000    
  0.0000000    
  0.0000000    
  0.0000000    
  0.0000000    
  0.0000000    
  0.0000000    
  0.0000000    
  0.0000000    
 0.33026123    
  0.0000000    
  0.0000000    
  0.0000000    
  0.0000000    
  0.0000000    
  0.0000000    
  0.0000000    
  0.0000000    
 0.18035889    
  0.0000000    
  0.0000000    
 0.38655090    
  0.0000000    
  0.0000000    
  0.0000000    
  0.0000000    
  0.0000000    
  0.0000000    
  0.0000000    
  0.0000000    
  0.0000000    
  0.0000000    
  0.0000000    
  0.0000000    
  0.0000000    
  0.0000000    
  0.0000000    
  0.0000000    
  0.0000000    
  0.0000000    
  0.0000000    
  0.0000000    
  0.0000000    
  0.0000000    
  0.0000000    
  0.0000000    
  0.0000000    
  0.0000000    
  0.0000000    
  0.0000000    
  0.0000000    
  0.0000000    
  0.0000000    
  0.0000000    
  0.0000000    
  0.0000000    
  0.0000000    
  0.0000000    
  0.0000000    
  0.0000000    
  0.0000000    
  0.0000000    
  0.0000000    
  0.0000000    
  0.0000000    
  0.0000000    
  0.0000000    
 0.10629272    
 0.25265503    
 0.40296936    
 0.56545258    
 0.73966980    
 0.91674042    
  1.0906067    
  1.2599640    
  0.0000000    
 0.65821075    
 0.82198334    
  0.0000000    
  0.0000000    
  0.0000000    
  0.0000000    
  0.0000000    
  0.0000000    
  0.0000000    
  0.0000000    
  0.0000000    
  0.0000000    
  0.0000000    
  0.0000000    
  0.0000000    
  0.0000000    
  0.0000000    
  0.0000000    
  0.0000000    
  0.0000000    
  0.0000000    
  0.0000000    
  0.0000000    
 0.30653381    
 0.46834564    
  0.0000000    
  0.0000000    
  0.0000000    
  0.0000000    
  0.0000000    
  0.0000000    
  0.0000000    
  0.0000000    
  0.0000000    
  0.0000000    
  0.0000000    
  0.0000000    
  0.0000000    
  0.0000000    
  0.0000000    
  0.0000000    
  0.0000000    
  0.0000000    
  0.0000000    
  0.0000000    
  0.0000000    
  0.0000000    
  0.0000000    
 0.65392303    
  0.0000000    
  0.0000000    
  0.0000000    
  0.0000000    
  0.0000000    
  0.0000000    
  0.0000000    
  0.0000000    
  0.0000000    
  0.0000000    
 0.76486206    
  0.0000000    
  0.0000000    
  0.0000000    
 0.90614319    
  0.0000000    
  0.0000000    
 0.17276764    
  0.0000000    
 0.26496887    
 0.31101227    
  0.0000000    
  0.0000000    
  0.0000000    
  0.0000000    
 0.41662598    
 0.39505005    
 0.37283325    
  0.0000000    
 0.32192230    
 0.29742432    
  0.0000000    
  0.0000000    
  0.0000000    
  0.0000000    
  0.0000000    
  0.0000000    
  0.0000000    
  0.0000000    
  0.0000000    
  0.0000000    
  0.0000000    
  0.0000000    
  0.0000000    
  0.0000000    
  0.0000000    
  0.0000000    
  0.0000000    
  0.0000000    
  0.0000000    
  0.0000000    
  0.0000000    
  0.0000000    
  0.0000000    
  0.0000000    
  0.0000000    
  2.9433823    
  2.9640274    
  3.8438873    
  3.8492126    
  3.8595428    
  3.8638916    
  3.8604889    
  3.8637848    
  4.5067825    
  4.4955215    
  4.4886246    
  4.4845657    
  4.4809647    
  4.4781265    
  4.9987869    
  4.9753418    
  4.9482269    
  4.9211426    
  4.9005737    
  4.8815613    
  5.3014374    
  5.2824097    
  5.2638092    
  5.2460480    
  5.2282944    
  5.2101593    
  5.1861572    
  5.1541672    
  5.1180725    
  5.0844803    
  5.0565872    
  5.0375290    
  5.4502029    
  5.4032898    
  5.3559952    
  5.3039017    
  5.2419586    
  5.1769867    
  5.4314728    
  5.3358765    
  5.2483826    
  5.1694183    
  5.0917053    
  5.0145340    
  5.2302017    
  5.1805496    
  5.1325989    
  5.0867920    
  5.0430984    
  5.0062790    
  4.9746017    
  4.9434128    
  4.9134750    
  4.8847580    
  4.8540497    
  4.8173447    
  4.9478912    
  4.8412781    
  4.7042694    
  4.5550461    
  4.4590759    
  4.3835373    
  4.4557877    
  4.4007187    
  4.3395767    
  4.2713165    
  4.2026291    
  4.1391907    
  4.0739746    
  4.0093765    
  3.9517288    
  3.8965149    
  3.8407593    
  3.7781677    
  3.7241898    
  3.5869904    
  3.4839554    
  3.3793869    
  3.2563248    
  3.1261063    
  2.9506836    
  2.7722931    
  2.6026154    
  0.0000000    
  0.0000000    
  0.0000000    
  0.0000000    
  0.0000000    
  0.0000000    
  0.0000000    
  0.0000000    
  0.0000000    
  0.0000000    
  0.0000000    
  0.0000000    
  0.0000000    
  0.0000000    
  0.0000000    
  0.0000000    
  0.0000000    
  0.0000000    
  0.0000000    
  0.0000000    
  0.0000000    
  0.0000000    
  2.5830231    
  2.6622086    
  2.7416916    
  2.8213120    
  2.9001770    
  3.1804047    
  3.2647476    
  3.3527145    
  3.4485626    
  3.5378952    
  3.5993881    
  3.4412918    
  3.4475861    
  3.4747696    
  3.5057678    
  3.5390701    
  3.5938873    
  3.1604767    
  3.1607285    
  3.1558838    
  3.1452713    
  3.1327209    
  3.1246872    
  3.1224670    
  3.1227264    
  3.1236191    
  3.1236420    
  3.1232910    
  3.1263046    
  2.5634766    
  2.5434952    
  2.5229874    
  2.5026627    
  2.4827652    
  2.4655228    
  2.4540482    
  2.4464417    
  2.4399948    
  1.6238480    
  1.5900421    
  1.5551682    
  1.5201340    
  1.4845657    
  1.4493179    
  1.4206924    
  1.3978882    
  1.3745880    
  1.3504486    
  1.3260651    
  1.3022232    
 0.80510712    
 0.73983765    
 0.68055725    
 0.62687683    
 0.57472229    
 0.52204132    
 0.43931580    
 0.38719177    
  0.0000000    
  0.0000000    
  0.0000000    
  0.0000000    
  0.0000000    
  0.0000000    
  0.0000000    
  0.0000000    
  0.0000000    
  0.0000000    
  0.0000000    
 0.74623108E-01
  0.0000000    
  0.0000000    
 0.33195496E-01
 0.21476746E-01
  0.0000000    
  0.0000000    
  0.0000000    
  0.0000000    
  0.0000000    
  0.0000000    
  0.0000000    
  0.0000000    
  0.0000000    
  0.0000000    
  0.0000000    
  0.0000000    
  0.0000000    
  0.0000000    
  0.0000000    
  0.0000000    
  0.0000000    
  0.0000000    
  0.0000000    
  0.0000000    
  0.0000000    
  0.0000000    
  0.0000000    
  0.0000000    
  0.0000000    
  0.0000000    
  0.0000000    
  0.0000000    
  0.0000000    
  0.0000000    
  0.0000000    
 0.19668579E-01
  0.0000000    
  0.0000000    
 0.71479797E-01
 0.77705383E-01
 0.90698242E-01
 0.10463715    
 0.12673950    
  0.0000000    
  0.0000000    
 0.22130585    
 0.30931854    
 0.35586548    
 0.39596558    
 0.43562317    
 0.48835754    
 0.53564453    
 0.51180267    
 0.53025055    
 0.54774475    
 0.56584167    
 0.58425140    
 0.60519409    
 0.62784576    
 0.65166473    
 0.67522430    
 0.69801331    
 0.72028351    
 0.74266815    
 0.78504944    
 0.84117889    
 0.89686584    
 0.95221710    
  1.0050354    
  1.0550842    
 0.17227173    
 0.22581482    
 0.27441406    
 0.31435394    
 0.35171509    
 0.38829803    
 0.42665100    
 0.47891998    
 0.54396057    
 0.61199188    
 0.66935730    
 0.71750641    
 0.77086639    
 0.83953857    
 0.91490936    
 0.97798920    
  1.0436935    
  1.0853424    
  1.0932312    
  1.1277542    
  1.1942062    
  1.2569962    
  1.3012390    
  1.3308411    
  1.3647385    
  1.4250870    
  1.5126038    
  1.5920868    
  1.6231995    
  1.6162796    
  1.6139755    
  1.6491623    
  1.7138901    
  1.7799072    
  1.8262100    
  1.8568802    
  1.8860474    
  1.9116592    
  1.9373398    
  1.9604797    
  1.9633179    
  1.9450150    
  1.9390335    
  1.9686661    
  2.0209579    
  2.0616379    
  2.0705719    
  2.0594559    
  1.0665359    
  1.0787735    
  1.0959854    
  1.1157074    
  1.1376038    
  1.1607742    
  1.1873093    
  1.2120438    
  1.2248993    
  1.2301025    
  1.2326508    
  1.2369385    
  1.2129898    
  1.2275772    
  1.2504501    
  1.2732620    
  1.2953415    
  1.3208542    
  1.3616638    
  1.3577499    
  1.3604584    
  1.3712234    
  1.3707962    
  1.3620148    
  1.3357620    
  1.3404160    
  1.3468018    
  1.3479385    
  1.3452682    
  1.3432770    
  1.3402557    
  1.3351059    
  1.3298340    
  1.3266830    
  1.3260803    
  1.3271332    
  1.3432007    
  1.3315506    
  1.3137283    
  1.2999039    
  1.2846222    
  1.2584152    
  1.2211990    
  1.2123260    
  1.2050095    
  1.1999207    
  1.1959076    
  1.1893616    
  1.1795578    
  1.1676865    
  1.1557159    
  1.1435776    
  1.1310730    
  1.1186218    
  1.1145782    
  1.0875626    
  1.0579376    
  1.0288467    
  1.0021515    
 0.97428131    
 0.93862152    
 0.92246246    
  0.0000000    
  0.0000000    
  0.0000000    
  0.0000000    
  0.0000000    
  0.0000000    
  0.0000000    
  0.0000000    
  0.0000000    
  0.0000000    
  0.0000000    
  0.0000000    
  0.0000000    
  0.0000000    
  0.0000000    
  0.0000000    
  0.0000000    
  0.0000000    
  0.0000000    
  0.0000000    
  0.0000000    
  0.0000000    
  0.0000000    
  0.0000000    
  0.0000000    
  0.0000000    
 0.13446045    
  0.0000000    
 0.47927856E-01
 0.96588135E-02
 0.32112122E-01
  0.0000000    
  0.0000000    
  0.0000000    
  0.0000000    
  0.0000000    
  0.0000000    
  0.0000000    
  0.0000000    
  0.0000000    
  0.0000000    
  0.0000000    
  0.0000000    
  0.0000000    
  0.0000000    
  0.0000000    
  0.0000000    
  0.0000000    
  0.0000000    
  0.0000000    
  0.0000000    
  0.0000000    
  0.0000000    
  0.0000000    
  0.0000000    
  0.0000000    
  0.0000000    
  0.0000000    
  0.0000000    
  0.0000000    
  0.0000000    
  0.0000000    
  0.0000000    
  0.0000000    
  0.0000000    
  0.0000000    
  0.0000000    
  0.0000000    
  0.0000000    
  0.0000000    
  0.0000000    
  0.0000000    
  0.0000000    
  0.0000000    
  0.0000000    
  0.0000000    
  0.0000000    
  0.0000000    
  0.0000000    
  0.0000000    
  0.0000000    
  0.0000000    
  0.0000000    
  0.0000000    
  0.0000000    
  0.0000000    
  0.0000000    
  0.0000000    
  0.0000000    
  0.0000000    
 0.35749817    
  0.0000000    
  0.0000000    
  0.0000000    
 0.20257568    
  0.0000000    
  0.0000000    
  0.0000000    
  0.0000000    
 0.39779663E-01
 0.95817566E-01
 0.15036011    
  0.0000000    
  0.0000000    
  0.0000000    
 0.35521698    
  0.0000000    
  0.0000000    
  0.0000000    
  0.0000000    
  0.0000000    
  0.0000000    
  0.0000000    
  0.0000000    
  0.0000000    
  0.0000000    
  0.0000000    
  0.0000000    
  0.0000000    
  0.0000000    
  0.0000000    
  0.0000000    
  0.0000000    
  0.0000000    
  0.0000000    
  0.0000000    
  0.0000000    
  0.0000000    
  0.0000000    
  0.0000000    
  0.0000000    
  0.0000000    
  0.0000000    
  0.0000000    
  0.0000000    
  0.0000000    
  0.0000000    
  0.0000000    
  1.9129028    
  1.9523697    
  1.9923706    
  2.0327225    
  2.0775986    
  2.1311722    
  2.1916504    
  2.2520828    
  2.3070831    
  2.3598633    
  2.4091644    
  2.4646225    
  2.5191269    
  2.5721893    
  2.6250839    
  2.6790924    
  2.7273941    
  2.7691727    
  2.8109131    
  2.8530045    
  2.8953400    
  2.9364090    
  2.9862442    
  3.0359573    
  3.0862122    
  3.1369247    
  3.1878967    
  3.2384949    
  3.2824554    
  3.3195648    
  0.0000000    
  0.0000000    
  0.0000000    
  0.0000000    
  0.0000000    
  0.0000000    
  0.0000000    
  0.0000000    
  0.0000000    
  0.0000000    
  0.0000000    
  0.0000000    
  0.0000000    
  0.0000000    
  0.0000000    
  0.0000000    
  0.0000000    
  0.0000000    
  0.0000000    
  0.0000000    
  0.0000000    
  0.0000000    
  0.0000000    
  0.0000000    
  0.0000000    
  0.0000000    
  0.0000000    
  0.0000000    
  2.5601501    
  2.5688248    
  2.5785446    
  2.5875320    
  2.5968094    
  2.6083603    
  1.3784943    
  1.3277435    
  1.2771072    
  1.2281876    
  0.0000000    
  0.0000000    
SCALARS lenpath float 1
LOOKUP_TABLE default
  54134.652    
  52996.906    
  51915.691    
  32016.012    
  29865.549    
  27960.189    
  26606.482    
  25701.857    
  24833.910    
  23979.729    
  23130.000    
  22295.463    
  21576.668    
  20962.904    
  20354.982    
  19750.547    
  19152.920    
  18561.457    
  17598.562    
  16284.895    
  14991.403    
  13728.460    
  12489.673    
  11244.521    
  10299.245    
  9669.5020    
  9044.1133    
  8419.6201    
  7800.6826    
  7193.5938    
  6594.9644    
  5999.7539    
  5401.8306    
  31371.088    
  4205.4976    
  3612.6318    
  32351.211    
 0.89307421    
  33474.363    
  1.8122408    
  22381.316    
  21820.678    
  3940.7356    
  20705.305    
  6048.6191    
  7106.0728    
  8138.2710    
  18477.332    
  9897.0273    
  17781.740    
  10895.094    
  11395.901    
  11899.900    
  16664.234    
  12920.717    
  13433.655    
  13944.639    
  15528.158    
  14946.479    
  15437.513    
  16167.622    
  13962.702    
  18080.828    
  12850.509    
  19935.277    
  11777.173    
  21735.447    
  22603.260    
  23447.986    
  24278.395    
  25106.893    
  25916.480    
  26498.439    
  7841.8730    
  7568.5967    
  7296.2021    
  27941.709    
  28284.414    
  6488.0190    
  28948.346    
  5953.8506    
  5687.3428    
  29895.004    
  5153.3350    
  4744.6587    
  4193.9922    
  31798.740    
  32319.662    
  32799.695    
  33250.750    
  33560.668    
  1421.2327    
  1163.4235    
  898.28131    
  629.94281    
  1.0051836    
  36.516037    
  16825.877    
 0.69010907    
  16464.164    
  1422.0870    
  16096.852    
  15835.929    
  15495.920    
  15151.863    
  14803.075    
  14450.835    
  14094.885    
  13738.109    
  13380.935    
  13021.059    
  12656.894    
  12289.841    
  11920.780    
  11565.071    
  11220.219    
  10872.710    
  10522.191    
  10168.271    
  9810.0781    
  9556.3672    
  9409.6426    
  9262.1895    
  9113.4688    
  8963.8779    
  8812.9834    
  8656.6387    
  8495.5576    
  8333.5459    
  8170.4072    
  8006.2627    
  7841.5796    
  7624.0679    
  7351.6499    
  7073.9893    
  6791.2778    
  6503.6177    
  6211.3433    
  5994.7876    
  5857.5811    
  5719.3628    
  5579.6450    
  5437.8979    
  5294.0986    
  58798.305    
  5052.2100    
  4937.8394    
  4822.4849    
  4706.1602    
  329.98596    
  142.30943    
  397.34158    
  397.40735    
  59894.625    
  662.19928    
  223.36298    
  60439.645    
  682.91266    
  1172.1954    
  2204.0796    
  2183.8853    
  509.30917    
  1761.9227    
  1599.6453    
  1434.8071    
  1267.3850    
  1096.9283    
  923.40656    
  767.58533    
  630.55182    
  492.26517    
  352.88867    
  212.61378    
  71.182777    
  156.99878    
  481.12421    
  821.93958    
  1190.5851    
  1607.3688    
  4891.9644    
  6157.3086    
  6693.5732    
  7401.3838    
  8024.3340    
  8461.8057    
  8947.7451    
  9746.4834    
  10430.732    
  11193.535    
  11987.254    
  12715.442    
  13536.282    
  14489.423    
  15801.648    
  52451.031    
  53584.113    
  2250.0244    
  1845.4845    
  1427.8597    
  991.22321    
  549.14227    
  114.96525    
  2117.1736    
  1908.0267    
  1699.4137    
  1491.2574    
  1283.4921    
  1076.0765    
  868.92456    
  662.12518    
  3584.1497    
  251.83432    
  47.509056    
  13248.423    
  12990.304    
  12723.521    
  444.75461    
  270.02399    
  241.38240    
  1.2419406    
  12195.315    
  12103.760    
  11996.350    
  11872.446    
  11746.139    
  11617.368    
  11485.131    
  11350.425    
  11181.904    
  10975.426    
  10760.282    
  10536.581    
  10304.019    
  10062.200    
  3181.6274    
  3378.1021    
  9392.8613    
  9160.3535    
  8920.0020    
  8671.6045    
  8434.3672    
  8200.7188    
  7947.9409    
  7683.2549    
  7407.0908    
  7118.3774    
  6905.7749    
  6775.8921    
  6642.5562    
  6506.7793    
  6366.7329    
  6224.0552    
  6090.0605    
  5966.2095    
  5839.8374    
  5712.0493    
  5582.5015    
  5450.5073    
  5272.0601    
  6878.9526    
  4801.6680    
  4503.8804    
  4183.1514    
  3844.4878    
  3602.0303    
  3463.6682    
  3319.2668    
  3169.9963    
  3016.1284    
  2856.5742    
  8272.6436    
  2583.3716    
  2452.8140    
  2319.8127    
  13683.887    
  1816.5525    
  1544.7762    
  8740.2666    
  1024.8525    
  9045.5801    
  9193.9697    
  153.27359    
  85.792633    
  259.87054    
  439.36566    
  12251.052    
  12181.556    
  12103.306    
  1250.7028    
  10129.255    
  11827.818    
  1887.2704    
  2013.2706    
  2136.7837    
  2397.1799    
  2819.8757    
  3304.1892    
  3808.8379    
  4171.1050    
  4560.5615    
  4916.0474    
  5245.9438    
  5514.1138    
  5719.8125    
  5936.5669    
  6168.4185    
  6461.7939    
  6855.6611    
  7167.7554    
  7446.5078    
  7754.7114    
  8110.5073    
  8754.4287    
  9701.7715    
  10862.038    
  12776.343    
  13451.799    
  13603.666    
  13751.382    
  13896.138    
  14042.354    
  14190.976    
  14341.652    
  14494.520    
  14645.354    
  14794.684    
  14946.787    
  15101.673    
  15259.563    
  15420.192    
  15580.936    
  15741.958    
  15907.047    
  16076.670    
  16249.908    
  16427.145    
  16555.875    
  16633.740    
  16712.773    
  16792.584    
  16873.760    
  16956.219    
  17052.377    
  17163.234    
  17276.025    
  17390.822    
  17507.566    
  17626.199    
  17790.322    
  18003.760    
  18224.938    
  18453.979    
  18691.113    
  18936.123    
  19186.525    
  19444.779    
  19715.221    
  19998.156    
  20293.551    
  20600.791    
  20836.713    
  20995.258    
  21157.389    
  21322.906    
  21492.109    
  21664.861    
  21843.850    
  22029.928    
  22221.803    
  22419.910    
  22624.627    
  22835.984    
  23159.207    
  23609.557    
  24094.656    
  24626.479    
  25193.078    
  25790.078    
  26249.705    
  26545.705    
  26852.688    
  27170.318    
  27498.164    
  27832.748    
  28218.092    
  28668.951    
  29154.609    
  29678.697    
  30243.414    
  30850.846    
  31773.205    
  33099.297    
  34613.055    
  36407.770    
  38697.129    
  41706.910    
  45634.230    
  51590.113    
  66229.594    
  0.0000000    
  0.0000000    
  0.0000000    
  0.0000000    
  0.0000000    
  0.0000000    
  0.0000000    
  0.0000000    
  0.0000000    
  0.0000000    
  0.0000000    
  0.0000000    
  0.0000000    
  0.0000000    
  0.0000000    
  0.0000000    
  0.0000000    
  0.0000000    
  0.0000000    
  0.0000000    
  0.0000000    
  0.0000000    
  69004.930    
  59896.574    
  55098.277    
  51644.008    
  48951.914    
  46239.711    
  43518.648    
  41329.113    
  39590.047    
  38110.004    
  36813.410    
  35626.809    
  34491.859    
  33471.160    
  32530.576    
  31665.363    
  30867.521    
  30238.203    
  29751.000    
  29278.121    
  28828.879    
  28404.725    
  27998.350    
  27601.719    
  27212.771    
  26833.484    
  26463.840    
  26103.705    
  25752.725    
  25402.455    
  25053.463    
  24712.361    
  24379.404    
  24054.105    
  23735.922    
  23270.641    
  22670.828    
  22092.789    
  21648.262    
  21326.404    
  21010.531    
  20700.875    
  20396.779    
  20098.594    
  19838.854    
  19616.193    
  19396.279    
  19179.168    
  18964.992    
  18753.352    
  18447.086    
  18050.676    
  17662.461    
  17281.971    
  16909.123    
  16543.672    
  16184.890    
  15832.765    
  7543.7412    
  6528.7417    
  5641.4629    
  4601.5371    
  4024.6055    
  3688.4458    
  3376.9841    
  3073.6316    
  2767.1262    
  2481.1494    
  2188.0017    
  15294.941    
  1596.7358    
  1305.1980    
  15728.505    
  15869.239    
  1.5426967    
  178.93698    
  819.54755    
  1425.0372    
  1986.0670    
  2551.3245    
  5836.4863    
  3248.4846    
  3522.8992    
  3784.3108    
  5153.4258    
  4263.5776    
  4813.8960    
  4685.7979    
  4875.5986    
  4323.0835    
  5230.8984    
  5403.5684    
  5688.7793    
  3365.8374    
  6469.3320    
  6848.9009    
  7207.2266    
  7542.3374    
  1331.5691    
  7934.2432    
  8083.0635    
  686.20721    
  8363.8467    
  290.21741    
 0.97219056    
  6969.3501    
  404.33603    
  667.23438    
  6634.3286    
  6523.5288    
  6358.3540    
  6139.6738    
  5922.7144    
  2922.5044    
  3477.9395    
  5280.1196    
  5068.6226    
  4858.5713    
  23732.471    
  4441.8877    
  4235.0078    
  4029.1917    
  3873.1096    
  3766.4180    
  3659.8384    
  3553.4744    
  3447.2400    
  3341.0940    
  3238.9397    
  3140.5630    
  3042.2920    
  2944.0950    
  2845.9290    
  2747.9666    
  2597.6267    
  2395.1479    
  2192.8491    
  1990.6312    
  1788.3527    
  1586.0438    
  24428.488    
  24582.178    
  977.54260    
  774.30029    
  570.56927    
  366.48941    
  162.47755    
  68638.781    
  68595.523    
  68573.914    
  68574.047    
  68589.586    
  68622.750    
  68675.938    
  68756.047    
  68862.141    
  68991.797    
  69148.773    
  69315.078    
  69488.211    
  69684.805    
  69907.320    
  70147.953    
  70399.938    
  70659.977    
  70935.023    
  71239.508    
  71584.023    
  71961.242    
  72353.477    
  72755.156    
  73173.383    
  73625.094    
  74115.656    
  74647.664    
  75216.117    
  75821.719    
  76456.914    
  77118.586    
  77817.719    
  78551.039    
  79299.578    
  80065.789    
  80873.953    
  81742.281    
  82670.547    
  83638.711    
  84618.734    
  85202.156    
  85380.648    
  85565.758    
  85759.305    
  85962.930    
  86176.969    
  86436.703    
  86749.547    
  87077.469    
  87416.789    
  87763.320    
  88117.375    
  88605.078    
  89238.477    
  89906.672    
  90628.961    
  91406.500    
  92234.898    
  93116.047    
  94041.633    
  95012.891    
  96054.031    
  97162.164    
  98322.875    
  99264.531    
  99956.070    
  100675.01    
  101423.43    
  102197.05    
  102994.58    
  103715.21    
  104350.70    
  104989.31    
  105633.55    
  106285.35    
  106951.26    
  108103.37    
  109840.09    
  111772.58    
  113903.15    
  116232.77    
  118699.55    
  120594.84    
  121903.90    
  123269.00    
  124696.55    
  126192.62    
  127774.61    
  129451.73    
  131232.17    
  133115.64    
  135114.41    
  137256.58    
  139574.39    
  143468.09    
  149526.36    
  156469.02    
  165253.88    
  178078.44    
  197552.31    
  227356.59    
  292703.88    
  159797.06    
  133444.50    
  118035.64    
  107195.52    
  98083.820    
  89979.031    
  84191.844    
  79927.328    
  76294.242    
  73150.062    
  69347.695    
  65126.023    
  61381.668    
  56102.121    
  51266.859    
  46855.863    
  42761.504    
  38916.293    
  35270.844    
  31755.365    
  28340.205    
  25097.801    
  22006.611    
  18917.703    
  15740.392    
  12577.693    
  29804.416    
  6661.0269    
  32519.090    
  33988.328    
  44496.078    
  5454.4194    
  8669.1338    
  11876.296    
  14787.162    
  17486.309    
  20291.889    
  23198.633    
  26165.504    
  29156.586    
  31863.855    
  34301.461    
  36823.438    
  39410.176    
  42049.914    
  44776.285    
  47285.965    
  49569.125    
  51958.605    
  54458.441    
  57068.691    
  59796.180    
  62947.938    
  66590.781    
  70583.984    
  74873.438    
  79390.453    
  84383.914    
  91111.273    
  100622.91    
  113431.77    
  134686.72    
  210285.06    
  133845.25    
  110043.41    
  99599.781    
  91856.531    
  85690.180    
  80455.961    
  75788.695    
  71052.031    
  66491.477    
  62461.574    
  58654.664    
  55020.238    
  51650.488    
  48538.922    
  45536.934    
  42600.832    
  39766.645    
  36989.551    
  34229.223    
  31779.934    
  29608.051    
  27357.223    
  24982.857    
  22413.533    
  19515.434    
  17075.389    
  15544.983    
  17828.850    
  12530.371    
  11044.345    
  9573.4072    
  20585.053    
  6060.0200    
  4229.8315    
  2397.6858    
  547.14935    
  27788.404    
  26873.592    
  26009.689    
  7245.4365    
  9251.9941    
  11261.002    
  22778.398    
  15109.715    
  16701.154    
  18091.252    
  18958.969    
  19844.443    
  20748.582    
  21671.992    
  22615.645    
  23580.832    
  24569.344    
  25584.475    
  26630.066    
  27876.260    
  29348.889    
  30900.652    
  32548.281    
  34315.746    
  36227.883    
  38299.805    
  40550.312    
  43020.621    
  45731.469    
  48687.719    
  52042.082    
  55453.332    
  58830.402    
  62628.660    
  67195.898    
  73137.562    
  81115.461    
  93237.578    
  116553.91    
  276954.62    
  191280.84    
  170241.39    
  157751.34    
  148007.17    
  140048.03    
  133547.92    
  128255.94    
  123772.75    
  119764.23    
  116197.24    
  113014.54    
  110136.66    
  107545.32    
  105232.89    
  103116.03    
  101336.90    
  99867.180    
  98490.430    
  97210.047    
  96004.547    
  94848.922    
  93563.477    
  92158.617    
  90829.305    
  89575.930    
  88380.656    
  87268.484    
  86346.570    
  85565.562    
  11434.163    
  8933.7217    
  6024.0918    
  2383.5940    
  185.41852    
  11918.418    
  933.89160    
  1312.4540    
  1694.1156    
  2078.9417    
  2525.5037    
  3035.5701    
  3551.1116    
  4072.1968    
  4599.2246    
  5132.5044    
  5629.6245    
  6089.3560    
  6553.9268    
  7023.4404    
  7498.1509    
  7978.3789    
  8489.1162    
  9032.2432    
  9583.9014    
  10143.408    
  10709.924    
  11283.927    
  72382.453    
  70707.039    
  69123.633    
  67624.039    
  66188.609    
  64833.289    
  63647.441    
  62577.434    
  61532.652    
  60511.500    
  56697.926    
  55342.875    
SCALARS zbdotn float 1
LOOKUP_TABLE default
  0.0000000    
  0.0000000    
  0.0000000    
  0.0000000    
  0.0000000    
  0.0000000    
  0.0000000    
  0.0000000    
  0.0000000    
  0.0000000    
  0.0000000    
  0.0000000    
  0.0000000    
  0.0000000    
  0.0000000    
  0.0000000    
  0.0000000    
  0.0000000    
  0.0000000    
  0.0000000    
  0.0000000    
  0.0000000    
  0.0000000    
  0.0000000    
  0.0000000    
  0.0000000    
  0.0000000    
  0.0000000    
  0.0000000    
  0.0000000    
  0.0000000    
  0.0000000    
  0.0000000    
-0.12158111E-01
  0.0000000    
  0.0000000    
-0.60211718E-02
  0.0000000    
-0.15720725E-02
  0.0000000    
  0.0000000    
  0.0000000    
  0.0000000    
  0.0000000    
  0.0000000    
  0.0000000    
  0.0000000    
  0.0000000    
  0.0000000    
  0.0000000    
  0.0000000    
  0.0000000    
  0.0000000    
  0.0000000    
  0.0000000    
  0.0000000    
  0.0000000    
  0.0000000    
  0.0000000    
  0.0000000    
  0.0000000    
  0.0000000    
  0.0000000    
  0.0000000    
  0.0000000    
  0.0000000    
  0.0000000    
  0.0000000    
  0.0000000    
  0.0000000    
  0.0000000    
  0.0000000    
  0.0000000    
  0.0000000    
  0.0000000    
  0.0000000    
  0.0000000    
  0.0000000    
  0.0000000    
  0.0000000    
  0.0000000    
  0.0000000    
  0.0000000    
  0.0000000    
  0.0000000    
  0.0000000    
  0.0000000    
  0.0000000    
  0.0000000    
  0.0000000    
  0.0000000    
  0.0000000    
  0.0000000    
  0.0000000    
  0.0000000    
  0.0000000    
  0.0000000    
  0.0000000    
  0.0000000    
  0.0000000    
  0.0000000    
  0.0000000    
  0.0000000    
  0.0000000    
  0.0000000    
  0.0000000    
  0.0000000    
  0.0000000    
  0.0000000    
  0.0000000    
  0.0000000    
  0.0000000    
  0.0000000    
  0.0000000    
  0.0000000    
  0.0000000    
  0.0000000    
  0.0000000    
  0.0000000    
  0.0000000    
  0.0000000    
  0.0000000    
  0.0000000    
  0.0000000    
  0.0000000    
  0.0000000    
  0.0000000    
  0.0000000    
  0.0000000    
  0.0000000    
  0.0000000    
  0.0000000    
  0.0000000    
  0.0000000    
  0.0000000    
  0.0000000    
  0.0000000    
  0.0000000    
  0.0000000    
  0.0000000    
  0.0000000    
  0.0000000    
  0.0000000    
  0.0000000    
-0.22041142E-01
  0.0000000    
  0.0000000    
  0.0000000    
  0.0000000    
  0.0000000    
  0.0000000    
  0.0000000    
  0.0000000    
-0.11946738E-01
  0.0000000    
  0.0000000    
 0.25515974E-01
  0.0000000    
  0.0000000    
  0.0000000    
  0.0000000    
  0.0000000    
  0.0000000    
  0.0000000    
  0.0000000    
  0.0000000    
  0.0000000    
  0.0000000    
  0.0000000    
  0.0000000    
  0.0000000    
  0.0000000    
  0.0000000    
  0.0000000    
  0.0000000    
  0.0000000    
  0.0000000    
  0.0000000    
  0.0000000    
  0.0000000    
  0.0000000    
  0.0000000    
  0.0000000    
  0.0000000    
  0.0000000    
  0.0000000    
  0.0000000    
  0.0000000    
  0.0000000    
  0.0000000    
  0.0000000    
  0.0000000    
  0.0000000    
  0.0000000    
  0.0000000    
  0.0000000    
  0.0000000    
  0.0000000    
  0.0000000    
  0.0000000    
  0.0000000    
  0.0000000    
-0.69605196E-02
-0.16546676E-01
-0.26395075E-01
-0.37043210E-01
-0.48460782E-01
-0.60069654E-01
-0.71471639E-01
-0.82581170E-01
  0.0000000    
-0.43175977E-01
-0.53942561E-01
  0.0000000    
  0.0000000    
  0.0000000    
  0.0000000    
  0.0000000    
  0.0000000    
  0.0000000    
  0.0000000    
  0.0000000    
  0.0000000    
  0.0000000    
  0.0000000    
  0.0000000    
  0.0000000    
  0.0000000    
  0.0000000    
  0.0000000    
  0.0000000    
  0.0000000    
  0.0000000    
  0.0000000    
-0.20434409E-01
-0.31267375E-01
  0.0000000    
  0.0000000    
  0.0000000    
  0.0000000    
  0.0000000    
  0.0000000    
  0.0000000    
  0.0000000    
  0.0000000    
  0.0000000    
  0.0000000    
  0.0000000    
  0.0000000    
  0.0000000    
  0.0000000    
  0.0000000    
  0.0000000    
  0.0000000    
  0.0000000    
  0.0000000    
  0.0000000    
  0.0000000    
  0.0000000    
-0.45098960E-01
  0.0000000    
  0.0000000    
  0.0000000    
  0.0000000    
  0.0000000    
  0.0000000    
  0.0000000    
  0.0000000    
  0.0000000    
  0.0000000    
-0.53749740E-01
  0.0000000    
  0.0000000    
  0.0000000    
-0.63954920E-01
  0.0000000    
  0.0000000    
-0.12261391E-01
  0.0000000    
-0.18902123E-01
-0.22242427E-01
  0.0000000    
  0.0000000    
  0.0000000    
  0.0000000    
 0.30026734E-01
 0.28505445E-01
 0.26933432E-01
  0.0000000    
 0.23322821E-01
 0.21580815E-01
  0.0000000    
  0.0000000    
  0.0000000    
  0.0000000    
  0.0000000    
  0.0000000    
  0.0000000    
  0.0000000    
  0.0000000    
  0.0000000    
  0.0000000    
  0.0000000    
  0.0000000    
  0.0000000    
  0.0000000    
  0.0000000    
  0.0000000    
  0.0000000    
  0.0000000    
  0.0000000    
  0.0000000    
  0.0000000    
  0.0000000    
  0.0000000    
  0.0000000    
 0.22479144    
 0.22701108    
 0.29516706    
 0.29645324    
 0.29812059    
 0.29933083    
 0.29994953    
 0.30109438    
 0.35214594    
 0.35232434    
 0.35285458    
 0.35361892    
 0.35442603    
 0.35528699    
 0.39773178    
 0.39712799    
 0.39622185    
 0.39531937    
 0.39494300    
 0.39469022    
 0.42955738    
 0.42864937    
 0.42777160    
 0.42695862    
 0.42614400    
 0.42529657    
 0.42406389    
 0.42226949    
 0.42013472    
 0.41819993    
 0.41672996    
 0.41598749    
 0.45123160    
 0.44898564    
 0.44669569    
 0.44401905    
 0.44053417    
 0.43678287    
 0.45997143    
 0.45365855    
 0.44801590    
 0.44307822    
 0.43821451    
 0.43336982    
 0.45337403    
 0.45003670    
 0.44683737    
 0.44381434    
 0.44096506    
 0.43871063    
 0.43691361    
 0.43516999    
 0.43353188    
 0.43199790    
 0.43028313    
 0.42802891    
 0.44114426    
 0.43370748    
 0.42345247    
 0.41199705    
 0.40532005    
 0.40046218    
 0.40852836    
 0.40440786    
 0.39970738    
 0.39432597    
 0.38888797    
 0.38392261    
 0.37887841    
 0.37397051    
 0.36968693    
 0.36561030    
 0.36146030    
 0.35664248    
 0.35305312    
 0.34196049    
 0.33403537    
 0.32587883    
 0.31583655    
 0.30498469    
 0.28954789    
 0.27361378    
 0.25836739    
  0.0000000    
  0.0000000    
  0.0000000    
  0.0000000    
  0.0000000    
  0.0000000    
  0.0000000    
  0.0000000    
  0.0000000    
  0.0000000    
  0.0000000    
  0.0000000    
  0.0000000    
  0.0000000    
  0.0000000    
  0.0000000    
  0.0000000    
  0.0000000    
  0.0000000    
  0.0000000    
  0.0000000    
  0.0000000    
-0.28858048    
-0.29846394    
-0.30845091    
-0.31852424    
-0.32858294    
-0.36191303    
-0.37350538    
-0.38564575    
-0.39883408    
-0.41140848    
-0.42086101    
-0.40436947    
-0.40685165    
-0.41183931    
-0.41732746    
-0.42314070    
-0.43159768    
-0.38083011    
-0.38161767    
-0.38179037    
-0.38126171    
-0.38049406    
-0.38027650    
-0.38076979    
-0.38157231    
-0.38245615    
-0.38323879    
-0.38397795    
-0.38513637    
-0.31640387    
-0.31439057    
-0.31230637    
-0.31023920    
-0.30821905    
-0.30652368    
-0.30576953    
-0.30572343    
-0.30582425    
-0.20396093    
-0.19989881    
-0.19569571    
-0.19146580    
-0.18716240    
-0.18288997    
-0.17942640    
-0.17667635    
-0.17385891    
-0.17093199    
-0.16796993    
-0.16507313    
-0.10214667    
-0.93949959E-01
-0.86499423E-01
-0.79748370E-01
-0.73180735E-01
-0.66534869E-01
-0.56043964E-01
-0.49439874E-01
  0.0000000    
  0.0000000    
  0.0000000    
  0.0000000    
  0.0000000    
  0.0000000    
  0.0000000    
  0.0000000    
  0.0000000    
  0.0000000    
  0.0000000    
-0.96056685E-02
  0.0000000    
  0.0000000    
-0.42797029E-02
-0.27701333E-02
  0.0000000    
  0.0000000    
  0.0000000    
  0.0000000    
  0.0000000    
  0.0000000    
  0.0000000    
  0.0000000    
  0.0000000    
  0.0000000    
  0.0000000    
  0.0000000    
  0.0000000    
  0.0000000    
  0.0000000    
  0.0000000    
  0.0000000    
  0.0000000    
  0.0000000    
  0.0000000    
  0.0000000    
  0.0000000    
  0.0000000    
  0.0000000    
  0.0000000    
  0.0000000    
  0.0000000    
  0.0000000    
  0.0000000    
  0.0000000    
  0.0000000    
-0.25944933E-02
  0.0000000    
  0.0000000    
-0.94411746E-02
-0.10268711E-01
-0.11994518E-01
-0.13849296E-01
-0.16790420E-01
  0.0000000    
  0.0000000    
-0.29393137E-01
-0.41118264E-01
-0.47347642E-01
-0.52727222E-01
-0.58056191E-01
-0.65138623E-01
-0.71501501E-01
-0.68356700E-01
-0.70846364E-01
-0.73210925E-01
-0.75656995E-01
-0.78148693E-01
-0.80979563E-01
-0.84038906E-01
-0.87254740E-01
-0.90435885E-01
-0.93518667E-01
-0.96534267E-01
-0.99564999E-01
-0.10529700    
-0.11289445    
-0.12044206    
-0.12795004    
-0.13512270    
-0.14192875    
-0.23182187E-01
-0.30388216E-01
-0.36925390E-01
-0.42296492E-01
-0.47316898E-01
-0.52234057E-01
-0.57389662E-01
-0.64411268E-01
-0.73151328E-01
-0.82296446E-01
-0.89993536E-01
-0.96443944E-01
-0.10359532    
-0.11279817    
-0.12289770    
-0.13134126    
-0.14013506    
-0.14568265    
-0.14668378    
-0.15126939    
-0.16014741    
-0.16852427    
-0.17439525    
-0.17829154    
-0.18275920    
-0.19077288    
-0.20242490    
-0.21299225    
-0.21706566    
-0.21604192    
-0.21563807    
-0.22025257    
-0.22881903    
-0.23754919    
-0.24362600    
-0.24760103    
-0.25137925    
-0.25467500    
-0.25797284    
-0.26093024    
-0.26119107    
-0.25864893    
-0.25774699    
-0.26158348    
-0.26843381    
-0.27373257    
-0.27479950    
-0.27320024    
-0.14143345    
-0.14297611    
-0.14517662    
-0.14770769    
-0.15052362    
-0.15350619    
-0.15691717    
-0.16007254    
-0.16165236    
-0.16221951    
-0.16243592    
-0.16288066    
-0.15956819    
-0.16127741    
-0.16407421    
-0.16685244    
-0.16953152    
-0.17265810    
-0.17777634    
-0.17705181    
-0.17719145    
-0.17837813    
-0.17810726    
-0.17675173    
-0.17318033    
-0.17366254    
-0.17437083    
-0.17439950    
-0.17393485    
-0.17356053    
-0.17306736    
-0.17231454    
-0.17154634    
-0.17105317    
-0.17088760    
-0.17093539    
-0.17286281    
-0.17117345    
-0.16869484    
-0.16673493    
-0.16459297    
-0.16105752    
-0.15616447    
-0.15494245    
-0.15392227    
-0.15318789    
-0.15259132    
-0.15167242    
-0.15033977    
-0.14874503    
-0.14714177    
-0.14551792    
-0.14384940    
-0.14218950    
-0.14156529    
-0.13799000    
-0.13409197    
-0.13026917    
-0.12675908    
-0.12310982    
-0.11851788    
-0.11642572    
  0.0000000    
  0.0000000    
  0.0000000    
  0.0000000    
  0.0000000    
  0.0000000    
  0.0000000    
  0.0000000    
  0.0000000    
  0.0000000    
  0.0000000    
  0.0000000    
  0.0000000    
  0.0000000    
  0.0000000    
  0.0000000    
  0.0000000    
  0.0000000    
  0.0000000    
  0.0000000    
  0.0000000    
  0.0000000    
  0.0000000    
  0.0000000    
  0.0000000    
  0.0000000    
-0.16621115E-01
  0.0000000    
-0.59142783E-02
-0.11903271E-02
 0.39555393E-02
  0.0000000    
  0.0000000    
  0.0000000    
  0.0000000    
  0.0000000    
  0.0000000    
  0.0000000    
  0.0000000    
  0.0000000    
  0.0000000    
  0.0000000    
  0.0000000    
  0.0000000    
  0.0000000    
  0.0000000    
  0.0000000    
  0.0000000    
  0.0000000    
  0.0000000    
  0.0000000    
  0.0000000    
  0.0000000    
  0.0000000    
  0.0000000    
  0.0000000    
  0.0000000    
  0.0000000    
  0.0000000    
  0.0000000    
  0.0000000    
  0.0000000    
  0.0000000    
  0.0000000    
  0.0000000    
  0.0000000    
  0.0000000    
  0.0000000    
  0.0000000    
  0.0000000    
  0.0000000    
  0.0000000    
  0.0000000    
  0.0000000    
  0.0000000    
  0.0000000    
  0.0000000    
  0.0000000    
  0.0000000    
  0.0000000    
  0.0000000    
  0.0000000    
  0.0000000    
  0.0000000    
  0.0000000    
  0.0000000    
  0.0000000    
  0.0000000    
  0.0000000    
  0.0000000    
 0.42828843E-01
  0.0000000    
  0.0000000    
  0.0000000    
 0.23934580E-01
  0.0000000    
  0.0000000    
  0.0000000    
  0.0000000    
-0.46010092E-02
-0.11035651E-01
-0.17244324E-01
  0.0000000    
  0.0000000    
  0.0000000    
-0.40065158E-01
  0.0000000    
  0.0000000    
  0.0000000    
  0.0000000    
  0.0000000    
  0.0000000    
  0.0000000    
  0.0000000    
  0.0000000    
  0.0000000    
  0.0000000    
  0.0000000    
  0.0000000    
  0.0000000    
  0.0000000    
  0.0000000    
  0.0000000    
  0.0000000    
  0.0000000    
  0.0000000    
  0.0000000    
  0.0000000    
  0.0000000    
  0.0000000    
  0.0000000    
  0.0000000    
  0.0000000    
  0.0000000    
  0.0000000    
  0.0000000    
  0.0000000    
  0.0000000    
-0.19321088    
-0.19661187    
-0.20004636    
-0.20349555    
-0.20731834    
-0.21192457    
-0.21718439    
-0.22240375    
-0.22705236    
-0.23145041    
-0.23546267    
-0.24002995    
-0.24447235    
-0.24874499    
-0.25297070    
-0.25727347    
-0.26110563    
-0.26439726    
-0.26766884    
-0.27095574    
-0.27424905    
-0.27740499    
-0.28125715    
-0.28496507    
-0.28869629    
-0.29244754    
-0.29619634    
-0.29988688    
-0.30305550    
-0.30569339    
  0.0000000    
  0.0000000    
  0.0000000    
  0.0000000    
  0.0000000    
  0.0000000    
  0.0000000    
  0.0000000    
  0.0000000    
  0.0000000    
  0.0000000    
  0.0000000    
  0.0000000    
  0.0000000    
  0.0000000    
  0.0000000    
  0.0000000    
  0.0000000    
  0.0000000    
  0.0000000    
  0.0000000    
  0.0000000    
  0.0000000    
  0.0000000    
  0.0000000    
  0.0000000    
  0.0000000    
  0.0000000    
-0.23493806    
-0.23441134    
-0.23398736    
-0.23350154    
-0.23304874    
-0.23280387    
-0.12252549    
-0.11762440    
-0.11276575    
-0.10809015    
  0.0000000    
  0.0000000    
VECTORS bfield float
  0.0000000       0.0000000       0.0000000    
  0.0000000       0.0000000       0.0000000    
  0.0000000       0.0000000       0.0000000    
  0.0000000       0.0000000       0.0000000    
  0.0000000       0.0000000       0.0000000    
  0.0000000       0.0000000       0.0000000    
  0.0000000       0.0000000       0.0000000    
  0.0000000       0.0000000       0.0000000    
  0.0000000       0.0000000       0.0000000    
  0.0000000       0.0000000       0.0000000    
  0.0000000       0.0000000       0.0000000    
  0.0000000       0.0000000       0.0000000    
  0.0000000       0.0000000       0.0000000    
  0.0000000       0.0000000       0.0000000    
  0.0000000       0.0000000       0.0000000    
  0.0000000       0.0000000       0.0000000    
  0.0000000       0.0000000       0.0000000    
  0.0000000       0.0000000       0.0000000    
  0.0000000       0.0000000       0.0000000    
  0.0000000       0.0000000       0.0000000    
  0.0000000       0.0000000       0.0000000    
  0.0000000       0.0000000       0.0000000    
  0.0000000       0.0000000       0.0000000    
  0.0000000       0.0000000       0.0000000    
  0.0000000       0.0000000       0.0000000    
  0.0000000       0.0000000       0.0000000    
  0.0000000       0.0000000       0.0000000    
  0.0000000       0.0000000       0.0000000    
  0.0000000       0.0000000       0.0000000    
  0.0000000       0.0000000       0.0000000    
  0.0000000       0.0000000       0.0000000    
  0.0000000       0.0000000       0.0000000    
  0.0000000       0.0000000       0.0000000    
-0.21472400       4.6449642     -0.31477386    
  0.0000000       0.0000000       0.0000000    
  0.0000000       0.0000000       0.0000000    
-0.22341348       4.6202002     -0.31809068    
  0.0000000       0.0000000       0.0000000    
-0.23301789       4.5923281     -0.32376081    
  0.0000000       0.0000000       0.0000000    
  0.0000000       0.0000000       0.0000000    
  0.0000000       0.0000000       0.0000000    
  0.0000000       0.0000000       0.0000000    
  0.0000000       0.0000000       0.0000000    
  0.0000000       0.0000000       0.0000000    
  0.0000000       0.0000000       0.0000000    
  0.0000000       0.0000000       0.0000000    
  0.0000000       0.0000000       0.0000000    
  0.0000000       0.0000000       0.0000000    
  0.0000000       0.0000000       0.0000000    
  0.0000000       0.0000000       0.0000000    
  0.0000000       0.0000000       0.0000000    
  0.0000000       0.0000000       0.0000000    
  0.0000000       0.0000000       0.0000000    
  0.0000000       0.0000000       0.0000000    
  0.0000000       0.0000000       0.0000000    
  0.0000000       0.0000000       0.0000000    
  0.0000000       0.0000000       0.0000000    
  0.0000000       0.0000000       0.0000000    
  0.0000000       0.0000000       0.0000000    
  0.0000000       0.0000000       0.0000000    
  0.0000000       0.0000000       0.0000000    
  0.0000000       0.0000000       0.0000000    
  0.0000000       0.0000000       0.0000000    
  0.0000000       0.0000000       0.0000000    
  0.0000000       0.0000000       0.0000000    
  0.0000000       0.0000000       0.0000000    
  0.0000000       0.0000000       0.0000000    
  0.0000000       0.0000000       0.0000000    
  0.0000000       0.0000000       0.0000000    
  0.0000000       0.0000000       0.0000000    
  0.0000000       0.0000000       0.0000000    
  0.0000000       0.0000000       0.0000000    
  0.0000000       0.0000000       0.0000000    
  0.0000000       0.0000000       0.0000000    
  0.0000000       0.0000000       0.0000000    
  0.0000000       0.0000000       0.0000000    
  0.0000000       0.0000000       0.0000000    
  0.0000000       0.0000000       0.0000000    
  0.0000000       0.0000000       0.0000000    
  0.0000000       0.0000000       0.0000000    
  0.0000000       0.0000000       0.0000000    
  0.0000000       0.0000000       0.0000000    
  0.0000000       0.0000000       0.0000000    
  0.0000000       0.0000000       0.0000000    
  0.0000000       0.0000000       0.0000000    
  0.0000000       0.0000000       0.0000000    
  0.0000000       0.0000000       0.0000000    
  0.0000000       0.0000000       0.0000000    
  0.0000000       0.0000000       0.0000000    
  0.0000000       0.0000000       0.0000000    
  0.0000000       0.0000000       0.0000000    
  0.0000000       0.0000000       0.0000000    
  0.0000000       0.0000000       0.0000000    
  0.0000000       0.0000000       0.0000000    
  0.0000000       0.0000000       0.0000000    
  0.0000000       0.0000000       0.0000000    
  0.0000000       0.0000000       0.0000000    
  0.0000000       0.0000000       0.0000000    
  0.0000000       0.0000000       0.0000000    
  0.0000000       0.0000000       0.0000000    
  0.0000000       0.0000000       0.0000000    
  0.0000000       0.0000000       0.0000000    
  0.0000000       0.0000000       0.0000000    
  0.0000000       0.0000000       0.0000000    
  0.0000000       0.0000000       0.0000000    
  0.0000000       0.0000000       0.0000000    
  0.0000000       0.0000000       0.0000000    
  0.0000000       0.0000000       0.0000000    
  0.0000000       0.0000000       0.0000000    
  0.0000000       0.0000000       0.0000000    
  0.0000000       0.0000000       0.0000000    
  0.0000000       0.0000000       0.0000000    
  0.0000000       0.0000000       0.0000000    
  0.0000000       0.0000000       0.0000000    
  0.0000000       0.0000000       0.0000000    
  0.0000000       0.0000000       0.0000000    
  0.0000000       0.0000000       0.0000000    
  0.0000000       0.0000000       0.0000000    
  0.0000000       0.0000000       0.0000000    
  0.0000000       0.0000000       0.0000000    
  0.0000000       0.0000000       0.0000000    
  0.0000000       0.0000000       0.0000000    
  0.0000000       0.0000000       0.0000000    
  0.0000000       0.0000000       0.0000000    
  0.0000000       0.0000000       0.0000000    
  0.0000000       0.0000000       0.0000000    
  0.0000000       0.0000000       0.0000000    
  0.0000000       0.0000000       0.0000000    
  0.0000000       0.0000000       0.0000000    
  0.0000000       0.0000000       0.0000000    
  0.0000000       0.0000000       0.0000000    
  0.0000000       0.0000000       0.0000000    
  0.0000000       0.0000000       0.0000000    
  0.0000000       0.0000000       0.0000000    
  0.0000000       0.0000000       0.0000000    
  0.0000000       0.0000000       0.0000000    
  0.0000000       0.0000000       0.0000000    
  0.0000000       0.0000000       0.0000000    
  0.0000000       0.0000000       0.0000000    
  0.0000000       0.0000000       0.0000000    
  0.0000000       0.0000000       0.0000000    
  0.0000000       0.0000000       0.0000000    
  0.0000000       0.0000000       0.0000000    
-0.29650253       3.7391913     -0.74311376    
  0.0000000       0.0000000       0.0000000    
  0.0000000       0.0000000       0.0000000    
  0.0000000       0.0000000       0.0000000    
  0.0000000       0.0000000       0.0000000    
  0.0000000       0.0000000       0.0000000    
  0.0000000       0.0000000       0.0000000    
  0.0000000       0.0000000       0.0000000    
  0.0000000       0.0000000       0.0000000    
-0.26827368       3.7059770     -0.77278662    
  0.0000000       0.0000000       0.0000000    
  0.0000000       0.0000000       0.0000000    
-0.25249791       3.6907945     -0.78658402    
  0.0000000       0.0000000       0.0000000    
  0.0000000       0.0000000       0.0000000    
  0.0000000       0.0000000       0.0000000    
  0.0000000       0.0000000       0.0000000    
  0.0000000       0.0000000       0.0000000    
  0.0000000       0.0000000       0.0000000    
  0.0000000       0.0000000       0.0000000    
  0.0000000       0.0000000       0.0000000    
  0.0000000       0.0000000       0.0000000    
  0.0000000       0.0000000       0.0000000    
  0.0000000       0.0000000       0.0000000    
  0.0000000       0.0000000       0.0000000    
  0.0000000       0.0000000       0.0000000    
  0.0000000       0.0000000       0.0000000    
  0.0000000       0.0000000       0.0000000    
  0.0000000       0.0000000       0.0000000    
  0.0000000       0.0000000       0.0000000    
  0.0000000       0.0000000       0.0000000    
  0.0000000       0.0000000       0.0000000    
  0.0000000       0.0000000       0.0000000    
  0.0000000       0.0000000       0.0000000    
  0.0000000       0.0000000       0.0000000    
  0.0000000       0.0000000       0.0000000    
  0.0000000       0.0000000       0.0000000    
  0.0000000       0.0000000       0.0000000    
  0.0000000       0.0000000       0.0000000    
  0.0000000       0.0000000       0.0000000    
  0.0000000       0.0000000       0.0000000    
  0.0000000       0.0000000       0.0000000    
  0.0000000       0.0000000       0.0000000    
  0.0000000       0.0000000       0.0000000    
  0.0000000       0.0000000       0.0000000    
  0.0000000       0.0000000       0.0000000    
  0.0000000       0.0000000       0.0000000    
  0.0000000       0.0000000       0.0000000    
  0.0000000       0.0000000       0.0000000    
  0.0000000       0.0000000       0.0000000    
  0.0000000       0.0000000       0.0000000    
  0.0000000       0.0000000       0.0000000    
  0.0000000       0.0000000       0.0000000    
  0.0000000       0.0000000       0.0000000    
  0.0000000       0.0000000       0.0000000    
  0.0000000       0.0000000       0.0000000    
  0.0000000       0.0000000       0.0000000    
  0.0000000       0.0000000       0.0000000    
 0.69605196E-02   3.6391308     -0.91304755    
 0.16546676E-01   3.6391275     -0.91514498    
 0.26395075E-01   3.6391225     -0.91709179    
 0.37043210E-01   3.6391129     -0.91876864    
 0.48460782E-01   3.6391008     -0.92019558    
 0.60069654E-01   3.6390886     -0.92151642    
 0.71471639E-01   3.6390748     -0.92310476    
 0.82581170E-01   3.6390550     -0.92475247    
  0.0000000       0.0000000       0.0000000    
 0.10451882       3.6405449     -0.92801166    
 0.11544673       3.6415472     -0.92982751    
  0.0000000       0.0000000       0.0000000    
  0.0000000       0.0000000       0.0000000    
  0.0000000       0.0000000       0.0000000    
  0.0000000       0.0000000       0.0000000    
  0.0000000       0.0000000       0.0000000    
  0.0000000       0.0000000       0.0000000    
  0.0000000       0.0000000       0.0000000    
  0.0000000       0.0000000       0.0000000    
  0.0000000       0.0000000       0.0000000    
  0.0000000       0.0000000       0.0000000    
  0.0000000       0.0000000       0.0000000    
  0.0000000       0.0000000       0.0000000    
  0.0000000       0.0000000       0.0000000    
  0.0000000       0.0000000       0.0000000    
  0.0000000       0.0000000       0.0000000    
  0.0000000       0.0000000       0.0000000    
  0.0000000       0.0000000       0.0000000    
  0.0000000       0.0000000       0.0000000    
  0.0000000       0.0000000       0.0000000    
  0.0000000       0.0000000       0.0000000    
  0.0000000       0.0000000       0.0000000    
 0.30409130       3.6862819     -0.95246446    
 0.31590652       3.6907952     -0.95406920    
  0.0000000       0.0000000       0.0000000    
  0.0000000       0.0000000       0.0000000    
  0.0000000       0.0000000       0.0000000    
  0.0000000       0.0000000       0.0000000    
  0.0000000       0.0000000       0.0000000    
  0.0000000       0.0000000       0.0000000    
  0.0000000       0.0000000       0.0000000    
  0.0000000       0.0000000       0.0000000    
  0.0000000       0.0000000       0.0000000    
  0.0000000       0.0000000       0.0000000    
  0.0000000       0.0000000       0.0000000    
  0.0000000       0.0000000       0.0000000    
  0.0000000       0.0000000       0.0000000    
  0.0000000       0.0000000       0.0000000    
  0.0000000       0.0000000       0.0000000    
  0.0000000       0.0000000       0.0000000    
  0.0000000       0.0000000       0.0000000    
  0.0000000       0.0000000       0.0000000    
  0.0000000       0.0000000       0.0000000    
  0.0000000       0.0000000       0.0000000    
  0.0000000       0.0000000       0.0000000    
  0.0000000       0.0000000       0.0000000    
  0.0000000       0.0000000       0.0000000    
 0.52001476       3.7919393     -0.98277605    
  0.0000000       0.0000000       0.0000000    
  0.0000000       0.0000000       0.0000000    
  0.0000000       0.0000000       0.0000000    
  0.0000000       0.0000000       0.0000000    
  0.0000000       0.0000000       0.0000000    
  0.0000000       0.0000000       0.0000000    
  0.0000000       0.0000000       0.0000000    
  0.0000000       0.0000000       0.0000000    
  0.0000000       0.0000000       0.0000000    
  0.0000000       0.0000000       0.0000000    
 0.60061926       3.8543880     -0.99778956    
  0.0000000       0.0000000       0.0000000    
  0.0000000       0.0000000       0.0000000    
  0.0000000       0.0000000       0.0000000    
 0.61540747       3.8688216      -1.0037786    
  0.0000000       0.0000000       0.0000000    
  0.0000000       0.0000000       0.0000000    
 0.63028777       3.8879819      -1.0110929    
  0.0000000       0.0000000       0.0000000    
 0.64159149       3.9064183      -1.0168841    
 0.64677238       3.9157007      -1.0189683    
  0.0000000       0.0000000       0.0000000    
  0.0000000       0.0000000       0.0000000    
  0.0000000       0.0000000       0.0000000    
  0.0000000       0.0000000       0.0000000    
 0.66334498       3.9453013      -1.0233724    
 0.66564107       3.9497805      -1.0239701    
 0.66795576       3.9542701      -1.0246354    
  0.0000000       0.0000000       0.0000000    
 0.67348683       3.9653125      -1.0263271    
 0.67627096       3.9711957      -1.0273023    
  0.0000000       0.0000000       0.0000000    
  0.0000000       0.0000000       0.0000000    
  0.0000000       0.0000000       0.0000000    
  0.0000000       0.0000000       0.0000000    
  0.0000000       0.0000000       0.0000000    
  0.0000000       0.0000000       0.0000000    
  0.0000000       0.0000000       0.0000000    
  0.0000000       0.0000000       0.0000000    
  0.0000000       0.0000000       0.0000000    
  0.0000000       0.0000000       0.0000000    
  0.0000000       0.0000000       0.0000000    
  0.0000000       0.0000000       0.0000000    
  0.0000000       0.0000000       0.0000000    
  0.0000000       0.0000000       0.0000000    
  0.0000000       0.0000000       0.0000000    
  0.0000000       0.0000000       0.0000000    
  0.0000000       0.0000000       0.0000000    
  0.0000000       0.0000000       0.0000000    
  0.0000000       0.0000000       0.0000000    
  0.0000000       0.0000000       0.0000000    
  0.0000000       0.0000000       0.0000000    
  0.0000000       0.0000000       0.0000000    
  0.0000000       0.0000000       0.0000000    
  0.0000000       0.0000000       0.0000000    
  0.0000000       0.0000000       0.0000000    
 0.66630119       4.2009726      -1.0354844    
 0.66136515       4.2152281      -1.0334673    
 0.65615267       4.2299995      -1.0308774    
 0.65062320       4.2452931      -1.0274289    
 0.64417017       4.2606978      -1.0235844    
 0.63775754       4.2762146      -1.0191276    
 0.63175964       4.2918434      -1.0143116    
 0.62522155       4.3075886      -1.0096766    
 0.61777890       4.3237410      -1.0038900    
 0.60999256       4.3403068     -0.99735546    
 0.60199642       4.3569989     -0.99111259    
 0.59388709       4.3738184     -0.98504740    
 0.58546734       4.3907666     -0.97882128    
 0.57631052       4.4078474     -0.97197372    
 0.56707704       4.4253273     -0.96443880    
 0.55788720       4.4432125     -0.95623899    
 0.54833889       4.4612408     -0.94745445    
 0.53870165       4.4794159     -0.93857127    
 0.52851295       4.4977417     -0.92991465    
 0.51781750       4.5162153     -0.92102170    
 0.51030475       4.5296803     -0.91422021    
 0.50587833       4.5380812     -0.90980077    
 0.50126779       4.5465145     -0.90528214    
 0.49645185       4.5549822     -0.90067101    
 0.49150255       4.5634828     -0.89600009    
 0.48654014       4.5720148     -0.89125776    
 0.48101211       4.5818653     -0.88560855    
 0.47507763       4.5930433     -0.87894928    
 0.46936011       4.6042724     -0.87209570    
 0.46350914       4.6155567     -0.86528593    
 0.45714283       4.6269002     -0.85876256    
 0.45015496       4.6383033     -0.85262430    
 0.43992826       4.6544957     -0.84384465    
 0.42623296       4.6755376     -0.83183700    
 0.41210574       4.6967645     -0.81950384    
 0.39924815       4.7181811     -0.80752325    
 0.38853028       4.7397938     -0.79604876    
 0.37843335       4.7616053     -0.78466344    
 0.36654329       4.7838798     -0.77092946    
 0.35307691       4.8066263     -0.75508451    
 0.33971837       4.8295927     -0.74009854    
 0.32605129       4.8527808     -0.72574770    
 0.31181064       4.8761840     -0.71113706    
 0.29749328       4.8998046     -0.69648236    
 0.28694895       4.9177246     -0.68533176    
 0.28022283       4.9298611     -0.67765784    
 0.27346227       4.9420571     -0.67013574    
 0.26651812       4.9543180     -0.66266328    
 0.25923175       4.9666429     -0.65525520    
 0.25144836       4.9790268     -0.64822507    
 0.24317375       4.9916449     -0.64143181    
 0.23467021       5.0045013     -0.63458937    
 0.22607931       5.0174241     -0.62780857    
 0.21738699       5.0304136     -0.62108970    
 0.20876598       5.0434704     -0.61418509    
 0.20044038       5.0565958     -0.60686469    
 0.18896592       5.0765047     -0.59490979    
 0.17409457       5.1033025     -0.57882541    
 0.15910265       5.1303768     -0.55949962    
 0.14398827       5.1577258     -0.53875822    
 0.12901482       5.1853652     -0.52346897    
 0.11356629       5.2133055     -0.50998640    
 0.10142577       5.2338157     -0.49836248    
 0.93300134E-01   5.2467766     -0.49000967    
 0.84942982E-01   5.2598000     -0.48092103    
 0.76446891E-01   5.2728863     -0.47100368    
 0.69101758E-01   5.2860365     -0.46156788    
 0.63247591E-01   5.2992520     -0.45335072    
 0.56300759E-01   5.3141251     -0.44454491    
 0.46854675E-01   5.3306746     -0.43470025    
 0.36318973E-01   5.3473263     -0.42505282    
 0.25562873E-01   5.3640828     -0.41552562    
 0.14750280E-01   5.3809433     -0.40589067    
 0.43913629E-02   5.3979077     -0.39573050    
-0.86343987E-02   5.4221563     -0.37994623    
-0.25959428E-01   5.4538212     -0.36053336    
-0.44893421E-01   5.4858541     -0.34387273    
-0.63839950E-01   5.5182629     -0.32695767    
-0.82785375E-01   5.5510535     -0.30799383    
-0.10069329       5.5842314     -0.28859168    
-0.11547661       5.6172543     -0.26891229    
-0.12924659       5.6501179     -0.24876699    
-0.14606786       5.6833653     -0.22852194    
  0.0000000       0.0000000       0.0000000    
  0.0000000       0.0000000       0.0000000    
  0.0000000       0.0000000       0.0000000    
  0.0000000       0.0000000       0.0000000    
  0.0000000       0.0000000       0.0000000    
  0.0000000       0.0000000       0.0000000    
  0.0000000       0.0000000       0.0000000    
  0.0000000       0.0000000       0.0000000    
  0.0000000       0.0000000       0.0000000    
  0.0000000       0.0000000       0.0000000    
  0.0000000       0.0000000       0.0000000    
  0.0000000       0.0000000       0.0000000    
  0.0000000       0.0000000       0.0000000    
  0.0000000       0.0000000       0.0000000    
  0.0000000       0.0000000       0.0000000    
  0.0000000       0.0000000       0.0000000    
  0.0000000       0.0000000       0.0000000    
  0.0000000       0.0000000       0.0000000    
  0.0000000       0.0000000       0.0000000    
  0.0000000       0.0000000       0.0000000    
  0.0000000       0.0000000       0.0000000    
  0.0000000       0.0000000       0.0000000    
-0.27073416       6.3948884      0.18755554    
-0.27033636       6.4170494      0.19879219    
-0.27007705       6.4393659      0.21008247    
-0.26988435       6.4618392      0.22143054    
-0.26970547       6.4844699      0.23275675    
-0.26721981       6.5130930      0.24799073    
-0.26237226       6.5478129      0.26727423    
-0.25851658       6.5829043      0.28643614    
-0.25654843       6.6183739      0.30537403    
-0.25447986       6.6542263      0.32359311    
-0.24936801       6.6904659      0.34029680    
-0.24099661       6.7228589      0.35620052    
-0.23215435       6.7513289      0.37259078    
-0.22564323       6.7800422      0.39002848    
-0.21931200       6.8089995      0.40807623    
-0.21342158       6.8382053      0.42606694    
-0.21000314       6.8676648      0.44515410    
-0.20671494       6.8890371      0.46059442    
-0.20281255       6.9022236      0.47090650    
-0.19847362       6.9154611      0.48071647    
-0.19378999       6.9287491      0.48959967    
-0.18910298       6.9420896      0.49790090    
-0.18466464       6.9554806      0.50699615    
-0.18053916       6.9689221      0.51710844    
-0.17651840       6.9824162      0.52771020    
-0.17248759       6.9959631      0.53854996    
-0.16833746       7.0095625      0.54940605    
-0.16412936       7.0232172      0.56026095    
-0.16032346       7.0369282      0.57126939    
-0.15600933       7.0485148      0.58206040    
-0.15077978       7.0579610      0.59252828    
-0.14548449       7.0674300      0.60295737    
-0.14022419       7.0769243      0.61332011    
-0.13503216       7.0864434      0.62364060    
-0.13014680       7.0959892      0.63399351    
-0.12450181       7.1103692      0.65025115    
-0.11781745       7.1296225      0.67241204    
-0.11122901       7.1489773      0.69478744    
-0.10508987       7.1613712      0.71248221    
-0.99141657E-01   7.1667604      0.72558713    
-0.92989311E-01   7.1721621      0.73905587    
-0.86790703E-01   7.1775727      0.75258315    
-0.80541261E-01   7.1829910      0.76609880    
-0.74327119E-01   7.1884174      0.77958918    
-0.69146648E-01   7.1932201      0.79133391    
-0.64931892E-01   7.1974015      0.80148232    
-0.60621116E-01   7.2015915      0.81195205    
-0.56123421E-01   7.2057900      0.82272911    
-0.51614709E-01   7.2099938      0.83352137    
-0.47159877E-01   7.2142019      0.84423906    
-0.39957508E-01   7.2183824      0.85954487    
-0.30301334E-01   7.2225332      0.87934124    
-0.21401651E-01   7.2266903      0.89900488    
-0.13192413E-01   7.2308583      0.91895449    
-0.51303245E-02   7.2350330      0.93916023    
 0.29962268E-02   7.2392125      0.95929617    
 0.11586774E-01   7.2433004      0.97944081    
 0.19667979E-01   7.2472963       1.0002650    
  0.0000000       0.0000000       0.0000000    
  0.0000000       0.0000000       0.0000000    
  0.0000000       0.0000000       0.0000000    
  0.0000000       0.0000000       0.0000000    
  0.0000000       0.0000000       0.0000000    
  0.0000000       0.0000000       0.0000000    
  0.0000000       0.0000000       0.0000000    
  0.0000000       0.0000000       0.0000000    
  0.0000000       0.0000000       0.0000000    
  0.0000000       0.0000000       0.0000000    
  0.0000000       0.0000000       0.0000000    
 0.71230747E-01   7.2804461       1.1725891    
  0.0000000       0.0000000       0.0000000    
  0.0000000       0.0000000       0.0000000    
 0.78724183E-01   7.2865119       1.2038376    
 0.80973908E-01   7.2885389       1.2144945    
  0.0000000       0.0000000       0.0000000    
  0.0000000       0.0000000       0.0000000    
  0.0000000       0.0000000       0.0000000    
  0.0000000       0.0000000       0.0000000    
  0.0000000       0.0000000       0.0000000    
  0.0000000       0.0000000       0.0000000    
  0.0000000       0.0000000       0.0000000    
  0.0000000       0.0000000       0.0000000    
  0.0000000       0.0000000       0.0000000    
  0.0000000       0.0000000       0.0000000    
  0.0000000       0.0000000       0.0000000    
  0.0000000       0.0000000       0.0000000    
  0.0000000       0.0000000       0.0000000    
  0.0000000       0.0000000       0.0000000    
  0.0000000       0.0000000       0.0000000    
  0.0000000       0.0000000       0.0000000    
  0.0000000       0.0000000       0.0000000    
  0.0000000       0.0000000       0.0000000    
  0.0000000       0.0000000       0.0000000    
  0.0000000       0.0000000       0.0000000    
  0.0000000       0.0000000       0.0000000    
  0.0000000       0.0000000       0.0000000    
  0.0000000       0.0000000       0.0000000    
  0.0000000       0.0000000       0.0000000    
  0.0000000       0.0000000       0.0000000    
  0.0000000       0.0000000       0.0000000    
  0.0000000       0.0000000       0.0000000    
  0.0000000       0.0000000       0.0000000    
  0.0000000       0.0000000       0.0000000    
  0.0000000       0.0000000       0.0000000    
  0.0000000       0.0000000       0.0000000    
 0.10931605       7.3801212       1.6229398    
  0.0000000       0.0000000       0.0000000    
  0.0000000       0.0000000       0.0000000    
 0.10392834       7.3863559       1.6443658    
 0.10354306       7.3884344       1.6502910    
 0.10285713       7.3915572       1.6599426    
 0.10190007       7.3957272       1.6732147    
 0.99815592E-01   7.3999000       1.6857045    
  0.0000000       0.0000000       0.0000000    
  0.0000000       0.0000000       0.0000000    
 0.89525655E-01   7.4124379       1.7195630    
 0.84524520E-01   7.4167304       1.7305789    
 0.79076685E-01   7.4211287       1.7415560    
 0.74396655E-01   7.4255295       1.7513783    
 0.69699086E-01   7.4299374       1.7605104    
 0.63273266E-01   7.4343514       1.7695541    
 0.57429764E-01   7.4387655       1.7769327    
 0.54305613E-01   7.4420619       1.7813734    
 0.52094255E-01   7.4442439       1.7844895    
 0.49869202E-01   7.4464269       1.7876089    
 0.47667760E-01   7.4486108       1.7907277    
 0.45357928E-01   7.4507971       1.7939559    
 0.42768102E-01   7.4529853       1.7970428    
 0.39870113E-01   7.4550958       1.7994810    
 0.36776289E-01   7.4571285       1.8013608    
 0.33676308E-01   7.4591618       1.8032126    
 0.30727956E-01   7.4611959       1.8052497    
 0.27893040E-01   7.4632320       1.8074265    
 0.25001882E-01   7.4652696       1.8095639    
 0.19859513E-01   7.4684033       1.8120656    
 0.12443431E-01   7.4726357       1.8149441    
 0.50147511E-02   7.4768715       1.8174535    
-0.23432560E-02   7.4811106       1.8193548    
-0.94777895E-02   7.4853530       1.8204143    
-0.16247362E-01   7.4895992       1.8209113    
-0.23182187E-01   7.4917231       1.8217349    
-0.30388216E-01   7.4917173       1.8225300    
-0.36925390E-01   7.4917068       1.8209291    
-0.42296492E-01   7.4916945       1.8167596    
-0.47316898E-01   7.4916854       1.8131930    
-0.52234057E-01   7.4916787       1.8106763    
-0.57389662E-01   7.4916687       1.8076613    
-0.64411268E-01   7.4916515       1.8036509    
-0.73151328E-01   7.4916320       1.8002779    
-0.82296446E-01   7.4916134       1.7980846    
-0.89993536E-01   7.4915919       1.7922447    
-0.96443944E-01   7.4915686       1.7837312    
-0.10359532       7.4915466       1.7766329    
-0.11279817       7.4915218       1.7692926    
-0.12289770       7.4914927       1.7612839    
-0.13134126       7.4914637       1.7533472    
-0.14013506       7.4914327       1.7457720    
-0.14568265       7.4913979       1.7352788    
-0.14668378       7.4913635       1.7219045    
-0.15126939       7.4913301       1.7111872    
-0.16014741       7.4912949       1.7030811    
-0.16852427       7.4912572       1.6938475    
-0.17439525       7.4912167       1.6815953    
-0.17829154       7.4911737       1.6672477    
-0.18275920       7.4911308       1.6528671    
-0.19077288       7.4910879       1.6397868    
-0.20242490       7.4910431       1.6277819    
-0.21299225       7.4909964       1.6152034    
-0.21706566       7.4909463       1.6002756    
-0.21604192       7.4908948       1.5836060    
-0.21563807       7.4908442       1.5672437    
-0.22025257       7.4907937       1.5524498    
-0.22881903       7.4907427       1.5388771    
-0.23754919       7.4906907       1.5247734    
-0.24362600       7.4906349       1.5081217    
-0.24760103       7.4905772       1.4898050    
-0.25137925       7.4905210       1.4720585    
-0.25467500       7.4904633       1.4538085    
-0.25797284       7.4904041       1.4342821    
-0.26093024       7.4903460       1.4147272    
-0.26119107       7.4902859       1.3966743    
-0.25864893       7.4902244       1.3800005    
-0.25774699       7.4901638       1.3629855    
-0.26158348       7.4901047       1.3459922    
-0.26843381       7.4900432       1.3296146    
-0.27373257       7.4899797       1.3124061    
-0.27479950       7.4899158       1.2934595    
-0.27320024       7.4898520       1.2737101    
-0.27232224       7.4883709       1.2595384    
-0.27301574       7.4854732       1.2509654    
-0.27431878       7.4825773       1.2424407    
-0.27601677       7.4796839       1.2339756    
-0.27795935       7.4767914       1.2256492    
-0.28010964       7.4739022       1.2174404    
-0.28259975       7.4705811       1.2079418    
-0.28458709       7.4668303       1.1968836    
-0.28500304       7.4630814       1.1853368    
-0.28430018       7.4593377       1.1734157    
-0.28332385       7.4555984       1.1614641    
-0.28257388       7.4518614       1.1498802    
-0.28186995       7.4465857       1.1343107    
-0.28147689       7.4397783       1.1144774    
-0.28216323       7.4329867       1.0947056    
-0.28279400       7.4262075       1.0745908    
-0.28338900       7.4194384       1.0547780    
-0.28455138       7.4126811       1.0363553    
-0.28393835       7.4060364       1.0182462    
-0.28132576       7.3995080       1.0000116    
-0.27954262       7.3929925      0.98139632    
-0.27873585       7.3864880      0.96204275    
-0.27646005       7.3799973      0.94274473    
-0.27309349       7.3735161      0.92317259    
-0.27095005       7.3683910      0.90748703    
-0.27022758       7.3646207      0.89615810    
-0.26976696       7.3608551      0.88501453    
-0.26864362       7.3570929      0.87422115    
-0.26703835       7.3533340      0.86354542    
-0.26550040       7.3495789      0.85280550    
-0.26402822       7.3462610      0.84355617    
-0.26245919       7.3433781      0.83593458    
-0.26087964       7.3404975      0.82837892    
-0.25955161       7.3376184      0.82056874    
-0.25852141       7.3347416      0.81248093    
-0.25766549       7.3318682      0.80434334    
-0.25590295       7.3272347      0.79194587    
-0.25248158       7.3208456      0.77548289    
-0.24829522       7.3144684      0.75906003    
-0.24458975       7.3081026      0.74225277    
-0.24068998       7.3017488      0.72555447    
-0.23543514       7.2954063      0.70907909    
-0.23133825       7.2906046      0.69636202    
-0.22915019       7.2873397      0.68762922    
-0.22724512       7.2840791      0.67925811    
-0.22566113       7.2808223      0.67120588    
-0.22419484       7.2775688      0.66320914    
-0.22239865       7.2743173      0.65491021    
-0.22012669       7.2710681      0.64641869    
-0.21768434       7.2678223      0.63843524    
-0.21530047       7.2645798      0.63120204    
-0.21291789       7.2613411      0.62417483    
-0.21046950       7.2581058      0.61695182    
-0.20801623       7.2548733      0.60960174    
-0.20438454       7.2501307      0.59860390    
-0.19925220       7.2438817      0.58376765    
-0.19373523       7.2376456      0.56835347    
-0.18829279       7.2314200      0.55292916    
-0.18326582       7.2252049      0.53848231    
-0.17817247       7.2190027      0.52468860    
-0.17410089       7.2145162      0.51478899    
-0.17134251       7.2117395      0.50875843    
  0.0000000       0.0000000       0.0000000    
  0.0000000       0.0000000       0.0000000    
  0.0000000       0.0000000       0.0000000    
  0.0000000       0.0000000       0.0000000    
  0.0000000       0.0000000       0.0000000    
  0.0000000       0.0000000       0.0000000    
  0.0000000       0.0000000       0.0000000    
  0.0000000       0.0000000       0.0000000    
  0.0000000       0.0000000       0.0000000    
  0.0000000       0.0000000       0.0000000    
  0.0000000       0.0000000       0.0000000    
  0.0000000       0.0000000       0.0000000    
  0.0000000       0.0000000       0.0000000    
  0.0000000       0.0000000       0.0000000    
  0.0000000       0.0000000       0.0000000    
  0.0000000       0.0000000       0.0000000    
  0.0000000       0.0000000       0.0000000    
  0.0000000       0.0000000       0.0000000    
  0.0000000       0.0000000       0.0000000    
  0.0000000       0.0000000       0.0000000    
  0.0000000       0.0000000       0.0000000    
  0.0000000       0.0000000       0.0000000    
  0.0000000       0.0000000       0.0000000    
  0.0000000       0.0000000       0.0000000    
  0.0000000       0.0000000       0.0000000    
  0.0000000       0.0000000       0.0000000    
-0.43667290E-01   7.0772157      0.26088893    
  0.0000000       0.0000000       0.0000000    
-0.31859182E-01   7.0652800      0.24293379    
-0.26165448E-01   7.0591879      0.23409274    
-0.20132674E-01   7.0531063      0.22607180    
  0.0000000       0.0000000       0.0000000    
  0.0000000       0.0000000       0.0000000    
  0.0000000       0.0000000       0.0000000    
  0.0000000       0.0000000       0.0000000    
  0.0000000       0.0000000       0.0000000    
  0.0000000       0.0000000       0.0000000    
  0.0000000       0.0000000       0.0000000    
  0.0000000       0.0000000       0.0000000    
  0.0000000       0.0000000       0.0000000    
  0.0000000       0.0000000       0.0000000    
  0.0000000       0.0000000       0.0000000    
  0.0000000       0.0000000       0.0000000    
  0.0000000       0.0000000       0.0000000    
  0.0000000       0.0000000       0.0000000    
  0.0000000       0.0000000       0.0000000    
  0.0000000       0.0000000       0.0000000    
  0.0000000       0.0000000       0.0000000    
  0.0000000       0.0000000       0.0000000    
  0.0000000       0.0000000       0.0000000    
  0.0000000       0.0000000       0.0000000    
  0.0000000       0.0000000       0.0000000    
  0.0000000       0.0000000       0.0000000    
  0.0000000       0.0000000       0.0000000    
  0.0000000       0.0000000       0.0000000    
  0.0000000       0.0000000       0.0000000    
  0.0000000       0.0000000       0.0000000    
  0.0000000       0.0000000       0.0000000    
  0.0000000       0.0000000       0.0000000    
  0.0000000       0.0000000       0.0000000    
  0.0000000       0.0000000       0.0000000    
  0.0000000       0.0000000       0.0000000    
  0.0000000       0.0000000       0.0000000    
  0.0000000       0.0000000       0.0000000    
  0.0000000       0.0000000       0.0000000    
  0.0000000       0.0000000       0.0000000    
  0.0000000       0.0000000       0.0000000    
  0.0000000       0.0000000       0.0000000    
  0.0000000       0.0000000       0.0000000    
  0.0000000       0.0000000       0.0000000    
  0.0000000       0.0000000       0.0000000    
  0.0000000       0.0000000       0.0000000    
  0.0000000       0.0000000       0.0000000    
  0.0000000       0.0000000       0.0000000    
  0.0000000       0.0000000       0.0000000    
  0.0000000       0.0000000       0.0000000    
  0.0000000       0.0000000       0.0000000    
  0.0000000       0.0000000       0.0000000    
  0.0000000       0.0000000       0.0000000    
  0.0000000       0.0000000       0.0000000    
  0.0000000       0.0000000       0.0000000    
  0.0000000       0.0000000       0.0000000    
  0.0000000       0.0000000       0.0000000    
  0.0000000       0.0000000       0.0000000    
  0.0000000       0.0000000       0.0000000    
  0.0000000       0.0000000       0.0000000    
  0.0000000       0.0000000       0.0000000    
  0.0000000       0.0000000       0.0000000    
  0.0000000       0.0000000       0.0000000    
  0.0000000       0.0000000       0.0000000    
 0.21158937       6.8608799     -0.30282954E-01
  0.0000000       0.0000000       0.0000000    
  0.0000000       0.0000000       0.0000000    
  0.0000000       0.0000000       0.0000000    
 0.20482472       6.7662735     -0.47930650E-01
  0.0000000       0.0000000       0.0000000    
  0.0000000       0.0000000       0.0000000    
  0.0000000       0.0000000       0.0000000    
  0.0000000       0.0000000       0.0000000    
 0.19464789       6.6231980     -0.74595399E-01
 0.19115022       6.5953040     -0.80175169E-01
 0.18790206       6.5676422     -0.85607968E-01
  0.0000000       0.0000000       0.0000000    
  0.0000000       0.0000000       0.0000000    
  0.0000000       0.0000000       0.0000000    
 0.17763178       6.4592681     -0.10617007    
  0.0000000       0.0000000       0.0000000    
  0.0000000       0.0000000       0.0000000    
  0.0000000       0.0000000       0.0000000    
  0.0000000       0.0000000       0.0000000    
  0.0000000       0.0000000       0.0000000    
  0.0000000       0.0000000       0.0000000    
  0.0000000       0.0000000       0.0000000    
  0.0000000       0.0000000       0.0000000    
  0.0000000       0.0000000       0.0000000    
  0.0000000       0.0000000       0.0000000    
  0.0000000       0.0000000       0.0000000    
  0.0000000       0.0000000       0.0000000    
  0.0000000       0.0000000       0.0000000    
  0.0000000       0.0000000       0.0000000    
  0.0000000       0.0000000       0.0000000    
  0.0000000       0.0000000       0.0000000    
  0.0000000       0.0000000       0.0000000    
  0.0000000       0.0000000       0.0000000    
  0.0000000       0.0000000       0.0000000    
  0.0000000       0.0000000       0.0000000    
  0.0000000       0.0000000       0.0000000    
  0.0000000       0.0000000       0.0000000    
  0.0000000       0.0000000       0.0000000    
  0.0000000       0.0000000       0.0000000    
  0.0000000       0.0000000       0.0000000    
  0.0000000       0.0000000       0.0000000    
  0.0000000       0.0000000       0.0000000    
  0.0000000       0.0000000       0.0000000    
  0.0000000       0.0000000       0.0000000    
  0.0000000       0.0000000       0.0000000    
  0.0000000       0.0000000       0.0000000    
  0.0000000       0.0000000       0.0000000    
 0.10358505       5.7821765     -0.24232519    
 0.10123356       5.7649374     -0.24509320    
 0.98821595E-01   5.7478004     -0.24787623    
 0.96288010E-01   5.7307649     -0.25063491    
 0.93373388E-01   5.7122502     -0.25364792    
 0.90373680E-01   5.6922770     -0.25747043    
 0.87763920E-01   5.6724415     -0.26212463    
 0.85340172E-01   5.6527414     -0.26679474    
 0.82870796E-01   5.6331754     -0.27085102    
 0.80359638E-01   5.6137447     -0.27462435    
 0.77809393E-01   5.5940528     -0.27850264    
 0.75230762E-01   5.5741043     -0.28242901    
 0.72705872E-01   5.5542970     -0.28623980    
 0.70289373E-01   5.5346289     -0.28990871    
 0.67904145E-01   5.5150986     -0.29353881    
 0.65397844E-01   5.4957032     -0.29721171    
 0.63078120E-01   5.4786515     -0.30044472    
 0.61029889E-01   5.4639158     -0.30320320    
 0.58969110E-01   5.4492588     -0.30593580    
 0.56888271E-01   5.4346809     -0.30868572    
 0.54817148E-01   5.4201803     -0.31143427    
 0.52828897E-01   5.4057555     -0.31407470    
 0.50675601E-01   5.3892651     -0.31689566    
 0.48263699E-01   5.3707352     -0.31997132    
 0.45836944E-01   5.3523326     -0.32306716    
 0.43503180E-01   5.3340559     -0.32621771    
 0.41273117E-01   5.3159037     -0.32939586    
 0.39124899E-01   5.2978745     -0.33255014    
 0.37303440E-01   5.2820187     -0.33525813    
 0.35745613E-01   5.2683115     -0.33750671    
  0.0000000       0.0000000       0.0000000    
  0.0000000       0.0000000       0.0000000    
  0.0000000       0.0000000       0.0000000    
  0.0000000       0.0000000       0.0000000    
  0.0000000       0.0000000       0.0000000    
  0.0000000       0.0000000       0.0000000    
  0.0000000       0.0000000       0.0000000    
  0.0000000       0.0000000       0.0000000    
  0.0000000       0.0000000       0.0000000    
  0.0000000       0.0000000       0.0000000    
  0.0000000       0.0000000       0.0000000    
  0.0000000       0.0000000       0.0000000    
  0.0000000       0.0000000       0.0000000    
  0.0000000       0.0000000       0.0000000    
  0.0000000       0.0000000       0.0000000    
  0.0000000       0.0000000       0.0000000    
  0.0000000       0.0000000       0.0000000    
  0.0000000       0.0000000       0.0000000    
  0.0000000       0.0000000       0.0000000    
  0.0000000       0.0000000       0.0000000    
  0.0000000       0.0000000       0.0000000    
  0.0000000       0.0000000       0.0000000    
  0.0000000       0.0000000       0.0000000    
  0.0000000       0.0000000       0.0000000    
  0.0000000       0.0000000       0.0000000    
  0.0000000       0.0000000       0.0000000    
  0.0000000       0.0000000       0.0000000    
  0.0000000       0.0000000       0.0000000    
-0.22176074E-01   5.2523689     -0.27534643    
-0.28349256E-01   5.2226701     -0.27791628    
-0.34463737E-01   5.1933045     -0.28057432    
-0.40920831E-01   5.1642671     -0.28333545    
-0.47417872E-01   5.1355505     -0.28615564    
-0.53366818E-01   5.1071510     -0.28893030    
-0.59134755E-01   5.0845261     -0.29009116    
-0.64821437E-01   5.0675769     -0.28959018    
-0.70405349E-01   5.0507417     -0.28901237    
-0.75945780E-01   5.0340185     -0.28867865    
  0.0000000       0.0000000       0.0000000    
  0.0000000       0.0000000       0.0000000    
VECTORS normal float
  0.0000000       0.0000000       0.0000000    
  0.0000000       0.0000000       0.0000000    
  0.0000000       0.0000000       0.0000000    
  0.0000000       0.0000000       0.0000000    
  0.0000000       0.0000000       0.0000000    
  0.0000000       0.0000000       0.0000000    
  0.0000000       0.0000000       0.0000000    
  0.0000000       0.0000000       0.0000000    
  0.0000000       0.0000000       0.0000000    
  0.0000000       0.0000000       0.0000000    
  0.0000000       0.0000000       0.0000000    
  0.0000000       0.0000000       0.0000000    
  0.0000000       0.0000000       0.0000000    
  0.0000000       0.0000000       0.0000000    
  0.0000000       0.0000000       0.0000000    
  0.0000000       0.0000000       0.0000000    
  0.0000000       0.0000000       0.0000000    
  0.0000000       0.0000000       0.0000000    
  0.0000000       0.0000000       0.0000000    
  0.0000000       0.0000000       0.0000000    
  0.0000000       0.0000000       0.0000000    
  0.0000000       0.0000000       0.0000000    
  0.0000000       0.0000000       0.0000000    
  0.0000000       0.0000000       0.0000000    
  0.0000000       0.0000000       0.0000000    
  0.0000000       0.0000000       0.0000000    
  0.0000000       0.0000000       0.0000000    
  0.0000000       0.0000000       0.0000000    
  0.0000000       0.0000000       0.0000000    
  0.0000000       0.0000000       0.0000000    
  0.0000000       0.0000000       0.0000000    
  0.0000000       0.0000000       0.0000000    
  0.0000000       0.0000000       0.0000000    
-0.80769688       0.0000000      0.58959794    
  0.0000000       0.0000000       0.0000000    
  0.0000000       0.0000000       0.0000000    
-0.80932313       0.0000000      0.58736354    
  0.0000000       0.0000000       0.0000000    
-0.80933267       0.0000000      0.58735049    
  0.0000000       0.0000000       0.0000000    
  0.0000000       0.0000000       0.0000000    
  0.0000000       0.0000000       0.0000000    
  0.0000000       0.0000000       0.0000000    
  0.0000000       0.0000000       0.0000000    
  0.0000000       0.0000000       0.0000000    
  0.0000000       0.0000000       0.0000000    
  0.0000000       0.0000000       0.0000000    
  0.0000000       0.0000000       0.0000000    
  0.0000000       0.0000000       0.0000000    
  0.0000000       0.0000000       0.0000000    
  0.0000000       0.0000000       0.0000000    
  0.0000000       0.0000000       0.0000000    
  0.0000000       0.0000000       0.0000000    
  0.0000000       0.0000000       0.0000000    
  0.0000000       0.0000000       0.0000000    
  0.0000000       0.0000000       0.0000000    
  0.0000000       0.0000000       0.0000000    
  0.0000000       0.0000000       0.0000000    
  0.0000000       0.0000000       0.0000000    
  0.0000000       0.0000000       0.0000000    
  0.0000000       0.0000000       0.0000000    
  0.0000000       0.0000000       0.0000000    
  0.0000000       0.0000000       0.0000000    
  0.0000000       0.0000000       0.0000000    
  0.0000000       0.0000000       0.0000000    
  0.0000000       0.0000000       0.0000000    
  0.0000000       0.0000000       0.0000000    
  0.0000000       0.0000000       0.0000000    
  0.0000000       0.0000000       0.0000000    
  0.0000000       0.0000000       0.0000000    
  0.0000000       0.0000000       0.0000000    
  0.0000000       0.0000000       0.0000000    
  0.0000000       0.0000000       0.0000000    
  0.0000000       0.0000000       0.0000000    
  0.0000000       0.0000000       0.0000000    
  0.0000000       0.0000000       0.0000000    
  0.0000000       0.0000000       0.0000000    
  0.0000000       0.0000000       0.0000000    
  0.0000000       0.0000000       0.0000000    
  0.0000000       0.0000000       0.0000000    
  0.0000000       0.0000000       0.0000000    
  0.0000000       0.0000000       0.0000000    
  0.0000000       0.0000000       0.0000000    
  0.0000000       0.0000000       0.0000000    
  0.0000000       0.0000000       0.0000000    
  0.0000000       0.0000000       0.0000000    
  0.0000000       0.0000000       0.0000000    
  0.0000000       0.0000000       0.0000000    
  0.0000000       0.0000000       0.0000000    
  0.0000000       0.0000000       0.0000000    
  0.0000000       0.0000000       0.0000000    
  0.0000000       0.0000000       0.0000000    
  0.0000000       0.0000000       0.0000000    
  0.0000000       0.0000000       0.0000000    
  0.0000000       0.0000000       0.0000000    
  0.0000000       0.0000000       0.0000000    
  0.0000000       0.0000000       0.0000000    
  0.0000000       0.0000000       0.0000000    
  0.0000000       0.0000000       0.0000000    
  0.0000000       0.0000000       0.0000000    
  0.0000000       0.0000000       0.0000000    
  0.0000000       0.0000000       0.0000000    
  0.0000000       0.0000000       0.0000000    
  0.0000000       0.0000000       0.0000000    
  0.0000000       0.0000000       0.0000000    
  0.0000000       0.0000000       0.0000000    
  0.0000000       0.0000000       0.0000000    
  0.0000000       0.0000000       0.0000000    
  0.0000000       0.0000000       0.0000000    
  0.0000000       0.0000000       0.0000000    
  0.0000000       0.0000000       0.0000000    
  0.0000000       0.0000000       0.0000000    
  0.0000000       0.0000000       0.0000000    
  0.0000000       0.0000000       0.0000000    
  0.0000000       0.0000000       0.0000000    
  0.0000000       0.0000000       0.0000000    
  0.0000000       0.0000000       0.0000000    
  0.0000000       0.0000000       0.0000000    
  0.0000000       0.0000000       0.0000000    
  0.0000000       0.0000000       0.0000000    
  0.0000000       0.0000000       0.0000000    
  0.0000000       0.0000000       0.0000000    
  0.0000000       0.0000000       0.0000000    
  0.0000000       0.0000000       0.0000000    
  0.0000000       0.0000000       0.0000000    
  0.0000000       0.0000000       0.0000000    
  0.0000000       0.0000000       0.0000000    
  0.0000000       0.0000000       0.0000000    
  0.0000000       0.0000000       0.0000000    
  0.0000000       0.0000000       0.0000000    
  0.0000000       0.0000000       0.0000000    
  0.0000000       0.0000000       0.0000000    
  0.0000000       0.0000000       0.0000000    
  0.0000000       0.0000000       0.0000000    
  0.0000000       0.0000000       0.0000000    
  0.0000000       0.0000000       0.0000000    
  0.0000000       0.0000000       0.0000000    
  0.0000000       0.0000000       0.0000000    
  0.0000000       0.0000000       0.0000000    
  0.0000000       0.0000000       0.0000000    
  0.0000000       0.0000000       0.0000000    
  0.0000000       0.0000000       0.0000000    
  0.0000000       0.0000000       0.0000000    
  0.0000000       0.0000000       0.0000000    
-0.91823483       0.0000000      0.39603636    
  0.0000000       0.0000000       0.0000000    
  0.0000000       0.0000000       0.0000000    
  0.0000000       0.0000000       0.0000000    
  0.0000000       0.0000000       0.0000000    
  0.0000000       0.0000000       0.0000000    
  0.0000000       0.0000000       0.0000000    
  0.0000000       0.0000000       0.0000000    
  0.0000000       0.0000000       0.0000000    
-0.93980432       0.0000000      0.34171334    
  0.0000000       0.0000000       0.0000000    
  0.0000000       0.0000000       0.0000000    
-0.96113181       0.0000000      0.27608976    
  0.0000000       0.0000000       0.0000000    
  0.0000000       0.0000000       0.0000000    
  0.0000000       0.0000000       0.0000000    
  0.0000000       0.0000000       0.0000000    
  0.0000000       0.0000000       0.0000000    
  0.0000000       0.0000000       0.0000000    
  0.0000000       0.0000000       0.0000000    
  0.0000000       0.0000000       0.0000000    
  0.0000000       0.0000000       0.0000000    
  0.0000000       0.0000000       0.0000000    
  0.0000000       0.0000000       0.0000000    
  0.0000000       0.0000000       0.0000000    
  0.0000000       0.0000000       0.0000000    
  0.0000000       0.0000000       0.0000000    
  0.0000000       0.0000000       0.0000000    
  0.0000000       0.0000000       0.0000000    
  0.0000000       0.0000000       0.0000000    
  0.0000000       0.0000000       0.0000000    
  0.0000000       0.0000000       0.0000000    
  0.0000000       0.0000000       0.0000000    
  0.0000000       0.0000000       0.0000000    
  0.0000000       0.0000000       0.0000000    
  0.0000000       0.0000000       0.0000000    
  0.0000000       0.0000000       0.0000000    
  0.0000000       0.0000000       0.0000000    
  0.0000000       0.0000000       0.0000000    
  0.0000000       0.0000000       0.0000000    
  0.0000000       0.0000000       0.0000000    
  0.0000000       0.0000000       0.0000000    
  0.0000000       0.0000000       0.0000000    
  0.0000000       0.0000000       0.0000000    
  0.0000000       0.0000000       0.0000000    
  0.0000000       0.0000000       0.0000000    
  0.0000000       0.0000000       0.0000000    
  0.0000000       0.0000000       0.0000000    
  0.0000000       0.0000000       0.0000000    
  0.0000000       0.0000000       0.0000000    
  0.0000000       0.0000000       0.0000000    
  0.0000000       0.0000000       0.0000000    
  0.0000000       0.0000000       0.0000000    
  0.0000000       0.0000000       0.0000000    
  0.0000000       0.0000000       0.0000000    
  0.0000000       0.0000000       0.0000000    
  0.0000000       0.0000000       0.0000000    
  0.0000000       0.0000000       0.0000000    
 -1.0000000       0.0000000       0.0000000    
 -1.0000000       0.0000000       0.0000000    
 -1.0000000       0.0000000       0.0000000    
 -1.0000000       0.0000000       0.0000000    
 -1.0000000       0.0000000       0.0000000    
 -1.0000000       0.0000000       0.0000000    
 -1.0000000       0.0000000       0.0000000    
 -1.0000000       0.0000000       0.0000000    
  0.0000000       0.0000000       0.0000000    
-0.99782914       0.0000000     -0.65856874E-01
-0.99782777       0.0000000     -0.65876082E-01
  0.0000000       0.0000000       0.0000000    
  0.0000000       0.0000000       0.0000000    
  0.0000000       0.0000000       0.0000000    
  0.0000000       0.0000000       0.0000000    
  0.0000000       0.0000000       0.0000000    
  0.0000000       0.0000000       0.0000000    
  0.0000000       0.0000000       0.0000000    
  0.0000000       0.0000000       0.0000000    
  0.0000000       0.0000000       0.0000000    
  0.0000000       0.0000000       0.0000000    
  0.0000000       0.0000000       0.0000000    
  0.0000000       0.0000000       0.0000000    
  0.0000000       0.0000000       0.0000000    
  0.0000000       0.0000000       0.0000000    
  0.0000000       0.0000000       0.0000000    
  0.0000000       0.0000000       0.0000000    
  0.0000000       0.0000000       0.0000000    
  0.0000000       0.0000000       0.0000000    
  0.0000000       0.0000000       0.0000000    
  0.0000000       0.0000000       0.0000000    
  0.0000000       0.0000000       0.0000000    
-0.95864338       0.0000000     -0.28460979    
-0.95863301       0.0000000     -0.28464502    
  0.0000000       0.0000000       0.0000000    
  0.0000000       0.0000000       0.0000000    
  0.0000000       0.0000000       0.0000000    
  0.0000000       0.0000000       0.0000000    
  0.0000000       0.0000000       0.0000000    
  0.0000000       0.0000000       0.0000000    
  0.0000000       0.0000000       0.0000000    
  0.0000000       0.0000000       0.0000000    
  0.0000000       0.0000000       0.0000000    
  0.0000000       0.0000000       0.0000000    
  0.0000000       0.0000000       0.0000000    
  0.0000000       0.0000000       0.0000000    
  0.0000000       0.0000000       0.0000000    
  0.0000000       0.0000000       0.0000000    
  0.0000000       0.0000000       0.0000000    
  0.0000000       0.0000000       0.0000000    
  0.0000000       0.0000000       0.0000000    
  0.0000000       0.0000000       0.0000000    
  0.0000000       0.0000000       0.0000000    
  0.0000000       0.0000000       0.0000000    
  0.0000000       0.0000000       0.0000000    
  0.0000000       0.0000000       0.0000000    
  0.0000000       0.0000000       0.0000000    
-0.90213424       0.0000000     -0.43145552    
  0.0000000       0.0000000       0.0000000    
  0.0000000       0.0000000       0.0000000    
  0.0000000       0.0000000       0.0000000    
  0.0000000       0.0000000       0.0000000    
  0.0000000       0.0000000       0.0000000    
  0.0000000       0.0000000       0.0000000    
  0.0000000       0.0000000       0.0000000    
  0.0000000       0.0000000       0.0000000    
  0.0000000       0.0000000       0.0000000    
  0.0000000       0.0000000       0.0000000    
-0.87964392       0.0000000     -0.47563273    
  0.0000000       0.0000000       0.0000000    
  0.0000000       0.0000000       0.0000000    
  0.0000000       0.0000000       0.0000000    
-0.87966233       0.0000000     -0.47559878    
  0.0000000       0.0000000       0.0000000    
  0.0000000       0.0000000       0.0000000    
-0.85401750       0.0000000     -0.52024436    
  0.0000000       0.0000000       0.0000000    
-0.85401750       0.0000000     -0.52024436    
-0.85401744       0.0000000     -0.52024430    
  0.0000000       0.0000000       0.0000000    
  0.0000000       0.0000000       0.0000000    
  0.0000000       0.0000000       0.0000000    
  0.0000000       0.0000000       0.0000000    
-0.82548863       0.0000000     -0.56441867    
-0.82547164       0.0000000     -0.56444347    
-0.82548869       0.0000000     -0.56441867    
  0.0000000       0.0000000       0.0000000    
-0.82548851       0.0000000     -0.56441891    
-0.82548583       0.0000000     -0.56442291    
  0.0000000       0.0000000       0.0000000    
  0.0000000       0.0000000       0.0000000    
  0.0000000       0.0000000       0.0000000    
  0.0000000       0.0000000       0.0000000    
  0.0000000       0.0000000       0.0000000    
  0.0000000       0.0000000       0.0000000    
  0.0000000       0.0000000       0.0000000    
  0.0000000       0.0000000       0.0000000    
  0.0000000       0.0000000       0.0000000    
  0.0000000       0.0000000       0.0000000    
  0.0000000       0.0000000       0.0000000    
  0.0000000       0.0000000       0.0000000    
  0.0000000       0.0000000       0.0000000    
  0.0000000       0.0000000       0.0000000    
  0.0000000       0.0000000       0.0000000    
  0.0000000       0.0000000       0.0000000    
  0.0000000       0.0000000       0.0000000    
  0.0000000       0.0000000       0.0000000    
  0.0000000       0.0000000       0.0000000    
  0.0000000       0.0000000       0.0000000    
  0.0000000       0.0000000       0.0000000    
  0.0000000       0.0000000       0.0000000    
  0.0000000       0.0000000       0.0000000    
  0.0000000       0.0000000       0.0000000    
  0.0000000       0.0000000       0.0000000    
-0.72802585       0.0000000     -0.68554962    
-0.72802085       0.0000000     -0.68555504    
-0.68892890       0.0000000     -0.72482884    
-0.68894356       0.0000000     -0.72481507    
-0.68893850       0.0000000     -0.72481978    
-0.68892443       0.0000000     -0.72483325    
-0.68893850       0.0000000     -0.72481978    
-0.68893850       0.0000000     -0.72481978    
-0.65619320       0.0000000     -0.75459284    
-0.65619326       0.0000000     -0.75459290    
-0.65619731       0.0000000     -0.75458938    
-0.65618372       0.0000000     -0.75460124    
-0.65619731       0.0000000     -0.75458938    
-0.65618372       0.0000000     -0.75460124    
-0.62552977       0.0000000     -0.78020024    
-0.62549573       0.0000000     -0.78022760    
-0.62551451       0.0000000     -0.78021246    
-0.62551451       0.0000000     -0.78021252    
-0.62551099       0.0000000     -0.78021532    
-0.62551451       0.0000000     -0.78021246    
-0.59634107       0.0000000     -0.80273116    
-0.59634107       0.0000000     -0.80273116    
-0.59634107       0.0000000     -0.80273116    
-0.59632683       0.0000000     -0.80274171    
-0.59634107       0.0000000     -0.80273110    
-0.59634107       0.0000000     -0.80273122    
-0.59633625       0.0000000     -0.80273485    
-0.59632528       0.0000000     -0.80274290    
-0.59636343       0.0000000     -0.80271459    
-0.59632522       0.0000000     -0.80274290    
-0.59635246       0.0000000     -0.80272275    
-0.59633619       0.0000000     -0.80273479    
-0.56151038       0.0000000     -0.82746971    
-0.56151032       0.0000000     -0.82746965    
-0.56152821       0.0000000     -0.82745761    
-0.56151038       0.0000000     -0.82746971    
-0.56151932       0.0000000     -0.82746369    
-0.56151927       0.0000000     -0.82746369    
-0.52941859       0.0000000     -0.84836072    
-0.52941865       0.0000000     -0.84836072    
-0.52942038       0.0000000     -0.84835964    
-0.52941865       0.0000000     -0.84836072    
-0.52942896       0.0000000     -0.84835422    
-0.52941865       0.0000000     -0.84836072    
-0.49509773       0.0000000     -0.86883730    
-0.49509776       0.0000000     -0.86883730    
-0.49511448       0.0000000     -0.86882770    
-0.49506629       0.0000000     -0.86885524    
-0.49509776       0.0000000     -0.86883730    
-0.49509773       0.0000000     -0.86883730    
-0.49508381       0.0000000     -0.86884522    
-0.49509808       0.0000000     -0.86883706    
-0.49509808       0.0000000     -0.86883706    
-0.49509808       0.0000000     -0.86883712    
-0.49506947       0.0000000     -0.86885339    
-0.49509808       0.0000000     -0.86883706    
-0.46032783       0.0000000     -0.88774896    
-0.46033543       0.0000000     -0.88774502    
-0.46033543       0.0000000     -0.88774508    
-0.46033546       0.0000000     -0.88774508    
-0.46032760       0.0000000     -0.88774914    
-0.46032783       0.0000000     -0.88774896    
-0.42344749       0.0000000     -0.90592062    
-0.42342988       0.0000000     -0.90592897    
-0.42344752       0.0000000     -0.90592062    
-0.42342985       0.0000000     -0.90592891    
-0.42342985       0.0000000     -0.90592897    
-0.42342982       0.0000000     -0.90592885    
-0.42346105       0.0000000     -0.90591431    
-0.42341918       0.0000000     -0.90593386    
-0.42343920       0.0000000     -0.90592456    
-0.42344013       0.0000000     -0.90592408    
-0.42344010       0.0000000     -0.90592408    
-0.42343920       0.0000000     -0.90592456    
-0.39114329       0.0000000     -0.92032981    
-0.39116654       0.0000000     -0.92031991    
-0.39115024       0.0000000     -0.92032689    
-0.39115146       0.0000000     -0.92032629    
-0.39115024       0.0000000     -0.92032689    
-0.39115837       0.0000000     -0.92032337    
-0.25678331       0.0000000     -0.96646905    
-0.25678071       0.0000000     -0.96646971    
-0.25678590       0.0000000     -0.96646827    
  0.0000000       0.0000000       0.0000000    
  0.0000000       0.0000000       0.0000000    
  0.0000000       0.0000000       0.0000000    
  0.0000000       0.0000000       0.0000000    
  0.0000000       0.0000000       0.0000000    
  0.0000000       0.0000000       0.0000000    
  0.0000000       0.0000000       0.0000000    
  0.0000000       0.0000000       0.0000000    
  0.0000000       0.0000000       0.0000000    
  0.0000000       0.0000000       0.0000000    
  0.0000000       0.0000000       0.0000000    
  0.0000000       0.0000000       0.0000000    
  0.0000000       0.0000000       0.0000000    
  0.0000000       0.0000000       0.0000000    
  0.0000000       0.0000000       0.0000000    
  0.0000000       0.0000000       0.0000000    
  0.0000000       0.0000000       0.0000000    
  0.0000000       0.0000000       0.0000000    
  0.0000000       0.0000000       0.0000000    
  0.0000000       0.0000000       0.0000000    
  0.0000000       0.0000000       0.0000000    
  0.0000000       0.0000000       0.0000000    
 0.44580072       0.0000000     -0.89513224    
 0.44581553       0.0000000     -0.89512479    
 0.44579327       0.0000000     -0.89513594    
 0.44580069       0.0000000     -0.89513218    
 0.44580072       0.0000000     -0.89513218    
 0.64579839       0.0000000     -0.76350802    
 0.64579231       0.0000000     -0.76351315    
 0.64579225       0.0000000     -0.76351309    
 0.64579743       0.0000000     -0.76350880    
 0.64580351       0.0000000     -0.76350361    
 0.64579225       0.0000000     -0.76351309    
 0.80889767       0.0000000     -0.58794945    
 0.80890489       0.0000000     -0.58793950    
 0.80889767       0.0000000     -0.58794945    
 0.80890262       0.0000000     -0.58794260    
 0.80890131       0.0000000     -0.58794451    
 0.80890125       0.0000000     -0.58794445    
 0.90780067       0.0000000     -0.41940185    
 0.90779430       0.0000000     -0.41941574    
 0.90779775       0.0000000     -0.41940829    
 0.90780067       0.0000000     -0.41940185    
 0.90779430       0.0000000     -0.41941571    
 0.90779769       0.0000000     -0.41940826    
 0.90780061       0.0000000     -0.41940185    
 0.90779424       0.0000000     -0.41941571    
 0.90779775       0.0000000     -0.41940826    
 0.90780067       0.0000000     -0.41940185    
 0.90779424       0.0000000     -0.41941571    
 0.90779775       0.0000000     -0.41940826    
 0.95798296       0.0000000     -0.28682518    
 0.95798618       0.0000000     -0.28681436    
 0.95798755       0.0000000     -0.28680974    
 0.95798755       0.0000000     -0.28680974    
 0.95799088       0.0000000     -0.28679895    
 0.95798296       0.0000000     -0.28682515    
 0.95798755       0.0000000     -0.28680971    
 0.95798683       0.0000000     -0.28681204    
 0.95798922       0.0000000     -0.28680435    
 0.99011934       0.0000000     -0.14022723    
 0.99012142       0.0000000     -0.14021270    
 0.99012142       0.0000000     -0.14021268    
 0.99011934       0.0000000     -0.14022723    
 0.99012136       0.0000000     -0.14021268    
 0.99012345       0.0000000     -0.14019814    
 0.99011993       0.0000000     -0.14022264    
 0.99011999       0.0000000     -0.14022265    
 0.99012309       0.0000000     -0.14020108    
 0.99012035       0.0000000     -0.14021997    
 0.99012226       0.0000000     -0.14020643    
 0.99012035       0.0000000     -0.14021997    
 0.99737036       0.0000000     -0.72473519E-01
 0.99737036       0.0000000     -0.72472788E-01
 0.99737036       0.0000000     -0.72473526E-01
 0.99737114       0.0000000     -0.72463475E-01
 0.99737030       0.0000000     -0.72473153E-01
 0.99737030       0.0000000     -0.72473153E-01
 0.99761510       0.0000000     -0.69022141E-01
 0.99761379       0.0000000     -0.69042623E-01
  0.0000000       0.0000000       0.0000000    
  0.0000000       0.0000000       0.0000000    
  0.0000000       0.0000000       0.0000000    
  0.0000000       0.0000000       0.0000000    
  0.0000000       0.0000000       0.0000000    
  0.0000000       0.0000000       0.0000000    
  0.0000000       0.0000000       0.0000000    
  0.0000000       0.0000000       0.0000000    
  0.0000000       0.0000000       0.0000000    
  0.0000000       0.0000000       0.0000000    
  0.0000000       0.0000000       0.0000000    
 0.99763089       0.0000000     -0.68794481E-01
  0.0000000       0.0000000       0.0000000    
  0.0000000       0.0000000       0.0000000    
 0.99763089       0.0000000     -0.68794481E-01
 0.99763072       0.0000000     -0.68795860E-01
  0.0000000       0.0000000       0.0000000    
  0.0000000       0.0000000       0.0000000    
  0.0000000       0.0000000       0.0000000    
  0.0000000       0.0000000       0.0000000    
  0.0000000       0.0000000       0.0000000    
  0.0000000       0.0000000       0.0000000    
  0.0000000       0.0000000       0.0000000    
  0.0000000       0.0000000       0.0000000    
  0.0000000       0.0000000       0.0000000    
  0.0000000       0.0000000       0.0000000    
  0.0000000       0.0000000       0.0000000    
  0.0000000       0.0000000       0.0000000    
  0.0000000       0.0000000       0.0000000    
  0.0000000       0.0000000       0.0000000    
  0.0000000       0.0000000       0.0000000    
  0.0000000       0.0000000       0.0000000    
  0.0000000       0.0000000       0.0000000    
  0.0000000       0.0000000       0.0000000    
  0.0000000       0.0000000       0.0000000    
  0.0000000       0.0000000       0.0000000    
  0.0000000       0.0000000       0.0000000    
  0.0000000       0.0000000       0.0000000    
  0.0000000       0.0000000       0.0000000    
  0.0000000       0.0000000       0.0000000    
  0.0000000       0.0000000       0.0000000    
  0.0000000       0.0000000       0.0000000    
  0.0000000       0.0000000       0.0000000    
  0.0000000       0.0000000       0.0000000    
  0.0000000       0.0000000       0.0000000    
  0.0000000       0.0000000       0.0000000    
  0.0000000       0.0000000       0.0000000    
 0.99763072       0.0000000     -0.68795860E-01
  0.0000000       0.0000000       0.0000000    
  0.0000000       0.0000000       0.0000000    
 0.99763095       0.0000000     -0.68794489E-01
 0.99762934       0.0000000     -0.68815924E-01
 0.99761373       0.0000000     -0.69042265E-01
 0.99761444       0.0000000     -0.69032550E-01
 0.99761444       0.0000000     -0.69032207E-01
  0.0000000       0.0000000       0.0000000    
  0.0000000       0.0000000       0.0000000    
 0.99761444       0.0000000     -0.69032200E-01
 0.99737030       0.0000000     -0.72473153E-01
 0.99737030       0.0000000     -0.72473340E-01
 0.99737036       0.0000000     -0.72473340E-01
 0.99737114       0.0000000     -0.72463103E-01
 0.99737036       0.0000000     -0.72473340E-01
 0.99737036       0.0000000     -0.72473340E-01
 0.99763143       0.0000000     -0.68786077E-01
 0.99762875       0.0000000     -0.68824776E-01
 0.99763143       0.0000000     -0.68785749E-01
 0.99763006       0.0000000     -0.68805426E-01
 0.99763149       0.0000000     -0.68786077E-01
 0.99763012       0.0000000     -0.68805434E-01
 0.99763006       0.0000000     -0.68805687E-01
 0.99763012       0.0000000     -0.68805687E-01
 0.99763155       0.0000000     -0.68784140E-01
 0.99763149       0.0000000     -0.68784855E-01
 0.99763000       0.0000000     -0.68805680E-01
 0.99763012       0.0000000     -0.68805322E-01
 0.99761379       0.0000000     -0.69042265E-01
 0.99761373       0.0000000     -0.69042444E-01
 0.99761516       0.0000000     -0.69022313E-01
 0.99761367       0.0000000     -0.69042265E-01
 0.99761438       0.0000000     -0.69032378E-01
 0.99761373       0.0000000     -0.69042437E-01
  1.0000000       0.0000000       0.0000000    
  1.0000000       0.0000000       0.0000000    
  1.0000000       0.0000000       0.0000000    
  1.0000000       0.0000000       0.0000000    
  1.0000000       0.0000000       0.0000000    
  1.0000000       0.0000000       0.0000000    
  1.0000000       0.0000000       0.0000000    
  1.0000000       0.0000000       0.0000000    
  1.0000000       0.0000000       0.0000000    
  1.0000000       0.0000000       0.0000000    
  1.0000000       0.0000000       0.0000000    
  1.0000000       0.0000000       0.0000000    
  1.0000000       0.0000000       0.0000000    
  1.0000000       0.0000000       0.0000000    
  1.0000000       0.0000000       0.0000000    
  1.0000000       0.0000000       0.0000000    
  1.0000000       0.0000000       0.0000000    
  1.0000000       0.0000000       0.0000000    
  1.0000000       0.0000000       0.0000000    
  1.0000000       0.0000000       0.0000000    
  1.0000000       0.0000000       0.0000000    
  1.0000000       0.0000000       0.0000000    
  1.0000000       0.0000000       0.0000000    
  1.0000000       0.0000000       0.0000000    
  1.0000000       0.0000000       0.0000000    
  1.0000000       0.0000000       0.0000000    
  1.0000000       0.0000000       0.0000000    
  1.0000000       0.0000000       0.0000000    
  1.0000000       0.0000000       0.0000000    
  1.0000000       0.0000000       0.0000000    
  1.0000000       0.0000000       0.0000000    
  1.0000000       0.0000000       0.0000000    
  1.0000000       0.0000000       0.0000000    
  1.0000000       0.0000000       0.0000000    
  1.0000000       0.0000000       0.0000000    
  1.0000000       0.0000000       0.0000000    
  1.0000000       0.0000000       0.0000000    
  1.0000000       0.0000000       0.0000000    
  1.0000000       0.0000000       0.0000000    
  1.0000000       0.0000000       0.0000000    
  1.0000000       0.0000000       0.0000000    
  1.0000000       0.0000000       0.0000000    
  1.0000000       0.0000000       0.0000000    
  1.0000000       0.0000000       0.0000000    
  1.0000000       0.0000000       0.0000000    
  1.0000000       0.0000000       0.0000000    
  1.0000000       0.0000000       0.0000000    
  1.0000000       0.0000000       0.0000000    
 0.99470478       0.0000000      0.10277318    
 0.99470258       0.0000000      0.10279530    
 0.99470484       0.0000000      0.10277320    
 0.99470258       0.0000000      0.10279530    
 0.99470484       0.0000000      0.10277319    
 0.99470478       0.0000000      0.10277319    
 0.99470133       0.0000000      0.10280724    
 0.99470478       0.0000000      0.10277323    
 0.99470305       0.0000000      0.10279024    
 0.99470663       0.0000000      0.10275623    
 0.99470305       0.0000000      0.10279024    
 0.99470299       0.0000000      0.10279022    
 0.99432236       0.0000000      0.10640946    
 0.99432141       0.0000000      0.10641856    
 0.99432242       0.0000000      0.10640945    
 0.99432349       0.0000000      0.10639983    
 0.99432147       0.0000000      0.10641883    
 0.99432242       0.0000000      0.10640919    
 0.99470383       0.0000000      0.10278282    
 0.99470383       0.0000000      0.10278282    
 0.99470389       0.0000000      0.10278282    
 0.99470389       0.0000000      0.10278284    
 0.99470484       0.0000000      0.10277321    
 0.99470288       0.0000000      0.10279244    
 0.99436045       0.0000000      0.10605297    
 0.99436033       0.0000000      0.10605388    
 0.99435854       0.0000000      0.10607086    
 0.99435872       0.0000000      0.10606997    
 0.99435860       0.0000000      0.10607088    
 0.99436051       0.0000000      0.10605298    
 0.99435920       0.0000000      0.10606468    
 0.99435908       0.0000000      0.10606587    
 0.99435925       0.0000000      0.10606468    
 0.99435914       0.0000000      0.10606587    
 0.99435925       0.0000000      0.10606470    
 0.99436384       0.0000000      0.10602170    
 0.99466759       0.0000000      0.10313274    
 0.99466962       0.0000000      0.10311294    
 0.99466860       0.0000000      0.10312309    
 0.99466759       0.0000000      0.10313275    
 0.99466974       0.0000000      0.10311296    
 0.99466860       0.0000000      0.10312309    
 0.99435782       0.0000000      0.10607778    
 0.99436188       0.0000000      0.10603938    
 0.99435985       0.0000000      0.10605858    
 0.99435782       0.0000000      0.10607778    
 0.99435985       0.0000000      0.10605859    
 0.99435788       0.0000000      0.10607778    
 0.99436194       0.0000000      0.10603938    
 0.99435991       0.0000000      0.10605858    
 0.99435991       0.0000000      0.10605858    
 0.99435991       0.0000000      0.10605859    
 0.99435991       0.0000000      0.10605858    
 0.99435991       0.0000000      0.10605858    
 0.99466860       0.0000000      0.10312259    
 0.99466860       0.0000000      0.10312309    
 0.99466854       0.0000000      0.10312308    
 0.99466860       0.0000000      0.10312309    
 0.99466866       0.0000000      0.10312259    
 0.99466765       0.0000000      0.10313274    
 0.99435920       0.0000000      0.10606468    
 0.99436152       0.0000000      0.10604379    
  0.0000000       0.0000000       0.0000000    
  0.0000000       0.0000000       0.0000000    
  0.0000000       0.0000000       0.0000000    
  0.0000000       0.0000000       0.0000000    
  0.0000000       0.0000000       0.0000000    
  0.0000000       0.0000000       0.0000000    
  0.0000000       0.0000000       0.0000000    
  0.0000000       0.0000000       0.0000000    
  0.0000000       0.0000000       0.0000000    
  0.0000000       0.0000000       0.0000000    
  0.0000000       0.0000000       0.0000000    
  0.0000000       0.0000000       0.0000000    
  0.0000000       0.0000000       0.0000000    
  0.0000000       0.0000000       0.0000000    
  0.0000000       0.0000000       0.0000000    
  0.0000000       0.0000000       0.0000000    
  0.0000000       0.0000000       0.0000000    
  0.0000000       0.0000000       0.0000000    
  0.0000000       0.0000000       0.0000000    
  0.0000000       0.0000000       0.0000000    
  0.0000000       0.0000000       0.0000000    
  0.0000000       0.0000000       0.0000000    
  0.0000000       0.0000000       0.0000000    
  0.0000000       0.0000000       0.0000000    
  0.0000000       0.0000000       0.0000000    
  0.0000000       0.0000000       0.0000000    
 0.99470377       0.0000000      0.10278283    
  0.0000000       0.0000000       0.0000000    
 0.99435991       0.0000000      0.10605858    
 0.99435991       0.0000000      0.10605859    
 0.99436092       0.0000000      0.10604897    
  0.0000000       0.0000000       0.0000000    
  0.0000000       0.0000000       0.0000000    
  0.0000000       0.0000000       0.0000000    
  0.0000000       0.0000000       0.0000000    
  0.0000000       0.0000000       0.0000000    
  0.0000000       0.0000000       0.0000000    
  0.0000000       0.0000000       0.0000000    
  0.0000000       0.0000000       0.0000000    
  0.0000000       0.0000000       0.0000000    
  0.0000000       0.0000000       0.0000000    
  0.0000000       0.0000000       0.0000000    
  0.0000000       0.0000000       0.0000000    
  0.0000000       0.0000000       0.0000000    
  0.0000000       0.0000000       0.0000000    
  0.0000000       0.0000000       0.0000000    
  0.0000000       0.0000000       0.0000000    
  0.0000000       0.0000000       0.0000000    
  0.0000000       0.0000000       0.0000000    
  0.0000000       0.0000000       0.0000000    
  0.0000000       0.0000000       0.0000000    
  0.0000000       0.0000000       0.0000000    
  0.0000000       0.0000000       0.0000000    
  0.0000000       0.0000000       0.0000000    
  0.0000000       0.0000000       0.0000000    
  0.0000000       0.0000000       0.0000000    
  0.0000000       0.0000000       0.0000000    
  0.0000000       0.0000000       0.0000000    
  0.0000000       0.0000000       0.0000000    
  0.0000000       0.0000000       0.0000000    
  0.0000000       0.0000000       0.0000000    
  0.0000000       0.0000000       0.0000000    
  0.0000000       0.0000000       0.0000000    
  0.0000000       0.0000000       0.0000000    
  0.0000000       0.0000000       0.0000000    
  0.0000000       0.0000000       0.0000000    
  0.0000000       0.0000000       0.0000000    
  0.0000000       0.0000000       0.0000000    
  0.0000000       0.0000000       0.0000000    
  0.0000000       0.0000000       0.0000000    
  0.0000000       0.0000000       0.0000000    
  0.0000000       0.0000000       0.0000000    
  0.0000000       0.0000000       0.0000000    
  0.0000000       0.0000000       0.0000000    
  0.0000000       0.0000000       0.0000000    
  0.0000000       0.0000000       0.0000000    
  0.0000000       0.0000000       0.0000000    
  0.0000000       0.0000000       0.0000000    
  0.0000000       0.0000000       0.0000000    
  0.0000000       0.0000000       0.0000000    
  0.0000000       0.0000000       0.0000000    
  0.0000000       0.0000000       0.0000000    
  0.0000000       0.0000000       0.0000000    
  0.0000000       0.0000000       0.0000000    
  0.0000000       0.0000000       0.0000000    
  0.0000000       0.0000000       0.0000000    
  0.0000000       0.0000000       0.0000000    
  0.0000000       0.0000000       0.0000000    
  0.0000000       0.0000000       0.0000000    
  0.0000000       0.0000000       0.0000000    
 0.33715633       0.0000000      0.94144863    
  0.0000000       0.0000000       0.0000000    
  0.0000000       0.0000000       0.0000000    
  0.0000000       0.0000000       0.0000000    
 0.33716029       0.0000000      0.94144726    
  0.0000000       0.0000000       0.0000000    
  0.0000000       0.0000000       0.0000000    
  0.0000000       0.0000000       0.0000000    
  0.0000000       0.0000000       0.0000000    
 0.33715615       0.0000000      0.94144875    
 0.33714566       0.0000000      0.94145250    
 0.33715093       0.0000000      0.94145066    
  0.0000000       0.0000000       0.0000000    
  0.0000000       0.0000000       0.0000000    
  0.0000000       0.0000000       0.0000000    
 0.33715090       0.0000000      0.94145060    
  0.0000000       0.0000000       0.0000000    
  0.0000000       0.0000000       0.0000000    
  0.0000000       0.0000000       0.0000000    
  0.0000000       0.0000000       0.0000000    
  0.0000000       0.0000000       0.0000000    
  0.0000000       0.0000000       0.0000000    
  0.0000000       0.0000000       0.0000000    
  0.0000000       0.0000000       0.0000000    
  0.0000000       0.0000000       0.0000000    
  0.0000000       0.0000000       0.0000000    
  0.0000000       0.0000000       0.0000000    
  0.0000000       0.0000000       0.0000000    
  0.0000000       0.0000000       0.0000000    
  0.0000000       0.0000000       0.0000000    
  0.0000000       0.0000000       0.0000000    
  0.0000000       0.0000000       0.0000000    
  0.0000000       0.0000000       0.0000000    
  0.0000000       0.0000000       0.0000000    
  0.0000000       0.0000000       0.0000000    
  0.0000000       0.0000000       0.0000000    
  0.0000000       0.0000000       0.0000000    
  0.0000000       0.0000000       0.0000000    
  0.0000000       0.0000000       0.0000000    
  0.0000000       0.0000000       0.0000000    
  0.0000000       0.0000000       0.0000000    
  0.0000000       0.0000000       0.0000000    
  0.0000000       0.0000000       0.0000000    
  0.0000000       0.0000000       0.0000000    
  0.0000000       0.0000000       0.0000000    
  0.0000000       0.0000000       0.0000000    
  0.0000000       0.0000000       0.0000000    
  0.0000000       0.0000000       0.0000000    
 0.33716407       0.0000000      0.94144589    
 0.33715248       0.0000000      0.94145006    
 0.33714598       0.0000000      0.94145238    
 0.33715761       0.0000000      0.94144821    
 0.33713871       0.0000000      0.94145501    
 0.33715940       0.0000000      0.94144756    
 0.33716914       0.0000000      0.94144410    
 0.33713871       0.0000000      0.94145495    
 0.33715391       0.0000000      0.94144952    
 0.33715940       0.0000000      0.94144756    
 0.33996129       0.0000000      0.94043940    
 0.33997184       0.0000000      0.94043559    
 0.33997062       0.0000000      0.94043607    
 0.33996660       0.0000000      0.94043750    
 0.33996135       0.0000000      0.94043946    
 0.33998114       0.0000000      0.94043231    
 0.33996326       0.0000000      0.94043875    
 0.33995643       0.0000000      0.94044119    
 0.33994958       0.0000000      0.94044363    
 0.33998907       0.0000000      0.94042939    
 0.33996326       0.0000000      0.94043875    
 0.33998221       0.0000000      0.94043189    
 0.33714566       0.0000000      0.94145244    
 0.33715090       0.0000000      0.94145066    
 0.33716029       0.0000000      0.94144726    
 0.33717075       0.0000000      0.94144344    
 0.33714041       0.0000000      0.94145435    
 0.33716133       0.0000000      0.94144684    
 0.33712915       0.0000000      0.94145840    
 0.33715633       0.0000000      0.94144869    
  0.0000000       0.0000000       0.0000000    
  0.0000000       0.0000000       0.0000000    
  0.0000000       0.0000000       0.0000000    
  0.0000000       0.0000000       0.0000000    
  0.0000000       0.0000000       0.0000000    
  0.0000000       0.0000000       0.0000000    
  0.0000000       0.0000000       0.0000000    
  0.0000000       0.0000000       0.0000000    
  0.0000000       0.0000000       0.0000000    
  0.0000000       0.0000000       0.0000000    
  0.0000000       0.0000000       0.0000000    
  0.0000000       0.0000000       0.0000000    
  0.0000000       0.0000000       0.0000000    
  0.0000000       0.0000000       0.0000000    
  0.0000000       0.0000000       0.0000000    
  0.0000000       0.0000000       0.0000000    
  0.0000000       0.0000000       0.0000000    
  0.0000000       0.0000000       0.0000000    
  0.0000000       0.0000000       0.0000000    
  0.0000000       0.0000000       0.0000000    
  0.0000000       0.0000000       0.0000000    
  0.0000000       0.0000000       0.0000000    
  0.0000000       0.0000000       0.0000000    
  0.0000000       0.0000000       0.0000000    
  0.0000000       0.0000000       0.0000000    
  0.0000000       0.0000000       0.0000000    
  0.0000000       0.0000000       0.0000000    
  0.0000000       0.0000000       0.0000000    
-0.45601472       0.0000000      0.88997221    
-0.45600742       0.0000000      0.88997597    
-0.45601487       0.0000000      0.88997215    
-0.45600742       0.0000000      0.88997602    
-0.45600742       0.0000000      0.88997597    
-0.45601469       0.0000000      0.88997221    
-0.80933267       0.0000000      0.58735049    
-0.80934221       0.0000000      0.58733737    
-0.80934215       0.0000000      0.58733737    
-0.80933267       0.0000000      0.58735049    
  0.0000000       0.0000000       0.0000000    
  0.0000000       0.0000000       0.0000000    
SCALARS Msign int 
LOOKUP_TABLE default
        0
        0
        0
        0
        0
        0
        0
        0
        0
        0
        0
        0
        0
        0
        0
        0
        0
        0
        0
        0
        0
        0
        0
        0
        0
        0
        0
        0
        0
        0
        0
        0
        0
       -1
        0
        0
       -1
        0
       -1
        0
        0
        0
        0
        0
        0
        0
        0
        0
        0
        0
        0
        0
        0
        0
        0
        0
        0
        0
        0
        0
        0
        0
        0
        0
        0
        0
        0
        0
        0
        0
        0
        0
        0
        0
        0
        0
        0
        0
        0
        0
        0
        0
        0
        0
        0
        0
        0
        0
        0
        0
        0
        0
        0
        0
        0
        0
        0
        0
        0
        0
        0
        0
        0
        0
        0
        0
        0
        0
        0
        0
        0
        0
        0
        0
        0
        0
        0
        0
        0
        0
        0
        0
        0
        0
        0
        0
        0
        0
        0
        0
        0
        0
        0
        0
        0
        0
        0
        0
        0
        0
        0
        0
        0
        0
       -1
        0
        0
        0
        0
        0
        0
        0
        0
       -1
        0
        0
        1
        0
        0
        0
        0
        0
        0
        0
        0
        0
        0
        0
        0
        0
        0
        0
        0
        0
        0
        0
        0
        0
        0
        0
        0
        0
        0
        0
        0
        0
        0
        0
        0
        0
        0
        0
        0
        0
        0
        0
        0
        0
        0
        0
        0
        0
       -1
       -1
       -1
       -1
       -1
       -1
       -1
       -1
        0
       -1
       -1
        0
        0
        0
        0
        0
        0
        0
        0
        0
        0
        0
        0
        0
        0
        0
        0
        0
        0
        0
        0
        0
       -1
       -1
        0
        0
        0
        0
        0
        0
        0
        0
        0
        0
        0
        0
        0
        0
        0
        0
        0
        0
        0
        0
        0
        0
        0
       -1
        0
        0
        0
        0
        0
        0
        0
        0
        0
        0
       -1
        0
        0
        0
       -1
        0
        0
       -1
        0
       -1
       -1
        0
        0
        0
        0
        1
        1
        1
        0
        1
        1
        0
        0
        0
        0
        0
        0
        0
        0
        0
        0
        0
        0
        0
        0
        0
        0
        0
        0
        0
        0
        0
        0
        0
        0
        0
        1
        1
        1
        1
        1
        1
        1
        1
        1
        1
        1
        1
        1
        1
        1
        1
        1
        1
        1
        1
        1
        1
        1
        1
        1
        1
        1
        1
        1
        1
        1
        1
        1
        1
        1
        1
        1
        1
        1
        1
        1
        1
        1
        1
        1
        1
        1
        1
        1
        1
        1
        1
        1
        1
        1
        1
        1
        1
        1
        1
        1
        1
        1
        1
        1
        1
        1
        1
        1
        1
        1
        1
        1
        1
        1
        1
        1
        1
        1
        1
        1
        1
        1
        0
        0
        0
        0
        0
        0
        0
        0
        0
        0
        0
        0
        0
        0
        0
        0
        0
        0
        0
        0
        0
        0
       -1
       -1
       -1
       -1
       -1
       -1
       -1
       -1
       -1
       -1
       -1
       -1
       -1
       -1
       -1
       -1
       -1
       -1
       -1
       -1
       -1
       -1
       -1
       -1
       -1
       -1
       -1
       -1
       -1
       -1
       -1
       -1
       -1
       -1
       -1
       -1
       -1
       -1
       -1
       -1
       -1
       -1
       -1
       -1
       -1
       -1
       -1
       -1
       -1
       -1
       -1
       -1
       -1
       -1
       -1
       -1
       -1
       -1
        0
        0
        0
        0
        0
        0
        0
        0
        0
        0
        0
       -1
        0
        0
       -1
       -1
        0
        0
        0
        0
        0
        0
        0
        0
        0
        0
        0
        0
        0
        0
        0
        0
        0
        0
        0
        0
        0
        0
        0
        0
        0
        0
        0
        0
        0
        0
        0
       -1
        0
        0
       -1
       -1
       -1
       -1
       -1
        0
        0
       -1
       -1
       -1
       -1
       -1
       -1
       -1
       -1
       -1
       -1
       -1
       -1
       -1
       -1
       -1
       -1
       -1
       -1
       -1
       -1
       -1
       -1
       -1
       -1
       -1
       -1
       -1
       -1
       -1
       -1
       -1
       -1
       -1
       -1
       -1
       -1
       -1
       -1
       -1
       -1
       -1
       -1
       -1
       -1
       -1
       -1
       -1
       -1
       -1
       -1
       -1
       -1
       -1
       -1
       -1
       -1
       -1
       -1
       -1
       -1
       -1
       -1
       -1
       -1
       -1
       -1
       -1
       -1
       -1
       -1
       -1
       -1
       -1
       -1
       -1
       -1
       -1
       -1
       -1
       -1
       -1
       -1
       -1
       -1
       -1
       -1
       -1
       -1
       -1
       -1
       -1
       -1
       -1
       -1
       -1
       -1
       -1
       -1
       -1
       -1
       -1
       -1
       -1
       -1
       -1
       -1
       -1
       -1
       -1
       -1
       -1
       -1
       -1
       -1
       -1
       -1
       -1
       -1
       -1
       -1
       -1
       -1
       -1
       -1
       -1
       -1
       -1
       -1
       -1
       -1
       -1
       -1
       -1
       -1
       -1
        0
        0
        0
        0
        0
        0
        0
        0
        0
        0
        0
        0
        0
        0
        0
        0
        0
        0
        0
        0
        0
        0
        0
        0
        0
        0
       -1
        0
       -1
       -1
        1
        0
        0
        0
        0
        0
        0
        0
        0
        0
        0
        0
        0
        0
        0
        0
        0
        0
        0
        0
        0
        0
        0
        0
        0
        0
        0
        0
        0
        0
        0
        0
        0
        0
        0
        0
        0
        0
        0
        0
        0
        0
        0
        0
        0
        0
        0
        0
        0
        0
        0
        0
        0
        0
        0
        0
        0
        0
        0
        0
        1
        0
        0
        0
        1
        0
        0
        0
        0
       -1
       -1
       -1
        0
        0
        0
       -1
        0
        0
        0
        0
        0
        0
        0
        0
        0
        0
        0
        0
        0
        0
        0
        0
        0
        0
        0
        0
        0
        0
        0
        0
        0
        0
        0
        0
        0
        0
        0
        0
       -1
       -1
       -1
       -1
       -1
       -1
       -1
       -1
       -1
       -1
       -1
       -1
       -1
       -1
       -1
       -1
       -1
       -1
       -1
       -1
       -1
       -1
       -1
       -1
       -1
       -1
       -1
       -1
       -1
       -1
        0
        0
        0
        0
        0
        0
        0
        0
        0
        0
        0
        0
        0
        0
        0
        0
        0
        0
        0
        0
        0
        0
        0
        0
        0
        0
        0
        0
       -1
       -1
       -1
       -1
       -1
       -1
       -1
       -1
       -1
       -1
        0
        0
