# vtk DataFile Version 2.0
power statistics in cartesians Number_Parameters=  6    1    0   -3    3    1    1                                                                                                                                                                              
ASCII
           
DATASET UNSTRUCTURED_GRID
POINTS       1760 float
  8742.6670       76.296097      -6063.0000    
  8771.5000       76.547714      -6023.5000    
  8800.3320       76.799332      -5984.0000    
  8829.1631       77.050949      -5944.5000    
  8857.9961       77.302559      -5905.0000    
  8886.8281       77.554184      -5865.5000    
  8915.6611       77.805794      -5826.0000    
  8931.8633       77.947189      -5803.5796    
  8948.0654       78.088585      -5781.1592    
  8964.2676       78.229980      -5758.7388    
  8980.4697       78.371376      -5736.3188    
  8996.6719       78.512764      -5713.8984    
  9012.8740       78.654152      -5691.4780    
  9025.3379       78.762924      -5674.2319    
  9037.8008       78.871689      -5656.9854    
  9050.2646       78.980453      -5639.7393    
  9062.7266       79.089226      -5622.4927    
  9075.1904       79.197990      -5605.2466    
  9087.6543       79.306763      -5588.0000    
  9116.3193       79.556915      -5548.5000    
  9144.9854       79.807076      -5509.0000    
  9173.6504       80.057236      -5469.5000    
  9202.3164       80.307396      -5430.0000    
  9230.9814       80.557564      -5390.5000    
  9259.6475       80.807724      -5351.0000    
  9274.0645       80.933525      -5331.2500    
  9288.4795       81.059334      -5311.5000    
  9302.8965       81.185150      -5291.7500    
  9317.3125       81.310951      -5272.0000    
  9331.7275       81.436760      -5252.2500    
  9346.1445       81.562561      -5232.5000    
  9360.5605       81.688377      -5212.7500    
  9374.9775       81.814186      -5193.0000    
  9389.3916       81.939980      -5173.2500    
  9403.8086       82.065788      -5153.5000    
  9418.2246       82.191597      -5133.7500    
  9432.6396       82.317406      -5114.0000    
  9461.3066       82.567574      -5074.5000    
  9489.9717       82.817734      -5035.0000    
  9518.6377       83.067894      -4995.5000    
  9547.3027       83.318047      -4956.0000    
  9575.9688       83.568207      -4916.5000    
  9604.6348       83.818367      -4877.0000    
  9633.2998       84.068535      -4837.5000    
  9661.9658       84.318695      -4798.0000    
  9690.6309       84.568855      -4758.5000    
  9719.2969       84.819008      -4719.0000    
  9747.9619       85.069176      -4679.5000    
  9776.6289       85.319344      -4640.0000    
  9791.0439       85.445152      -4620.1670    
  9805.4590       85.570946      -4600.3330    
  9819.8760       85.696754      -4580.5000    
  9834.2910       85.822563      -4560.6665    
  9848.7080       85.948372      -4540.8335    
  9863.1240       86.074181      -4521.0000    
  9877.5410       86.199982      -4501.1670    
  9891.9561       86.325798      -4481.3335    
  9906.3721       86.451607      -4461.5000    
  9920.7891       86.577408      -4441.6665    
  9935.2041       86.703217      -4421.8335    
  9949.6211       86.829025      -4402.0000    
  9978.2871       87.079185      -4362.5000    
  10006.952       87.329353      -4323.0000    
  10035.618       87.579514      -4283.5000    
  10064.283       87.829674      -4244.0000    
  10092.949       88.079834      -4204.5000    
  10121.614       88.329987      -4165.0000    
  10150.280       88.580147      -4125.5000    
  10178.945       88.830315      -4086.0000    
  10207.611       89.080475      -4046.5002    
  10236.276       89.330635      -4007.0000    
  10264.942       89.580795      -3967.5000    
  10293.607       89.830948      -3928.0000    
  10308.023       89.956757      -3908.2500    
  10322.440       90.082573      -3888.5000    
  10336.855       90.208374      -3868.7500    
  10351.272       90.334183      -3849.0000    
  10365.688       90.459991      -3829.2500    
  10380.105       90.585800      -3809.5000    
  10394.521       90.711609      -3789.7500    
  10408.938       90.837410      -3770.0000    
  10423.354       90.963219      -3750.2500    
  10437.769       91.089035      -3730.5000    
  10452.186       91.214836      -3710.7500    
  10466.602       91.340645      -3691.0000    
  10495.267       91.590805      -3651.5000    
  10523.933       91.840965      -3612.0000    
  10552.599       92.091133      -3572.5000    
  10581.264       92.341286      -3533.0000    
  10609.929       92.591446      -3493.5000    
  10638.595       92.841614      -3454.0000    
  10651.059       92.950371      -3436.7534    
  10663.521       93.059135      -3419.5073    
  10675.985       93.167908      -3402.2607    
  10688.448       93.276672      -3385.0146    
  10700.912       93.385437      -3367.7681    
  10713.374       93.494202      -3350.5217    
  10729.577       93.635597      -3328.1013    
  10745.779       93.776993      -3305.6812    
  10761.981       93.918388      -3283.2607    
  10778.184       94.059784      -3260.8406    
  10794.386       94.201180      -3238.4202    
  10810.588       94.342575      -3216.0000    
  10839.420       94.594185      -3176.5000    
  10868.253       94.845802      -3137.0000    
  10897.085       95.097420      -3097.5000    
  10925.918       95.349037      -3058.0000    
  10954.750       95.600647      -3018.5000    
  10983.582       95.852264      -2979.0000    
  11012.247       96.102425      -2939.5000    
  11040.913       96.352585      -2900.0000    
  11069.578       96.602745      -2860.5000    
  11098.244       96.852905      -2821.0000    
  11126.910       97.103073      -2781.5000    
  11155.576       97.353226      -2742.0000    
  11183.074       97.593208      -2701.6665    
  11210.573       97.833191      -2661.3333    
  11238.071       98.073166      -2621.0000    
  11265.570       98.313148      -2580.6667    
  11293.070       98.553131      -2540.3333    
  11320.569       98.793114      -2500.0000    
  11332.667       98.898689      -2479.4565    
  11344.766       99.004272      -2458.9131    
  11356.864       99.109840      -2438.3696    
  11368.961       99.215424      -2417.8264    
  11381.061       99.321007      -2397.2830    
  11393.158       99.426582      -2376.7395    
  11405.893       99.537704      -2355.1165    
  11418.627       99.648849      -2333.4929    
  11431.361       99.759972      -2311.8699    
  11444.095       99.871101      -2290.2466    
  11456.829       99.982224      -2268.6233    
  11469.562       100.09336      -2247.0000    
  11491.729       100.28680      -2203.5000    
  11513.896       100.48024      -2160.0000    
  11536.061       100.67368      -2116.5000    
  11558.227       100.86711      -2073.0000    
  11580.393       101.06055      -2029.5000    
  11602.559       101.25398      -1986.0000    
  11613.485       101.34935      -1960.6594    
  11624.412       101.44471      -1935.3188    
  11635.339       101.54007      -1909.9783    
  11646.267       101.63543      -1884.6377    
  11657.194       101.73080      -1859.2971    
  11668.120       101.82616      -1833.9564    
  11676.527       101.89950      -1814.4637    
  11684.932       101.97286      -1794.9709    
  11693.338       102.04620      -1775.4783    
  11701.743       102.11958      -1755.9855    
  11710.147       102.19292      -1736.4928    
  11718.554       102.26627      -1717.0000    
  11735.219       102.41171      -1671.1666    
  11751.887       102.55715      -1625.3333    
  11768.552       102.70261      -1579.5000    
  11785.217       102.84804      -1533.6666    
  11801.884       102.99348      -1487.8334    
  11818.550       103.13892      -1442.0000    
  11832.051       103.25673      -1395.0000    
  11845.549       103.37453      -1348.0000    
  11859.048       103.49235      -1301.0000    
  11872.548       103.61016      -1254.0000    
  11886.047       103.72797      -1207.0000    
  11899.547       103.84576      -1160.0000    
  11908.496       103.92386      -1133.0580    
  11917.444       104.00196      -1106.1160    
  11926.395       104.08006      -1079.1740    
  11935.342       104.15816      -1052.2319    
  11944.291       104.23625      -1025.2899    
  11953.240       104.31434      -998.34784    
  11960.124       104.37442      -977.62317    
  11967.008       104.43449      -956.89856    
  11973.893       104.49457      -936.17389    
  11980.775       104.55466      -915.44928    
  11987.659       104.61472      -894.72467    
  11994.543       104.67479      -874.00000    
  11994.543       104.67479      -849.91663    
  11994.543       104.67479      -825.83331    
  11994.543       104.67479      -801.75000    
  11994.543       104.67479      -777.66669    
  11994.543       104.67479      -753.58331    
  11994.543       104.67479      -729.50000    
  11994.543       104.67479      -705.41669    
  11994.543       104.67479      -681.33337    
  11994.543       104.67479      -657.25000    
  11994.543       104.67479      -633.16669    
  11994.543       104.67479      -609.08337    
  11994.543       104.67479      -585.00000    
  11994.543       104.67479      -536.33331    
  11994.543       104.67479      -487.66666    
  11994.543       104.67479      -439.00000    
  11994.543       104.67479      -390.33331    
  11994.543       104.67479      -341.66666    
  11994.543       104.67479      -293.00000    
  11994.543       104.67479      -244.16667    
  11994.543       104.67479      -195.33333    
  11994.543       104.67479      -146.50000    
  11994.543       104.67479      -97.666664    
  11994.543       104.67479      -48.833332    
  11994.543       104.67479       0.0000000    
  11994.543       104.67479       51.000000    
  11994.543       104.67479       102.00000    
  11994.543       104.67479       153.00000    
  11994.543       104.67479       204.00000    
  11994.543       104.67479       255.00000    
  11994.543       104.67479       306.00000    
  11994.543       104.67479       357.00000    
  11994.543       104.67479       408.00000    
  11994.543       104.67479       459.00000    
  11994.543       104.67479       510.00000    
  11994.543       104.67479       561.00000    
  11994.543       104.67479       612.00000    
  11991.210       104.64571       662.50000    
  11987.877       104.61662       713.00000    
  11984.543       104.58753       763.50000    
  11981.211       104.55844       814.00000    
  11977.878       104.52935       864.50000    
  11974.545       104.50026       915.00000    
  11970.560       104.46548       936.88403    
  11966.573       104.43069       958.76813    
  11962.587       104.39592       980.65216    
  11958.603       104.36114       1002.5362    
  11954.618       104.32636       1024.4203    
  11950.632       104.29158       1046.3043    
  11945.451       104.24637       1074.7537    
  11940.270       104.20116       1103.2029    
  11935.088       104.15594       1131.6521    
  11929.909       104.11073       1160.1014    
  11924.728       104.06552       1188.5507    
  11919.546       104.02029       1217.0000    
  11907.547       103.91559       1266.6666    
  11895.547       103.81086       1316.3333    
  11883.548       103.70614       1366.0000    
  11871.548       103.60143       1415.6667    
  11859.548       103.49671       1465.3334    
  11847.548       103.39199       1515.0000    
  11833.050       103.26546       1563.8334    
  11818.550       103.13892       1612.6667    
  11804.051       103.01238       1661.5000    
  11789.551       102.88585       1710.3334    
  11775.052       102.75932       1759.1667    
  11760.552       102.63278       1808.0000    
  11743.719       102.48588       1856.1667    
  11726.887       102.33897       1904.3334    
  11710.054       102.19209       1952.5000    
  11693.221       102.04520       2000.6666    
  11676.389       101.89830       2048.8333    
  11659.556       101.75140       2097.0000    
  11648.936       101.65871       2122.7810    
  11638.314       101.56603       2148.5623    
  11627.694       101.47334       2174.3433    
  11617.073       101.38066       2200.1245    
  11606.453       101.28799       2225.9055    
  11595.832       101.19529       2251.6865    
  11586.953       101.11781       2273.2390    
  11578.075       101.04034       2294.7910    
  11569.195       100.96284       2316.3433    
  11560.317       100.88536       2337.8958    
  11551.439       100.80788       2359.4478    
  11542.561       100.73040       2381.0000    
  11520.562       100.53841       2427.0000    
  11498.562       100.34642       2473.0000    
  11476.563       100.15445       2519.0000    
  11454.564       99.962463       2565.0000    
  11432.564       99.770477       2611.0000    
  11410.565       99.578499       2657.0000    
  11396.812       99.458473       2682.4348    
  11383.059       99.338448       2707.8696    
  11369.307       99.218437       2733.3042    
  11355.554       99.098412       2758.7393    
  11341.800       98.978386       2784.1741    
  11328.047       98.858360       2809.6086    
  11317.468       98.766045       2829.1738    
  11306.889       98.673714       2848.7393    
  11296.310       98.581390       2868.3042    
  11285.729       98.489067       2887.8696    
  11275.150       98.396744       2907.4348    
  11264.571       98.304428       2927.0000    
  11238.071       98.073166       2970.5000    
  11211.572       97.841911       3014.0000    
  11185.074       97.610657       3057.5000    
  11158.575       97.379410       3101.0000    
  11132.076       97.148148       3144.5000    
  11105.577       96.916901       3188.0000    
  11093.041       96.807503       3206.3335    
  11080.506       96.698112       3224.6665    
  11067.970       96.588707       3243.0000    
  11055.435       96.479309       3261.3333    
  11042.898       96.369911       3279.6667    
  11030.363       96.260521       3298.0000    
  11014.065       96.118294       3321.8333    
  10997.770       95.976074       3345.6667    
  10981.474       95.833870       3369.5000    
  10965.177       95.691643       3393.3335    
  10948.880       95.549423       3417.1667    
  10932.583       95.407211       3441.0000    
  10901.586       95.136696       3481.5000    
  10870.586       94.866173       3522.0000    
  10839.587       94.595650       3562.5000    
  10808.588       94.325127       3603.0000    
  10777.590       94.054596       3643.5000    
  10746.591       93.784073       3684.0000    
  10732.170       93.658234       3700.9565    
  10717.753       93.532402       3717.9131    
  10703.332       93.406555       3734.8694    
  10688.911       93.280716       3751.8259    
  10674.492       93.154877       3768.7827    
  10660.072       93.029045       3785.7393    
  10641.327       92.865456       3807.7827    
  10622.580       92.701859       3829.8262    
  10603.836       92.538277       3851.8696    
  10585.090       92.374680       3873.9131    
  10566.345       92.211090       3895.9565    
  10547.599       92.047501       3918.0000    
  10512.599       91.742058       3955.1665    
  10477.601       91.436630       3992.3335    
  10442.603       91.131210       4029.5000    
  10407.604       90.825783       4066.6665    
  10372.605       90.520355       4103.8330    
  10337.606       90.214920       4141.0000    
  10300.607       89.892036       4176.1665    
  10263.609       89.569160       4211.3335    
  10226.611       89.246277       4246.5000    
  10189.611       88.923393       4281.6670    
  10152.613       88.600517       4316.8335    
  10115.615       88.277634       4352.0000    
  10077.283       87.943115       4385.3335    
  10038.951       87.608597       4418.6670    
  10000.620       87.274078       4452.0000    
  9962.2871       86.939568       4485.3335    
  9923.9561       86.605049       4518.6665    
  9885.6230       86.270523       4552.0000    
  9846.1260       85.925835       4583.6670    
  9806.6260       85.581131       4615.3335    
  9767.1279       85.236435       4647.0000    
  9727.6299       84.891739       4678.6665    
  9688.1309       84.547043       4710.3335    
  9648.6328       84.202339       4742.0000    
  9630.8799       84.047417       4755.1885    
  9613.1270       83.892487       4768.3770    
  9595.3740       83.737556       4781.5654    
  9577.6211       83.582634       4794.7534    
  9559.8682       83.427704       4807.9419    
  9542.1152       83.272774       4821.1304    
  9519.0361       83.071373       4838.2754    
  9495.9570       82.869965       4855.4199    
  9472.8789       82.668556       4872.5654    
  9449.7998       82.467148       4889.7100    
  9426.7217       82.265747       4906.8550    
  9403.6426       82.064339       4924.0000    
  9361.6436       81.697830       4952.5000    
  9319.6445       81.331306       4981.0000    
  9277.6475       80.964798       5009.5000    
  9235.6484       80.598282       5038.0000    
  9193.6504       80.231773       5066.5000    
  9151.6523       79.865257       5095.0000    
  9108.6533       79.490013       5121.8335    
  9065.6543       79.114769       5148.6670    
  9022.6562       78.739525       5175.5000    
  8979.6572       78.364281       5202.3335    
  8936.6602       77.989052       5229.1665    
  8893.6611       77.613808       5256.0000    
  8871.8896       77.423813       5268.4062    
  8850.1182       77.233810       5280.8125    
  8828.3477       77.043816       5293.2188    
  8806.5752       76.853821       5305.6245    
  8784.8037       76.663818       5318.0308    
  8763.0322       76.473824       5330.4370    
  8740.6387       76.278397       5343.1973    
  8718.2451       76.082977       5355.9580    
  8695.8516       75.887543       5368.7188    
  8673.4580       75.692116       5381.4795    
  8651.0645       75.496696       5394.2393    
  8628.6709       75.301277       5407.0000    
  8583.6729       74.908577       5430.3330    
  8538.6748       74.515877       5453.6665    
  8493.6768       74.123199       5477.0000    
  8448.6787       73.730499       5500.3335    
  8403.6797       73.337807       5523.6670    
  8358.6816       72.945114       5547.0000    
  8338.1328       72.765785       5556.6050    
  8317.5840       72.586456       5566.2095    
  8297.0352       72.407127       5575.8145    
  8276.4863       72.227798       5585.4189    
  8255.9375       72.048477       5595.0234    
  8235.3887       71.869148       5604.6279    
  8209.9395       71.647057       5616.5239    
  8184.4893       71.424957       5628.4189    
  8159.0405       71.202866       5640.3140    
  8133.5908       70.980774       5652.2095    
  8108.1411       70.758675       5664.1050    
  8082.6924       70.536591       5676.0000    
  8036.0269       70.129341       5695.8330    
  7989.3623       69.722107       5715.6670    
  7942.6978       69.314865       5735.5000    
  7896.0322       68.907631       5755.3335    
  7849.3677       68.500389       5775.1665    
  7802.7031       68.093155       5795.0000    
  7757.5381       67.699005       5807.0000    
  7712.3726       67.304855       5819.0000    
  7667.2080       66.910713       5831.0000    
  7622.0430       66.516563       5843.0000    
  7576.8779       66.122414       5855.0000    
  7531.7134       65.728264       5867.0000    
  7485.0483       65.321030       5867.8330    
  7438.3838       64.913788       5868.6665    
  7391.7188       64.506554       5869.5000    
  7345.0532       64.099312       5870.3330    
  7298.3887       63.692070       5871.1665    
  7251.7236       63.284836       5872.0000    
  7206.2261       62.887779       5861.8330    
  7160.7271       62.490715       5851.6665    
  7115.2290       62.093662       5841.5000    
  7069.7310       61.696609       5831.3330    
  7024.2324       61.299549       5821.1665    
  6978.7344       60.902493       5811.0000    
  6960.5464       60.743767       5801.9419    
  6942.3589       60.585049       5792.8838    
  6924.1709       60.426323       5783.8257    
  6905.9834       60.267601       5774.7686    
  6887.7959       60.108887       5765.7104    
  6869.6079       59.950161       5756.6523    
  6845.9639       59.743820       5744.8770    
  6822.3198       59.537487       5733.1016    
  6798.6758       59.331146       5721.3257    
  6775.0322       59.124809       5709.5508    
  6751.3882       58.918468       5697.7754    
  6727.7441       58.712132       5686.0000    
  6692.0786       58.400883       5655.8330    
  6656.4131       58.089642       5625.6665    
  6620.7476       57.778389       5595.5000    
  6585.0825       57.467144       5565.3335    
  6549.4175       57.155899       5535.1665    
  6513.7520       56.844650       5505.0000    
  6486.2529       56.604668       5467.1670    
  6458.7539       56.364693       5429.3330    
  6431.2549       56.124714       5391.5000    
  6403.7563       55.884731       5353.6670    
  6376.2573       55.644753       5315.8335    
  6348.7583       55.404774       5278.0000    
  6336.5923       55.298599       5251.6665    
  6324.4258       55.192425       5225.3330    
  6312.2598       55.086254       5199.0000    
  6300.0938       54.980083       5172.6665    
  6287.9272       54.873909       5146.3330    
  6275.7612       54.767735       5120.0000    
  6263.5952       54.661564       5093.6665    
  6251.4287       54.555389       5067.3330    
  6239.2627       54.449219       5041.0000    
  6227.0967       54.343048       5014.6665    
  6214.9302       54.236870       4988.3330    
  6202.7642       54.130699       4962.0000    
  6194.4307       54.057980       4934.1665    
  6186.0977       53.985256       4906.3335    
  6177.7646       53.912537       4878.5000    
  6169.4316       53.839813       4850.6665    
  6161.0991       53.767097       4822.8335    
  6152.7656       53.694370       4795.0000    
  6136.0996       53.548931       4739.3330    
  6119.4336       53.403484       4683.6665    
  6102.7681       53.258045       4628.0000    
  6098.1519       53.217766       4595.4058    
  6093.5361       53.177483       4562.8115    
  6088.9204       53.137203       4530.2173    
  6084.3042       53.096920       4497.6230    
  6079.6885       53.056637       4465.0288    
  6075.0732       53.016361       4432.4346    
  6071.5225       52.985374       4407.3623    
  6067.9717       52.954388       4382.2900    
  6064.4214       52.923401       4357.2173    
  6060.8706       52.892418       4332.1445    
  6057.3203       52.861435       4307.0728    
  6053.7695       52.830444       4282.0000    
  6050.2695       52.799904       4233.8335    
  6046.7695       52.769360       4185.6665    
  6043.2695       52.738815       4137.5000    
  6039.7700       52.708271       4089.3335    
  6036.2700       52.677731       4041.1667    
  6032.7700       52.647190       3993.0000    
  6029.4375       52.618103       3944.8333    
  6026.1040       52.589012       3896.6667    
  6022.7705       52.559921       3848.5000    
  6019.4375       52.530838       3800.3333    
  6016.1040       52.501747       3752.1667    
  6012.7710       52.472660       3704.0000    
  6011.1045       52.458115       3679.8335    
  6009.4375       52.443569       3655.6665    
  6007.7710       52.429024       3631.5000    
  6006.1045       52.414482       3607.3335    
  6004.4385       52.399937       3583.1665    
  6002.7715       52.385391       3559.0000    
  6001.1050       52.370846       3534.8335    
  5999.4385       52.356304       3510.6665    
  5997.7720       52.341759       3486.5000    
  5996.1045       52.327213       3462.3335    
  5994.4380       52.312668       3438.1665    
  5992.7715       52.298130       3414.0000    
  5989.4385       52.269039       3365.8333    
  5986.1055       52.239952       3317.6667    
  5982.7720       52.210861       3269.5000    
  5979.4395       52.181774       3221.3333    
  5976.1055       52.152683       3173.1667    
  5972.7725       52.123596       3125.0000    
  5971.0225       52.108326       3100.9165    
  5969.2725       52.093056       3076.8333    
  5967.5225       52.077782       3052.7500    
  5965.7729       52.062511       3028.6667    
  5964.0229       52.047241       3004.5833    
  5962.2729       52.031967       2980.5000    
  5960.5229       52.016697       2956.4165    
  5958.7729       52.001423       2932.3333    
  5957.0229       51.986153       2908.2500    
  5955.2729       51.970882       2884.1667    
  5953.5234       51.955612       2860.0833    
  5951.7734       51.940342       2836.0000    
  5948.4399       51.911251       2787.8335    
  5945.1069       51.882164       2739.6667    
  5941.7739       51.853073       2691.5000    
  5938.4409       51.823986       2643.3335    
  5935.1074       51.794899       2595.1667    
  5931.7739       51.765812       2547.0000    
  5930.1069       51.751263       2522.8333    
  5928.4409       51.736721       2498.6667    
  5926.7744       51.722176       2474.5000    
  5925.1079       51.707634       2450.3333    
  5923.4409       51.693085       2426.1667    
  5921.7744       51.678543       2402.0000    
  5920.1079       51.663998       2377.8333    
  5918.4414       51.649456       2353.6667    
  5916.7749       51.634907       2329.5000    
  5915.1084       51.620365       2305.3335    
  5913.4419       51.605820       2281.1665    
  5911.7749       51.591282       2257.0000    
  5908.4414       51.562191       2208.8333    
  5905.1084       51.533104       2160.6667    
  5901.7754       51.504013       2112.5000    
  5898.4424       51.474926       2064.3335    
  5895.1089       51.445835       2016.1667    
  5891.7759       51.416748       1968.0000    
  5888.2759       51.386208       1919.8333    
  5884.7759       51.355663       1871.6666    
  5881.2759       51.325115       1823.5000    
  5877.7764       51.294571       1775.3333    
  5874.2764       51.264030       1727.1666    
  5870.7764       51.233490       1679.0000    
  5869.0488       51.218414       1653.9448    
  5867.3203       51.203331       1628.8896    
  5865.5928       51.188251       1603.8344    
  5863.8647       51.173172       1578.7792    
  5862.1372       51.158096       1553.7240    
  5860.4092       51.143017       1528.6688    
  5858.8037       51.129005       1505.3907    
  5857.1982       51.114994       1482.1127    
  5855.5933       51.100986       1458.8344    
  5853.9883       51.086979       1435.5563    
  5852.3828       51.072968       1412.2782    
  5850.7773       51.058956       1389.0000    
  5847.4438       51.029873       1340.8333    
  5844.1104       51.000782       1292.6666    
  5840.7778       50.971695       1244.5000    
  5837.4443       50.942604       1196.3333    
  5834.1113       50.913517       1148.1666    
  5830.7778       50.884426       1100.0000    
  5830.7778       50.884426       1052.0000    
  5830.7778       50.884426       1003.9999    
  5830.7778       50.884426       956.00000    
  5830.7778       50.884426       908.00000    
  5830.7778       50.884426       860.00000    
  5830.7778       50.884426       812.00000    
  5830.7778       50.884426       764.16663    
  5830.7778       50.884426       716.33331    
  5830.7778       50.884426       668.50000    
  5830.7778       50.884426       620.66669    
  5830.7778       50.884426       572.83337    
  5830.7778       50.884426       525.00000    
  5830.7778       50.884426       477.16666    
  5830.7778       50.884426       429.33334    
  5830.7778       50.884426       381.50000    
  5830.7778       50.884426       333.66666    
  5830.7778       50.884426       285.83334    
  5830.7778       50.884426       238.00000    
  5830.7778       50.884426       190.00000    
  5830.7778       50.884426       142.00000    
  5830.7778       50.884426       94.000000    
  5830.7778       50.884426       46.000000    
  5830.7778       50.884426      -2.0000000    
  5830.7778       50.884426      -50.000000    
  5830.7778       50.884426      -98.000000    
  5830.7778       50.884426      -146.00000    
  5830.7778       50.884426      -194.00000    
  5830.7778       50.884426      -242.00000    
  5830.7778       50.884426      -290.00000    
  5830.7778       50.884426      -338.00000    
  5830.7778       50.884426      -385.83331    
  5830.7778       50.884426      -433.66669    
  5830.7778       50.884426      -481.50000    
  5830.7778       50.884426      -529.33337    
  5830.7778       50.884426      -577.16669    
  5830.7778       50.884426      -625.00000    
  5830.7778       50.884426      -672.83331    
  5830.7778       50.884426      -720.66663    
  5830.7778       50.884426      -768.50000    
  5830.7778       50.884426      -816.33337    
  5830.7778       50.884426      -864.16669    
  5830.7778       50.884426      -912.00000    
  5830.7778       50.884426      -960.00000    
  5830.7778       50.884426      -1008.0000    
  5830.7778       50.884426      -1056.0000    
  5830.7778       50.884426      -1104.0000    
  5830.7778       50.884426      -1152.0000    
  5830.7778       50.884426      -1200.0000    
  5833.0239       50.904030      -1221.7391    
  5835.2705       50.923634      -1243.4783    
  5837.5166       50.943237      -1265.2174    
  5839.7632       50.962841      -1286.9565    
  5842.0093       50.982441      -1308.6957    
  5844.2554       51.002045      -1330.4348    
  5847.1763       51.027534      -1358.6957    
  5850.0962       51.053013      -1386.9565    
  5853.0166       51.078499      -1415.2174    
  5855.9360       51.103981      -1443.4783    
  5858.8564       51.129467      -1471.7391    
  5861.7769       51.154949      -1500.0000    
  5867.1099       51.201492      -1549.8333    
  5872.4434       51.248035      -1599.6667    
  5877.7764       51.294571      -1649.5000    
  5883.1089       51.341118      -1699.3333    
  5888.4424       51.387657      -1749.1666    
  5893.7754       51.434200      -1799.0000    
  5898.9419       51.479286      -1849.0000    
  5904.1084       51.524372      -1899.0000    
  5909.2749       51.569462      -1949.0000    
  5914.4414       51.614548      -1999.0000    
  5919.6074       51.659634      -2049.0000    
  5924.7744       51.704723      -2099.0000    
  5927.7886       51.731030      -2127.2610    
  5930.8027       51.757332      -2155.5217    
  5933.8174       51.783642      -2183.7825    
  5936.8320       51.809948      -2212.0435    
  5939.8467       51.836250      -2240.3042    
  5942.8608       51.862560      -2268.5652    
  5945.1797       51.882797      -2290.3044    
  5947.4985       51.903030      -2312.0435    
  5949.8174       51.923267      -2333.7827    
  5952.1362       51.943504      -2355.5217    
  5954.4551       51.963737      -2377.2610    
  5956.7729       51.983971      -2399.0000    
  5961.9399       52.029057      -2448.8333    
  5967.1060       52.074146      -2498.6667    
  5972.2725       52.119232      -2548.5000    
  5977.4395       52.164318      -2598.3333    
  5982.6055       52.209408      -2648.1667    
  5987.7720       52.254494      -2698.0000    
  5990.4390       52.277767      -2723.0000    
  5993.1050       52.301033      -2748.0000    
  5995.7715       52.324306      -2773.0000    
  5998.4385       52.347580      -2798.0000    
  6001.1050       52.370846      -2823.0000    
  6003.7720       52.394123      -2848.0000    
  6006.4380       52.417389      -2873.0000    
  6009.1045       52.440659      -2898.0000    
  6011.7710       52.463928      -2923.0000    
  6014.4375       52.487202      -2948.0000    
  6017.1040       52.510475      -2973.0000    
  6019.7705       52.533741      -2998.0000    
  6024.9370       52.578831      -3047.8335    
  6030.1035       52.623920      -3097.6667    
  6035.2700       52.669003      -3147.5000    
  6040.4365       52.714092      -3197.3333    
  6045.6030       52.759178      -3247.1667    
  6050.7700       52.804264      -3297.0000    
  6053.0889       52.824501      -3318.7393    
  6055.4072       52.844738      -3340.4783    
  6057.7261       52.864971      -3362.2175    
  6060.0449       52.885208      -3383.9565    
  6062.3638       52.905445      -3405.6956    
  6064.6826       52.925678      -3427.4346    
  6067.6963       52.951984      -3455.6956    
  6070.7104       52.978287      -3483.9565    
  6073.7251       53.004597      -3512.2173    
  6076.7397       53.030903      -3540.4783    
  6079.7539       53.057209      -3568.7393    
  6082.7686       53.083515      -3597.0000    
  6087.9351       53.128605      -3647.0000    
  6093.1011       53.173687      -3697.0000    
  6098.2676       53.218773      -3747.0000    
  6103.4346       53.263866      -3797.0000    
  6108.6006       53.308949      -3847.0000    
  6113.7671       53.354034      -3897.0000    
  6119.1001       53.400581      -3946.8333    
  6124.4336       53.447121      -3996.6667    
  6129.7671       53.493664      -4046.5002    
  6135.1001       53.540203      -4096.3335    
  6140.4326       53.586742      -4146.1670    
  6145.7656       53.633289      -4196.0000    
  6150.9321       53.678371      -4246.0000    
  6156.0986       53.723461      -4296.0000    
  6161.2651       53.768551      -4346.0000    
  6166.4321       53.813633      -4396.0000    
  6171.5986       53.858723      -4446.0000    
  6176.7651       53.903812      -4496.0000    
  6182.0981       53.950352      -4546.0000    
  6187.4312       53.996895      -4596.0000    
  6192.7637       54.043430      -4646.0000    
  6198.0972       54.089973      -4696.0000    
  6203.4307       54.136517      -4746.0000    
  6208.7637       54.183060      -4796.0000    
  6213.2109       54.221870      -4838.2856    
  6217.6577       54.260677      -4880.5703    
  6222.1050       54.299488      -4922.8560    
  6226.5522       54.338299      -4965.1411    
  6230.9995       54.377110      -5007.4263    
  6235.4468       54.415924      -5049.7119    
  6238.8677       54.445774      -5082.2393    
  6242.2891       54.475628      -5114.7661    
  6245.7095       54.505482      -5147.2930    
  6249.1304       54.535332      -5179.8203    
  6252.5518       54.565189      -5212.3477    
  6255.9717       54.595043      -5244.8745    
  6258.6035       54.618004      -5269.8955    
  6261.2354       54.640972      -5294.9165    
  6263.8667       54.663937      -5319.9370    
  6266.4985       54.686905      -5344.9585    
  6269.1299       54.709866      -5369.9790    
  6271.7607       54.732830      -5395.0000    
  6299.2603       54.972809      -5413.1665    
  6326.7593       55.212791      -5431.3335    
  6354.2583       55.452766      -5449.5000    
  6381.7568       55.692749      -5467.6665    
  6409.2559       55.932732      -5485.8330    
  6436.7549       56.172707      -5504.0000    
  6444.7544       56.242523      -5539.3335    
  6452.7544       56.312332      -5574.6665    
  6460.7539       56.382145      -5610.0000    
  6468.7534       56.451958      -5645.3335    
  6476.7539       56.521774      -5680.6665    
  6484.7529       56.591587      -5716.0000    
  6478.4492       56.536572      -5740.6377    
  6472.1445       56.481552      -5765.2754    
  6465.8408       56.426537      -5789.9131    
  6459.5366       56.371521      -5814.5508    
  6453.2329       56.316505      -5839.1885    
  6446.9287       56.261494      -5863.8262    
  6438.7329       56.189972      -5895.8550    
  6430.5376       56.118454      -5927.8843    
  6422.3423       56.046932      -5959.9131    
  6414.1475       55.975414      -5991.9419    
  6405.9517       55.903893      -6023.9712    
  6397.7559       55.832371      -6056.0000    
  6389.5610       55.760853      -6087.9351    
  6381.3652       55.689331      -6119.8696    
  6373.1704       55.617817      -6151.8047    
  6364.9751       55.546295      -6183.7393    
  6356.7798       55.474777      -6215.6738    
  6348.5840       55.403255      -6247.6089    
  6342.2803       55.348240      -6272.1738    
  6335.9761       55.293224      -6296.7393    
  6329.6724       55.238209      -6321.3042    
  6323.3682       55.183197      -6345.8696    
  6317.0640       55.128178      -6370.4346    
  6310.7598       55.073166      -6395.0000    
  6332.2080       55.260345      -6402.6812    
  6353.6567       55.447517      -6410.3623    
  6375.1050       55.634697      -6418.0435    
  6396.5537       55.821877      -6425.7246    
  6418.0015       56.009056      -6433.4058    
  6439.4507       56.196236      -6441.0869    
  6467.3340       56.439564      -6451.0728    
  6495.2163       56.682896      -6461.0581    
  6523.0996       56.926224      -6471.0435    
  6550.9824       57.169556      -6481.0288    
  6578.8657       57.412888      -6491.0146    
  6606.7480       57.656216      -6501.0000    
  6634.6313       57.899551      -6510.9854    
  6662.5142       58.142883      -6520.9707    
  6690.3979       58.386215      -6530.9565    
  6718.2808       58.629547      -6540.9424    
  6746.1636       58.872875      -6550.9277    
  6774.0464       59.116207      -6560.9131    
  6795.4946       59.303383      -6568.5938    
  6816.9438       59.490566      -6576.2754    
  6838.3916       59.677738      -6583.9565    
  6859.8398       59.864918      -6591.6377    
  6881.2886       60.052097      -6599.3188    
  6902.7373       60.239273      -6607.0000    
  6924.1855       60.426456      -6614.7539    
  6945.6338       60.613628      -6622.5073    
  6967.0825       60.800804      -6630.2607    
  6988.5312       60.987988      -6638.0142    
  7009.9795       61.175163      -6645.7681    
  7031.4277       61.362347      -6653.5215    
  7059.3110       61.605675      -6663.6016    
  7087.1938       61.849007      -6673.6812    
  7115.0771       62.092335      -6683.7607    
  7142.9600       62.335667      -6693.8403    
  7170.8428       62.578999      -6703.9204    
  7198.7256       62.822327      -6714.0000    
  7226.6089       63.065655      -6723.9858    
  7254.4917       63.308990      -6733.9712    
  7282.3750       63.552326      -6743.9565    
  7310.2578       63.795654      -6753.9419    
  7338.1411       64.038986      -6763.9272    
  7366.0239       64.282310      -6773.9131    
  7387.4722       64.469498      -6781.5942    
  7408.9209       64.656677      -6789.2754    
  7430.3691       64.843849      -6796.9565    
  7451.8174       65.031021      -6804.6377    
  7473.2661       65.218201      -6812.3188    
  7494.7148       65.405380      -6820.0000    
  7517.2637       65.602165      -6828.0752    
  7539.8135       65.798950      -6836.1509    
  7562.3628       65.995735      -6844.2266    
  7584.9116       66.192520      -6852.3018    
  7607.4609       66.389305      -6860.3770    
  7630.0107       66.586090      -6868.4526    
  7656.7930       66.819817      -6878.0435    
  7683.5747       67.053543      -6887.6348    
  7710.3569       67.287270      -6897.2266    
  7737.1392       67.520988      -6906.8174    
  7763.9214       67.754715      -6916.4087    
  7790.7031       67.988434      -6926.0000    
  7818.5864       68.231766      -6936.0796    
  7846.4688       68.475098      -6946.1592    
  7874.3525       68.718430      -6956.2393    
  7902.2354       68.961761      -6966.3188    
  7930.1187       69.205101      -6976.3984    
  7958.0015       69.448425      -6986.4785    
  7979.4497       69.635597      -6994.2319    
  8000.8984       69.822784      -7001.9854    
  8022.3477       70.009964      -7009.7388    
  8043.7954       70.197136      -7017.4927    
  8065.2437       70.384315      -7025.2461    
  8086.6919       70.571487      -7033.0000    
  8114.5752       70.814827      -7042.9854    
  8142.4580       71.058151      -7052.9707    
  8170.3413       71.301491      -7062.9565    
  8198.2236       71.544807      -7072.9424    
  8226.1074       71.788147      -7082.9277    
  8253.9893       72.031479      -7092.9131    
  8275.4395       72.218666      -7100.5942    
  8296.8877       72.405838      -7108.2754    
  8318.3359       72.593010      -7115.9565    
  8339.7832       72.780190      -7123.6377    
  8361.2314       72.967369      -7131.3188    
  8382.6807       73.154549      -7139.0000    
  8379.2021       73.124191      -7113.8550    
  8375.7246       73.093842      -7088.7104    
  8372.2471       73.063484      -7063.5654    
  8368.7686       73.033142      -7038.4204    
  8365.2910       73.002785      -7013.2754    
  8361.8115       72.972427      -6988.1304    
  8357.2900       72.932968      -6955.4419    
  8352.7686       72.893517      -6922.7539    
  8348.2471       72.854050      -6890.0654    
  8343.7266       72.814590      -6857.3765    
  8339.2041       72.775124      -6824.6885    
  8334.6826       72.735672      -6792.0000    
  8330.9531       72.703125      -6764.4634    
  8327.2236       72.670578      -6736.9268    
  8323.4941       72.638031      -6709.3896    
  8319.7637       72.605484      -6681.8530    
  8316.0342       72.572929      -6654.3159    
  8312.3047       72.540382      -6626.7793    
  8308.2012       72.504570      -6596.4829    
  8304.0977       72.468758      -6566.1860    
  8299.9951       72.432961      -6535.8896    
  8295.8916       72.397148      -6505.5928    
  8291.7881       72.361336      -6475.2964    
  8287.6846       72.325531      -6445.0000    
  8334.8496       72.737129      -6420.8330    
  8382.0146       73.148735      -6396.6665    
  8429.1787       73.560326      -6372.5000    
  8476.3438       73.971924      -6348.3335    
  8523.5088       74.383537      -6324.1670    
  8570.6738       74.795135      -6300.0000    
  8599.3398       75.045296      -6260.5000    
  8628.0049       75.295456      -6221.0000    
  8656.6699       75.545616      -6181.5000    
  8685.3359       75.795784      -6142.0000    
  8714.0020       76.045937      -6102.5000    
  8742.6670       76.296097      -6063.0000    
  8742.6670      -76.296097      -6063.0000    
  8771.5000      -76.547714      -6023.5000    
  8800.3320      -76.799332      -5984.0000    
  8829.1631      -77.050949      -5944.5000    
  8857.9961      -77.302559      -5905.0000    
  8886.8281      -77.554184      -5865.5000    
  8915.6611      -77.805794      -5826.0000    
  8931.8633      -77.947189      -5803.5796    
  8948.0654      -78.088585      -5781.1592    
  8964.2676      -78.229980      -5758.7388    
  8980.4697      -78.371376      -5736.3188    
  8996.6719      -78.512764      -5713.8984    
  9012.8740      -78.654152      -5691.4780    
  9025.3379      -78.762924      -5674.2319    
  9037.8008      -78.871689      -5656.9854    
  9050.2646      -78.980453      -5639.7393    
  9062.7266      -79.089226      -5622.4927    
  9075.1904      -79.197990      -5605.2466    
  9087.6543      -79.306763      -5588.0000    
  9116.3193      -79.556915      -5548.5000    
  9144.9854      -79.807076      -5509.0000    
  9173.6504      -80.057236      -5469.5000    
  9202.3164      -80.307396      -5430.0000    
  9230.9814      -80.557564      -5390.5000    
  9259.6475      -80.807724      -5351.0000    
  9274.0645      -80.933525      -5331.2500    
  9288.4795      -81.059334      -5311.5000    
  9302.8965      -81.185150      -5291.7500    
  9317.3125      -81.310951      -5272.0000    
  9331.7275      -81.436760      -5252.2500    
  9346.1445      -81.562561      -5232.5000    
  9360.5605      -81.688377      -5212.7500    
  9374.9775      -81.814186      -5193.0000    
  9389.3916      -81.939980      -5173.2500    
  9403.8086      -82.065788      -5153.5000    
  9418.2246      -82.191597      -5133.7500    
  9432.6396      -82.317406      -5114.0000    
  9461.3066      -82.567574      -5074.5000    
  9489.9717      -82.817734      -5035.0000    
  9518.6377      -83.067894      -4995.5000    
  9547.3027      -83.318047      -4956.0000    
  9575.9688      -83.568207      -4916.5000    
  9604.6348      -83.818367      -4877.0000    
  9633.2998      -84.068535      -4837.5000    
  9661.9658      -84.318695      -4798.0000    
  9690.6309      -84.568855      -4758.5000    
  9719.2969      -84.819008      -4719.0000    
  9747.9619      -85.069176      -4679.5000    
  9776.6289      -85.319344      -4640.0000    
  9791.0439      -85.445152      -4620.1670    
  9805.4590      -85.570946      -4600.3330    
  9819.8760      -85.696754      -4580.5000    
  9834.2910      -85.822563      -4560.6665    
  9848.7080      -85.948372      -4540.8335    
  9863.1240      -86.074181      -4521.0000    
  9877.5410      -86.199982      -4501.1670    
  9891.9561      -86.325798      -4481.3335    
  9906.3721      -86.451607      -4461.5000    
  9920.7891      -86.577408      -4441.6665    
  9935.2041      -86.703217      -4421.8335    
  9949.6211      -86.829025      -4402.0000    
  9978.2871      -87.079185      -4362.5000    
  10006.952      -87.329353      -4323.0000    
  10035.618      -87.579514      -4283.5000    
  10064.283      -87.829674      -4244.0000    
  10092.949      -88.079834      -4204.5000    
  10121.614      -88.329987      -4165.0000    
  10150.280      -88.580147      -4125.5000    
  10178.945      -88.830315      -4086.0000    
  10207.611      -89.080475      -4046.5002    
  10236.276      -89.330635      -4007.0000    
  10264.942      -89.580795      -3967.5000    
  10293.607      -89.830948      -3928.0000    
  10308.023      -89.956757      -3908.2500    
  10322.440      -90.082573      -3888.5000    
  10336.855      -90.208374      -3868.7500    
  10351.272      -90.334183      -3849.0000    
  10365.688      -90.459991      -3829.2500    
  10380.105      -90.585800      -3809.5000    
  10394.521      -90.711609      -3789.7500    
  10408.938      -90.837410      -3770.0000    
  10423.354      -90.963219      -3750.2500    
  10437.769      -91.089035      -3730.5000    
  10452.186      -91.214836      -3710.7500    
  10466.602      -91.340645      -3691.0000    
  10495.267      -91.590805      -3651.5000    
  10523.933      -91.840965      -3612.0000    
  10552.599      -92.091133      -3572.5000    
  10581.264      -92.341286      -3533.0000    
  10609.929      -92.591446      -3493.5000    
  10638.595      -92.841614      -3454.0000    
  10651.059      -92.950371      -3436.7534    
  10663.521      -93.059135      -3419.5073    
  10675.985      -93.167908      -3402.2607    
  10688.448      -93.276672      -3385.0146    
  10700.912      -93.385437      -3367.7681    
  10713.374      -93.494202      -3350.5217    
  10729.577      -93.635597      -3328.1013    
  10745.779      -93.776993      -3305.6812    
  10761.981      -93.918388      -3283.2607    
  10778.184      -94.059784      -3260.8406    
  10794.386      -94.201180      -3238.4202    
  10810.588      -94.342575      -3216.0000    
  10839.420      -94.594185      -3176.5000    
  10868.253      -94.845802      -3137.0000    
  10897.085      -95.097420      -3097.5000    
  10925.918      -95.349037      -3058.0000    
  10954.750      -95.600647      -3018.5000    
  10983.582      -95.852264      -2979.0000    
  11012.247      -96.102425      -2939.5000    
  11040.913      -96.352585      -2900.0000    
  11069.578      -96.602745      -2860.5000    
  11098.244      -96.852905      -2821.0000    
  11126.910      -97.103073      -2781.5000    
  11155.576      -97.353226      -2742.0000    
  11183.074      -97.593208      -2701.6665    
  11210.573      -97.833191      -2661.3333    
  11238.071      -98.073166      -2621.0000    
  11265.570      -98.313148      -2580.6667    
  11293.070      -98.553131      -2540.3333    
  11320.569      -98.793114      -2500.0000    
  11332.667      -98.898689      -2479.4565    
  11344.766      -99.004272      -2458.9131    
  11356.864      -99.109840      -2438.3696    
  11368.961      -99.215424      -2417.8264    
  11381.061      -99.321007      -2397.2830    
  11393.158      -99.426582      -2376.7395    
  11405.893      -99.537704      -2355.1165    
  11418.627      -99.648849      -2333.4929    
  11431.361      -99.759972      -2311.8699    
  11444.095      -99.871101      -2290.2466    
  11456.829      -99.982224      -2268.6233    
  11469.562      -100.09336      -2247.0000    
  11491.729      -100.28680      -2203.5000    
  11513.896      -100.48024      -2160.0000    
  11536.061      -100.67368      -2116.5000    
  11558.227      -100.86711      -2073.0000    
  11580.393      -101.06055      -2029.5000    
  11602.559      -101.25398      -1986.0000    
  11613.485      -101.34935      -1960.6594    
  11624.412      -101.44471      -1935.3188    
  11635.339      -101.54007      -1909.9783    
  11646.267      -101.63543      -1884.6377    
  11657.194      -101.73080      -1859.2971    
  11668.120      -101.82616      -1833.9564    
  11676.527      -101.89950      -1814.4637    
  11684.932      -101.97286      -1794.9709    
  11693.338      -102.04620      -1775.4783    
  11701.743      -102.11958      -1755.9855    
  11710.147      -102.19292      -1736.4928    
  11718.554      -102.26627      -1717.0000    
  11735.219      -102.41171      -1671.1666    
  11751.887      -102.55715      -1625.3333    
  11768.552      -102.70261      -1579.5000    
  11785.217      -102.84804      -1533.6666    
  11801.884      -102.99348      -1487.8334    
  11818.550      -103.13892      -1442.0000    
  11832.051      -103.25673      -1395.0000    
  11845.549      -103.37453      -1348.0000    
  11859.048      -103.49235      -1301.0000    
  11872.548      -103.61016      -1254.0000    
  11886.047      -103.72797      -1207.0000    
  11899.547      -103.84576      -1160.0000    
  11908.496      -103.92386      -1133.0580    
  11917.444      -104.00196      -1106.1160    
  11926.395      -104.08006      -1079.1740    
  11935.342      -104.15816      -1052.2319    
  11944.291      -104.23625      -1025.2899    
  11953.240      -104.31434      -998.34784    
  11960.124      -104.37442      -977.62317    
  11967.008      -104.43449      -956.89856    
  11973.893      -104.49457      -936.17389    
  11980.775      -104.55466      -915.44928    
  11987.659      -104.61472      -894.72467    
  11994.543      -104.67479      -874.00000    
  11994.543      -104.67479      -849.91663    
  11994.543      -104.67479      -825.83331    
  11994.543      -104.67479      -801.75000    
  11994.543      -104.67479      -777.66669    
  11994.543      -104.67479      -753.58331    
  11994.543      -104.67479      -729.50000    
  11994.543      -104.67479      -705.41669    
  11994.543      -104.67479      -681.33337    
  11994.543      -104.67479      -657.25000    
  11994.543      -104.67479      -633.16669    
  11994.543      -104.67479      -609.08337    
  11994.543      -104.67479      -585.00000    
  11994.543      -104.67479      -536.33331    
  11994.543      -104.67479      -487.66666    
  11994.543      -104.67479      -439.00000    
  11994.543      -104.67479      -390.33331    
  11994.543      -104.67479      -341.66666    
  11994.543      -104.67479      -293.00000    
  11994.543      -104.67479      -244.16667    
  11994.543      -104.67479      -195.33333    
  11994.543      -104.67479      -146.50000    
  11994.543      -104.67479      -97.666664    
  11994.543      -104.67479      -48.833332    
  11994.543      -104.67479       0.0000000    
  11994.543      -104.67479       51.000000    
  11994.543      -104.67479       102.00000    
  11994.543      -104.67479       153.00000    
  11994.543      -104.67479       204.00000    
  11994.543      -104.67479       255.00000    
  11994.543      -104.67479       306.00000    
  11994.543      -104.67479       357.00000    
  11994.543      -104.67479       408.00000    
  11994.543      -104.67479       459.00000    
  11994.543      -104.67479       510.00000    
  11994.543      -104.67479       561.00000    
  11994.543      -104.67479       612.00000    
  11991.210      -104.64571       662.50000    
  11987.877      -104.61662       713.00000    
  11984.543      -104.58753       763.50000    
  11981.211      -104.55844       814.00000    
  11977.878      -104.52935       864.50000    
  11974.545      -104.50026       915.00000    
  11970.560      -104.46548       936.88403    
  11966.573      -104.43069       958.76813    
  11962.587      -104.39592       980.65216    
  11958.603      -104.36114       1002.5362    
  11954.618      -104.32636       1024.4203    
  11950.632      -104.29158       1046.3043    
  11945.451      -104.24637       1074.7537    
  11940.270      -104.20116       1103.2029    
  11935.088      -104.15594       1131.6521    
  11929.909      -104.11073       1160.1014    
  11924.728      -104.06552       1188.5507    
  11919.546      -104.02029       1217.0000    
  11907.547      -103.91559       1266.6666    
  11895.547      -103.81086       1316.3333    
  11883.548      -103.70614       1366.0000    
  11871.548      -103.60143       1415.6667    
  11859.548      -103.49671       1465.3334    
  11847.548      -103.39199       1515.0000    
  11833.050      -103.26546       1563.8334    
  11818.550      -103.13892       1612.6667    
  11804.051      -103.01238       1661.5000    
  11789.551      -102.88585       1710.3334    
  11775.052      -102.75932       1759.1667    
  11760.552      -102.63278       1808.0000    
  11743.719      -102.48588       1856.1667    
  11726.887      -102.33897       1904.3334    
  11710.054      -102.19209       1952.5000    
  11693.221      -102.04520       2000.6666    
  11676.389      -101.89830       2048.8333    
  11659.556      -101.75140       2097.0000    
  11648.936      -101.65871       2122.7810    
  11638.314      -101.56603       2148.5623    
  11627.694      -101.47334       2174.3433    
  11617.073      -101.38066       2200.1245    
  11606.453      -101.28799       2225.9055    
  11595.832      -101.19529       2251.6865    
  11586.953      -101.11781       2273.2390    
  11578.075      -101.04034       2294.7910    
  11569.195      -100.96284       2316.3433    
  11560.317      -100.88536       2337.8958    
  11551.439      -100.80788       2359.4478    
  11542.561      -100.73040       2381.0000    
  11520.562      -100.53841       2427.0000    
  11498.562      -100.34642       2473.0000    
  11476.563      -100.15445       2519.0000    
  11454.564      -99.962463       2565.0000    
  11432.564      -99.770477       2611.0000    
  11410.565      -99.578499       2657.0000    
  11396.812      -99.458473       2682.4348    
  11383.059      -99.338448       2707.8696    
  11369.307      -99.218437       2733.3042    
  11355.554      -99.098412       2758.7393    
  11341.800      -98.978386       2784.1741    
  11328.047      -98.858360       2809.6086    
  11317.468      -98.766045       2829.1738    
  11306.889      -98.673714       2848.7393    
  11296.310      -98.581390       2868.3042    
  11285.729      -98.489067       2887.8696    
  11275.150      -98.396744       2907.4348    
  11264.571      -98.304428       2927.0000    
  11238.071      -98.073166       2970.5000    
  11211.572      -97.841911       3014.0000    
  11185.074      -97.610657       3057.5000    
  11158.575      -97.379410       3101.0000    
  11132.076      -97.148148       3144.5000    
  11105.577      -96.916901       3188.0000    
  11093.041      -96.807503       3206.3335    
  11080.506      -96.698112       3224.6665    
  11067.970      -96.588707       3243.0000    
  11055.435      -96.479309       3261.3333    
  11042.898      -96.369911       3279.6667    
  11030.363      -96.260521       3298.0000    
  11014.065      -96.118294       3321.8333    
  10997.770      -95.976074       3345.6667    
  10981.474      -95.833870       3369.5000    
  10965.177      -95.691643       3393.3335    
  10948.880      -95.549423       3417.1667    
  10932.583      -95.407211       3441.0000    
  10901.586      -95.136696       3481.5000    
  10870.586      -94.866173       3522.0000    
  10839.587      -94.595650       3562.5000    
  10808.588      -94.325127       3603.0000    
  10777.590      -94.054596       3643.5000    
  10746.591      -93.784073       3684.0000    
  10732.170      -93.658234       3700.9565    
  10717.753      -93.532402       3717.9131    
  10703.332      -93.406555       3734.8694    
  10688.911      -93.280716       3751.8259    
  10674.492      -93.154877       3768.7827    
  10660.072      -93.029045       3785.7393    
  10641.327      -92.865456       3807.7827    
  10622.580      -92.701859       3829.8262    
  10603.836      -92.538277       3851.8696    
  10585.090      -92.374680       3873.9131    
  10566.345      -92.211090       3895.9565    
  10547.599      -92.047501       3918.0000    
  10512.599      -91.742058       3955.1665    
  10477.601      -91.436630       3992.3335    
  10442.603      -91.131210       4029.5000    
  10407.604      -90.825783       4066.6665    
  10372.605      -90.520355       4103.8330    
  10337.606      -90.214920       4141.0000    
  10300.607      -89.892036       4176.1665    
  10263.609      -89.569160       4211.3335    
  10226.611      -89.246277       4246.5000    
  10189.611      -88.923393       4281.6670    
  10152.613      -88.600517       4316.8335    
  10115.615      -88.277634       4352.0000    
  10077.283      -87.943115       4385.3335    
  10038.951      -87.608597       4418.6670    
  10000.620      -87.274078       4452.0000    
  9962.2871      -86.939568       4485.3335    
  9923.9561      -86.605049       4518.6665    
  9885.6230      -86.270523       4552.0000    
  9846.1260      -85.925835       4583.6670    
  9806.6260      -85.581131       4615.3335    
  9767.1279      -85.236435       4647.0000    
  9727.6299      -84.891739       4678.6665    
  9688.1309      -84.547043       4710.3335    
  9648.6328      -84.202339       4742.0000    
  9630.8799      -84.047417       4755.1885    
  9613.1270      -83.892487       4768.3770    
  9595.3740      -83.737556       4781.5654    
  9577.6211      -83.582634       4794.7534    
  9559.8682      -83.427704       4807.9419    
  9542.1152      -83.272774       4821.1304    
  9519.0361      -83.071373       4838.2754    
  9495.9570      -82.869965       4855.4199    
  9472.8789      -82.668556       4872.5654    
  9449.7998      -82.467148       4889.7100    
  9426.7217      -82.265747       4906.8550    
  9403.6426      -82.064339       4924.0000    
  9361.6436      -81.697830       4952.5000    
  9319.6445      -81.331306       4981.0000    
  9277.6475      -80.964798       5009.5000    
  9235.6484      -80.598282       5038.0000    
  9193.6504      -80.231773       5066.5000    
  9151.6523      -79.865257       5095.0000    
  9108.6533      -79.490013       5121.8335    
  9065.6543      -79.114769       5148.6670    
  9022.6562      -78.739525       5175.5000    
  8979.6572      -78.364281       5202.3335    
  8936.6602      -77.989052       5229.1665    
  8893.6611      -77.613808       5256.0000    
  8871.8896      -77.423813       5268.4062    
  8850.1182      -77.233810       5280.8125    
  8828.3477      -77.043816       5293.2188    
  8806.5752      -76.853821       5305.6245    
  8784.8037      -76.663818       5318.0308    
  8763.0322      -76.473824       5330.4370    
  8740.6387      -76.278397       5343.1973    
  8718.2451      -76.082977       5355.9580    
  8695.8516      -75.887543       5368.7188    
  8673.4580      -75.692116       5381.4795    
  8651.0645      -75.496696       5394.2393    
  8628.6709      -75.301277       5407.0000    
  8583.6729      -74.908577       5430.3330    
  8538.6748      -74.515877       5453.6665    
  8493.6768      -74.123199       5477.0000    
  8448.6787      -73.730499       5500.3335    
  8403.6797      -73.337807       5523.6670    
  8358.6816      -72.945114       5547.0000    
  8338.1328      -72.765785       5556.6050    
  8317.5840      -72.586456       5566.2095    
  8297.0352      -72.407127       5575.8145    
  8276.4863      -72.227798       5585.4189    
  8255.9375      -72.048477       5595.0234    
  8235.3887      -71.869148       5604.6279    
  8209.9395      -71.647057       5616.5239    
  8184.4893      -71.424957       5628.4189    
  8159.0405      -71.202866       5640.3140    
  8133.5908      -70.980774       5652.2095    
  8108.1411      -70.758675       5664.1050    
  8082.6924      -70.536591       5676.0000    
  8036.0269      -70.129341       5695.8330    
  7989.3623      -69.722107       5715.6670    
  7942.6978      -69.314865       5735.5000    
  7896.0322      -68.907631       5755.3335    
  7849.3677      -68.500389       5775.1665    
  7802.7031      -68.093155       5795.0000    
  7757.5381      -67.699005       5807.0000    
  7712.3726      -67.304855       5819.0000    
  7667.2080      -66.910713       5831.0000    
  7622.0430      -66.516563       5843.0000    
  7576.8779      -66.122414       5855.0000    
  7531.7134      -65.728264       5867.0000    
  7485.0483      -65.321030       5867.8330    
  7438.3838      -64.913788       5868.6665    
  7391.7188      -64.506554       5869.5000    
  7345.0532      -64.099312       5870.3330    
  7298.3887      -63.692070       5871.1665    
  7251.7236      -63.284836       5872.0000    
  7206.2261      -62.887779       5861.8330    
  7160.7271      -62.490715       5851.6665    
  7115.2290      -62.093662       5841.5000    
  7069.7310      -61.696609       5831.3330    
  7024.2324      -61.299549       5821.1665    
  6978.7344      -60.902493       5811.0000    
  6960.5464      -60.743767       5801.9419    
  6942.3589      -60.585049       5792.8838    
  6924.1709      -60.426323       5783.8257    
  6905.9834      -60.267601       5774.7686    
  6887.7959      -60.108887       5765.7104    
  6869.6079      -59.950161       5756.6523    
  6845.9639      -59.743820       5744.8770    
  6822.3198      -59.537487       5733.1016    
  6798.6758      -59.331146       5721.3257    
  6775.0322      -59.124809       5709.5508    
  6751.3882      -58.918468       5697.7754    
  6727.7441      -58.712132       5686.0000    
  6692.0786      -58.400883       5655.8330    
  6656.4131      -58.089642       5625.6665    
  6620.7476      -57.778389       5595.5000    
  6585.0825      -57.467144       5565.3335    
  6549.4175      -57.155899       5535.1665    
  6513.7520      -56.844650       5505.0000    
  6486.2529      -56.604668       5467.1670    
  6458.7539      -56.364693       5429.3330    
  6431.2549      -56.124714       5391.5000    
  6403.7563      -55.884731       5353.6670    
  6376.2573      -55.644753       5315.8335    
  6348.7583      -55.404774       5278.0000    
  6336.5923      -55.298599       5251.6665    
  6324.4258      -55.192425       5225.3330    
  6312.2598      -55.086254       5199.0000    
  6300.0938      -54.980083       5172.6665    
  6287.9272      -54.873909       5146.3330    
  6275.7612      -54.767735       5120.0000    
  6263.5952      -54.661564       5093.6665    
  6251.4287      -54.555389       5067.3330    
  6239.2627      -54.449219       5041.0000    
  6227.0967      -54.343048       5014.6665    
  6214.9302      -54.236870       4988.3330    
  6202.7642      -54.130699       4962.0000    
  6194.4307      -54.057980       4934.1665    
  6186.0977      -53.985256       4906.3335    
  6177.7646      -53.912537       4878.5000    
  6169.4316      -53.839813       4850.6665    
  6161.0991      -53.767097       4822.8335    
  6152.7656      -53.694370       4795.0000    
  6136.0996      -53.548931       4739.3330    
  6119.4336      -53.403484       4683.6665    
  6102.7681      -53.258045       4628.0000    
  6098.1519      -53.217766       4595.4058    
  6093.5361      -53.177483       4562.8115    
  6088.9204      -53.137203       4530.2173    
  6084.3042      -53.096920       4497.6230    
  6079.6885      -53.056637       4465.0288    
  6075.0732      -53.016361       4432.4346    
  6071.5225      -52.985374       4407.3623    
  6067.9717      -52.954388       4382.2900    
  6064.4214      -52.923401       4357.2173    
  6060.8706      -52.892418       4332.1445    
  6057.3203      -52.861435       4307.0728    
  6053.7695      -52.830444       4282.0000    
  6050.2695      -52.799904       4233.8335    
  6046.7695      -52.769360       4185.6665    
  6043.2695      -52.738815       4137.5000    
  6039.7700      -52.708271       4089.3335    
  6036.2700      -52.677731       4041.1667    
  6032.7700      -52.647190       3993.0000    
  6029.4375      -52.618103       3944.8333    
  6026.1040      -52.589012       3896.6667    
  6022.7705      -52.559921       3848.5000    
  6019.4375      -52.530838       3800.3333    
  6016.1040      -52.501747       3752.1667    
  6012.7710      -52.472660       3704.0000    
  6011.1045      -52.458115       3679.8335    
  6009.4375      -52.443569       3655.6665    
  6007.7710      -52.429024       3631.5000    
  6006.1045      -52.414482       3607.3335    
  6004.4385      -52.399937       3583.1665    
  6002.7715      -52.385391       3559.0000    
  6001.1050      -52.370846       3534.8335    
  5999.4385      -52.356304       3510.6665    
  5997.7720      -52.341759       3486.5000    
  5996.1045      -52.327213       3462.3335    
  5994.4380      -52.312668       3438.1665    
  5992.7715      -52.298130       3414.0000    
  5989.4385      -52.269039       3365.8333    
  5986.1055      -52.239952       3317.6667    
  5982.7720      -52.210861       3269.5000    
  5979.4395      -52.181774       3221.3333    
  5976.1055      -52.152683       3173.1667    
  5972.7725      -52.123596       3125.0000    
  5971.0225      -52.108326       3100.9165    
  5969.2725      -52.093056       3076.8333    
  5967.5225      -52.077782       3052.7500    
  5965.7729      -52.062511       3028.6667    
  5964.0229      -52.047241       3004.5833    
  5962.2729      -52.031967       2980.5000    
  5960.5229      -52.016697       2956.4165    
  5958.7729      -52.001423       2932.3333    
  5957.0229      -51.986153       2908.2500    
  5955.2729      -51.970882       2884.1667    
  5953.5234      -51.955612       2860.0833    
  5951.7734      -51.940342       2836.0000    
  5948.4399      -51.911251       2787.8335    
  5945.1069      -51.882164       2739.6667    
  5941.7739      -51.853073       2691.5000    
  5938.4409      -51.823986       2643.3335    
  5935.1074      -51.794899       2595.1667    
  5931.7739      -51.765812       2547.0000    
  5930.1069      -51.751263       2522.8333    
  5928.4409      -51.736721       2498.6667    
  5926.7744      -51.722176       2474.5000    
  5925.1079      -51.707634       2450.3333    
  5923.4409      -51.693085       2426.1667    
  5921.7744      -51.678543       2402.0000    
  5920.1079      -51.663998       2377.8333    
  5918.4414      -51.649456       2353.6667    
  5916.7749      -51.634907       2329.5000    
  5915.1084      -51.620365       2305.3335    
  5913.4419      -51.605820       2281.1665    
  5911.7749      -51.591282       2257.0000    
  5908.4414      -51.562191       2208.8333    
  5905.1084      -51.533104       2160.6667    
  5901.7754      -51.504013       2112.5000    
  5898.4424      -51.474926       2064.3335    
  5895.1089      -51.445835       2016.1667    
  5891.7759      -51.416748       1968.0000    
  5888.2759      -51.386208       1919.8333    
  5884.7759      -51.355663       1871.6666    
  5881.2759      -51.325115       1823.5000    
  5877.7764      -51.294571       1775.3333    
  5874.2764      -51.264030       1727.1666    
  5870.7764      -51.233490       1679.0000    
  5869.0488      -51.218414       1653.9448    
  5867.3203      -51.203331       1628.8896    
  5865.5928      -51.188251       1603.8344    
  5863.8647      -51.173172       1578.7792    
  5862.1372      -51.158096       1553.7240    
  5860.4092      -51.143017       1528.6688    
  5858.8037      -51.129005       1505.3907    
  5857.1982      -51.114994       1482.1127    
  5855.5933      -51.100986       1458.8344    
  5853.9883      -51.086979       1435.5563    
  5852.3828      -51.072968       1412.2782    
  5850.7773      -51.058956       1389.0000    
  5847.4438      -51.029873       1340.8333    
  5844.1104      -51.000782       1292.6666    
  5840.7778      -50.971695       1244.5000    
  5837.4443      -50.942604       1196.3333    
  5834.1113      -50.913517       1148.1666    
  5830.7778      -50.884426       1100.0000    
  5830.7778      -50.884426       1052.0000    
  5830.7778      -50.884426       1003.9999    
  5830.7778      -50.884426       956.00000    
  5830.7778      -50.884426       908.00000    
  5830.7778      -50.884426       860.00000    
  5830.7778      -50.884426       812.00000    
  5830.7778      -50.884426       764.16663    
  5830.7778      -50.884426       716.33331    
  5830.7778      -50.884426       668.50000    
  5830.7778      -50.884426       620.66669    
  5830.7778      -50.884426       572.83337    
  5830.7778      -50.884426       525.00000    
  5830.7778      -50.884426       477.16666    
  5830.7778      -50.884426       429.33334    
  5830.7778      -50.884426       381.50000    
  5830.7778      -50.884426       333.66666    
  5830.7778      -50.884426       285.83334    
  5830.7778      -50.884426       238.00000    
  5830.7778      -50.884426       190.00000    
  5830.7778      -50.884426       142.00000    
  5830.7778      -50.884426       94.000000    
  5830.7778      -50.884426       46.000000    
  5830.7778      -50.884426      -2.0000000    
  5830.7778      -50.884426      -50.000000    
  5830.7778      -50.884426      -98.000000    
  5830.7778      -50.884426      -146.00000    
  5830.7778      -50.884426      -194.00000    
  5830.7778      -50.884426      -242.00000    
  5830.7778      -50.884426      -290.00000    
  5830.7778      -50.884426      -338.00000    
  5830.7778      -50.884426      -385.83331    
  5830.7778      -50.884426      -433.66669    
  5830.7778      -50.884426      -481.50000    
  5830.7778      -50.884426      -529.33337    
  5830.7778      -50.884426      -577.16669    
  5830.7778      -50.884426      -625.00000    
  5830.7778      -50.884426      -672.83331    
  5830.7778      -50.884426      -720.66663    
  5830.7778      -50.884426      -768.50000    
  5830.7778      -50.884426      -816.33337    
  5830.7778      -50.884426      -864.16669    
  5830.7778      -50.884426      -912.00000    
  5830.7778      -50.884426      -960.00000    
  5830.7778      -50.884426      -1008.0000    
  5830.7778      -50.884426      -1056.0000    
  5830.7778      -50.884426      -1104.0000    
  5830.7778      -50.884426      -1152.0000    
  5830.7778      -50.884426      -1200.0000    
  5833.0239      -50.904030      -1221.7391    
  5835.2705      -50.923634      -1243.4783    
  5837.5166      -50.943237      -1265.2174    
  5839.7632      -50.962841      -1286.9565    
  5842.0093      -50.982441      -1308.6957    
  5844.2554      -51.002045      -1330.4348    
  5847.1763      -51.027534      -1358.6957    
  5850.0962      -51.053013      -1386.9565    
  5853.0166      -51.078499      -1415.2174    
  5855.9360      -51.103981      -1443.4783    
  5858.8564      -51.129467      -1471.7391    
  5861.7769      -51.154949      -1500.0000    
  5867.1099      -51.201492      -1549.8333    
  5872.4434      -51.248035      -1599.6667    
  5877.7764      -51.294571      -1649.5000    
  5883.1089      -51.341118      -1699.3333    
  5888.4424      -51.387657      -1749.1666    
  5893.7754      -51.434200      -1799.0000    
  5898.9419      -51.479286      -1849.0000    
  5904.1084      -51.524372      -1899.0000    
  5909.2749      -51.569462      -1949.0000    
  5914.4414      -51.614548      -1999.0000    
  5919.6074      -51.659634      -2049.0000    
  5924.7744      -51.704723      -2099.0000    
  5927.7886      -51.731030      -2127.2610    
  5930.8027      -51.757332      -2155.5217    
  5933.8174      -51.783642      -2183.7825    
  5936.8320      -51.809948      -2212.0435    
  5939.8467      -51.836250      -2240.3042    
  5942.8608      -51.862560      -2268.5652    
  5945.1797      -51.882797      -2290.3044    
  5947.4985      -51.903030      -2312.0435    
  5949.8174      -51.923267      -2333.7827    
  5952.1362      -51.943504      -2355.5217    
  5954.4551      -51.963737      -2377.2610    
  5956.7729      -51.983971      -2399.0000    
  5961.9399      -52.029057      -2448.8333    
  5967.1060      -52.074146      -2498.6667    
  5972.2725      -52.119232      -2548.5000    
  5977.4395      -52.164318      -2598.3333    
  5982.6055      -52.209408      -2648.1667    
  5987.7720      -52.254494      -2698.0000    
  5990.4390      -52.277767      -2723.0000    
  5993.1050      -52.301033      -2748.0000    
  5995.7715      -52.324306      -2773.0000    
  5998.4385      -52.347580      -2798.0000    
  6001.1050      -52.370846      -2823.0000    
  6003.7720      -52.394123      -2848.0000    
  6006.4380      -52.417389      -2873.0000    
  6009.1045      -52.440659      -2898.0000    
  6011.7710      -52.463928      -2923.0000    
  6014.4375      -52.487202      -2948.0000    
  6017.1040      -52.510475      -2973.0000    
  6019.7705      -52.533741      -2998.0000    
  6024.9370      -52.578831      -3047.8335    
  6030.1035      -52.623920      -3097.6667    
  6035.2700      -52.669003      -3147.5000    
  6040.4365      -52.714092      -3197.3333    
  6045.6030      -52.759178      -3247.1667    
  6050.7700      -52.804264      -3297.0000    
  6053.0889      -52.824501      -3318.7393    
  6055.4072      -52.844738      -3340.4783    
  6057.7261      -52.864971      -3362.2175    
  6060.0449      -52.885208      -3383.9565    
  6062.3638      -52.905445      -3405.6956    
  6064.6826      -52.925678      -3427.4346    
  6067.6963      -52.951984      -3455.6956    
  6070.7104      -52.978287      -3483.9565    
  6073.7251      -53.004597      -3512.2173    
  6076.7397      -53.030903      -3540.4783    
  6079.7539      -53.057209      -3568.7393    
  6082.7686      -53.083515      -3597.0000    
  6087.9351      -53.128605      -3647.0000    
  6093.1011      -53.173687      -3697.0000    
  6098.2676      -53.218773      -3747.0000    
  6103.4346      -53.263866      -3797.0000    
  6108.6006      -53.308949      -3847.0000    
  6113.7671      -53.354034      -3897.0000    
  6119.1001      -53.400581      -3946.8333    
  6124.4336      -53.447121      -3996.6667    
  6129.7671      -53.493664      -4046.5002    
  6135.1001      -53.540203      -4096.3335    
  6140.4326      -53.586742      -4146.1670    
  6145.7656      -53.633289      -4196.0000    
  6150.9321      -53.678371      -4246.0000    
  6156.0986      -53.723461      -4296.0000    
  6161.2651      -53.768551      -4346.0000    
  6166.4321      -53.813633      -4396.0000    
  6171.5986      -53.858723      -4446.0000    
  6176.7651      -53.903812      -4496.0000    
  6182.0981      -53.950352      -4546.0000    
  6187.4312      -53.996895      -4596.0000    
  6192.7637      -54.043430      -4646.0000    
  6198.0972      -54.089973      -4696.0000    
  6203.4307      -54.136517      -4746.0000    
  6208.7637      -54.183060      -4796.0000    
  6213.2109      -54.221870      -4838.2856    
  6217.6577      -54.260677      -4880.5703    
  6222.1050      -54.299488      -4922.8560    
  6226.5522      -54.338299      -4965.1411    
  6230.9995      -54.377110      -5007.4263    
  6235.4468      -54.415924      -5049.7119    
  6238.8677      -54.445774      -5082.2393    
  6242.2891      -54.475628      -5114.7661    
  6245.7095      -54.505482      -5147.2930    
  6249.1304      -54.535332      -5179.8203    
  6252.5518      -54.565189      -5212.3477    
  6255.9717      -54.595043      -5244.8745    
  6258.6035      -54.618004      -5269.8955    
  6261.2354      -54.640972      -5294.9165    
  6263.8667      -54.663937      -5319.9370    
  6266.4985      -54.686905      -5344.9585    
  6269.1299      -54.709866      -5369.9790    
  6271.7607      -54.732830      -5395.0000    
  6299.2603      -54.972809      -5413.1665    
  6326.7593      -55.212791      -5431.3335    
  6354.2583      -55.452766      -5449.5000    
  6381.7568      -55.692749      -5467.6665    
  6409.2559      -55.932732      -5485.8330    
  6436.7549      -56.172707      -5504.0000    
  6444.7544      -56.242523      -5539.3335    
  6452.7544      -56.312332      -5574.6665    
  6460.7539      -56.382145      -5610.0000    
  6468.7534      -56.451958      -5645.3335    
  6476.7539      -56.521774      -5680.6665    
  6484.7529      -56.591587      -5716.0000    
  6478.4492      -56.536572      -5740.6377    
  6472.1445      -56.481552      -5765.2754    
  6465.8408      -56.426537      -5789.9131    
  6459.5366      -56.371521      -5814.5508    
  6453.2329      -56.316505      -5839.1885    
  6446.9287      -56.261494      -5863.8262    
  6438.7329      -56.189972      -5895.8550    
  6430.5376      -56.118454      -5927.8843    
  6422.3423      -56.046932      -5959.9131    
  6414.1475      -55.975414      -5991.9419    
  6405.9517      -55.903893      -6023.9712    
  6397.7559      -55.832371      -6056.0000    
  6389.5610      -55.760853      -6087.9351    
  6381.3652      -55.689331      -6119.8696    
  6373.1704      -55.617817      -6151.8047    
  6364.9751      -55.546295      -6183.7393    
  6356.7798      -55.474777      -6215.6738    
  6348.5840      -55.403255      -6247.6089    
  6342.2803      -55.348240      -6272.1738    
  6335.9761      -55.293224      -6296.7393    
  6329.6724      -55.238209      -6321.3042    
  6323.3682      -55.183197      -6345.8696    
  6317.0640      -55.128178      -6370.4346    
  6310.7598      -55.073166      -6395.0000    
  6332.2080      -55.260345      -6402.6812    
  6353.6567      -55.447517      -6410.3623    
  6375.1050      -55.634697      -6418.0435    
  6396.5537      -55.821877      -6425.7246    
  6418.0015      -56.009056      -6433.4058    
  6439.4507      -56.196236      -6441.0869    
  6467.3340      -56.439564      -6451.0728    
  6495.2163      -56.682896      -6461.0581    
  6523.0996      -56.926224      -6471.0435    
  6550.9824      -57.169556      -6481.0288    
  6578.8657      -57.412888      -6491.0146    
  6606.7480      -57.656216      -6501.0000    
  6634.6313      -57.899551      -6510.9854    
  6662.5142      -58.142883      -6520.9707    
  6690.3979      -58.386215      -6530.9565    
  6718.2808      -58.629547      -6540.9424    
  6746.1636      -58.872875      -6550.9277    
  6774.0464      -59.116207      -6560.9131    
  6795.4946      -59.303383      -6568.5938    
  6816.9438      -59.490566      -6576.2754    
  6838.3916      -59.677738      -6583.9565    
  6859.8398      -59.864918      -6591.6377    
  6881.2886      -60.052097      -6599.3188    
  6902.7373      -60.239273      -6607.0000    
  6924.1855      -60.426456      -6614.7539    
  6945.6338      -60.613628      -6622.5073    
  6967.0825      -60.800804      -6630.2607    
  6988.5312      -60.987988      -6638.0142    
  7009.9795      -61.175163      -6645.7681    
  7031.4277      -61.362347      -6653.5215    
  7059.3110      -61.605675      -6663.6016    
  7087.1938      -61.849007      -6673.6812    
  7115.0771      -62.092335      -6683.7607    
  7142.9600      -62.335667      -6693.8403    
  7170.8428      -62.578999      -6703.9204    
  7198.7256      -62.822327      -6714.0000    
  7226.6089      -63.065655      -6723.9858    
  7254.4917      -63.308990      -6733.9712    
  7282.3750      -63.552326      -6743.9565    
  7310.2578      -63.795654      -6753.9419    
  7338.1411      -64.038986      -6763.9272    
  7366.0239      -64.282310      -6773.9131    
  7387.4722      -64.469498      -6781.5942    
  7408.9209      -64.656677      -6789.2754    
  7430.3691      -64.843849      -6796.9565    
  7451.8174      -65.031021      -6804.6377    
  7473.2661      -65.218201      -6812.3188    
  7494.7148      -65.405380      -6820.0000    
  7517.2637      -65.602165      -6828.0752    
  7539.8135      -65.798950      -6836.1509    
  7562.3628      -65.995735      -6844.2266    
  7584.9116      -66.192520      -6852.3018    
  7607.4609      -66.389305      -6860.3770    
  7630.0107      -66.586090      -6868.4526    
  7656.7930      -66.819817      -6878.0435    
  7683.5747      -67.053543      -6887.6348    
  7710.3569      -67.287270      -6897.2266    
  7737.1392      -67.520988      -6906.8174    
  7763.9214      -67.754715      -6916.4087    
  7790.7031      -67.988434      -6926.0000    
  7818.5864      -68.231766      -6936.0796    
  7846.4688      -68.475098      -6946.1592    
  7874.3525      -68.718430      -6956.2393    
  7902.2354      -68.961761      -6966.3188    
  7930.1187      -69.205101      -6976.3984    
  7958.0015      -69.448425      -6986.4785    
  7979.4497      -69.635597      -6994.2319    
  8000.8984      -69.822784      -7001.9854    
  8022.3477      -70.009964      -7009.7388    
  8043.7954      -70.197136      -7017.4927    
  8065.2437      -70.384315      -7025.2461    
  8086.6919      -70.571487      -7033.0000    
  8114.5752      -70.814827      -7042.9854    
  8142.4580      -71.058151      -7052.9707    
  8170.3413      -71.301491      -7062.9565    
  8198.2236      -71.544807      -7072.9424    
  8226.1074      -71.788147      -7082.9277    
  8253.9893      -72.031479      -7092.9131    
  8275.4395      -72.218666      -7100.5942    
  8296.8877      -72.405838      -7108.2754    
  8318.3359      -72.593010      -7115.9565    
  8339.7832      -72.780190      -7123.6377    
  8361.2314      -72.967369      -7131.3188    
  8382.6807      -73.154549      -7139.0000    
  8379.2021      -73.124191      -7113.8550    
  8375.7246      -73.093842      -7088.7104    
  8372.2471      -73.063484      -7063.5654    
  8368.7686      -73.033142      -7038.4204    
  8365.2910      -73.002785      -7013.2754    
  8361.8115      -72.972427      -6988.1304    
  8357.2900      -72.932968      -6955.4419    
  8352.7686      -72.893517      -6922.7539    
  8348.2471      -72.854050      -6890.0654    
  8343.7266      -72.814590      -6857.3765    
  8339.2041      -72.775124      -6824.6885    
  8334.6826      -72.735672      -6792.0000    
  8330.9531      -72.703125      -6764.4634    
  8327.2236      -72.670578      -6736.9268    
  8323.4941      -72.638031      -6709.3896    
  8319.7637      -72.605484      -6681.8530    
  8316.0342      -72.572929      -6654.3159    
  8312.3047      -72.540382      -6626.7793    
  8308.2012      -72.504570      -6596.4829    
  8304.0977      -72.468758      -6566.1860    
  8299.9951      -72.432961      -6535.8896    
  8295.8916      -72.397148      -6505.5928    
  8291.7881      -72.361336      -6475.2964    
  8287.6846      -72.325531      -6445.0000    
  8334.8496      -72.737129      -6420.8330    
  8382.0146      -73.148735      -6396.6665    
  8429.1787      -73.560326      -6372.5000    
  8476.3438      -73.971924      -6348.3335    
  8523.5088      -74.383537      -6324.1670    
  8570.6738      -74.795135      -6300.0000    
  8599.3398      -75.045296      -6260.5000    
  8628.0049      -75.295456      -6221.0000    
  8656.6699      -75.545616      -6181.5000    
  8685.3359      -75.795784      -6142.0000    
  8714.0020      -76.045937      -6102.5000    
  8742.6670      -76.296097      -6063.0000    
 
CELLS        879       4395
          4          0          1        881        880
          4          1          2        882        881
          4          2          3        883        882
          4          3          4        884        883
          4          4          5        885        884
          4          5          6        886        885
          4          6          7        887        886
          4          7          8        888        887
          4          8          9        889        888
          4          9         10        890        889
          4         10         11        891        890
          4         11         12        892        891
          4         12         13        893        892
          4         13         14        894        893
          4         14         15        895        894
          4         15         16        896        895
          4         16         17        897        896
          4         17         18        898        897
          4         18         19        899        898
          4         19         20        900        899
          4         20         21        901        900
          4         21         22        902        901
          4         22         23        903        902
          4         23         24        904        903
          4         24         25        905        904
          4         25         26        906        905
          4         26         27        907        906
          4         27         28        908        907
          4         28         29        909        908
          4         29         30        910        909
          4         30         31        911        910
          4         31         32        912        911
          4         32         33        913        912
          4         33         34        914        913
          4         34         35        915        914
          4         35         36        916        915
          4         36         37        917        916
          4         37         38        918        917
          4         38         39        919        918
          4         39         40        920        919
          4         40         41        921        920
          4         41         42        922        921
          4         42         43        923        922
          4         43         44        924        923
          4         44         45        925        924
          4         45         46        926        925
          4         46         47        927        926
          4         47         48        928        927
          4         48         49        929        928
          4         49         50        930        929
          4         50         51        931        930
          4         51         52        932        931
          4         52         53        933        932
          4         53         54        934        933
          4         54         55        935        934
          4         55         56        936        935
          4         56         57        937        936
          4         57         58        938        937
          4         58         59        939        938
          4         59         60        940        939
          4         60         61        941        940
          4         61         62        942        941
          4         62         63        943        942
          4         63         64        944        943
          4         64         65        945        944
          4         65         66        946        945
          4         66         67        947        946
          4         67         68        948        947
          4         68         69        949        948
          4         69         70        950        949
          4         70         71        951        950
          4         71         72        952        951
          4         72         73        953        952
          4         73         74        954        953
          4         74         75        955        954
          4         75         76        956        955
          4         76         77        957        956
          4         77         78        958        957
          4         78         79        959        958
          4         79         80        960        959
          4         80         81        961        960
          4         81         82        962        961
          4         82         83        963        962
          4         83         84        964        963
          4         84         85        965        964
          4         85         86        966        965
          4         86         87        967        966
          4         87         88        968        967
          4         88         89        969        968
          4         89         90        970        969
          4         90         91        971        970
          4         91         92        972        971
          4         92         93        973        972
          4         93         94        974        973
          4         94         95        975        974
          4         95         96        976        975
          4         96         97        977        976
          4         97         98        978        977
          4         98         99        979        978
          4         99        100        980        979
          4        100        101        981        980
          4        101        102        982        981
          4        102        103        983        982
          4        103        104        984        983
          4        104        105        985        984
          4        105        106        986        985
          4        106        107        987        986
          4        107        108        988        987
          4        108        109        989        988
          4        109        110        990        989
          4        110        111        991        990
          4        111        112        992        991
          4        112        113        993        992
          4        113        114        994        993
          4        114        115        995        994
          4        115        116        996        995
          4        116        117        997        996
          4        117        118        998        997
          4        118        119        999        998
          4        119        120       1000        999
          4        120        121       1001       1000
          4        121        122       1002       1001
          4        122        123       1003       1002
          4        123        124       1004       1003
          4        124        125       1005       1004
          4        125        126       1006       1005
          4        126        127       1007       1006
          4        127        128       1008       1007
          4        128        129       1009       1008
          4        129        130       1010       1009
          4        130        131       1011       1010
          4        131        132       1012       1011
          4        132        133       1013       1012
          4        133        134       1014       1013
          4        134        135       1015       1014
          4        135        136       1016       1015
          4        136        137       1017       1016
          4        137        138       1018       1017
          4        138        139       1019       1018
          4        139        140       1020       1019
          4        140        141       1021       1020
          4        141        142       1022       1021
          4        142        143       1023       1022
          4        143        144       1024       1023
          4        144        145       1025       1024
          4        145        146       1026       1025
          4        146        147       1027       1026
          4        147        148       1028       1027
          4        148        149       1029       1028
          4        149        150       1030       1029
          4        150        151       1031       1030
          4        151        152       1032       1031
          4        152        153       1033       1032
          4        153        154       1034       1033
          4        154        155       1035       1034
          4        155        156       1036       1035
          4        156        157       1037       1036
          4        157        158       1038       1037
          4        158        159       1039       1038
          4        159        160       1040       1039
          4        160        161       1041       1040
          4        161        162       1042       1041
          4        162        163       1043       1042
          4        163        164       1044       1043
          4        164        165       1045       1044
          4        165        166       1046       1045
          4        166        167       1047       1046
          4        167        168       1048       1047
          4        168        169       1049       1048
          4        169        170       1050       1049
          4        170        171       1051       1050
          4        171        172       1052       1051
          4        172        173       1053       1052
          4        173        174       1054       1053
          4        174        175       1055       1054
          4        175        176       1056       1055
          4        176        177       1057       1056
          4        177        178       1058       1057
          4        178        179       1059       1058
          4        179        180       1060       1059
          4        180        181       1061       1060
          4        181        182       1062       1061
          4        182        183       1063       1062
          4        183        184       1064       1063
          4        184        185       1065       1064
          4        185        186       1066       1065
          4        186        187       1067       1066
          4        187        188       1068       1067
          4        188        189       1069       1068
          4        189        190       1070       1069
          4        190        191       1071       1070
          4        191        192       1072       1071
          4        192        193       1073       1072
          4        193        194       1074       1073
          4        194        195       1075       1074
          4        195        196       1076       1075
          4        196        197       1077       1076
          4        197        198       1078       1077
          4        198        199       1079       1078
          4        199        200       1080       1079
          4        200        201       1081       1080
          4        201        202       1082       1081
          4        202        203       1083       1082
          4        203        204       1084       1083
          4        204        205       1085       1084
          4        205        206       1086       1085
          4        206        207       1087       1086
          4        207        208       1088       1087
          4        208        209       1089       1088
          4        209        210       1090       1089
          4        210        211       1091       1090
          4        211        212       1092       1091
          4        212        213       1093       1092
          4        213        214       1094       1093
          4        214        215       1095       1094
          4        215        216       1096       1095
          4        216        217       1097       1096
          4        217        218       1098       1097
          4        218        219       1099       1098
          4        219        220       1100       1099
          4        220        221       1101       1100
          4        221        222       1102       1101
          4        222        223       1103       1102
          4        223        224       1104       1103
          4        224        225       1105       1104
          4        225        226       1106       1105
          4        226        227       1107       1106
          4        227        228       1108       1107
          4        228        229       1109       1108
          4        229        230       1110       1109
          4        230        231       1111       1110
          4        231        232       1112       1111
          4        232        233       1113       1112
          4        233        234       1114       1113
          4        234        235       1115       1114
          4        235        236       1116       1115
          4        236        237       1117       1116
          4        237        238       1118       1117
          4        238        239       1119       1118
          4        239        240       1120       1119
          4        240        241       1121       1120
          4        241        242       1122       1121
          4        242        243       1123       1122
          4        243        244       1124       1123
          4        244        245       1125       1124
          4        245        246       1126       1125
          4        246        247       1127       1126
          4        247        248       1128       1127
          4        248        249       1129       1128
          4        249        250       1130       1129
          4        250        251       1131       1130
          4        251        252       1132       1131
          4        252        253       1133       1132
          4        253        254       1134       1133
          4        254        255       1135       1134
          4        255        256       1136       1135
          4        256        257       1137       1136
          4        257        258       1138       1137
          4        258        259       1139       1138
          4        259        260       1140       1139
          4        260        261       1141       1140
          4        261        262       1142       1141
          4        262        263       1143       1142
          4        263        264       1144       1143
          4        264        265       1145       1144
          4        265        266       1146       1145
          4        266        267       1147       1146
          4        267        268       1148       1147
          4        268        269       1149       1148
          4        269        270       1150       1149
          4        270        271       1151       1150
          4        271        272       1152       1151
          4        272        273       1153       1152
          4        273        274       1154       1153
          4        274        275       1155       1154
          4        275        276       1156       1155
          4        276        277       1157       1156
          4        277        278       1158       1157
          4        278        279       1159       1158
          4        279        280       1160       1159
          4        280        281       1161       1160
          4        281        282       1162       1161
          4        282        283       1163       1162
          4        283        284       1164       1163
          4        284        285       1165       1164
          4        285        286       1166       1165
          4        286        287       1167       1166
          4        287        288       1168       1167
          4        288        289       1169       1168
          4        289        290       1170       1169
          4        290        291       1171       1170
          4        291        292       1172       1171
          4        292        293       1173       1172
          4        293        294       1174       1173
          4        294        295       1175       1174
          4        295        296       1176       1175
          4        296        297       1177       1176
          4        297        298       1178       1177
          4        298        299       1179       1178
          4        299        300       1180       1179
          4        300        301       1181       1180
          4        301        302       1182       1181
          4        302        303       1183       1182
          4        303        304       1184       1183
          4        304        305       1185       1184
          4        305        306       1186       1185
          4        306        307       1187       1186
          4        307        308       1188       1187
          4        308        309       1189       1188
          4        309        310       1190       1189
          4        310        311       1191       1190
          4        311        312       1192       1191
          4        312        313       1193       1192
          4        313        314       1194       1193
          4        314        315       1195       1194
          4        315        316       1196       1195
          4        316        317       1197       1196
          4        317        318       1198       1197
          4        318        319       1199       1198
          4        319        320       1200       1199
          4        320        321       1201       1200
          4        321        322       1202       1201
          4        322        323       1203       1202
          4        323        324       1204       1203
          4        324        325       1205       1204
          4        325        326       1206       1205
          4        326        327       1207       1206
          4        327        328       1208       1207
          4        328        329       1209       1208
          4        329        330       1210       1209
          4        330        331       1211       1210
          4        331        332       1212       1211
          4        332        333       1213       1212
          4        333        334       1214       1213
          4        334        335       1215       1214
          4        335        336       1216       1215
          4        336        337       1217       1216
          4        337        338       1218       1217
          4        338        339       1219       1218
          4        339        340       1220       1219
          4        340        341       1221       1220
          4        341        342       1222       1221
          4        342        343       1223       1222
          4        343        344       1224       1223
          4        344        345       1225       1224
          4        345        346       1226       1225
          4        346        347       1227       1226
          4        347        348       1228       1227
          4        348        349       1229       1228
          4        349        350       1230       1229
          4        350        351       1231       1230
          4        351        352       1232       1231
          4        352        353       1233       1232
          4        353        354       1234       1233
          4        354        355       1235       1234
          4        355        356       1236       1235
          4        356        357       1237       1236
          4        357        358       1238       1237
          4        358        359       1239       1238
          4        359        360       1240       1239
          4        360        361       1241       1240
          4        361        362       1242       1241
          4        362        363       1243       1242
          4        363        364       1244       1243
          4        364        365       1245       1244
          4        365        366       1246       1245
          4        366        367       1247       1246
          4        367        368       1248       1247
          4        368        369       1249       1248
          4        369        370       1250       1249
          4        370        371       1251       1250
          4        371        372       1252       1251
          4        372        373       1253       1252
          4        373        374       1254       1253
          4        374        375       1255       1254
          4        375        376       1256       1255
          4        376        377       1257       1256
          4        377        378       1258       1257
          4        378        379       1259       1258
          4        379        380       1260       1259
          4        380        381       1261       1260
          4        381        382       1262       1261
          4        382        383       1263       1262
          4        383        384       1264       1263
          4        384        385       1265       1264
          4        385        386       1266       1265
          4        386        387       1267       1266
          4        387        388       1268       1267
          4        388        389       1269       1268
          4        389        390       1270       1269
          4        390        391       1271       1270
          4        391        392       1272       1271
          4        392        393       1273       1272
          4        393        394       1274       1273
          4        394        395       1275       1274
          4        395        396       1276       1275
          4        396        397       1277       1276
          4        397        398       1278       1277
          4        398        399       1279       1278
          4        399        400       1280       1279
          4        400        401       1281       1280
          4        401        402       1282       1281
          4        402        403       1283       1282
          4        403        404       1284       1283
          4        404        405       1285       1284
          4        405        406       1286       1285
          4        406        407       1287       1286
          4        407        408       1288       1287
          4        408        409       1289       1288
          4        409        410       1290       1289
          4        410        411       1291       1290
          4        411        412       1292       1291
          4        412        413       1293       1292
          4        413        414       1294       1293
          4        414        415       1295       1294
          4        415        416       1296       1295
          4        416        417       1297       1296
          4        417        418       1298       1297
          4        418        419       1299       1298
          4        419        420       1300       1299
          4        420        421       1301       1300
          4        421        422       1302       1301
          4        422        423       1303       1302
          4        423        424       1304       1303
          4        424        425       1305       1304
          4        425        426       1306       1305
          4        426        427       1307       1306
          4        427        428       1308       1307
          4        428        429       1309       1308
          4        429        430       1310       1309
          4        430        431       1311       1310
          4        431        432       1312       1311
          4        432        433       1313       1312
          4        433        434       1314       1313
          4        434        435       1315       1314
          4        435        436       1316       1315
          4        436        437       1317       1316
          4        437        438       1318       1317
          4        438        439       1319       1318
          4        439        440       1320       1319
          4        440        441       1321       1320
          4        441        442       1322       1321
          4        442        443       1323       1322
          4        443        444       1324       1323
          4        444        445       1325       1324
          4        445        446       1326       1325
          4        446        447       1327       1326
          4        447        448       1328       1327
          4        448        449       1329       1328
          4        449        450       1330       1329
          4        450        451       1331       1330
          4        451        452       1332       1331
          4        452        453       1333       1332
          4        453        454       1334       1333
          4        454        455       1335       1334
          4        455        456       1336       1335
          4        456        457       1337       1336
          4        457        458       1338       1337
          4        458        459       1339       1338
          4        459        460       1340       1339
          4        460        461       1341       1340
          4        461        462       1342       1341
          4        462        463       1343       1342
          4        463        464       1344       1343
          4        464        465       1345       1344
          4        465        466       1346       1345
          4        466        467       1347       1346
          4        467        468       1348       1347
          4        468        469       1349       1348
          4        469        470       1350       1349
          4        470        471       1351       1350
          4        471        472       1352       1351
          4        472        473       1353       1352
          4        473        474       1354       1353
          4        474        475       1355       1354
          4        475        476       1356       1355
          4        476        477       1357       1356
          4        477        478       1358       1357
          4        478        479       1359       1358
          4        479        480       1360       1359
          4        480        481       1361       1360
          4        481        482       1362       1361
          4        482        483       1363       1362
          4        483        484       1364       1363
          4        484        485       1365       1364
          4        485        486       1366       1365
          4        486        487       1367       1366
          4        487        488       1368       1367
          4        488        489       1369       1368
          4        489        490       1370       1369
          4        490        491       1371       1370
          4        491        492       1372       1371
          4        492        493       1373       1372
          4        493        494       1374       1373
          4        494        495       1375       1374
          4        495        496       1376       1375
          4        496        497       1377       1376
          4        497        498       1378       1377
          4        498        499       1379       1378
          4        499        500       1380       1379
          4        500        501       1381       1380
          4        501        502       1382       1381
          4        502        503       1383       1382
          4        503        504       1384       1383
          4        504        505       1385       1384
          4        505        506       1386       1385
          4        506        507       1387       1386
          4        507        508       1388       1387
          4        508        509       1389       1388
          4        509        510       1390       1389
          4        510        511       1391       1390
          4        511        512       1392       1391
          4        512        513       1393       1392
          4        513        514       1394       1393
          4        514        515       1395       1394
          4        515        516       1396       1395
          4        516        517       1397       1396
          4        517        518       1398       1397
          4        518        519       1399       1398
          4        519        520       1400       1399
          4        520        521       1401       1400
          4        521        522       1402       1401
          4        522        523       1403       1402
          4        523        524       1404       1403
          4        524        525       1405       1404
          4        525        526       1406       1405
          4        526        527       1407       1406
          4        527        528       1408       1407
          4        528        529       1409       1408
          4        529        530       1410       1409
          4        530        531       1411       1410
          4        531        532       1412       1411
          4        532        533       1413       1412
          4        533        534       1414       1413
          4        534        535       1415       1414
          4        535        536       1416       1415
          4        536        537       1417       1416
          4        537        538       1418       1417
          4        538        539       1419       1418
          4        539        540       1420       1419
          4        540        541       1421       1420
          4        541        542       1422       1421
          4        542        543       1423       1422
          4        543        544       1424       1423
          4        544        545       1425       1424
          4        545        546       1426       1425
          4        546        547       1427       1426
          4        547        548       1428       1427
          4        548        549       1429       1428
          4        549        550       1430       1429
          4        550        551       1431       1430
          4        551        552       1432       1431
          4        552        553       1433       1432
          4        553        554       1434       1433
          4        554        555       1435       1434
          4        555        556       1436       1435
          4        556        557       1437       1436
          4        557        558       1438       1437
          4        558        559       1439       1438
          4        559        560       1440       1439
          4        560        561       1441       1440
          4        561        562       1442       1441
          4        562        563       1443       1442
          4        563        564       1444       1443
          4        564        565       1445       1444
          4        565        566       1446       1445
          4        566        567       1447       1446
          4        567        568       1448       1447
          4        568        569       1449       1448
          4        569        570       1450       1449
          4        570        571       1451       1450
          4        571        572       1452       1451
          4        572        573       1453       1452
          4        573        574       1454       1453
          4        574        575       1455       1454
          4        575        576       1456       1455
          4        576        577       1457       1456
          4        577        578       1458       1457
          4        578        579       1459       1458
          4        579        580       1460       1459
          4        580        581       1461       1460
          4        581        582       1462       1461
          4        582        583       1463       1462
          4        583        584       1464       1463
          4        584        585       1465       1464
          4        585        586       1466       1465
          4        586        587       1467       1466
          4        587        588       1468       1467
          4        588        589       1469       1468
          4        589        590       1470       1469
          4        590        591       1471       1470
          4        591        592       1472       1471
          4        592        593       1473       1472
          4        593        594       1474       1473
          4        594        595       1475       1474
          4        595        596       1476       1475
          4        596        597       1477       1476
          4        597        598       1478       1477
          4        598        599       1479       1478
          4        599        600       1480       1479
          4        600        601       1481       1480
          4        601        602       1482       1481
          4        602        603       1483       1482
          4        603        604       1484       1483
          4        604        605       1485       1484
          4        605        606       1486       1485
          4        606        607       1487       1486
          4        607        608       1488       1487
          4        608        609       1489       1488
          4        609        610       1490       1489
          4        610        611       1491       1490
          4        611        612       1492       1491
          4        612        613       1493       1492
          4        613        614       1494       1493
          4        614        615       1495       1494
          4        615        616       1496       1495
          4        616        617       1497       1496
          4        617        618       1498       1497
          4        618        619       1499       1498
          4        619        620       1500       1499
          4        620        621       1501       1500
          4        621        622       1502       1501
          4        622        623       1503       1502
          4        623        624       1504       1503
          4        624        625       1505       1504
          4        625        626       1506       1505
          4        626        627       1507       1506
          4        627        628       1508       1507
          4        628        629       1509       1508
          4        629        630       1510       1509
          4        630        631       1511       1510
          4        631        632       1512       1511
          4        632        633       1513       1512
          4        633        634       1514       1513
          4        634        635       1515       1514
          4        635        636       1516       1515
          4        636        637       1517       1516
          4        637        638       1518       1517
          4        638        639       1519       1518
          4        639        640       1520       1519
          4        640        641       1521       1520
          4        641        642       1522       1521
          4        642        643       1523       1522
          4        643        644       1524       1523
          4        644        645       1525       1524
          4        645        646       1526       1525
          4        646        647       1527       1526
          4        647        648       1528       1527
          4        648        649       1529       1528
          4        649        650       1530       1529
          4        650        651       1531       1530
          4        651        652       1532       1531
          4        652        653       1533       1532
          4        653        654       1534       1533
          4        654        655       1535       1534
          4        655        656       1536       1535
          4        656        657       1537       1536
          4        657        658       1538       1537
          4        658        659       1539       1538
          4        659        660       1540       1539
          4        660        661       1541       1540
          4        661        662       1542       1541
          4        662        663       1543       1542
          4        663        664       1544       1543
          4        664        665       1545       1544
          4        665        666       1546       1545
          4        666        667       1547       1546
          4        667        668       1548       1547
          4        668        669       1549       1548
          4        669        670       1550       1549
          4        670        671       1551       1550
          4        671        672       1552       1551
          4        672        673       1553       1552
          4        673        674       1554       1553
          4        674        675       1555       1554
          4        675        676       1556       1555
          4        676        677       1557       1556
          4        677        678       1558       1557
          4        678        679       1559       1558
          4        679        680       1560       1559
          4        680        681       1561       1560
          4        681        682       1562       1561
          4        682        683       1563       1562
          4        683        684       1564       1563
          4        684        685       1565       1564
          4        685        686       1566       1565
          4        686        687       1567       1566
          4        687        688       1568       1567
          4        688        689       1569       1568
          4        689        690       1570       1569
          4        690        691       1571       1570
          4        691        692       1572       1571
          4        692        693       1573       1572
          4        693        694       1574       1573
          4        694        695       1575       1574
          4        695        696       1576       1575
          4        696        697       1577       1576
          4        697        698       1578       1577
          4        698        699       1579       1578
          4        699        700       1580       1579
          4        700        701       1581       1580
          4        701        702       1582       1581
          4        702        703       1583       1582
          4        703        704       1584       1583
          4        704        705       1585       1584
          4        705        706       1586       1585
          4        706        707       1587       1586
          4        707        708       1588       1587
          4        708        709       1589       1588
          4        709        710       1590       1589
          4        710        711       1591       1590
          4        711        712       1592       1591
          4        712        713       1593       1592
          4        713        714       1594       1593
          4        714        715       1595       1594
          4        715        716       1596       1595
          4        716        717       1597       1596
          4        717        718       1598       1597
          4        718        719       1599       1598
          4        719        720       1600       1599
          4        720        721       1601       1600
          4        721        722       1602       1601
          4        722        723       1603       1602
          4        723        724       1604       1603
          4        724        725       1605       1604
          4        725        726       1606       1605
          4        726        727       1607       1606
          4        727        728       1608       1607
          4        728        729       1609       1608
          4        729        730       1610       1609
          4        730        731       1611       1610
          4        731        732       1612       1611
          4        732        733       1613       1612
          4        733        734       1614       1613
          4        734        735       1615       1614
          4        735        736       1616       1615
          4        736        737       1617       1616
          4        737        738       1618       1617
          4        738        739       1619       1618
          4        739        740       1620       1619
          4        740        741       1621       1620
          4        741        742       1622       1621
          4        742        743       1623       1622
          4        743        744       1624       1623
          4        744        745       1625       1624
          4        745        746       1626       1625
          4        746        747       1627       1626
          4        747        748       1628       1627
          4        748        749       1629       1628
          4        749        750       1630       1629
          4        750        751       1631       1630
          4        751        752       1632       1631
          4        752        753       1633       1632
          4        753        754       1634       1633
          4        754        755       1635       1634
          4        755        756       1636       1635
          4        756        757       1637       1636
          4        757        758       1638       1637
          4        758        759       1639       1638
          4        759        760       1640       1639
          4        760        761       1641       1640
          4        761        762       1642       1641
          4        762        763       1643       1642
          4        763        764       1644       1643
          4        764        765       1645       1644
          4        765        766       1646       1645
          4        766        767       1647       1646
          4        767        768       1648       1647
          4        768        769       1649       1648
          4        769        770       1650       1649
          4        770        771       1651       1650
          4        771        772       1652       1651
          4        772        773       1653       1652
          4        773        774       1654       1653
          4        774        775       1655       1654
          4        775        776       1656       1655
          4        776        777       1657       1656
          4        777        778       1658       1657
          4        778        779       1659       1658
          4        779        780       1660       1659
          4        780        781       1661       1660
          4        781        782       1662       1661
          4        782        783       1663       1662
          4        783        784       1664       1663
          4        784        785       1665       1664
          4        785        786       1666       1665
          4        786        787       1667       1666
          4        787        788       1668       1667
          4        788        789       1669       1668
          4        789        790       1670       1669
          4        790        791       1671       1670
          4        791        792       1672       1671
          4        792        793       1673       1672
          4        793        794       1674       1673
          4        794        795       1675       1674
          4        795        796       1676       1675
          4        796        797       1677       1676
          4        797        798       1678       1677
          4        798        799       1679       1678
          4        799        800       1680       1679
          4        800        801       1681       1680
          4        801        802       1682       1681
          4        802        803       1683       1682
          4        803        804       1684       1683
          4        804        805       1685       1684
          4        805        806       1686       1685
          4        806        807       1687       1686
          4        807        808       1688       1687
          4        808        809       1689       1688
          4        809        810       1690       1689
          4        810        811       1691       1690
          4        811        812       1692       1691
          4        812        813       1693       1692
          4        813        814       1694       1693
          4        814        815       1695       1694
          4        815        816       1696       1695
          4        816        817       1697       1696
          4        817        818       1698       1697
          4        818        819       1699       1698
          4        819        820       1700       1699
          4        820        821       1701       1700
          4        821        822       1702       1701
          4        822        823       1703       1702
          4        823        824       1704       1703
          4        824        825       1705       1704
          4        825        826       1706       1705
          4        826        827       1707       1706
          4        827        828       1708       1707
          4        828        829       1709       1708
          4        829        830       1710       1709
          4        830        831       1711       1710
          4        831        832       1712       1711
          4        832        833       1713       1712
          4        833        834       1714       1713
          4        834        835       1715       1714
          4        835        836       1716       1715
          4        836        837       1717       1716
          4        837        838       1718       1717
          4        838        839       1719       1718
          4        839        840       1720       1719
          4        840        841       1721       1720
          4        841        842       1722       1721
          4        842        843       1723       1722
          4        843        844       1724       1723
          4        844        845       1725       1724
          4        845        846       1726       1725
          4        846        847       1727       1726
          4        847        848       1728       1727
          4        848        849       1729       1728
          4        849        850       1730       1729
          4        850        851       1731       1730
          4        851        852       1732       1731
          4        852        853       1733       1732
          4        853        854       1734       1733
          4        854        855       1735       1734
          4        855        856       1736       1735
          4        856        857       1737       1736
          4        857        858       1738       1737
          4        858        859       1739       1738
          4        859        860       1740       1739
          4        860        861       1741       1740
          4        861        862       1742       1741
          4        862        863       1743       1742
          4        863        864       1744       1743
          4        864        865       1745       1744
          4        865        866       1746       1745
          4        866        867       1747       1746
          4        867        868       1748       1747
          4        868        869       1749       1748
          4        869        870       1750       1749
          4        870        871       1751       1750
          4        871        872       1752       1751
          4        872        873       1753       1752
          4        873        874       1754       1753
          4        874        875       1755       1754
          4        875        876       1756       1755
          4        876        877       1757       1756
          4        877        878       1758       1757
          4        878        879       1759       1758
 
CELL_TYPES        879
          9
          9
          9
          9
          9
          9
          9
          9
          9
          9
          9
          9
          9
          9
          9
          9
          9
          9
          9
          9
          9
          9
          9
          9
          9
          9
          9
          9
          9
          9
          9
          9
          9
          9
          9
          9
          9
          9
          9
          9
          9
          9
          9
          9
          9
          9
          9
          9
          9
          9
          9
          9
          9
          9
          9
          9
          9
          9
          9
          9
          9
          9
          9
          9
          9
          9
          9
          9
          9
          9
          9
          9
          9
          9
          9
          9
          9
          9
          9
          9
          9
          9
          9
          9
          9
          9
          9
          9
          9
          9
          9
          9
          9
          9
          9
          9
          9
          9
          9
          9
          9
          9
          9
          9
          9
          9
          9
          9
          9
          9
          9
          9
          9
          9
          9
          9
          9
          9
          9
          9
          9
          9
          9
          9
          9
          9
          9
          9
          9
          9
          9
          9
          9
          9
          9
          9
          9
          9
          9
          9
          9
          9
          9
          9
          9
          9
          9
          9
          9
          9
          9
          9
          9
          9
          9
          9
          9
          9
          9
          9
          9
          9
          9
          9
          9
          9
          9
          9
          9
          9
          9
          9
          9
          9
          9
          9
          9
          9
          9
          9
          9
          9
          9
          9
          9
          9
          9
          9
          9
          9
          9
          9
          9
          9
          9
          9
          9
          9
          9
          9
          9
          9
          9
          9
          9
          9
          9
          9
          9
          9
          9
          9
          9
          9
          9
          9
          9
          9
          9
          9
          9
          9
          9
          9
          9
          9
          9
          9
          9
          9
          9
          9
          9
          9
          9
          9
          9
          9
          9
          9
          9
          9
          9
          9
          9
          9
          9
          9
          9
          9
          9
          9
          9
          9
          9
          9
          9
          9
          9
          9
          9
          9
          9
          9
          9
          9
          9
          9
          9
          9
          9
          9
          9
          9
          9
          9
          9
          9
          9
          9
          9
          9
          9
          9
          9
          9
          9
          9
          9
          9
          9
          9
          9
          9
          9
          9
          9
          9
          9
          9
          9
          9
          9
          9
          9
          9
          9
          9
          9
          9
          9
          9
          9
          9
          9
          9
          9
          9
          9
          9
          9
          9
          9
          9
          9
          9
          9
          9
          9
          9
          9
          9
          9
          9
          9
          9
          9
          9
          9
          9
          9
          9
          9
          9
          9
          9
          9
          9
          9
          9
          9
          9
          9
          9
          9
          9
          9
          9
          9
          9
          9
          9
          9
          9
          9
          9
          9
          9
          9
          9
          9
          9
          9
          9
          9
          9
          9
          9
          9
          9
          9
          9
          9
          9
          9
          9
          9
          9
          9
          9
          9
          9
          9
          9
          9
          9
          9
          9
          9
          9
          9
          9
          9
          9
          9
          9
          9
          9
          9
          9
          9
          9
          9
          9
          9
          9
          9
          9
          9
          9
          9
          9
          9
          9
          9
          9
          9
          9
          9
          9
          9
          9
          9
          9
          9
          9
          9
          9
          9
          9
          9
          9
          9
          9
          9
          9
          9
          9
          9
          9
          9
          9
          9
          9
          9
          9
          9
          9
          9
          9
          9
          9
          9
          9
          9
          9
          9
          9
          9
          9
          9
          9
          9
          9
          9
          9
          9
          9
          9
          9
          9
          9
          9
          9
          9
          9
          9
          9
          9
          9
          9
          9
          9
          9
          9
          9
          9
          9
          9
          9
          9
          9
          9
          9
          9
          9
          9
          9
          9
          9
          9
          9
          9
          9
          9
          9
          9
          9
          9
          9
          9
          9
          9
          9
          9
          9
          9
          9
          9
          9
          9
          9
          9
          9
          9
          9
          9
          9
          9
          9
          9
          9
          9
          9
          9
          9
          9
          9
          9
          9
          9
          9
          9
          9
          9
          9
          9
          9
          9
          9
          9
          9
          9
          9
          9
          9
          9
          9
          9
          9
          9
          9
          9
          9
          9
          9
          9
          9
          9
          9
          9
          9
          9
          9
          9
          9
          9
          9
          9
          9
          9
          9
          9
          9
          9
          9
          9
          9
          9
          9
          9
          9
          9
          9
          9
          9
          9
          9
          9
          9
          9
          9
          9
          9
          9
          9
          9
          9
          9
          9
          9
          9
          9
          9
          9
          9
          9
          9
          9
          9
          9
          9
          9
          9
          9
          9
          9
          9
          9
          9
          9
          9
          9
          9
          9
          9
          9
          9
          9
          9
          9
          9
          9
          9
          9
          9
          9
          9
          9
          9
          9
          9
          9
          9
          9
          9
          9
          9
          9
          9
          9
          9
          9
          9
          9
          9
          9
          9
          9
          9
          9
          9
          9
          9
          9
          9
          9
          9
          9
          9
          9
          9
          9
          9
          9
          9
          9
          9
          9
          9
          9
          9
          9
          9
          9
          9
          9
          9
          9
          9
          9
          9
          9
          9
          9
          9
          9
          9
          9
          9
          9
          9
          9
          9
          9
          9
          9
          9
          9
          9
          9
          9
          9
          9
          9
          9
          9
          9
          9
          9
          9
          9
          9
          9
          9
          9
          9
          9
          9
          9
          9
          9
          9
          9
          9
          9
          9
          9
          9
          9
          9
          9
          9
          9
          9
          9
          9
          9
          9
          9
          9
          9
          9
          9
          9
          9
          9
          9
          9
          9
          9
          9
          9
          9
          9
          9
          9
          9
          9
          9
          9
          9
          9
          9
          9
          9
          9
          9
          9
          9
          9
          9
          9
          9
          9
          9
          9
          9
          9
          9
          9
          9
          9
          9
          9
          9
          9
          9
          9
          9
          9
          9
          9
          9
          9
          9
          9
          9
          9
          9
          9
          9
          9
          9
          9
          9
          9
          9
          9
          9
          9
          9
          9
          9
          9
          9
          9
          9
          9
          9
          9
          9
          9
          9
          9
          9
          9
          9
          9
          9
          9
          9
          9
          9
          9
          9
          9
          9
          9
          9
          9
          9
          9
          9
          9
          9
          9
          9
          9
CELL_DATA       879
SCALARS Q float 1
LOOKUP_TABLE default
  0.0000000    
  0.0000000    
  0.0000000    
  0.0000000    
  0.0000000    
  0.0000000    
  1094.2141    
  0.0000000    
  0.0000000    
  0.0000000    
  0.0000000    
  0.0000000    
  0.0000000    
  0.0000000    
  0.0000000    
  0.0000000    
  0.0000000    
  0.0000000    
  0.0000000    
  0.0000000    
  0.0000000    
  0.0000000    
  0.0000000    
  0.0000000    
  0.0000000    
  0.0000000    
  0.0000000    
  0.0000000    
  0.0000000    
  0.0000000    
  0.0000000    
  0.0000000    
  0.0000000    
  0.0000000    
  0.0000000    
  0.0000000    
  0.0000000    
  0.0000000    
  0.0000000    
  0.0000000    
  0.0000000    
  0.0000000    
  0.0000000    
  0.0000000    
  0.0000000    
  0.0000000    
  0.0000000    
  0.0000000    
  0.0000000    
  0.0000000    
  0.0000000    
  0.0000000    
  0.0000000    
  0.0000000    
  0.0000000    
  0.0000000    
  0.0000000    
  0.0000000    
  0.0000000    
  0.0000000    
  0.0000000    
  0.0000000    
  0.0000000    
  0.0000000    
  0.0000000    
  0.0000000    
  0.0000000    
  0.0000000    
  0.0000000    
  6705.1138    
  20941.107    
  34595.699    
  49795.879    
  55902.305    
  61624.133    
  67454.648    
  72884.391    
  77991.406    
  82435.516    
  86499.664    
  90337.023    
  95194.500    
  101279.07    
  106801.07    
  107687.27    
  112815.98    
  116440.37    
  117898.23    
  117173.59    
  115713.24    
  112664.93    
  112635.42    
  112791.05    
  112377.03    
  111060.15    
  108926.67    
  106348.73    
  103362.09    
  100401.14    
  97249.055    
  93792.312    
  90188.906    
  87477.453    
  80468.148    
  73549.203    
  66268.195    
  58879.488    
  52002.656    
  45257.215    
  39766.855    
  34701.551    
  30041.135    
  25788.785    
  22010.023    
  16967.178    
  14749.984    
  12758.337    
  10893.459    
  9185.3740    
  7723.4507    
  5399.8350    
  5120.8726    
  4848.8345    
  4556.4126    
  4248.9248    
  3951.1841    
  3684.8311    
  3440.1460    
  3202.4177    
  2964.3469    
  2735.1089    
  2519.4028    
  1826.7917    
  1627.3722    
  1438.1315    
  1259.2372    
  1093.7212    
  944.30322    
  672.42395    
  636.67438    
  600.00275    
  559.78815    
  517.74927    
  478.48068    
  449.09549    
  426.97476    
  406.04764    
  384.32510    
  0.0000000    
  0.0000000    
  0.0000000    
  0.0000000    
  0.0000000    
  0.0000000    
  0.0000000    
  0.0000000    
  0.0000000    
  0.0000000    
  0.0000000    
  0.0000000    
  0.0000000    
  0.0000000    
  0.0000000    
  0.0000000    
  0.0000000    
  0.0000000    
  0.0000000    
  0.0000000    
  0.0000000    
  0.0000000    
  0.0000000    
  0.0000000    
  0.0000000    
  0.0000000    
  0.0000000    
  0.0000000    
  0.0000000    
  0.0000000    
  0.0000000    
  0.0000000    
  0.0000000    
  0.0000000    
  0.0000000    
  0.0000000    
  0.0000000    
  0.0000000    
  0.0000000    
  0.0000000    
  0.0000000    
  0.0000000    
  0.0000000    
  0.0000000    
  0.0000000    
  0.0000000    
  0.0000000    
  0.0000000    
  0.0000000    
  0.0000000    
  0.0000000    
  0.0000000    
  0.0000000    
  0.0000000    
  0.0000000    
  0.0000000    
  0.0000000    
  0.0000000    
  0.0000000    
  0.0000000    
  0.0000000    
  0.0000000    
  0.0000000    
  0.0000000    
  0.0000000    
  0.0000000    
  0.0000000    
  0.0000000    
  0.0000000    
  0.0000000    
  0.0000000    
  0.0000000    
  0.0000000    
  0.0000000    
  0.0000000    
  0.0000000    
  0.0000000    
  0.0000000    
  0.0000000    
  0.0000000    
  0.0000000    
  0.0000000    
  0.0000000    
  0.0000000    
  0.0000000    
  0.0000000    
  0.0000000    
  0.0000000    
  0.0000000    
  0.0000000    
  0.0000000    
  0.0000000    
  0.0000000    
  0.0000000    
  0.0000000    
  0.0000000    
  0.0000000    
  0.0000000    
  0.0000000    
  0.0000000    
  0.0000000    
  0.0000000    
  0.0000000    
  0.0000000    
  0.0000000    
  0.0000000    
  0.0000000    
  0.0000000    
  0.0000000    
  0.0000000    
  0.0000000    
  0.0000000    
  0.0000000    
  0.0000000    
  0.0000000    
 0.21753609E-03
 0.43792638E-03
  0.0000000    
  0.0000000    
  0.0000000    
  0.0000000    
  0.0000000    
 0.31129169E-03
  0.0000000    
 0.27534479E-03
 0.27064123E-03
 0.29094165E-03
  0.0000000    
  0.0000000    
  0.0000000    
  0.0000000    
  0.0000000    
  0.0000000    
  0.0000000    
  0.0000000    
  0.0000000    
  0.0000000    
  0.0000000    
  0.0000000    
  0.0000000    
  0.0000000    
  0.0000000    
  0.0000000    
  0.0000000    
  0.0000000    
  0.0000000    
  0.0000000    
  0.0000000    
  0.0000000    
  0.0000000    
  0.0000000    
  0.0000000    
  0.0000000    
  0.0000000    
  0.0000000    
  0.0000000    
  0.0000000    
  0.0000000    
  0.0000000    
  0.0000000    
  0.0000000    
  0.0000000    
  0.0000000    
  0.0000000    
  0.0000000    
  0.0000000    
  0.0000000    
  0.0000000    
  0.0000000    
  0.0000000    
  0.0000000    
  0.0000000    
  0.0000000    
  0.0000000    
  0.0000000    
  0.0000000    
  0.0000000    
  0.0000000    
  0.0000000    
  0.0000000    
  0.0000000    
  0.0000000    
  0.0000000    
  0.0000000    
  0.0000000    
  0.0000000    
  0.0000000    
  0.0000000    
  0.0000000    
  0.0000000    
  0.0000000    
  0.0000000    
  0.0000000    
  0.0000000    
  0.0000000    
  0.0000000    
  0.0000000    
  0.0000000    
  0.0000000    
  0.0000000    
  0.0000000    
  0.0000000    
  0.0000000    
  0.0000000    
  0.0000000    
  0.0000000    
  0.0000000    
  0.0000000    
  0.0000000    
  0.0000000    
  0.0000000    
  0.0000000    
  0.0000000    
  0.0000000    
  0.0000000    
  0.0000000    
  0.0000000    
  0.0000000    
  0.0000000    
  0.0000000    
  0.0000000    
  0.0000000    
  0.0000000    
  0.0000000    
  0.0000000    
  0.0000000    
  0.0000000    
  0.0000000    
  0.0000000    
  0.0000000    
  0.0000000    
  0.0000000    
  0.0000000    
  0.0000000    
  0.0000000    
  0.0000000    
  0.0000000    
  0.0000000    
  0.0000000    
  0.0000000    
  0.0000000    
  0.0000000    
  0.0000000    
  0.0000000    
  0.0000000    
  0.0000000    
  0.0000000    
  0.0000000    
  0.0000000    
  0.0000000    
  0.0000000    
  0.0000000    
  0.0000000    
  0.0000000    
  0.0000000    
  0.0000000    
  0.0000000    
  0.0000000    
  0.0000000    
  0.0000000    
  0.0000000    
  0.0000000    
  0.0000000    
  0.0000000    
  0.0000000    
  0.0000000    
  0.0000000    
  0.0000000    
  0.0000000    
  0.0000000    
  0.0000000    
  0.0000000    
  0.0000000    
  0.0000000    
  0.0000000    
  0.0000000    
  0.0000000    
  0.0000000    
  0.0000000    
  0.0000000    
  0.0000000    
  0.0000000    
  0.0000000    
  0.0000000    
  0.0000000    
  0.0000000    
  0.0000000    
  0.0000000    
  0.0000000    
  0.0000000    
  0.0000000    
  0.0000000    
  0.0000000    
  0.0000000    
  0.0000000    
  0.0000000    
  0.0000000    
  0.0000000    
  0.0000000    
  0.0000000    
  0.0000000    
  0.0000000    
  0.0000000    
  0.0000000    
  0.0000000    
  0.0000000    
  0.0000000    
  0.0000000    
  0.0000000    
  0.0000000    
  0.0000000    
  0.0000000    
  0.0000000    
  0.0000000    
  0.0000000    
  0.0000000    
  0.0000000    
  0.0000000    
  0.0000000    
  0.0000000    
  0.0000000    
  0.0000000    
  0.0000000    
  0.0000000    
  0.0000000    
  0.0000000    
  0.0000000    
  0.0000000    
  0.0000000    
  0.0000000    
  0.0000000    
  0.0000000    
  0.0000000    
  0.0000000    
  0.0000000    
  0.0000000    
  0.0000000    
  0.0000000    
  0.0000000    
  0.0000000    
  0.0000000    
  0.0000000    
  0.0000000    
 0.26895750    
 0.22044156    
  0.0000000    
  0.0000000    
 0.96727692E-01
  0.0000000    
  0.0000000    
  0.0000000    
  0.0000000    
  0.0000000    
  0.0000000    
 0.83503419    
  0.0000000    
  0.0000000    
  0.0000000    
  0.0000000    
  0.0000000    
  0.0000000    
  0.0000000    
  0.0000000    
  0.0000000    
  0.0000000    
  0.0000000    
  0.0000000    
  0.0000000    
  0.0000000    
  0.0000000    
  0.0000000    
  0.0000000    
  0.0000000    
  0.0000000    
  0.0000000    
  0.0000000    
  0.0000000    
  0.0000000    
  0.0000000    
  0.0000000    
  0.0000000    
  0.0000000    
  0.0000000    
  0.0000000    
  0.0000000    
  0.0000000    
  0.0000000    
  0.0000000    
  0.0000000    
  0.0000000    
  0.0000000    
  0.0000000    
  0.0000000    
  0.0000000    
  0.0000000    
  0.0000000    
  0.0000000    
  0.0000000    
  0.0000000    
  0.0000000    
  0.0000000    
  0.0000000    
  0.0000000    
  0.0000000    
  0.0000000    
  0.0000000    
  0.0000000    
  0.0000000    
  0.0000000    
  90.964417    
  96.842216    
  100.82836    
  104.96523    
  155.28441    
  173.45367    
  193.25082    
  212.28087    
  231.57861    
  253.27782    
  278.07135    
  305.32251    
  335.08798    
  366.63889    
  399.38519    
  435.95773    
  479.35248    
  529.21625    
  583.26379    
  637.22174    
  690.01086    
  747.18970    
  813.71295    
  892.55811    
  979.62207    
  1064.7643    
  1141.1407    
  1217.5775    
  1313.1892    
  1437.9919    
  1576.6617    
  1707.0314    
  1829.9276    
  1959.9752    
  2098.6819    
  2242.1506    
  2386.0557    
  2505.2949    
  2594.8628    
  2688.3860    
  2837.7244    
  3056.0566    
  3279.7490    
  3420.5071    
  3452.9392    
  3468.9202    
  3541.8518    
  3673.6826    
  3805.0293    
  3885.7617    
  3896.3875    
  3895.3237    
  8835.8701    
  9349.6777    
  9894.3906    
  10407.981    
  10849.198    
  11250.958    
  11746.018    
  12343.163    
  12965.494    
  13565.600    
  14149.592    
  14746.486    
  16057.240    
  17473.340    
  18960.588    
  20368.902    
  21666.500    
  23252.801    
  24211.006    
  25983.713    
  27826.279    
  29544.178    
  31088.918    
  32552.754    
  34549.941    
  35185.199    
  35742.809    
  36334.172    
  36971.125    
  37547.895    
  37962.254    
  38202.562    
  38355.992    
  38471.293    
  38579.430    
  38675.535    
  37528.648    
  37562.375    
  37499.902    
  37505.359    
  37676.336    
  37660.035    
  38897.062    
  37984.461    
  36888.969    
  35982.090    
  35413.770    
  34918.273    
  34124.023    
  33151.367    
  31979.475    
  30388.082    
  28368.041    
  26461.363    
  22604.953    
  20878.902    
  19217.326    
  17665.648    
  16982.125    
  16177.753    
  16372.231    
  13715.812    
  11049.915    
  9067.6611    
  8151.9897    
  0.0000000    
  6700.8721    
  4306.1084    
  0.0000000    
  0.0000000    
  0.0000000    
  0.0000000    
  0.0000000    
  0.0000000    
  0.0000000    
  0.0000000    
  0.0000000    
  0.0000000    
  0.0000000    
  0.0000000    
  0.0000000    
  0.0000000    
  0.0000000    
  0.0000000    
  0.0000000    
  0.0000000    
  0.0000000    
  0.0000000    
  0.0000000    
  0.0000000    
  0.0000000    
  0.0000000    
  0.0000000    
  0.0000000    
  0.0000000    
  0.0000000    
  0.0000000    
  0.0000000    
  0.0000000    
  0.0000000    
  0.0000000    
  0.0000000    
  8712.8730    
  0.0000000    
  0.0000000    
  0.0000000    
  0.0000000    
  0.0000000    
  0.0000000    
  0.0000000    
  0.0000000    
  0.0000000    
  0.0000000    
  0.0000000    
  0.0000000    
  308246.03    
  356672.41    
  412049.84    
  474578.69    
  543484.00    
  113977.06    
  119660.95    
  125852.96    
  136266.28    
  151411.16    
  168068.39    
  0.0000000    
  0.0000000    
  0.0000000    
  0.0000000    
  0.0000000    
  0.0000000    
  0.0000000    
  0.0000000    
  0.0000000    
  0.0000000    
  0.0000000    
  0.0000000    
  0.0000000    
  0.0000000    
  0.0000000    
  0.0000000    
  0.0000000    
  0.0000000    
  0.0000000    
  0.0000000    
  0.0000000    
  0.0000000    
  0.0000000    
  0.0000000    
  706958.44    
  764062.56    
  824102.25    
  888843.00    
  957038.06    
  1027524.9    
  1113122.2    
  1218218.8    
  1331572.8    
  1451788.0    
  1583726.9    
  1725830.2    
  1862521.8    
  1988227.2    
  2111883.5    
  2234251.2    
  2357312.8    
  2474746.2    
  2562464.2    
  2629371.2    
  2692451.2    
  2763416.5    
  2848995.0    
  2922849.0    
  2966125.2    
  2967246.5    
  2945497.2    
  2930662.2    
  2934935.0    
  0.0000000    
  0.0000000    
  0.0000000    
  0.0000000    
  0.0000000    
  0.0000000    
  0.0000000    
  0.0000000    
  0.0000000    
  0.0000000    
  0.0000000    
  0.0000000    
  0.0000000    
  0.0000000    
  0.0000000    
  0.0000000    
  0.0000000    
  0.0000000    
  0.0000000    
  0.0000000    
  0.0000000    
  0.0000000    
  0.0000000    
  0.0000000    
  0.0000000    
  0.0000000    
  0.0000000    
  0.0000000    
  0.0000000    
  2664318.0    
  2667913.5    
  2664665.8    
  2641976.0    
  2593189.2    
  2525191.5    
  2437451.0    
  2342808.0    
  2254731.0    
  2170848.8    
  2077813.2    
  1973620.9    
  1861483.2    
  1749809.5    
  1638497.0    
  1520346.4    
  1399900.5    
  1272893.4    
  1147332.4    
  1030674.8    
  936609.12    
  861349.69    
  0.0000000    
  0.0000000    
  0.0000000    
  0.0000000    
  0.0000000    
  0.0000000    
  0.0000000    
  0.0000000    
  0.0000000    
  0.0000000    
  7473.3706    
  0.0000000    
  0.0000000    
  0.0000000    
  0.0000000    
  0.0000000    
  0.0000000    
  0.0000000    
  0.0000000    
  0.0000000    
  0.0000000    
  0.0000000    
  0.0000000    
  0.0000000    
  0.0000000    
  0.0000000    
  0.0000000    
  0.0000000    
  0.0000000    
  0.0000000    
  0.0000000    
  0.0000000    
  0.0000000    
  0.0000000    
  0.0000000    
  0.0000000    
  0.0000000    
  0.0000000    
  0.0000000    
  0.0000000    
SCALARS psista float 1
LOOKUP_TABLE default
  0.0000000    
  0.0000000    
  0.0000000    
  0.0000000    
  0.0000000    
  0.0000000    
  2.9791684    
  0.0000000    
  0.0000000    
  0.0000000    
  0.0000000    
  0.0000000    
  0.0000000    
  0.0000000    
  0.0000000    
  0.0000000    
  0.0000000    
  0.0000000    
  0.0000000    
  0.0000000    
  0.0000000    
  0.0000000    
  0.0000000    
  0.0000000    
  0.0000000    
  0.0000000    
  0.0000000    
  0.0000000    
  0.0000000    
  0.0000000    
  0.0000000    
  0.0000000    
  0.0000000    
  0.0000000    
  0.0000000    
  0.0000000    
  0.0000000    
  0.0000000    
  0.0000000    
  0.0000000    
  0.0000000    
  0.0000000    
  0.0000000    
  0.0000000    
  0.0000000    
  0.0000000    
  0.0000000    
  0.0000000    
  0.0000000    
  0.0000000    
  0.0000000    
  0.0000000    
  0.0000000    
  0.0000000    
  0.0000000    
  0.0000000    
  0.0000000    
  0.0000000    
  0.0000000    
  0.0000000    
  0.0000000    
  0.0000000    
  0.0000000    
  0.0000000    
  0.0000000    
  0.0000000    
  0.0000000    
  0.0000000    
  0.0000000    
  1.6934457    
  1.6977319    
  1.7065364    
  1.7164973    
  1.7250750    
  1.7346737    
  1.7453762    
  1.7571826    
  1.7701902    
  1.7841867    
  1.7993178    
  1.8153567    
  1.8325747    
  1.8511996    
  1.8717064    
  1.9043072    
  1.9514476    
  2.0037801    
  2.0613203    
  2.1234195    
  2.1900961    
  2.2407532    
  2.2726228    
  2.3058462    
  2.3404474    
  2.3762527    
  2.4131594    
  2.4566674    
  2.5072775    
  2.5593936    
  2.6134074    
  2.6691730    
  2.7267997    
  2.8112204    
  2.9253089    
  3.0456302    
  3.1726546    
  3.3052294    
  3.4434340    
  3.5859931    
  3.7327194    
  3.8844681    
  4.0412145    
  4.2033043    
  4.3703432    
  4.5332398    
  4.6925025    
  4.8576231    
  5.0293779    
  5.2057676    
  5.3858161    
  5.5125718    
  5.5843754    
  5.6578093    
  5.7327657    
  5.8088007    
  5.8855305    
  5.9652233    
  6.0483961    
  6.1331940    
  6.2196984    
  6.3078594    
  6.3975973    
  6.5146794    
  6.6623492    
  6.8157454    
  6.9743190    
  7.1374369    
  7.3049135    
  7.4289351    
  7.5077810    
  7.5889993    
  7.6720395    
  7.7562165    
  7.8411460    
  7.9172153    
  7.9845285    
  8.0531988    
  8.1231775    
  0.0000000    
  0.0000000    
  0.0000000    
  0.0000000    
  0.0000000    
  0.0000000    
  0.0000000    
  0.0000000    
  0.0000000    
  0.0000000    
  0.0000000    
  0.0000000    
  0.0000000    
  0.0000000    
  0.0000000    
  0.0000000    
  0.0000000    
  0.0000000    
  0.0000000    
  0.0000000    
  0.0000000    
  0.0000000    
  0.0000000    
  0.0000000    
  0.0000000    
  0.0000000    
  0.0000000    
  0.0000000    
  0.0000000    
  0.0000000    
  0.0000000    
  0.0000000    
  0.0000000    
  0.0000000    
  0.0000000    
  0.0000000    
  0.0000000    
  0.0000000    
  0.0000000    
  0.0000000    
  0.0000000    
  0.0000000    
  0.0000000    
  0.0000000    
  0.0000000    
  0.0000000    
  0.0000000    
  0.0000000    
  0.0000000    
  0.0000000    
  0.0000000    
  0.0000000    
  0.0000000    
  0.0000000    
  0.0000000    
  0.0000000    
  0.0000000    
  0.0000000    
  0.0000000    
  0.0000000    
  0.0000000    
  0.0000000    
  0.0000000    
  0.0000000    
  0.0000000    
  0.0000000    
  0.0000000    
  0.0000000    
  0.0000000    
  0.0000000    
  0.0000000    
  0.0000000    
  0.0000000    
  0.0000000    
  0.0000000    
  0.0000000    
  0.0000000    
  0.0000000    
  0.0000000    
  0.0000000    
  0.0000000    
  0.0000000    
  0.0000000    
  0.0000000    
  0.0000000    
  0.0000000    
  0.0000000    
  0.0000000    
  0.0000000    
  0.0000000    
  0.0000000    
  0.0000000    
  0.0000000    
  0.0000000    
  0.0000000    
  0.0000000    
  0.0000000    
  0.0000000    
  0.0000000    
  0.0000000    
  0.0000000    
  0.0000000    
  0.0000000    
  0.0000000    
  0.0000000    
  0.0000000    
  0.0000000    
  0.0000000    
  0.0000000    
  0.0000000    
  0.0000000    
  0.0000000    
  0.0000000    
  0.0000000    
  0.0000000    
  16.514015    
  16.483076    
  0.0000000    
  0.0000000    
  0.0000000    
  0.0000000    
  0.0000000    
  16.453857    
  0.0000000    
  16.447643    
  16.444864    
  16.441938    
  0.0000000    
  0.0000000    
  0.0000000    
  0.0000000    
  0.0000000    
  0.0000000    
  0.0000000    
  0.0000000    
  0.0000000    
  0.0000000    
  0.0000000    
  0.0000000    
  0.0000000    
  0.0000000    
  0.0000000    
  0.0000000    
  0.0000000    
  0.0000000    
  0.0000000    
  0.0000000    
  0.0000000    
  0.0000000    
  0.0000000    
  0.0000000    
  0.0000000    
  0.0000000    
  0.0000000    
  0.0000000    
  0.0000000    
  0.0000000    
  0.0000000    
  0.0000000    
  0.0000000    
  0.0000000    
  0.0000000    
  0.0000000    
  0.0000000    
  0.0000000    
  0.0000000    
  0.0000000    
  0.0000000    
  0.0000000    
  0.0000000    
  0.0000000    
  0.0000000    
  0.0000000    
  0.0000000    
  0.0000000    
  0.0000000    
  0.0000000    
  0.0000000    
  0.0000000    
  0.0000000    
  0.0000000    
  0.0000000    
  0.0000000    
  0.0000000    
  0.0000000    
  0.0000000    
  0.0000000    
  0.0000000    
  0.0000000    
  0.0000000    
  0.0000000    
  0.0000000    
  0.0000000    
  0.0000000    
  0.0000000    
  0.0000000    
  0.0000000    
  0.0000000    
  0.0000000    
  0.0000000    
  0.0000000    
  0.0000000    
  0.0000000    
  0.0000000    
  0.0000000    
  0.0000000    
  0.0000000    
  0.0000000    
  0.0000000    
  0.0000000    
  0.0000000    
  0.0000000    
  0.0000000    
  0.0000000    
  0.0000000    
  0.0000000    
  0.0000000    
  0.0000000    
  0.0000000    
  0.0000000    
  0.0000000    
  0.0000000    
  0.0000000    
  0.0000000    
  0.0000000    
  0.0000000    
  0.0000000    
  0.0000000    
  0.0000000    
  0.0000000    
  0.0000000    
  0.0000000    
  0.0000000    
  0.0000000    
  0.0000000    
  0.0000000    
  0.0000000    
  0.0000000    
  0.0000000    
  0.0000000    
  0.0000000    
  0.0000000    
  0.0000000    
  0.0000000    
  0.0000000    
  0.0000000    
  0.0000000    
  0.0000000    
  0.0000000    
  0.0000000    
  0.0000000    
  0.0000000    
  0.0000000    
  0.0000000    
  0.0000000    
  0.0000000    
  0.0000000    
  0.0000000    
  0.0000000    
  0.0000000    
  0.0000000    
  0.0000000    
  0.0000000    
  0.0000000    
  0.0000000    
  0.0000000    
  0.0000000    
  0.0000000    
  0.0000000    
  0.0000000    
  0.0000000    
  0.0000000    
  0.0000000    
  0.0000000    
  0.0000000    
  0.0000000    
  0.0000000    
  0.0000000    
  0.0000000    
  0.0000000    
  0.0000000    
  0.0000000    
  0.0000000    
  0.0000000    
  0.0000000    
  0.0000000    
  0.0000000    
  0.0000000    
  0.0000000    
  0.0000000    
  0.0000000    
  0.0000000    
  0.0000000    
  0.0000000    
  0.0000000    
  0.0000000    
  0.0000000    
  0.0000000    
  0.0000000    
  0.0000000    
  0.0000000    
  0.0000000    
  0.0000000    
  0.0000000    
  0.0000000    
  0.0000000    
  0.0000000    
  0.0000000    
  0.0000000    
  0.0000000    
  0.0000000    
  0.0000000    
  0.0000000    
  0.0000000    
  0.0000000    
  0.0000000    
  0.0000000    
  0.0000000    
  0.0000000    
  0.0000000    
  0.0000000    
  0.0000000    
  0.0000000    
  0.0000000    
  0.0000000    
  0.0000000    
  0.0000000    
  0.0000000    
  0.0000000    
  0.0000000    
  0.0000000    
  0.0000000    
  0.0000000    
  0.0000000    
  0.0000000    
  0.0000000    
  0.0000000    
  0.0000000    
  0.0000000    
  0.0000000    
  0.0000000    
  0.0000000    
  0.0000000    
  9.3896275    
  9.3909025    
  0.0000000    
  0.0000000    
  9.3941097    
  0.0000000    
  0.0000000    
  0.0000000    
  0.0000000    
  0.0000000    
  0.0000000    
  9.3649702    
  0.0000000    
  0.0000000    
  0.0000000    
  0.0000000    
  0.0000000    
  0.0000000    
  0.0000000    
  0.0000000    
  0.0000000    
  0.0000000    
  0.0000000    
  0.0000000    
  0.0000000    
  0.0000000    
  0.0000000    
  0.0000000    
  0.0000000    
  0.0000000    
  0.0000000    
  0.0000000    
  0.0000000    
  0.0000000    
  0.0000000    
  0.0000000    
  0.0000000    
  0.0000000    
  0.0000000    
  0.0000000    
  0.0000000    
  0.0000000    
  0.0000000    
  0.0000000    
  0.0000000    
  0.0000000    
  0.0000000    
  0.0000000    
  0.0000000    
  0.0000000    
  0.0000000    
  0.0000000    
  0.0000000    
  0.0000000    
  0.0000000    
  0.0000000    
  0.0000000    
  0.0000000    
  0.0000000    
  0.0000000    
  0.0000000    
  0.0000000    
  0.0000000    
  0.0000000    
  0.0000000    
  0.0000000    
  8.1747894    
  8.1265192    
  8.0781250    
  8.0286036    
  7.9698033    
  7.9003072    
  7.8329186    
  7.7655811    
  7.6963410    
  7.6246748    
  7.5496068    
  7.4734883    
  7.3981581    
  7.3233366    
  7.2493582    
  7.1744418    
  7.0979233    
  7.0219216    
  6.9473491    
  6.8718500    
  6.7948880    
  6.7180905    
  6.6423402    
  6.5670261    
  6.4909840    
  6.4131312    
  6.3345141    
  6.2574844    
  6.1832757    
  6.1109476    
  6.0393496    
  5.9681349    
  5.8982329    
  5.8287282    
  5.7589955    
  5.6896849    
  5.6221161    
  5.5566907    
  5.4939079    
  5.4335027    
  5.3746433    
  5.3162527    
  5.2580457    
  5.2005444    
  5.1459293    
  5.0942450    
  5.0445538    
  4.9949965    
  4.9456534    
  4.8966823    
  4.8492403    
  4.8041315    
  4.7606859    
  4.7175083    
  4.6745343    
  4.6322179    
  4.5909224    
  4.5508490    
  4.5054913    
  4.4551897    
  4.4048710    
  4.3549542    
  4.3054342    
  4.2567396    
  4.1896100    
  4.1052914    
  4.0225930    
  3.9415991    
  3.8631928    
  3.7789276    
  3.7053938    
  3.6339638    
  3.5636997    
  3.4948113    
  3.4278846    
  3.3630471    
  3.3133752    
  3.2778881    
  3.2433953    
  3.2098377    
  3.1770947    
  3.1451304    
  3.1175447    
  3.0941379    
  3.0713215    
  3.0490968    
  3.0274291    
  3.0062828    
  2.9733462    
  2.9300840    
  2.8891976    
  2.8504610    
  2.8134460    
  2.7778723    
  2.7519140    
  2.7348795    
  2.7186615    
  2.7032316    
  2.6883855    
  2.6739802    
  2.6600833    
  2.6467893    
  2.6341274    
  2.6221676    
  2.6110818    
  2.6009283    
  2.5877714    
  2.5722225    
  2.5580747    
  2.5453684    
  2.5337315    
  2.5223460    
  2.5144837    
  2.5101254    
  2.5065928    
  2.5037775    
  2.5013821    
  0.0000000    
  2.4966328    
  2.4945230    
  0.0000000    
  0.0000000    
  0.0000000    
  0.0000000    
  0.0000000    
  0.0000000    
  0.0000000    
  0.0000000    
  0.0000000    
  0.0000000    
  0.0000000    
  0.0000000    
  0.0000000    
  0.0000000    
  0.0000000    
  0.0000000    
  0.0000000    
  0.0000000    
  0.0000000    
  0.0000000    
  0.0000000    
  0.0000000    
  0.0000000    
  0.0000000    
  0.0000000    
  0.0000000    
  0.0000000    
  0.0000000    
  0.0000000    
  0.0000000    
  0.0000000    
  0.0000000    
  0.0000000    
  0.0000000    
  2.6508203    
  0.0000000    
  0.0000000    
  0.0000000    
  0.0000000    
  0.0000000    
  0.0000000    
  0.0000000    
  0.0000000    
  0.0000000    
  0.0000000    
  0.0000000    
  0.0000000    
  2.4242029    
  2.2930169    
  2.1643262    
  2.0389302    
  1.9181539    
  1.8475592    
  1.8228030    
  1.7979101    
  1.7724019    
  1.7454950    
  1.7167726    
  0.0000000    
  0.0000000    
  0.0000000    
  0.0000000    
  0.0000000    
  0.0000000    
  0.0000000    
  0.0000000    
  0.0000000    
  0.0000000    
  0.0000000    
  0.0000000    
  0.0000000    
  0.0000000    
  0.0000000    
  0.0000000    
  0.0000000    
  0.0000000    
  0.0000000    
  0.0000000    
  0.0000000    
  0.0000000    
  0.0000000    
  0.0000000    
  1.6735075    
  1.6046065    
  1.5359378    
  1.4663850    
  1.3975906    
  1.3308482    
  1.2560593    
  1.1726586    
  1.0905091    
  1.0109237    
 0.93297273    
 0.85598308    
 0.78261232    
 0.71362561    
 0.64704263    
 0.58248866    
 0.51861894    
 0.45645246    
 0.40490776    
 0.36175695    
 0.31918633    
 0.27439433    
 0.22713076    
 0.18386377    
 0.14635213    
 0.11123204    
 0.77776767E-01
 0.46845045E-01
 0.18564794E-01
  0.0000000    
  0.0000000    
  0.0000000    
  0.0000000    
  0.0000000    
  0.0000000    
  0.0000000    
  0.0000000    
  0.0000000    
  0.0000000    
  0.0000000    
  0.0000000    
  0.0000000    
  0.0000000    
  0.0000000    
  0.0000000    
  0.0000000    
  0.0000000    
  0.0000000    
  0.0000000    
  0.0000000    
  0.0000000    
  0.0000000    
  0.0000000    
  0.0000000    
  0.0000000    
  0.0000000    
  0.0000000    
  0.0000000    
 0.43649811E-01
 0.86058967E-01
 0.12960750    
 0.18277766    
 0.24320875    
 0.30938360    
 0.38118258    
 0.45409003    
 0.51883435    
 0.57606399    
 0.63419408    
 0.69381696    
 0.75621730    
 0.82216561    
 0.90062416    
 0.99115211    
  1.0876385    
  1.1904845    
  1.2972199    
  1.4063119    
  1.5042980    
  1.5904405    
  0.0000000    
  0.0000000    
  0.0000000    
  0.0000000    
  0.0000000    
  0.0000000    
  0.0000000    
  0.0000000    
  0.0000000    
  0.0000000    
  2.0699887    
  0.0000000    
  0.0000000    
  0.0000000    
  0.0000000    
  0.0000000    
  0.0000000    
  0.0000000    
  0.0000000    
  0.0000000    
  0.0000000    
  0.0000000    
  0.0000000    
  0.0000000    
  0.0000000    
  0.0000000    
  0.0000000    
  0.0000000    
  0.0000000    
  0.0000000    
  0.0000000    
  0.0000000    
  0.0000000    
  0.0000000    
  0.0000000    
  0.0000000    
  0.0000000    
  0.0000000    
  0.0000000    
  0.0000000    
SCALARS angle float 1
LOOKUP_TABLE default
  0.0000000    
  0.0000000    
  0.0000000    
  0.0000000    
  0.0000000    
  0.0000000    
 0.37193298E-01
  0.0000000    
  0.0000000    
  0.0000000    
  0.0000000    
  0.0000000    
  0.0000000    
  0.0000000    
  0.0000000    
  0.0000000    
  0.0000000    
  0.0000000    
  0.0000000    
  0.0000000    
  0.0000000    
  0.0000000    
  0.0000000    
  0.0000000    
  0.0000000    
  0.0000000    
  0.0000000    
  0.0000000    
  0.0000000    
  0.0000000    
  0.0000000    
  0.0000000    
  0.0000000    
  0.0000000    
  0.0000000    
  0.0000000    
  0.0000000    
  0.0000000    
  0.0000000    
  0.0000000    
  0.0000000    
  0.0000000    
  0.0000000    
  0.0000000    
  0.0000000    
  0.0000000    
  0.0000000    
  0.0000000    
  0.0000000    
  0.0000000    
  0.0000000    
  0.0000000    
  0.0000000    
  0.0000000    
  0.0000000    
  0.0000000    
  0.0000000    
  0.0000000    
  0.0000000    
  0.0000000    
  0.0000000    
  0.0000000    
  0.0000000    
  0.0000000    
  0.0000000    
  0.0000000    
  0.0000000    
  0.0000000    
  0.0000000    
 0.53924561E-01
 0.16975403    
 0.28425598    
 0.41500092    
 0.47141266    
 0.52650452    
 0.58474731    
 0.64196014    
 0.69901276    
 0.75270081    
 0.80570984    
 0.85932159    
 0.92613983    
  1.0095978    
  1.0934143    
  1.1498795    
  1.2797318    
  1.4119339    
  1.5377350    
  1.6526566    
  1.7743378    
  1.8403854    
  1.9143753    
  1.9977112    
  2.0774689    
  2.1459503    
  2.2026901    
  2.2685928    
  2.3455505    
  2.4277115    
  2.5113144    
  2.5919418    
  2.6724777    
  2.8692398    
  3.0246201    
  3.1888123    
  3.3380890    
  3.4659500    
  3.5971603    
  3.6926270    
  3.8409119    
  3.9860535    
  4.1233521    
  4.2510529    
  4.3763885    
  4.0452423    
  4.1959991    
  4.3543472    
  4.4891357    
  4.5897141    
  4.6935730    
  3.7627487    
  3.8564377    
  3.9527130    
  4.0268478    
  4.0754623    
  4.1155777    
  4.1799850    
  4.2646866    
  4.3458633    
  4.4119873    
  4.4722672    
  4.5324249    
  3.7200241    
  3.8748550    
  4.0263672    
  4.1662979    
  4.2949753    
  4.4197159    
  3.5820465    
  3.6831665    
  3.7784653    
  3.8447495    
  3.8829651    
  3.9210815    
  3.9835663    
  4.0614395    
  4.1475983    
  4.2216492    
  0.0000000    
  0.0000000    
  0.0000000    
  0.0000000    
  0.0000000    
  0.0000000    
  0.0000000    
  0.0000000    
  0.0000000    
  0.0000000    
  0.0000000    
  0.0000000    
  0.0000000    
  0.0000000    
  0.0000000    
  0.0000000    
  0.0000000    
  0.0000000    
  0.0000000    
  0.0000000    
  0.0000000    
  0.0000000    
  0.0000000    
  0.0000000    
  0.0000000    
  0.0000000    
  0.0000000    
  0.0000000    
  0.0000000    
  0.0000000    
  0.0000000    
  0.0000000    
  0.0000000    
  0.0000000    
  0.0000000    
  0.0000000    
  0.0000000    
  0.0000000    
  0.0000000    
  0.0000000    
  0.0000000    
  0.0000000    
  0.0000000    
  0.0000000    
  0.0000000    
  0.0000000    
  0.0000000    
  0.0000000    
  0.0000000    
  0.0000000    
  0.0000000    
  0.0000000    
  0.0000000    
  0.0000000    
  0.0000000    
  0.0000000    
  0.0000000    
  0.0000000    
  0.0000000    
  0.0000000    
  0.0000000    
  0.0000000    
  0.0000000    
  0.0000000    
  0.0000000    
  0.0000000    
  0.0000000    
  0.0000000    
  0.0000000    
  0.0000000    
  0.0000000    
  0.0000000    
  0.0000000    
  0.0000000    
  0.0000000    
  0.0000000    
  0.0000000    
  0.0000000    
  0.0000000    
  0.0000000    
  0.0000000    
  0.0000000    
  0.0000000    
  0.0000000    
  0.0000000    
  0.0000000    
  0.0000000    
  0.0000000    
  0.0000000    
  0.0000000    
  0.0000000    
  0.0000000    
  0.0000000    
  0.0000000    
  0.0000000    
  0.0000000    
  0.0000000    
  0.0000000    
  0.0000000    
  0.0000000    
  0.0000000    
  0.0000000    
  0.0000000    
  0.0000000    
  0.0000000    
  0.0000000    
  0.0000000    
  0.0000000    
  0.0000000    
  0.0000000    
  0.0000000    
  0.0000000    
  0.0000000    
  0.0000000    
  0.0000000    
 0.14802551    
 0.28712463    
  0.0000000    
  0.0000000    
  0.0000000    
  0.0000000    
  0.0000000    
 0.19607544    
  0.0000000    
 0.17191315    
 0.16829681    
 0.18016815    
  0.0000000    
  0.0000000    
  0.0000000    
  0.0000000    
  0.0000000    
  0.0000000    
  0.0000000    
  0.0000000    
  0.0000000    
  0.0000000    
  0.0000000    
  0.0000000    
  0.0000000    
  0.0000000    
  0.0000000    
  0.0000000    
  0.0000000    
  0.0000000    
  0.0000000    
  0.0000000    
  0.0000000    
  0.0000000    
  0.0000000    
  0.0000000    
  0.0000000    
  0.0000000    
  0.0000000    
  0.0000000    
  0.0000000    
  0.0000000    
  0.0000000    
  0.0000000    
  0.0000000    
  0.0000000    
  0.0000000    
  0.0000000    
  0.0000000    
  0.0000000    
  0.0000000    
  0.0000000    
  0.0000000    
  0.0000000    
  0.0000000    
  0.0000000    
  0.0000000    
  0.0000000    
  0.0000000    
  0.0000000    
  0.0000000    
  0.0000000    
  0.0000000    
  0.0000000    
  0.0000000    
  0.0000000    
  0.0000000    
  0.0000000    
  0.0000000    
  0.0000000    
  0.0000000    
  0.0000000    
  0.0000000    
  0.0000000    
  0.0000000    
  0.0000000    
  0.0000000    
  0.0000000    
  0.0000000    
  0.0000000    
  0.0000000    
  0.0000000    
  0.0000000    
  0.0000000    
  0.0000000    
  0.0000000    
  0.0000000    
  0.0000000    
  0.0000000    
  0.0000000    
  0.0000000    
  0.0000000    
  0.0000000    
  0.0000000    
  0.0000000    
  0.0000000    
  0.0000000    
  0.0000000    
  0.0000000    
  0.0000000    
  0.0000000    
  0.0000000    
  0.0000000    
  0.0000000    
  0.0000000    
  0.0000000    
  0.0000000    
  0.0000000    
  0.0000000    
  0.0000000    
  0.0000000    
  0.0000000    
  0.0000000    
  0.0000000    
  0.0000000    
  0.0000000    
  0.0000000    
  0.0000000    
  0.0000000    
  0.0000000    
  0.0000000    
  0.0000000    
  0.0000000    
  0.0000000    
  0.0000000    
  0.0000000    
  0.0000000    
  0.0000000    
  0.0000000    
  0.0000000    
  0.0000000    
  0.0000000    
  0.0000000    
  0.0000000    
  0.0000000    
  0.0000000    
  0.0000000    
  0.0000000    
  0.0000000    
  0.0000000    
  0.0000000    
  0.0000000    
  0.0000000    
  0.0000000    
  0.0000000    
  0.0000000    
  0.0000000    
  0.0000000    
  0.0000000    
  0.0000000    
  0.0000000    
  0.0000000    
  0.0000000    
  0.0000000    
  0.0000000    
  0.0000000    
  0.0000000    
  0.0000000    
  0.0000000    
  0.0000000    
  0.0000000    
  0.0000000    
  0.0000000    
  0.0000000    
  0.0000000    
  0.0000000    
  0.0000000    
  0.0000000    
  0.0000000    
  0.0000000    
  0.0000000    
  0.0000000    
  0.0000000    
  0.0000000    
  0.0000000    
  0.0000000    
  0.0000000    
  0.0000000    
  0.0000000    
  0.0000000    
  0.0000000    
  0.0000000    
  0.0000000    
  0.0000000    
  0.0000000    
  0.0000000    
  0.0000000    
  0.0000000    
  0.0000000    
  0.0000000    
  0.0000000    
  0.0000000    
  0.0000000    
  0.0000000    
  0.0000000    
  0.0000000    
  0.0000000    
  0.0000000    
  0.0000000    
  0.0000000    
  0.0000000    
  0.0000000    
  0.0000000    
  0.0000000    
  0.0000000    
  0.0000000    
  0.0000000    
  0.0000000    
  0.0000000    
  0.0000000    
  0.0000000    
  0.0000000    
  0.0000000    
  0.0000000    
  0.0000000    
  0.0000000    
  0.0000000    
  0.0000000    
  0.0000000    
  0.0000000    
  0.0000000    
  0.0000000    
  0.0000000    
  0.0000000    
  0.0000000    
  0.0000000    
  0.0000000    
  0.0000000    
 0.77995300E-01
 0.64041138E-01
  0.0000000    
  0.0000000    
 0.28236389E-01
  0.0000000    
  0.0000000    
  0.0000000    
  0.0000000    
  0.0000000    
  0.0000000    
 0.23055267    
  0.0000000    
  0.0000000    
  0.0000000    
  0.0000000    
  0.0000000    
  0.0000000    
  0.0000000    
  0.0000000    
  0.0000000    
  0.0000000    
  0.0000000    
  0.0000000    
  0.0000000    
  0.0000000    
  0.0000000    
  0.0000000    
  0.0000000    
  0.0000000    
  0.0000000    
  0.0000000    
  0.0000000    
  0.0000000    
  0.0000000    
  0.0000000    
  0.0000000    
  0.0000000    
  0.0000000    
  0.0000000    
  0.0000000    
  0.0000000    
  0.0000000    
  0.0000000    
  0.0000000    
  0.0000000    
  0.0000000    
  0.0000000    
  0.0000000    
  0.0000000    
  0.0000000    
  0.0000000    
  0.0000000    
  0.0000000    
  0.0000000    
  0.0000000    
  0.0000000    
  0.0000000    
  0.0000000    
  0.0000000    
  0.0000000    
  0.0000000    
  0.0000000    
  0.0000000    
  0.0000000    
  0.0000000    
  1.3520584    
  1.3608780    
  1.3393402    
  1.3162537    
  1.8194199    
  1.8760605    
  1.9341049    
  1.9659576    
  1.9802017    
  1.9939957    
  2.0075912    
  2.0189285    
  2.0310974    
  2.0382080    
  2.0381546    
  2.0399780    
  2.0527725    
  2.0751266    
  2.0974121    
  2.0990982    
  2.0785751    
  2.0585098    
  2.0525513    
  2.0621948    
  2.0711823    
  2.0556107    
  2.0097656    
  1.9596939    
  1.9376602    
  1.9492569    
  1.9649124    
  1.9564743    
  1.9315720    
  1.9060440    
  1.8796997    
  1.8502655    
  1.8176804    
  1.7662048    
  1.6981812    
  1.6376495    
  1.6117325    
  1.6190414    
  1.6209412    
  1.5783386    
  1.4926834    
  1.4096603    
  1.3560410    
  1.3252106    
  1.2935028    
  1.2453766    
  1.1795197    
  1.1168365    
  2.4050598    
  2.4165726    
  2.4288101    
  2.4282913    
  2.4087448    
  2.3804932    
  2.3532257    
  2.3273697    
  2.3006058    
  2.2661133    
  2.2261353    
  2.1870575    
  2.1949692    
  2.1553421    
  2.1140366    
  2.0566940    
  1.9871674    
  1.9225388    
  1.8280487    
  1.7957458    
  1.7623291    
  1.7173843    
  1.6625214    
  1.6053009    
  1.6010208    
  1.5594482    
  1.5169754    
  1.4783630    
  1.4435577    
  1.4082031    
  1.3750458    
  1.3434296    
  1.3104630    
  1.2779770    
  1.2469635    
  1.2170944    
  1.1327515    
  1.0732498    
  1.0172653    
 0.96860504    
 0.92838287    
 0.88700104    
 0.88641357    
 0.84708405    
 0.80590057    
 0.77083588    
 0.74451447    
 0.72080994    
 0.69210815    
 0.66114044    
 0.62761688    
 0.58744812    
 0.54081726    
 0.49810791    
 0.41859436    
 0.37925720    
 0.34304047    
 0.31049347    
 0.29430389    
 0.27655029    
 0.27725220    
 0.23107910    
 0.18540955    
 0.15167236    
 0.13602448    
  0.0000000    
 0.11124420    
 0.71342468E-01
  0.0000000    
  0.0000000    
  0.0000000    
  0.0000000    
  0.0000000    
  0.0000000    
  0.0000000    
  0.0000000    
  0.0000000    
  0.0000000    
  0.0000000    
  0.0000000    
  0.0000000    
  0.0000000    
  0.0000000    
  0.0000000    
  0.0000000    
  0.0000000    
  0.0000000    
  0.0000000    
  0.0000000    
  0.0000000    
  0.0000000    
  0.0000000    
  0.0000000    
  0.0000000    
  0.0000000    
  0.0000000    
  0.0000000    
  0.0000000    
  0.0000000    
  0.0000000    
  0.0000000    
  0.0000000    
 0.18503571    
  0.0000000    
  0.0000000    
  0.0000000    
  0.0000000    
  0.0000000    
  0.0000000    
  0.0000000    
  0.0000000    
  0.0000000    
  0.0000000    
  0.0000000    
  0.0000000    
  4.9357834    
  4.8184509    
  4.7062302    
  4.5974350    
  4.4882965    
 0.85646057    
 0.87046814    
 0.88607025    
 0.92767334    
 0.99472046    
  1.0627975    
  0.0000000    
  0.0000000    
  0.0000000    
  0.0000000    
  0.0000000    
  0.0000000    
  0.0000000    
  0.0000000    
  0.0000000    
  0.0000000    
  0.0000000    
  0.0000000    
  0.0000000    
  0.0000000    
  0.0000000    
  0.0000000    
  0.0000000    
  0.0000000    
  0.0000000    
  0.0000000    
  0.0000000    
  0.0000000    
  0.0000000    
  0.0000000    
  4.1156769    
  4.0573273    
  3.9914246    
  3.9201431    
  3.8461380    
  3.7721863    
  3.6911316    
  3.6046143    
  3.5199738    
  3.4393005    
  3.3684235    
  3.2984543    
  3.2140808    
  3.1164246    
  3.0161362    
  2.9150009    
  2.8115082    
  2.7040482    
  2.6037750    
  2.5140533    
  2.4241104    
  2.3346939    
  2.2499542    
  2.1702576    
  2.0883713    
  1.9879532    
  1.8823166    
  1.7930374    
  1.7258759    
  0.0000000    
  0.0000000    
  0.0000000    
  0.0000000    
  0.0000000    
  0.0000000    
  0.0000000    
  0.0000000    
  0.0000000    
  0.0000000    
  0.0000000    
  0.0000000    
  0.0000000    
  0.0000000    
  0.0000000    
  0.0000000    
  0.0000000    
  0.0000000    
  0.0000000    
  0.0000000    
  0.0000000    
  0.0000000    
  0.0000000    
  0.0000000    
  0.0000000    
  0.0000000    
  0.0000000    
  0.0000000    
  0.0000000    
  2.0086594    
  2.1363068    
  2.2695999    
  2.4244537    
  2.5883179    
  2.7617416    
  2.9419785    
  3.1242676    
  3.2842255    
  3.4175873    
  3.5388718    
  3.6429062    
  3.7363052    
  3.8358765    
  3.9872284    
  4.1711426    
  4.3609772    
  4.5363846    
  4.6976471    
  4.8590317    
  5.0082092    
  5.1421661    
  0.0000000    
  0.0000000    
  0.0000000    
  0.0000000    
  0.0000000    
  0.0000000    
  0.0000000    
  0.0000000    
  0.0000000    
  0.0000000    
 0.81199646E-01
  0.0000000    
  0.0000000    
  0.0000000    
  0.0000000    
  0.0000000    
  0.0000000    
  0.0000000    
  0.0000000    
  0.0000000    
  0.0000000    
  0.0000000    
  0.0000000    
  0.0000000    
  0.0000000    
  0.0000000    
  0.0000000    
  0.0000000    
  0.0000000    
  0.0000000    
  0.0000000    
  0.0000000    
  0.0000000    
  0.0000000    
  0.0000000    
  0.0000000    
  0.0000000    
  0.0000000    
  0.0000000    
  0.0000000    
SCALARS lenpath float 1
LOOKUP_TABLE default
  3862.6802    
  3143.5571    
  2478.3655    
  1897.1179    
  1280.0240    
  669.21857    
  11746.277    
  13032.161    
  477.99744    
  797.47046    
  12531.815    
  1446.0333    
  1731.5251    
  12094.749    
  2275.0986    
  2541.1189    
  2784.6941    
  3011.8274    
  3367.6050    
  3863.8206    
  4379.4038    
  4924.7515    
  5506.6733    
  6135.5088    
  6602.4619    
  6895.0488    
  7174.4785    
  7441.0581    
  7694.5996    
  7937.9482    
  8177.1704    
  8385.3047    
  8546.9404    
  8710.3291    
  8873.2070    
  9034.5967    
  9276.8037    
  9604.8057    
  9940.2217    
  10281.645    
  10622.721    
  10961.238    
  11298.474    
  11635.698    
  11973.489    
  12311.859    
  12652.531    
  12996.757    
  13256.572    
  13427.287    
  13593.731    
  13755.924    
  13915.631    
  14073.152    
  14228.814    
  14384.575    
  14540.323    
  14695.305    
  14847.814    
  14996.336    
  15213.344    
  15495.685    
  15770.788    
  16037.307    
  16287.866    
  16521.418    
  16737.291    
  16937.217    
  17121.088    
  8456.0918    
  8290.8438    
  8126.9688    
  8005.0278    
  7924.2881    
  7844.0020    
  7764.1191    
  7684.5503    
  7605.3257    
  7526.3374    
  7447.7285    
  7369.4482    
  7291.5405    
  7214.0132    
  7136.8159    
  7021.5410    
  6868.8486    
  6717.3438    
  6566.9844    
  6417.5713    
  6269.0728    
  6162.9028    
  6098.6211    
  6034.5728    
  5970.7437    
  5907.1206    
  5843.6465    
  5770.7939    
  5688.6768    
  5606.9585    
  5525.5835    
  5444.3120    
  5363.1606    
  5251.5083    
  5109.9985    
  4969.7534    
  4830.5688    
  4691.5000    
  4552.2437    
  4412.8613    
  4273.7969    
  4135.2358    
  3996.9478    
  3858.4302    
  3719.5420    
  3578.4436    
  3435.4509    
  3292.6687    
  3150.0876    
  3007.1106    
  2863.5942    
  2754.6335    
  2680.5710    
  2606.5850    
  2532.6133    
  2458.4966    
  2384.1287    
  2307.6704    
  2229.4153    
  2151.3013    
  2073.0420    
  1994.3741    
  1915.2242    
  1794.9716    
  1633.5760    
  1471.7916    
  1309.4460    
  1146.6052    
  983.33069    
  853.68530    
  757.94269    
  662.13562    
  566.12872    
  469.61377    
  372.45740    
  286.11874    
  210.99202    
  135.93642    
  60.810799    
  130046.48    
  135532.53    
  146060.28    
  169436.94    
  224072.70    
  145309.91    
  123851.91    
  111254.21    
  102528.46    
  96494.805    
  91368.859    
  86803.016    
  82788.836    
  79190.383    
  76456.727    
  74418.555    
  72480.852    
  70657.852    
  68912.453    
  67223.172    
  65767.867    
  64547.395    
  63375.070    
  62236.766    
  61134.480    
  60039.516    
  59342.555    
  59023.500    
  58693.816    
  58354.047    
  58003.398    
  57644.863    
  57279.371    
  56903.828    
  56520.895    
  56127.645    
  55725.297    
  55311.457    
  54667.000    
  53780.074    
  52884.379    
  51960.086    
  51011.559    
  50032.625    
  49028.215    
  48013.184    
  46997.852    
  45977.742    
  44917.430    
  43863.402    
  42794.035    
  41715.602    
  40652.059    
  39539.285    
  38425.934    
  37332.332    
  36240.598    
  35125.996    
  33973.672    
  32821.352    
  31712.168    
  30590.639    
  29559.051    
  28630.834    
  27710.906    
  26745.902    
  25753.969    
  24773.441    
  24145.398    
  23850.820    
  23554.334    
  23226.551    
  22885.055    
  22542.373    
  22146.809    
  21697.537    
  21246.420    
  20797.566    
  20357.342    
  19924.889    
  19387.896    
  18686.078    
  17965.873    
  17240.473    
  16519.408    
  15811.903    
  15104.571    
  14448.154    
  13777.112    
  13100.335    
  12429.230    
  11768.410    
  11030.911    
  10381.793    
  9725.8389    
  9061.3818    
  8389.7773    
  7626.9053    
  7002.4424    
  6681.2021    
  6344.0542    
  6000.2686    
  5663.2144    
  5339.0015    
  5045.8174    
  4777.9639    
  4505.4976    
  4229.2822    
  3668.5239    
  3054.1960    
  2608.4290    
  2214.3145    
  1753.4305    
  1235.2816    
  725.34442    
  9343.4092    
  29369.100    
  794.40118    
  1268.5616    
  1732.8086    
  2316.0183    
  2925.0540    
  28375.936    
  3334.0515    
  28088.152    
  27965.959    
  27813.457    
  4079.4426    
  4514.8828    
  5205.9199    
  5887.5552    
  6539.2021    
  7211.8130    
  7722.5605    
  8116.9097    
  8391.2383    
  8663.4785    
  8934.5117    
  9208.2568    
  9483.4785    
  9803.6025    
  10166.999    
  10531.979    
  10900.420    
  11275.228    
  11604.811    
  12088.090    
  12732.442    
  13375.005    
  14019.660    
  14675.348    
  15344.305    
  15787.660    
  16066.156    
  16344.642    
  16622.611    
  16901.027    
  17179.840    
  17501.273    
  17865.934    
  18233.129    
  18604.035    
  18980.131    
  19362.373    
  19897.195    
  20538.953    
  21178.262    
  21820.504    
  22472.326    
  23134.633    
  23826.564    
  24511.490    
  25130.963    
  25756.236    
  26389.568    
  27031.631    
  27687.289    
  28356.977    
  29034.910    
  29722.473    
  30398.744    
  31067.490    
  31747.707    
  32438.488    
  33137.645    
  33848.352    
  34573.535    
  35313.359    
  35854.535    
  36188.789    
  36526.070    
  36866.512    
  37209.879    
  37555.496    
  37955.320    
  38410.078    
  38867.973    
  39330.582    
  39799.945    
  40277.125    
  40951.414    
  41830.910    
  42730.215    
  43654.824    
  44606.340    
  45578.492    
  46573.738    
  47601.941    
  48663.121    
  49756.281    
  50892.059    
  52071.801    
  52985.348    
  53611.184    
  54255.336    
  54916.586    
  55592.055    
  56283.879    
  57006.766    
  57767.797    
  58556.047    
  59384.434    
  60051.688    
  60708.434    
  61711.820    
  63064.145    
  64476.750    
  66001.125    
  67598.602    
  69257.172    
  70518.273    
  71328.289    
  72163.344    
  73026.234    
  73917.750    
  74832.602    
  75877.188    
  77072.820    
  78349.250    
  79707.047    
  81125.109    
  82613.125    
  84837.281    
  87885.414    
  91257.695    
  95172.578    
  99609.141    
  104857.94    
  110937.77    
  118209.17    
  127601.30    
  141151.16    
  164812.47    
  186698.92    
  96604.938    
  75732.664    
  63174.348    
  53680.230    
  46069.152    
  39855.719    
  34892.137    
  30513.395    
  26482.531    
  22764.064    
  19448.781    
  16203.971    
  13643.925    
  12440.817    
  11242.805    
  10056.505    
  8900.6602    
  7793.3174    
  6575.9048    
  5243.1162    
  3947.6770    
  2714.4109    
  1562.0110    
  498.34567    
  2040.2231    
  5189.4805    
  8067.7607    
  10817.857    
  13558.983    
  15959.899    
  18554.367    
  21467.270    
  24504.918    
  27679.236    
  30999.676    
  34489.176    
  37478.523    
  39792.574    
  42259.434    
  44896.133    
  47711.527    
  50736.055    
  54000.090    
  57501.309    
  61321.746    
  65589.391    
  70347.555    
  75598.375    
  81584.367    
  89065.359    
  98702.531    
  111907.60    
  135683.52    
  244084.77    
  141728.55    
  113517.26    
  98055.961    
  89088.375    
  83837.484    
  79193.477    
  75011.000    
  71260.922    
  67783.984    
  64844.027    
  62385.547    
  60039.898    
  57811.285    
  55696.383    
  53680.266    
  50938.133    
  47536.152    
  44198.484    
  40854.934    
  37617.336    
  34502.000    
  31483.779    
  28629.762    
  25956.098    
  23379.350    
  20792.623    
  18077.107    
  16077.436    
  14763.885    
  13457.308    
  12155.523    
  10876.865    
  9624.1836    
  8414.6650    
  7261.0801    
  28852.436    
  29459.090    
 0.41157079    
  3118.2874    
  31379.400    
 0.65779090    
  3348.8389    
  6301.5171    
  8927.7178    
  11299.825    
  13035.356    
  18255.260    
  15334.761    
  16480.098    
  17609.018    
  18708.566    
  19805.340    
  20958.074    
  22194.826    
  23503.760    
  24853.982    
  26216.359    
  28254.059    
  30868.301    
  33393.902    
  35940.086    
  38574.531    
  41336.957    
  43521.938    
  45072.102    
  46716.105    
  48423.699    
  50135.633    
  51829.066    
  53468.020    
  55096.453    
  56813.777    
  58635.406    
  60518.727    
  62430.000    
  65356.047    
  69571.500    
  74391.039    
  79858.531    
  86123.305    
  93061.633    
  101092.68    
  111718.96    
  126965.59    
  157077.94    
  252108.81    
  199359.02    
  184189.00    
  176019.58    
  169294.03    
  163846.78    
  159286.64    
  155233.09    
  151671.42    
  148512.95    
  145613.72    
  142982.42    
  140623.88    
  138499.42    
  135565.38    
  131991.14    
  128716.24    
  125650.78    
  122883.97    
  120354.09    
  117573.55    
  114594.33    
  111907.80    
  109426.02    
  107072.52    
  104827.28    
  102735.67    
  100790.16    
  98973.891    
  97265.672    
  95675.719    
  94186.945    
  92749.016    
  91367.039    
  90054.219    
  88784.000    
  87576.594    
  86453.586    
  85409.188    
  84414.062    
  83435.586    
  82472.984    
  81555.938    
  80701.133    
  79903.516    
  79141.273    
  78392.258    
  77662.008    
  76969.375    
  76311.414    
  75681.633    
  75084.086    
  74523.461    
  74001.000    
  73519.859    
  73076.109    
  72663.461    
  72264.875    
  71876.508    
  71505.688    
  71171.492    
  70875.125    
  70605.094    
  70347.195    
  70096.984    
  69859.109    
  69641.664    
  69450.859    
  69220.984    
  68936.828    
  68656.258    
  68379.781    
  68111.016    
  67851.109    
  67561.406    
  67244.750    
  66937.086    
  66641.047    
  66357.562    
  66086.906    
  65724.148    
  65280.258    
  64857.508    
  64455.750    
  64078.105    
  101.31237    
  310.58820    
  519.10254    
  726.33026    
  932.49994    
  1138.1327    
  1343.3766    
  1503.7206    
  1619.3671    
  1734.8867    
  1850.3361    
  1965.7391    
  2081.1438    
  2183.2158    
  2271.9358    
  2360.6133    
  2449.2788    
  2537.9810    
  2626.7480    
  2773.0645    
  2976.9722    
  3181.0337    
  3385.3420    
  3590.1953    
  3795.6980    
  3950.3740    
  4053.9739    
  4157.8306    
  4261.9150    
  4366.2617    
  4470.8389    
  4575.6343    
  4680.6499    
  4785.9043    
  4891.4380    
  4997.3564    
  5103.7432    
  5263.7612    
  5478.1426    
  5693.8105    
  5910.9404    
  6129.7686    
  6350.2910    
  6509.7896    
  6607.3579    
  6705.4756    
  6804.1523    
  6903.4360    
  1046.2683    
  7118.6309    
  7249.6416    
  1.1751139    
  68.951515    
  11975.037    
  11839.829    
  11649.081    
  11401.404    
  11150.479    
  10896.252    
  10638.286    
  10376.545    
  10112.084    
  9843.5293    
  9568.8076    
  9288.8164    
  9006.4688    
  8722.5430    
  8434.4258    
  8138.5010    
  6692.6782    
  7341.5654    
  6735.8408    
  6093.7158    
  5446.7451    
  4808.9673    
  9051.0488    
  3442.7812    
  9800.8857    
  10175.203    
  1658.5953    
  1176.7253    
  671.30542    
 0.73810303    
  562.41583    
  1373.8840    
  19571.262    
  2743.0442    
  3279.0173    
  3782.4072    
  4297.1689    
  4835.6572    
  5325.1836    
  5754.8423    
  6168.2324    
  6592.8706    
  7034.2051    
  7496.6436    
  9605.2568    
  19703.787    
  19861.906    
  20025.340    
  20195.875    
  20373.301    
  20646.561    
  21018.131    
  21399.037    
  21788.953    
  22187.389    
  22594.025    
  9380.0488    
  8663.6035    
  7925.3208    
  7168.8472    
  6422.5513    
  5702.4653    
  4900.6157    
  4005.8303    
  4994.9697    
  5554.3687    
  6011.3130    
  414.28201    
  474.22714    
  1367.4476    
  2270.5381    
  3176.8870    
  4079.3970    
  4977.1641    
  5762.4976    
  6436.0776    
  7104.8223    
  7777.9287    
  8464.7148    
  9167.9873    
  32531.053    
  32779.914    
  33043.766    
  33329.773    
  33630.043    
  33936.395    
  34301.559    
  34741.566    
  35213.008    
  35707.953    
  36231.113    
  36807.039    
  37434.625    
  38100.074    
  38826.340    
  39639.496    
  40552.164    
  41573.398    
  42559.738    
  43493.949    
  44530.098    
  45761.914    
  47328.672    
  49225.176    
  51385.352    
  54003.320    
  57575.254    
  63056.863    
  74360.219    
  0.0000000    
  0.0000000    
  0.0000000    
  0.0000000    
  0.0000000    
  0.0000000    
  0.0000000    
  0.0000000    
  0.0000000    
  0.0000000    
  0.0000000    
  0.0000000    
  0.0000000    
  0.0000000    
  0.0000000    
  0.0000000    
  0.0000000    
  0.0000000    
  0.0000000    
  0.0000000    
  0.0000000    
  0.0000000    
  0.0000000    
  0.0000000    
  0.0000000    
  0.0000000    
  0.0000000    
  0.0000000    
  0.0000000    
  64129.910    
  57308.883    
  53298.930    
  50135.414    
  47710.699    
  45755.395    
  44084.438    
  42629.137    
  41492.867    
  40617.633    
  39846.078    
  39159.492    
  38530.289    
  37934.457    
  37278.000    
  36570.465    
  35895.023    
  35261.781    
  34684.406    
  34156.242    
  33723.781    
  33372.684    
  7011.9951    
  6188.1357    
  5279.9062    
  4264.2783    
  3318.2773    
  2839.6582    
  2359.9558    
  1875.4594    
  1388.4778    
  908.43842    
  2333.3674    
  234.73906    
  840.66541    
  1435.7294    
  2029.8539    
  2635.9902    
  3204.0300    
  3649.3774    
  3934.0542    
  4224.2007    
  4518.6660    
  4816.7817    
  5136.2573    
  5482.4224    
  5842.9307    
  6217.4775    
  6604.8242    
  7005.1582    
  16253.966    
  14525.218    
  13095.681    
  11771.271    
  10443.363    
  9075.9316    
  7907.9556    
  7138.2637    
  6453.1733    
  5824.8735    
  5195.6479    
  4545.1318    
SCALARS zbdotn float 1
LOOKUP_TABLE default
  0.0000000    
  0.0000000    
  0.0000000    
  0.0000000    
  0.0000000    
  0.0000000    
 0.32213628E-02
  0.0000000    
  0.0000000    
  0.0000000    
  0.0000000    
  0.0000000    
  0.0000000    
  0.0000000    
  0.0000000    
  0.0000000    
  0.0000000    
  0.0000000    
  0.0000000    
  0.0000000    
  0.0000000    
  0.0000000    
  0.0000000    
  0.0000000    
  0.0000000    
  0.0000000    
  0.0000000    
  0.0000000    
  0.0000000    
  0.0000000    
  0.0000000    
  0.0000000    
  0.0000000    
  0.0000000    
  0.0000000    
  0.0000000    
  0.0000000    
  0.0000000    
  0.0000000    
  0.0000000    
  0.0000000    
  0.0000000    
  0.0000000    
  0.0000000    
  0.0000000    
  0.0000000    
  0.0000000    
  0.0000000    
  0.0000000    
  0.0000000    
  0.0000000    
  0.0000000    
  0.0000000    
  0.0000000    
  0.0000000    
  0.0000000    
  0.0000000    
  0.0000000    
  0.0000000    
  0.0000000    
  0.0000000    
  0.0000000    
  0.0000000    
  0.0000000    
  0.0000000    
  0.0000000    
  0.0000000    
  0.0000000    
  0.0000000    
 0.42080879E-02
 0.13212621E-01
 0.22067666E-01
 0.32158315E-01
 0.36487818E-01
 0.40703773E-01
 0.45149446E-01
 0.49501896E-01
 0.53829730E-01
 0.57890058E-01
 0.61890125E-01
 0.65928042E-01
 0.70963979E-01
 0.77252388E-01
 0.83546817E-01
 0.87684393E-01
 0.97329140E-01
 0.10709912    
 0.11632735    
 0.12468457    
 0.13349909    
 0.13819152    
 0.14357078    
 0.14963907    
 0.15542370    
 0.16034785    
 0.16437802    
 0.16905820    
 0.17453668    
 0.18038380    
 0.18628842    
 0.19192672    
 0.19754428    
 0.21161145    
 0.22247523    
 0.23392889    
 0.24416524    
 0.25270671    
 0.26142979    
 0.26756659    
 0.27752495    
 0.28719994    
 0.29620132    
 0.30441114    
 0.31240743    
 0.28797567    
 0.29788771    
 0.30828613    
 0.31692266    
 0.32306319    
 0.32939929    
 0.26363838    
 0.26987064    
 0.27626750    
 0.28108767    
 0.28409517    
 0.28651091    
 0.29064500    
 0.29620171    
 0.30146414    
 0.30559844    
 0.30928177    
 0.31296140    
 0.25647277    
 0.26653033    
 0.27631575    
 0.28526437    
 0.29341096    
 0.30124706    
 0.24382696    
 0.25042766    
 0.25661242    
 0.26079136    
 0.26303446    
 0.26527005    
 0.26922294    
 0.27428305    
 0.27988866    
 0.28463262    
  0.0000000    
  0.0000000    
  0.0000000    
  0.0000000    
  0.0000000    
  0.0000000    
  0.0000000    
  0.0000000    
  0.0000000    
  0.0000000    
  0.0000000    
  0.0000000    
  0.0000000    
  0.0000000    
  0.0000000    
  0.0000000    
  0.0000000    
  0.0000000    
  0.0000000    
  0.0000000    
  0.0000000    
  0.0000000    
  0.0000000    
  0.0000000    
  0.0000000    
  0.0000000    
  0.0000000    
  0.0000000    
  0.0000000    
  0.0000000    
  0.0000000    
  0.0000000    
  0.0000000    
  0.0000000    
  0.0000000    
  0.0000000    
  0.0000000    
  0.0000000    
  0.0000000    
  0.0000000    
  0.0000000    
  0.0000000    
  0.0000000    
  0.0000000    
  0.0000000    
  0.0000000    
  0.0000000    
  0.0000000    
  0.0000000    
  0.0000000    
  0.0000000    
  0.0000000    
  0.0000000    
  0.0000000    
  0.0000000    
  0.0000000    
  0.0000000    
  0.0000000    
  0.0000000    
  0.0000000    
  0.0000000    
  0.0000000    
  0.0000000    
  0.0000000    
  0.0000000    
  0.0000000    
  0.0000000    
  0.0000000    
  0.0000000    
  0.0000000    
  0.0000000    
  0.0000000    
  0.0000000    
  0.0000000    
  0.0000000    
  0.0000000    
  0.0000000    
  0.0000000    
  0.0000000    
  0.0000000    
  0.0000000    
  0.0000000    
  0.0000000    
  0.0000000    
  0.0000000    
  0.0000000    
  0.0000000    
  0.0000000    
  0.0000000    
  0.0000000    
  0.0000000    
  0.0000000    
  0.0000000    
  0.0000000    
  0.0000000    
  0.0000000    
  0.0000000    
  0.0000000    
  0.0000000    
  0.0000000    
  0.0000000    
  0.0000000    
  0.0000000    
  0.0000000    
  0.0000000    
  0.0000000    
  0.0000000    
  0.0000000    
  0.0000000    
  0.0000000    
  0.0000000    
  0.0000000    
  0.0000000    
  0.0000000    
  0.0000000    
 0.99956840E-02
-0.19416943E-01
  0.0000000    
  0.0000000    
  0.0000000    
  0.0000000    
  0.0000000    
-0.13344586E-01
  0.0000000    
-0.11719257E-01
-0.11482179E-01
-0.12301832E-01
  0.0000000    
  0.0000000    
  0.0000000    
  0.0000000    
  0.0000000    
  0.0000000    
  0.0000000    
  0.0000000    
  0.0000000    
  0.0000000    
  0.0000000    
  0.0000000    
  0.0000000    
  0.0000000    
  0.0000000    
  0.0000000    
  0.0000000    
  0.0000000    
  0.0000000    
  0.0000000    
  0.0000000    
  0.0000000    
  0.0000000    
  0.0000000    
  0.0000000    
  0.0000000    
  0.0000000    
  0.0000000    
  0.0000000    
  0.0000000    
  0.0000000    
  0.0000000    
  0.0000000    
  0.0000000    
  0.0000000    
  0.0000000    
  0.0000000    
  0.0000000    
  0.0000000    
  0.0000000    
  0.0000000    
  0.0000000    
  0.0000000    
  0.0000000    
  0.0000000    
  0.0000000    
  0.0000000    
  0.0000000    
  0.0000000    
  0.0000000    
  0.0000000    
  0.0000000    
  0.0000000    
  0.0000000    
  0.0000000    
  0.0000000    
  0.0000000    
  0.0000000    
  0.0000000    
  0.0000000    
  0.0000000    
  0.0000000    
  0.0000000    
  0.0000000    
  0.0000000    
  0.0000000    
  0.0000000    
  0.0000000    
  0.0000000    
  0.0000000    
  0.0000000    
  0.0000000    
  0.0000000    
  0.0000000    
  0.0000000    
  0.0000000    
  0.0000000    
  0.0000000    
  0.0000000    
  0.0000000    
  0.0000000    
  0.0000000    
  0.0000000    
  0.0000000    
  0.0000000    
  0.0000000    
  0.0000000    
  0.0000000    
  0.0000000    
  0.0000000    
  0.0000000    
  0.0000000    
  0.0000000    
  0.0000000    
  0.0000000    
  0.0000000    
  0.0000000    
  0.0000000    
  0.0000000    
  0.0000000    
  0.0000000    
  0.0000000    
  0.0000000    
  0.0000000    
  0.0000000    
  0.0000000    
  0.0000000    
  0.0000000    
  0.0000000    
  0.0000000    
  0.0000000    
  0.0000000    
  0.0000000    
  0.0000000    
  0.0000000    
  0.0000000    
  0.0000000    
  0.0000000    
  0.0000000    
  0.0000000    
  0.0000000    
  0.0000000    
  0.0000000    
  0.0000000    
  0.0000000    
  0.0000000    
  0.0000000    
  0.0000000    
  0.0000000    
  0.0000000    
  0.0000000    
  0.0000000    
  0.0000000    
  0.0000000    
  0.0000000    
  0.0000000    
  0.0000000    
  0.0000000    
  0.0000000    
  0.0000000    
  0.0000000    
  0.0000000    
  0.0000000    
  0.0000000    
  0.0000000    
  0.0000000    
  0.0000000    
  0.0000000    
  0.0000000    
  0.0000000    
  0.0000000    
  0.0000000    
  0.0000000    
  0.0000000    
  0.0000000    
  0.0000000    
  0.0000000    
  0.0000000    
  0.0000000    
  0.0000000    
  0.0000000    
  0.0000000    
  0.0000000    
  0.0000000    
  0.0000000    
  0.0000000    
  0.0000000    
  0.0000000    
  0.0000000    
  0.0000000    
  0.0000000    
  0.0000000    
  0.0000000    
  0.0000000    
  0.0000000    
  0.0000000    
  0.0000000    
  0.0000000    
  0.0000000    
  0.0000000    
  0.0000000    
  0.0000000    
  0.0000000    
  0.0000000    
  0.0000000    
  0.0000000    
  0.0000000    
  0.0000000    
  0.0000000    
  0.0000000    
  0.0000000    
  0.0000000    
  0.0000000    
  0.0000000    
  0.0000000    
  0.0000000    
  0.0000000    
  0.0000000    
  0.0000000    
  0.0000000    
  0.0000000    
  0.0000000    
  0.0000000    
  0.0000000    
  0.0000000    
  0.0000000    
  0.0000000    
  0.0000000    
  0.0000000    
  0.0000000    
  0.0000000    
  0.0000000    
  0.0000000    
  0.0000000    
  0.0000000    
  0.0000000    
 0.99133486E-02
 0.81435042E-02
  0.0000000    
  0.0000000    
 0.35936534E-02
  0.0000000    
  0.0000000    
  0.0000000    
  0.0000000    
  0.0000000    
  0.0000000    
-0.29461237E-01
  0.0000000    
  0.0000000    
  0.0000000    
  0.0000000    
  0.0000000    
  0.0000000    
  0.0000000    
  0.0000000    
  0.0000000    
  0.0000000    
  0.0000000    
  0.0000000    
  0.0000000    
  0.0000000    
  0.0000000    
  0.0000000    
  0.0000000    
  0.0000000    
  0.0000000    
  0.0000000    
  0.0000000    
  0.0000000    
  0.0000000    
  0.0000000    
  0.0000000    
  0.0000000    
  0.0000000    
  0.0000000    
  0.0000000    
  0.0000000    
  0.0000000    
  0.0000000    
  0.0000000    
  0.0000000    
  0.0000000    
  0.0000000    
  0.0000000    
  0.0000000    
  0.0000000    
  0.0000000    
  0.0000000    
  0.0000000    
  0.0000000    
  0.0000000    
  0.0000000    
  0.0000000    
  0.0000000    
  0.0000000    
  0.0000000    
  0.0000000    
  0.0000000    
  0.0000000    
  0.0000000    
  0.0000000    
-0.17759809    
-0.17890592    
-0.17622520    
-0.17333597    
-0.23971917    
-0.24725959    
-0.25498885    
-0.25926989    
-0.26122665    
-0.26312813    
-0.26500934    
-0.26659578    
-0.26829630    
-0.26933181    
-0.26942205    
-0.26976427    
-0.27156013    
-0.27462947    
-0.27769694    
-0.27803242    
-0.27541932    
-0.27286851    
-0.27218965    
-0.27359027    
-0.27490613    
-0.27295431    
-0.26696831    
-0.26041237    
-0.25758648    
-0.25923616    
-0.26142743    
-0.26042420    
-0.25723305    
-0.25395504    
-0.25055724    
-0.24674594    
-0.24251336    
-0.23574169    
-0.22673875    
-0.21873385    
-0.21535891    
-0.21643387    
-0.21678610    
-0.21117032    
-0.19977188    
-0.18872179    
-0.18160973    
-0.17755342    
-0.17337357    
-0.16697794    
-0.15818532    
-0.14981423    
-0.32255444    
-0.32404625    
-0.32563782    
-0.32550985    
-0.32281581    
-0.31894886    
-0.31520501    
-0.31164730    
-0.30797067    
-0.30325788    
-0.29780820    
-0.29247928    
-0.29339921    
-0.28794324    
-0.28226429    
-0.27442521    
-0.26494485    
-0.25613213    
-0.24337620    
-0.23892701    
-0.23433498    
-0.22819623    
-0.22072849    
-0.21295877    
-0.21225312    
-0.20664471    
-0.20092203    
-0.19571103    
-0.19100553    
-0.18623270    
-0.18176666    
-0.17752104    
-0.17310101    
-0.16874382    
-0.16457690    
-0.16056460    
-0.14933905    
-0.14136624    
-0.13387117    
-0.12734358    
-0.12192901    
-0.11637197    
-0.11620256    
-0.11098599    
-0.10553004    
-0.10088401    
-0.97384252E-01
-0.94230995E-01
-0.90429127E-01
-0.86336352E-01
-0.81914745E-01
-0.76628000E-01
-0.70501864E-01
-0.64893045E-01
-0.54486431E-01
-0.49308375E-01
-0.44547915E-01
-0.40272012E-01
-0.38125172E-01
-0.35778642E-01
-0.35835445E-01
-0.29849067E-01
-0.23935631E-01
-0.19568995E-01
-0.17537370E-01
  0.0000000    
-0.14325529E-01
-0.91802627E-02
  0.0000000    
  0.0000000    
  0.0000000    
  0.0000000    
  0.0000000    
  0.0000000    
  0.0000000    
  0.0000000    
  0.0000000    
  0.0000000    
  0.0000000    
  0.0000000    
  0.0000000    
  0.0000000    
  0.0000000    
  0.0000000    
  0.0000000    
  0.0000000    
  0.0000000    
  0.0000000    
  0.0000000    
  0.0000000    
  0.0000000    
  0.0000000    
  0.0000000    
  0.0000000    
  0.0000000    
  0.0000000    
  0.0000000    
  0.0000000    
  0.0000000    
  0.0000000    
  0.0000000    
  0.0000000    
-0.22811048E-01
  0.0000000    
  0.0000000    
  0.0000000    
  0.0000000    
  0.0000000    
  0.0000000    
  0.0000000    
  0.0000000    
  0.0000000    
  0.0000000    
  0.0000000    
  0.0000000    
-0.59880531    
-0.58198196    
-0.56591243    
-0.55038285    
-0.53495127    
-0.10187894    
-0.10339507    
-0.10509668    
-0.10987628    
-0.11765362    
-0.12553184    
  0.0000000    
  0.0000000    
  0.0000000    
  0.0000000    
  0.0000000    
  0.0000000    
  0.0000000    
  0.0000000    
  0.0000000    
  0.0000000    
  0.0000000    
  0.0000000    
  0.0000000    
  0.0000000    
  0.0000000    
  0.0000000    
  0.0000000    
  0.0000000    
  0.0000000    
  0.0000000    
  0.0000000    
  0.0000000    
  0.0000000    
  0.0000000    
-0.49742830    
-0.48869333    
-0.47911099    
-0.46895093    
-0.45853567    
-0.44819689    
-0.43687010    
-0.42477199    
-0.41300008    
-0.40179607    
-0.39183441    
-0.38206184    
-0.37070584    
-0.35791403    
-0.34493133    
-0.33196193    
-0.31883365    
-0.30536914    
-0.29296201    
-0.28196400    
-0.27101400    
-0.26019174    
-0.24996051    
-0.24035251    
-0.23056245    
-0.21878989    
-0.20651767    
-0.19611375    
-0.18818915    
  0.0000000    
  0.0000000    
  0.0000000    
  0.0000000    
  0.0000000    
  0.0000000    
  0.0000000    
  0.0000000    
  0.0000000    
  0.0000000    
  0.0000000    
  0.0000000    
  0.0000000    
  0.0000000    
  0.0000000    
  0.0000000    
  0.0000000    
  0.0000000    
  0.0000000    
  0.0000000    
  0.0000000    
  0.0000000    
  0.0000000    
  0.0000000    
  0.0000000    
  0.0000000    
  0.0000000    
  0.0000000    
  0.0000000    
 0.19797078    
 0.20984942    
 0.22218630    
 0.23652424    
 0.25164151    
 0.26758608    
 0.28408417    
 0.30067059    
 0.31513041    
 0.32709587    
 0.33785206    
 0.34690771    
 0.35490587    
 0.36344755    
 0.37670034    
 0.39279649    
 0.40934083    
 0.42442834    
 0.43810070    
 0.45170322    
 0.46426249    
 0.47552782    
  0.0000000    
  0.0000000    
  0.0000000    
  0.0000000    
  0.0000000    
  0.0000000    
  0.0000000    
  0.0000000    
  0.0000000    
  0.0000000    
 0.74520707E-02
  0.0000000    
  0.0000000    
  0.0000000    
  0.0000000    
  0.0000000    
  0.0000000    
  0.0000000    
  0.0000000    
  0.0000000    
  0.0000000    
  0.0000000    
  0.0000000    
  0.0000000    
  0.0000000    
  0.0000000    
  0.0000000    
  0.0000000    
  0.0000000    
  0.0000000    
  0.0000000    
  0.0000000    
  0.0000000    
  0.0000000    
  0.0000000    
  0.0000000    
  0.0000000    
  0.0000000    
  0.0000000    
  0.0000000    
VECTORS bfield float
  0.0000000       0.0000000       0.0000000    
  0.0000000       0.0000000       0.0000000    
  0.0000000       0.0000000       0.0000000    
  0.0000000       0.0000000       0.0000000    
  0.0000000       0.0000000       0.0000000    
  0.0000000       0.0000000       0.0000000    
 0.47214621       4.8958387      0.65885222    
  0.0000000       0.0000000       0.0000000    
  0.0000000       0.0000000       0.0000000    
  0.0000000       0.0000000       0.0000000    
  0.0000000       0.0000000       0.0000000    
  0.0000000       0.0000000       0.0000000    
  0.0000000       0.0000000       0.0000000    
  0.0000000       0.0000000       0.0000000    
  0.0000000       0.0000000       0.0000000    
  0.0000000       0.0000000       0.0000000    
  0.0000000       0.0000000       0.0000000    
  0.0000000       0.0000000       0.0000000    
  0.0000000       0.0000000       0.0000000    
  0.0000000       0.0000000       0.0000000    
  0.0000000       0.0000000       0.0000000    
  0.0000000       0.0000000       0.0000000    
  0.0000000       0.0000000       0.0000000    
  0.0000000       0.0000000       0.0000000    
  0.0000000       0.0000000       0.0000000    
  0.0000000       0.0000000       0.0000000    
  0.0000000       0.0000000       0.0000000    
  0.0000000       0.0000000       0.0000000    
  0.0000000       0.0000000       0.0000000    
  0.0000000       0.0000000       0.0000000    
  0.0000000       0.0000000       0.0000000    
  0.0000000       0.0000000       0.0000000    
  0.0000000       0.0000000       0.0000000    
  0.0000000       0.0000000       0.0000000    
  0.0000000       0.0000000       0.0000000    
  0.0000000       0.0000000       0.0000000    
  0.0000000       0.0000000       0.0000000    
  0.0000000       0.0000000       0.0000000    
  0.0000000       0.0000000       0.0000000    
  0.0000000       0.0000000       0.0000000    
  0.0000000       0.0000000       0.0000000    
  0.0000000       0.0000000       0.0000000    
  0.0000000       0.0000000       0.0000000    
  0.0000000       0.0000000       0.0000000    
  0.0000000       0.0000000       0.0000000    
  0.0000000       0.0000000       0.0000000    
  0.0000000       0.0000000       0.0000000    
  0.0000000       0.0000000       0.0000000    
  0.0000000       0.0000000       0.0000000    
  0.0000000       0.0000000       0.0000000    
  0.0000000       0.0000000       0.0000000    
  0.0000000       0.0000000       0.0000000    
  0.0000000       0.0000000       0.0000000    
  0.0000000       0.0000000       0.0000000    
  0.0000000       0.0000000       0.0000000    
  0.0000000       0.0000000       0.0000000    
  0.0000000       0.0000000       0.0000000    
  0.0000000       0.0000000       0.0000000    
  0.0000000       0.0000000       0.0000000    
  0.0000000       0.0000000       0.0000000    
  0.0000000       0.0000000       0.0000000    
  0.0000000       0.0000000       0.0000000    
  0.0000000       0.0000000       0.0000000    
  0.0000000       0.0000000       0.0000000    
  0.0000000       0.0000000       0.0000000    
  0.0000000       0.0000000       0.0000000    
  0.0000000       0.0000000       0.0000000    
  0.0000000       0.0000000       0.0000000    
  0.0000000       0.0000000       0.0000000    
 0.76652896       4.2746811       1.0634370    
 0.75904417       4.2627249       1.0684114    
 0.75153476       4.2508335       1.0731761    
 0.74673724       4.2419343       1.0775783    
 0.74434537       4.2360015       1.0815730    
 0.74168736       4.2300854       1.0852261    
 0.73818064       4.2241850       1.0878187    
 0.73414481       4.2183008       1.0897439    
 0.73019272       4.2124319       1.0915983    
 0.72661853       4.2065792       1.0936602    
 0.72353995       4.2007418       1.0961556    
 0.72056520       4.1949196       1.0990727    
 0.71632552       4.1891146       1.1018059    
 0.71009171       4.1833239       1.1037881    
 0.70337784       4.1775479       1.1053381    
 0.69567537       4.1689525       1.1079218    
 0.68636650       4.1575594       1.1114795    
 0.67669827       4.1462269       1.1147912    
 0.66704643       4.1349530       1.1172389    
 0.65806663       4.1237369       1.1190939    
 0.64834422       4.1125803       1.1206686    
 0.64010775       4.1046066       1.1216613    
 0.63416398       4.0997920       1.1226726    
 0.62774020       4.0949879       1.1240917    
 0.62151361       4.0901942       1.1254034    
 0.61579674       4.0854111       1.1258479    
 0.61050713       4.0806394       1.1255558    
 0.60502106       4.0751653       1.1257952    
 0.59948289       4.0689931       1.1275356    
 0.59359276       4.0628386       1.1293788    
 0.58619225       4.0567017       1.1292078    
 0.57788491       4.0505829       1.1273496    
 0.56980735       4.0444822       1.1257520    
 0.55997849       4.0360346       1.1260967    
 0.54844576       4.0252609       1.1286895    
 0.53640836       4.0145440       1.1316593    
 0.52319372       4.0038800       1.1308839    
 0.50895393       3.9932690       1.1258965    
 0.49434400       3.9827130       1.1206763    
 0.48080674       3.9722397       1.1181031    
 0.46817786       3.9618485       1.1176233    
 0.45575213       3.9515100       1.1170061    
 0.44233933       3.9412210       1.1138170    
 0.42822069       3.9309816       1.1083403    
 0.41446897       3.9207947       1.1030054    
 0.40101883       3.9108655       1.0994276    
 0.38796681       3.9011910       1.0978405    
 0.37450665       3.8915629       1.0965903    
 0.36162019       3.8819790       1.0929880    
 0.35005283       3.8724382       1.0868959    
 0.33830217       3.8629427       1.0809352    
 0.32864726       3.8561320       1.0776399    
 0.32102260       3.8519869       1.0768983    
 0.31317312       3.8478496       1.0761755    
 0.30632636       3.8437207       1.0741875    
 0.30082753       3.8396001       1.0705631    
 0.29590347       3.8354878       1.0671115    
 0.29059646       3.8312764       1.0661767    
 0.28465828       3.8269649       1.0670643    
 0.27808043       3.8226619       1.0662446    
 0.27074870       3.8183689       1.0620220    
 0.26305848       3.8140855       1.0561527    
 0.25564003       3.8098109       1.0509439    
 0.24551237       3.8039727       1.0466644    
 0.23235020       3.7965798       1.0429463    
 0.21938124       3.7892141       1.0392098    
 0.20733930       3.7818744       1.0352073    
 0.19620264       3.7745597       1.0312953    
 0.18522790       3.7672722       1.0270174    
 0.17589714       3.7618489       1.0237237    
 0.16795614       3.7582777       1.0219779    
 0.16028339       3.7547121       1.0198038    
 0.15407091       3.7511528       1.0158687    
 0.14917426       3.7475998       1.0101784    
 0.14432307       3.7440538       1.0047395    
 0.13910738       3.7409215       1.0023226    
 0.13358325       3.7382011       1.0026087    
 0.12760101       3.7354846       1.0026791    
 0.12154812       3.7327714       1.0007319    
  0.0000000       0.0000000       0.0000000    
  0.0000000       0.0000000       0.0000000    
  0.0000000       0.0000000       0.0000000    
  0.0000000       0.0000000       0.0000000    
  0.0000000       0.0000000       0.0000000    
  0.0000000       0.0000000       0.0000000    
  0.0000000       0.0000000       0.0000000    
  0.0000000       0.0000000       0.0000000    
  0.0000000       0.0000000       0.0000000    
  0.0000000       0.0000000       0.0000000    
  0.0000000       0.0000000       0.0000000    
  0.0000000       0.0000000       0.0000000    
  0.0000000       0.0000000       0.0000000    
  0.0000000       0.0000000       0.0000000    
  0.0000000       0.0000000       0.0000000    
  0.0000000       0.0000000       0.0000000    
  0.0000000       0.0000000       0.0000000    
  0.0000000       0.0000000       0.0000000    
  0.0000000       0.0000000       0.0000000    
  0.0000000       0.0000000       0.0000000    
  0.0000000       0.0000000       0.0000000    
  0.0000000       0.0000000       0.0000000    
  0.0000000       0.0000000       0.0000000    
  0.0000000       0.0000000       0.0000000    
  0.0000000       0.0000000       0.0000000    
  0.0000000       0.0000000       0.0000000    
  0.0000000       0.0000000       0.0000000    
  0.0000000       0.0000000       0.0000000    
  0.0000000       0.0000000       0.0000000    
  0.0000000       0.0000000       0.0000000    
  0.0000000       0.0000000       0.0000000    
  0.0000000       0.0000000       0.0000000    
  0.0000000       0.0000000       0.0000000    
  0.0000000       0.0000000       0.0000000    
  0.0000000       0.0000000       0.0000000    
  0.0000000       0.0000000       0.0000000    
  0.0000000       0.0000000       0.0000000    
  0.0000000       0.0000000       0.0000000    
  0.0000000       0.0000000       0.0000000    
  0.0000000       0.0000000       0.0000000    
  0.0000000       0.0000000       0.0000000    
  0.0000000       0.0000000       0.0000000    
  0.0000000       0.0000000       0.0000000    
  0.0000000       0.0000000       0.0000000    
  0.0000000       0.0000000       0.0000000    
  0.0000000       0.0000000       0.0000000    
  0.0000000       0.0000000       0.0000000    
  0.0000000       0.0000000       0.0000000    
  0.0000000       0.0000000       0.0000000    
  0.0000000       0.0000000       0.0000000    
  0.0000000       0.0000000       0.0000000    
  0.0000000       0.0000000       0.0000000    
  0.0000000       0.0000000       0.0000000    
  0.0000000       0.0000000       0.0000000    
  0.0000000       0.0000000       0.0000000    
  0.0000000       0.0000000       0.0000000    
  0.0000000       0.0000000       0.0000000    
  0.0000000       0.0000000       0.0000000    
  0.0000000       0.0000000       0.0000000    
  0.0000000       0.0000000       0.0000000    
  0.0000000       0.0000000       0.0000000    
  0.0000000       0.0000000       0.0000000    
  0.0000000       0.0000000       0.0000000    
  0.0000000       0.0000000       0.0000000    
  0.0000000       0.0000000       0.0000000    
  0.0000000       0.0000000       0.0000000    
  0.0000000       0.0000000       0.0000000    
  0.0000000       0.0000000       0.0000000    
  0.0000000       0.0000000       0.0000000    
  0.0000000       0.0000000       0.0000000    
  0.0000000       0.0000000       0.0000000    
  0.0000000       0.0000000       0.0000000    
  0.0000000       0.0000000       0.0000000    
  0.0000000       0.0000000       0.0000000    
  0.0000000       0.0000000       0.0000000    
  0.0000000       0.0000000       0.0000000    
  0.0000000       0.0000000       0.0000000    
  0.0000000       0.0000000       0.0000000    
  0.0000000       0.0000000       0.0000000    
  0.0000000       0.0000000       0.0000000    
  0.0000000       0.0000000       0.0000000    
  0.0000000       0.0000000       0.0000000    
  0.0000000       0.0000000       0.0000000    
  0.0000000       0.0000000       0.0000000    
  0.0000000       0.0000000       0.0000000    
  0.0000000       0.0000000       0.0000000    
  0.0000000       0.0000000       0.0000000    
  0.0000000       0.0000000       0.0000000    
  0.0000000       0.0000000       0.0000000    
  0.0000000       0.0000000       0.0000000    
  0.0000000       0.0000000       0.0000000    
  0.0000000       0.0000000       0.0000000    
  0.0000000       0.0000000       0.0000000    
  0.0000000       0.0000000       0.0000000    
  0.0000000       0.0000000       0.0000000    
  0.0000000       0.0000000       0.0000000    
  0.0000000       0.0000000       0.0000000    
  0.0000000       0.0000000       0.0000000    
  0.0000000       0.0000000       0.0000000    
  0.0000000       0.0000000       0.0000000    
  0.0000000       0.0000000       0.0000000    
  0.0000000       0.0000000       0.0000000    
  0.0000000       0.0000000       0.0000000    
  0.0000000       0.0000000       0.0000000    
  0.0000000       0.0000000       0.0000000    
  0.0000000       0.0000000       0.0000000    
  0.0000000       0.0000000       0.0000000    
  0.0000000       0.0000000       0.0000000    
  0.0000000       0.0000000       0.0000000    
  0.0000000       0.0000000       0.0000000    
  0.0000000       0.0000000       0.0000000    
  0.0000000       0.0000000       0.0000000    
  0.0000000       0.0000000       0.0000000    
  0.0000000       0.0000000       0.0000000    
  0.0000000       0.0000000       0.0000000    
-0.27590156       3.8194005      0.55374253    
-0.27568653       3.8253858      0.55064237    
  0.0000000       0.0000000       0.0000000    
  0.0000000       0.0000000       0.0000000    
  0.0000000       0.0000000       0.0000000    
  0.0000000       0.0000000       0.0000000    
  0.0000000       0.0000000       0.0000000    
-0.27428365       3.8527412      0.53532171    
  0.0000000       0.0000000       0.0000000    
-0.27348471       3.8599567      0.53042036    
-0.27253991       3.8635747      0.52809119    
-0.27049217       3.8671994      0.52616537    
  0.0000000       0.0000000       0.0000000    
  0.0000000       0.0000000       0.0000000    
  0.0000000       0.0000000       0.0000000    
  0.0000000       0.0000000       0.0000000    
  0.0000000       0.0000000       0.0000000    
  0.0000000       0.0000000       0.0000000    
  0.0000000       0.0000000       0.0000000    
  0.0000000       0.0000000       0.0000000    
  0.0000000       0.0000000       0.0000000    
  0.0000000       0.0000000       0.0000000    
  0.0000000       0.0000000       0.0000000    
  0.0000000       0.0000000       0.0000000    
  0.0000000       0.0000000       0.0000000    
  0.0000000       0.0000000       0.0000000    
  0.0000000       0.0000000       0.0000000    
  0.0000000       0.0000000       0.0000000    
  0.0000000       0.0000000       0.0000000    
  0.0000000       0.0000000       0.0000000    
  0.0000000       0.0000000       0.0000000    
  0.0000000       0.0000000       0.0000000    
  0.0000000       0.0000000       0.0000000    
  0.0000000       0.0000000       0.0000000    
  0.0000000       0.0000000       0.0000000    
  0.0000000       0.0000000       0.0000000    
  0.0000000       0.0000000       0.0000000    
  0.0000000       0.0000000       0.0000000    
  0.0000000       0.0000000       0.0000000    
  0.0000000       0.0000000       0.0000000    
  0.0000000       0.0000000       0.0000000    
  0.0000000       0.0000000       0.0000000    
  0.0000000       0.0000000       0.0000000    
  0.0000000       0.0000000       0.0000000    
  0.0000000       0.0000000       0.0000000    
  0.0000000       0.0000000       0.0000000    
  0.0000000       0.0000000       0.0000000    
  0.0000000       0.0000000       0.0000000    
  0.0000000       0.0000000       0.0000000    
  0.0000000       0.0000000       0.0000000    
  0.0000000       0.0000000       0.0000000    
  0.0000000       0.0000000       0.0000000    
  0.0000000       0.0000000       0.0000000    
  0.0000000       0.0000000       0.0000000    
  0.0000000       0.0000000       0.0000000    
  0.0000000       0.0000000       0.0000000    
  0.0000000       0.0000000       0.0000000    
  0.0000000       0.0000000       0.0000000    
  0.0000000       0.0000000       0.0000000    
  0.0000000       0.0000000       0.0000000    
  0.0000000       0.0000000       0.0000000    
  0.0000000       0.0000000       0.0000000    
  0.0000000       0.0000000       0.0000000    
  0.0000000       0.0000000       0.0000000    
  0.0000000       0.0000000       0.0000000    
  0.0000000       0.0000000       0.0000000    
  0.0000000       0.0000000       0.0000000    
  0.0000000       0.0000000       0.0000000    
  0.0000000       0.0000000       0.0000000    
  0.0000000       0.0000000       0.0000000    
  0.0000000       0.0000000       0.0000000    
  0.0000000       0.0000000       0.0000000    
  0.0000000       0.0000000       0.0000000    
  0.0000000       0.0000000       0.0000000    
  0.0000000       0.0000000       0.0000000    
  0.0000000       0.0000000       0.0000000    
  0.0000000       0.0000000       0.0000000    
  0.0000000       0.0000000       0.0000000    
  0.0000000       0.0000000       0.0000000    
  0.0000000       0.0000000       0.0000000    
  0.0000000       0.0000000       0.0000000    
  0.0000000       0.0000000       0.0000000    
  0.0000000       0.0000000       0.0000000    
  0.0000000       0.0000000       0.0000000    
  0.0000000       0.0000000       0.0000000    
  0.0000000       0.0000000       0.0000000    
  0.0000000       0.0000000       0.0000000    
  0.0000000       0.0000000       0.0000000    
  0.0000000       0.0000000       0.0000000    
  0.0000000       0.0000000       0.0000000    
  0.0000000       0.0000000       0.0000000    
  0.0000000       0.0000000       0.0000000    
  0.0000000       0.0000000       0.0000000    
  0.0000000       0.0000000       0.0000000    
  0.0000000       0.0000000       0.0000000    
  0.0000000       0.0000000       0.0000000    
  0.0000000       0.0000000       0.0000000    
  0.0000000       0.0000000       0.0000000    
  0.0000000       0.0000000       0.0000000    
  0.0000000       0.0000000       0.0000000    
  0.0000000       0.0000000       0.0000000    
  0.0000000       0.0000000       0.0000000    
  0.0000000       0.0000000       0.0000000    
  0.0000000       0.0000000       0.0000000    
  0.0000000       0.0000000       0.0000000    
  0.0000000       0.0000000       0.0000000    
  0.0000000       0.0000000       0.0000000    
  0.0000000       0.0000000       0.0000000    
  0.0000000       0.0000000       0.0000000    
  0.0000000       0.0000000       0.0000000    
  0.0000000       0.0000000       0.0000000    
  0.0000000       0.0000000       0.0000000    
  0.0000000       0.0000000       0.0000000    
  0.0000000       0.0000000       0.0000000    
  0.0000000       0.0000000       0.0000000    
  0.0000000       0.0000000       0.0000000    
  0.0000000       0.0000000       0.0000000    
  0.0000000       0.0000000       0.0000000    
  0.0000000       0.0000000       0.0000000    
  0.0000000       0.0000000       0.0000000    
  0.0000000       0.0000000       0.0000000    
  0.0000000       0.0000000       0.0000000    
  0.0000000       0.0000000       0.0000000    
  0.0000000       0.0000000       0.0000000    
  0.0000000       0.0000000       0.0000000    
  0.0000000       0.0000000       0.0000000    
  0.0000000       0.0000000       0.0000000    
  0.0000000       0.0000000       0.0000000    
  0.0000000       0.0000000       0.0000000    
  0.0000000       0.0000000       0.0000000    
  0.0000000       0.0000000       0.0000000    
  0.0000000       0.0000000       0.0000000    
  0.0000000       0.0000000       0.0000000    
  0.0000000       0.0000000       0.0000000    
  0.0000000       0.0000000       0.0000000    
  0.0000000       0.0000000       0.0000000    
  0.0000000       0.0000000       0.0000000    
  0.0000000       0.0000000       0.0000000    
  0.0000000       0.0000000       0.0000000    
  0.0000000       0.0000000       0.0000000    
  0.0000000       0.0000000       0.0000000    
  0.0000000       0.0000000       0.0000000    
  0.0000000       0.0000000       0.0000000    
  0.0000000       0.0000000       0.0000000    
  0.0000000       0.0000000       0.0000000    
  0.0000000       0.0000000       0.0000000    
  0.0000000       0.0000000       0.0000000    
  0.0000000       0.0000000       0.0000000    
  0.0000000       0.0000000       0.0000000    
  0.0000000       0.0000000       0.0000000    
  0.0000000       0.0000000       0.0000000    
  0.0000000       0.0000000       0.0000000    
  0.0000000       0.0000000       0.0000000    
  0.0000000       0.0000000       0.0000000    
  0.0000000       0.0000000       0.0000000    
  0.0000000       0.0000000       0.0000000    
  0.0000000       0.0000000       0.0000000    
  0.0000000       0.0000000       0.0000000    
  0.0000000       0.0000000       0.0000000    
  0.0000000       0.0000000       0.0000000    
  0.0000000       0.0000000       0.0000000    
  0.0000000       0.0000000       0.0000000    
  0.0000000       0.0000000       0.0000000    
  0.0000000       0.0000000       0.0000000    
  0.0000000       0.0000000       0.0000000    
  0.0000000       0.0000000       0.0000000    
  0.0000000       0.0000000       0.0000000    
  0.0000000       0.0000000       0.0000000    
  0.0000000       0.0000000       0.0000000    
  0.0000000       0.0000000       0.0000000    
  0.0000000       0.0000000       0.0000000    
  0.0000000       0.0000000       0.0000000    
  0.0000000       0.0000000       0.0000000    
  0.0000000       0.0000000       0.0000000    
  0.0000000       0.0000000       0.0000000    
  0.0000000       0.0000000       0.0000000    
  0.0000000       0.0000000       0.0000000    
  0.0000000       0.0000000       0.0000000    
  0.0000000       0.0000000       0.0000000    
  0.0000000       0.0000000       0.0000000    
  0.0000000       0.0000000       0.0000000    
  0.0000000       0.0000000       0.0000000    
  0.0000000       0.0000000       0.0000000    
  0.0000000       0.0000000       0.0000000    
  0.0000000       0.0000000       0.0000000    
  0.0000000       0.0000000       0.0000000    
  0.0000000       0.0000000       0.0000000    
  0.0000000       0.0000000       0.0000000    
  0.0000000       0.0000000       0.0000000    
  0.0000000       0.0000000       0.0000000    
  0.0000000       0.0000000       0.0000000    
  0.0000000       0.0000000       0.0000000    
  0.0000000       0.0000000       0.0000000    
  0.0000000       0.0000000       0.0000000    
  0.0000000       0.0000000       0.0000000    
  0.0000000       0.0000000       0.0000000    
  0.0000000       0.0000000       0.0000000    
  0.0000000       0.0000000       0.0000000    
  0.0000000       0.0000000       0.0000000    
  0.0000000       0.0000000       0.0000000    
  0.0000000       0.0000000       0.0000000    
  0.0000000       0.0000000       0.0000000    
  0.0000000       0.0000000       0.0000000    
  0.0000000       0.0000000       0.0000000    
  0.0000000       0.0000000       0.0000000    
  0.0000000       0.0000000       0.0000000    
  0.0000000       0.0000000       0.0000000    
  0.0000000       0.0000000       0.0000000    
  0.0000000       0.0000000       0.0000000    
  0.0000000       0.0000000       0.0000000    
  0.0000000       0.0000000       0.0000000    
  0.0000000       0.0000000       0.0000000    
  0.0000000       0.0000000       0.0000000    
  0.0000000       0.0000000       0.0000000    
  0.0000000       0.0000000       0.0000000    
  0.0000000       0.0000000       0.0000000    
  0.0000000       0.0000000       0.0000000    
  0.0000000       0.0000000       0.0000000    
  0.0000000       0.0000000       0.0000000    
  0.0000000       0.0000000       0.0000000    
  0.0000000       0.0000000       0.0000000    
  0.0000000       0.0000000       0.0000000    
  0.0000000       0.0000000       0.0000000    
  0.0000000       0.0000000       0.0000000    
  0.0000000       0.0000000       0.0000000    
  0.0000000       0.0000000       0.0000000    
  0.0000000       0.0000000       0.0000000    
  0.0000000       0.0000000       0.0000000    
-0.86823255E-02   7.2780447     -0.27000320    
-0.10831488E-01   7.2800665     -0.27528185    
  0.0000000       0.0000000       0.0000000    
  0.0000000       0.0000000       0.0000000    
-0.16836584E-01   7.2871518     -0.29537046    
  0.0000000       0.0000000       0.0000000    
  0.0000000       0.0000000       0.0000000    
  0.0000000       0.0000000       0.0000000    
  0.0000000       0.0000000       0.0000000    
  0.0000000       0.0000000       0.0000000    
  0.0000000       0.0000000       0.0000000    
-0.55069771E-01   7.3127489     -0.35135207    
  0.0000000       0.0000000       0.0000000    
  0.0000000       0.0000000       0.0000000    
  0.0000000       0.0000000       0.0000000    
  0.0000000       0.0000000       0.0000000    
  0.0000000       0.0000000       0.0000000    
  0.0000000       0.0000000       0.0000000    
  0.0000000       0.0000000       0.0000000    
  0.0000000       0.0000000       0.0000000    
  0.0000000       0.0000000       0.0000000    
  0.0000000       0.0000000       0.0000000    
  0.0000000       0.0000000       0.0000000    
  0.0000000       0.0000000       0.0000000    
  0.0000000       0.0000000       0.0000000    
  0.0000000       0.0000000       0.0000000    
  0.0000000       0.0000000       0.0000000    
  0.0000000       0.0000000       0.0000000    
  0.0000000       0.0000000       0.0000000    
  0.0000000       0.0000000       0.0000000    
  0.0000000       0.0000000       0.0000000    
  0.0000000       0.0000000       0.0000000    
  0.0000000       0.0000000       0.0000000    
  0.0000000       0.0000000       0.0000000    
  0.0000000       0.0000000       0.0000000    
  0.0000000       0.0000000       0.0000000    
  0.0000000       0.0000000       0.0000000    
  0.0000000       0.0000000       0.0000000    
  0.0000000       0.0000000       0.0000000    
  0.0000000       0.0000000       0.0000000    
  0.0000000       0.0000000       0.0000000    
  0.0000000       0.0000000       0.0000000    
  0.0000000       0.0000000       0.0000000    
  0.0000000       0.0000000       0.0000000    
  0.0000000       0.0000000       0.0000000    
  0.0000000       0.0000000       0.0000000    
  0.0000000       0.0000000       0.0000000    
  0.0000000       0.0000000       0.0000000    
  0.0000000       0.0000000       0.0000000    
  0.0000000       0.0000000       0.0000000    
  0.0000000       0.0000000       0.0000000    
  0.0000000       0.0000000       0.0000000    
  0.0000000       0.0000000       0.0000000    
  0.0000000       0.0000000       0.0000000    
  0.0000000       0.0000000       0.0000000    
  0.0000000       0.0000000       0.0000000    
  0.0000000       0.0000000       0.0000000    
  0.0000000       0.0000000       0.0000000    
  0.0000000       0.0000000       0.0000000    
  0.0000000       0.0000000       0.0000000    
  0.0000000       0.0000000       0.0000000    
  0.0000000       0.0000000       0.0000000    
  0.0000000       0.0000000       0.0000000    
  0.0000000       0.0000000       0.0000000    
  0.0000000       0.0000000       0.0000000    
  0.0000000       0.0000000       0.0000000    
-0.23756729       7.4735832     -0.86062962    
-0.24003488       7.4778910     -0.87708819    
-0.23861484       7.4822035     -0.89552760    
-0.23702215       7.4865208     -0.91422856    
-0.23971917       7.4887075     -0.93202370    
-0.24725959       7.4887648     -0.94914281    
-0.25498885       7.4888225     -0.96623534    
-0.25926989       7.4888816     -0.98333848    
-0.26122665       7.4889421      -1.0001162    
-0.26312813       7.4890032      -1.0168673    
-0.26500934       7.4890642      -1.0342131    
-0.26659578       7.4891248      -1.0520015    
-0.26829630       7.4891872      -1.0700459    
-0.26933181       7.4892492      -1.0884922    
-0.26942205       7.4893103      -1.1071174    
-0.26976427       7.4893723      -1.1257181    
-0.27156013       7.4894342      -1.1445308    
-0.27462947       7.4894977      -1.1640453    
-0.27769694       7.4895620      -1.1839222    
-0.27803242       7.4896255      -1.2030104    
-0.27541932       7.4896889      -1.2212670    
-0.27286851       7.4897518      -1.2395568    
-0.27218965       7.4898133      -1.2583401    
-0.27359027       7.4898758      -1.2778168    
-0.27490613       7.4899406      -1.2975264    
-0.27295431       7.4900045      -1.3161367    
-0.26696831       7.4900675      -1.3330247    
-0.26041237       7.4901285      -1.3494729    
-0.25758648       7.4901881      -1.3665828    
-0.25923616       7.4902487      -1.3834846    
-0.26142743       7.4903102      -1.4003918    
-0.26042420       7.4903703      -1.4189032    
-0.25723305       7.4904289      -1.4386632    
-0.25395504       7.4904871      -1.4580234    
-0.25055724       7.4905448      -1.4760585    
-0.24674594       7.4906015      -1.4939401    
-0.24251336       7.4906588      -1.5121250    
-0.23574169       7.4907141      -1.5281513    
-0.22673875       7.4907660      -1.5419141    
-0.21873385       7.4908166      -1.5556529    
-0.21535891       7.4908671      -1.5708282    
-0.21643387       7.4909177      -1.5873799    
-0.21678610       7.4909687      -1.6037886    
-0.21117032       7.4910183      -1.6181053    
-0.19977188       7.4910645      -1.6303113    
-0.18872179       7.4911089      -1.6424149    
-0.18160973       7.4911518      -1.6557746    
-0.17755342       7.4911947      -1.6703105    
-0.17337357       7.4912367      -1.6843841    
-0.16697794       7.4912767      -1.6960043    
-0.15818532       7.4913139      -1.7047381    
-0.14981423       7.4913487      -1.7130920    
-0.14647333       7.4899397      -1.7208450    
-0.14722759       7.4870892      -1.7276919    
-0.14812027       7.4842429      -1.7349062    
-0.14731075       7.4813995      -1.7411251    
-0.14416771       7.4785576      -1.7457032    
-0.13990472       7.4757171      -1.7493372    
-0.13562435       7.4724512      -1.7537606    
-0.13153186       7.4687629      -1.7593290    
-0.12721989       7.4650779      -1.7649989    
-0.12200807       7.4613972      -1.7701664    
-0.11601507       7.4577188      -1.7745621    
-0.11022694       7.4540420      -1.7787315    
-0.10399842       7.4488535      -1.7854736    
-0.97457074E-01   7.4421563      -1.7951719    
-0.90780109E-01   7.4354715      -1.8043472    
-0.82289137E-01   7.4287963      -1.8101830    
-0.72432712E-01   7.4221306      -1.8128693    
-0.63315906E-01   7.4154744      -1.8154042    
-0.56640562E-01   7.4089327      -1.8197168    
-0.51534891E-01   7.4025049      -1.8258406    
-0.46281122E-01   7.3960886      -1.8320081    
-0.39786704E-01   7.3896804      -1.8351336    
-0.32267578E-01   7.3832822      -1.8354177    
-0.24436630E-01   7.3768945      -1.8352669    
-0.17723337E-01   7.3718429      -1.8352125    
-0.12077529E-01   7.3681250      -1.8352492    
-0.63005192E-02   7.3644099      -1.8351605    
-0.11351742E-02   7.3606968      -1.8344707    
 0.34587346E-02   7.3569870      -1.8331587    
 0.80714915E-02   7.3532805      -1.8317134    
 0.12485472E-01   7.3500042      -1.8307858    
 0.16725680E-01   7.3471575      -1.8304887    
 0.21129638E-01   7.3443117      -1.8301233    
 0.25380524E-01   7.3414679      -1.8288746    
 0.29334825E-01   7.3386259      -1.8266798    
 0.33038691E-01   7.3357859      -1.8243160    
 0.38712464E-01   7.3312058      -1.8213913    
 0.46356134E-01   7.3248911      -1.8181547    
 0.53560562E-01   7.3185873      -1.8147843    
 0.59579618E-01   7.3122916      -1.8093719    
 0.64229608E-01   7.3060036      -1.8020650    
 0.69030643E-01   7.2997260      -1.7943081    
 0.73908970E-01   7.2949724      -1.7882588    
 0.78613140E-01   7.2917395      -1.7838271    
 0.83636731E-01   7.2885098      -1.7791586    
 0.87836117E-01   7.2852821      -1.7744012    
 0.90821937E-01   7.2820559      -1.7697194    
 0.93552083E-01   7.2788324      -1.7652636    
 0.96858591E-01   7.2756109      -1.7610593    
 0.10056953       7.2723923      -1.7569410    
 0.10454039       7.2691760      -1.7524799    
 0.10926779       7.2659612      -1.7469542    
 0.11471141       7.2627492      -1.7402296    
 0.11961157       7.2595396      -1.7332873    
 0.12396187       7.2548304      -1.7240393    
 0.12796459       7.2486248      -1.7124265    
 0.13152382       7.2424293      -1.7005942    
 0.13443093       7.2362428      -1.6871705    
 0.13504659       7.2300644      -1.6722988    
 0.13580067       7.2238970      -1.6566532    
 0.13935074       7.2194343      -1.6442809    
 0.14439636       7.2166729      -1.6354685    
 0.14941332       7.2139125      -1.6264240    
 0.15282911       7.2111535      -1.6172595    
 0.15386379       7.2083969      -1.6078051    
  0.0000000       0.0000000       0.0000000    
 0.15522169       7.2024770      -1.5907063    
 0.15976399       7.1989017      -1.5845218    
  0.0000000       0.0000000       0.0000000    
  0.0000000       0.0000000       0.0000000    
  0.0000000       0.0000000       0.0000000    
  0.0000000       0.0000000       0.0000000    
  0.0000000       0.0000000       0.0000000    
  0.0000000       0.0000000       0.0000000    
  0.0000000       0.0000000       0.0000000    
  0.0000000       0.0000000       0.0000000    
  0.0000000       0.0000000       0.0000000    
  0.0000000       0.0000000       0.0000000    
  0.0000000       0.0000000       0.0000000    
  0.0000000       0.0000000       0.0000000    
  0.0000000       0.0000000       0.0000000    
  0.0000000       0.0000000       0.0000000    
  0.0000000       0.0000000       0.0000000    
  0.0000000       0.0000000       0.0000000    
  0.0000000       0.0000000       0.0000000    
  0.0000000       0.0000000       0.0000000    
  0.0000000       0.0000000       0.0000000    
  0.0000000       0.0000000       0.0000000    
  0.0000000       0.0000000       0.0000000    
  0.0000000       0.0000000       0.0000000    
  0.0000000       0.0000000       0.0000000    
  0.0000000       0.0000000       0.0000000    
  0.0000000       0.0000000       0.0000000    
  0.0000000       0.0000000       0.0000000    
  0.0000000       0.0000000       0.0000000    
  0.0000000       0.0000000       0.0000000    
  0.0000000       0.0000000       0.0000000    
  0.0000000       0.0000000       0.0000000    
  0.0000000       0.0000000       0.0000000    
  0.0000000       0.0000000       0.0000000    
  0.0000000       0.0000000       0.0000000    
  0.0000000       0.0000000       0.0000000    
 0.72082520E-01   7.0049229     -0.90348423    
  0.0000000       0.0000000       0.0000000    
  0.0000000       0.0000000       0.0000000    
  0.0000000       0.0000000       0.0000000    
  0.0000000       0.0000000       0.0000000    
  0.0000000       0.0000000       0.0000000    
  0.0000000       0.0000000       0.0000000    
  0.0000000       0.0000000       0.0000000    
  0.0000000       0.0000000       0.0000000    
  0.0000000       0.0000000       0.0000000    
  0.0000000       0.0000000       0.0000000    
  0.0000000       0.0000000       0.0000000    
  0.0000000       0.0000000       0.0000000    
 0.22265544E-01   6.9209981     -0.73238885    
 0.31273115E-01   6.8910761     -0.71817029    
 0.37341688E-01   6.8614101     -0.70292395    
 0.40871397E-01   6.8319960     -0.68663943    
 0.44662639E-01   6.8028326     -0.67065507    
 0.43840736E-01   6.7841105     -0.65502608    
 0.38717136E-01   6.7757125     -0.63921535    
 0.33539221E-01   6.7673368     -0.62409711    
 0.25571575E-01   6.7589827     -0.61054993    
 0.14917232E-01   6.7506480     -0.59863389    
 0.42250380E-02   6.7423368     -0.58719736    
  0.0000000       0.0000000       0.0000000    
  0.0000000       0.0000000       0.0000000    
  0.0000000       0.0000000       0.0000000    
  0.0000000       0.0000000       0.0000000    
  0.0000000       0.0000000       0.0000000    
  0.0000000       0.0000000       0.0000000    
  0.0000000       0.0000000       0.0000000    
  0.0000000       0.0000000       0.0000000    
  0.0000000       0.0000000       0.0000000    
  0.0000000       0.0000000       0.0000000    
  0.0000000       0.0000000       0.0000000    
  0.0000000       0.0000000       0.0000000    
  0.0000000       0.0000000       0.0000000    
  0.0000000       0.0000000       0.0000000    
  0.0000000       0.0000000       0.0000000    
  0.0000000       0.0000000       0.0000000    
  0.0000000       0.0000000       0.0000000    
  0.0000000       0.0000000       0.0000000    
  0.0000000       0.0000000       0.0000000    
  0.0000000       0.0000000       0.0000000    
  0.0000000       0.0000000       0.0000000    
  0.0000000       0.0000000       0.0000000    
  0.0000000       0.0000000       0.0000000    
  0.0000000       0.0000000       0.0000000    
-0.25978056       6.9122562     -0.43533081    
-0.25282890       6.8889375     -0.42854291    
-0.24641554       6.8657742     -0.42066067    
-0.24264088       6.8427653     -0.41122121    
-0.24033634       6.8199105     -0.40098217    
-0.23802757       6.7972074     -0.39082932    
-0.23549989       6.7712955     -0.37970144    
-0.23240764       6.7422276     -0.36795878    
-0.22884256       6.7134066     -0.35673264    
-0.22719954       6.6848288     -0.34541968    
-0.22884275       6.6564922     -0.33424887    
-0.23066935       6.6283956     -0.32321486    
-0.22874731       6.6005344     -0.31184226    
-0.22335359       6.5729051     -0.30018583    
-0.21808130       6.5455041     -0.28828335    
-0.21433079       6.5183287     -0.27584922    
-0.21113183       6.4913778     -0.26305187    
-0.20775262       6.4646497     -0.24996015    
-0.20439875       6.4411755     -0.23798424    
-0.20140576       6.4209080     -0.22737101    
-0.19892325       6.4007673     -0.21662885    
-0.19779265       6.3807521     -0.20553930    
-0.19892444       6.3608608     -0.19426736    
-0.20150056       6.3410921     -0.18313929    
-0.20237845       6.3214464     -0.17200328    
-0.19932409       6.3019209     -0.16059209    
-0.19454789       6.2825146     -0.14927024    
-0.19265752       6.2632251     -0.13889076    
-0.19474265       6.2440538     -0.12970650    
  0.0000000       0.0000000       0.0000000    
  0.0000000       0.0000000       0.0000000    
  0.0000000       0.0000000       0.0000000    
  0.0000000       0.0000000       0.0000000    
  0.0000000       0.0000000       0.0000000    
  0.0000000       0.0000000       0.0000000    
  0.0000000       0.0000000       0.0000000    
  0.0000000       0.0000000       0.0000000    
  0.0000000       0.0000000       0.0000000    
  0.0000000       0.0000000       0.0000000    
  0.0000000       0.0000000       0.0000000    
  0.0000000       0.0000000       0.0000000    
  0.0000000       0.0000000       0.0000000    
  0.0000000       0.0000000       0.0000000    
  0.0000000       0.0000000       0.0000000    
  0.0000000       0.0000000       0.0000000    
  0.0000000       0.0000000       0.0000000    
  0.0000000       0.0000000       0.0000000    
  0.0000000       0.0000000       0.0000000    
  0.0000000       0.0000000       0.0000000    
  0.0000000       0.0000000       0.0000000    
  0.0000000       0.0000000       0.0000000    
  0.0000000       0.0000000       0.0000000    
  0.0000000       0.0000000       0.0000000    
  0.0000000       0.0000000       0.0000000    
  0.0000000       0.0000000       0.0000000    
  0.0000000       0.0000000       0.0000000    
  0.0000000       0.0000000       0.0000000    
  0.0000000       0.0000000       0.0000000    
-0.17567858       5.6387954      0.27319732    
-0.17837071       5.6193490      0.28678048    
-0.17812735       5.5996389      0.30064958    
-0.17586112       5.5796714      0.31507960    
-0.17302880       5.5598440      0.33013007    
-0.17045605       5.5401535      0.34615320    
-0.16772541       5.5205984      0.36270738    
-0.16491914       5.5011787      0.37933618    
-0.16384496       5.4841051      0.39431772    
-0.16547318       5.4693484      0.40762734    
-0.16878970       5.4546700      0.42026129    
-0.17261019       5.4400678      0.43128520    
-0.17630073       5.4255424      0.44111502    
-0.17905800       5.4110932      0.45120126    
-0.17944473       5.3945751      0.46438813    
-0.17641780       5.3760152      0.48040318    
-0.17137858       5.3575811      0.49617532    
-0.16728517       5.3392696      0.51073915    
-0.16473994       5.3210778      0.52433896    
-0.16234276       5.3030076      0.53793681    
-0.16013594       5.2871170      0.55047464    
-0.15872023       5.2733793      0.56194389    
  0.0000000       0.0000000       0.0000000    
  0.0000000       0.0000000       0.0000000    
  0.0000000       0.0000000       0.0000000    
  0.0000000       0.0000000       0.0000000    
  0.0000000       0.0000000       0.0000000    
  0.0000000       0.0000000       0.0000000    
  0.0000000       0.0000000       0.0000000    
  0.0000000       0.0000000       0.0000000    
  0.0000000       0.0000000       0.0000000    
  0.0000000       0.0000000       0.0000000    
-0.86729899E-01   5.2267971      0.57263327    
  0.0000000       0.0000000       0.0000000    
  0.0000000       0.0000000       0.0000000    
  0.0000000       0.0000000       0.0000000    
  0.0000000       0.0000000       0.0000000    
  0.0000000       0.0000000       0.0000000    
  0.0000000       0.0000000       0.0000000    
  0.0000000       0.0000000       0.0000000    
  0.0000000       0.0000000       0.0000000    
  0.0000000       0.0000000       0.0000000    
  0.0000000       0.0000000       0.0000000    
  0.0000000       0.0000000       0.0000000    
  0.0000000       0.0000000       0.0000000    
  0.0000000       0.0000000       0.0000000    
  0.0000000       0.0000000       0.0000000    
  0.0000000       0.0000000       0.0000000    
  0.0000000       0.0000000       0.0000000    
  0.0000000       0.0000000       0.0000000    
  0.0000000       0.0000000       0.0000000    
  0.0000000       0.0000000       0.0000000    
  0.0000000       0.0000000       0.0000000    
  0.0000000       0.0000000       0.0000000    
  0.0000000       0.0000000       0.0000000    
  0.0000000       0.0000000       0.0000000    
  0.0000000       0.0000000       0.0000000    
  0.0000000       0.0000000       0.0000000    
  0.0000000       0.0000000       0.0000000    
  0.0000000       0.0000000       0.0000000    
  0.0000000       0.0000000       0.0000000    
  0.0000000       0.0000000       0.0000000    
VECTORS normal float
  0.0000000       0.0000000       0.0000000    
  0.0000000       0.0000000       0.0000000    
  0.0000000       0.0000000       0.0000000    
  0.0000000       0.0000000       0.0000000    
  0.0000000       0.0000000       0.0000000    
  0.0000000       0.0000000       0.0000000    
-0.81051397       0.0000000      0.58571929    
  0.0000000       0.0000000       0.0000000    
  0.0000000       0.0000000       0.0000000    
  0.0000000       0.0000000       0.0000000    
  0.0000000       0.0000000       0.0000000    
  0.0000000       0.0000000       0.0000000    
  0.0000000       0.0000000       0.0000000    
  0.0000000       0.0000000       0.0000000    
  0.0000000       0.0000000       0.0000000    
  0.0000000       0.0000000       0.0000000    
  0.0000000       0.0000000       0.0000000    
  0.0000000       0.0000000       0.0000000    
  0.0000000       0.0000000       0.0000000    
  0.0000000       0.0000000       0.0000000    
  0.0000000       0.0000000       0.0000000    
  0.0000000       0.0000000       0.0000000    
  0.0000000       0.0000000       0.0000000    
  0.0000000       0.0000000       0.0000000    
  0.0000000       0.0000000       0.0000000    
  0.0000000       0.0000000       0.0000000    
  0.0000000       0.0000000       0.0000000    
  0.0000000       0.0000000       0.0000000    
  0.0000000       0.0000000       0.0000000    
  0.0000000       0.0000000       0.0000000    
  0.0000000       0.0000000       0.0000000    
  0.0000000       0.0000000       0.0000000    
  0.0000000       0.0000000       0.0000000    
  0.0000000       0.0000000       0.0000000    
  0.0000000       0.0000000       0.0000000    
  0.0000000       0.0000000       0.0000000    
  0.0000000       0.0000000       0.0000000    
  0.0000000       0.0000000       0.0000000    
  0.0000000       0.0000000       0.0000000    
  0.0000000       0.0000000       0.0000000    
  0.0000000       0.0000000       0.0000000    
  0.0000000       0.0000000       0.0000000    
  0.0000000       0.0000000       0.0000000    
  0.0000000       0.0000000       0.0000000    
  0.0000000       0.0000000       0.0000000    
  0.0000000       0.0000000       0.0000000    
  0.0000000       0.0000000       0.0000000    
  0.0000000       0.0000000       0.0000000    
  0.0000000       0.0000000       0.0000000    
  0.0000000       0.0000000       0.0000000    
  0.0000000       0.0000000       0.0000000    
  0.0000000       0.0000000       0.0000000    
  0.0000000       0.0000000       0.0000000    
  0.0000000       0.0000000       0.0000000    
  0.0000000       0.0000000       0.0000000    
  0.0000000       0.0000000       0.0000000    
  0.0000000       0.0000000       0.0000000    
  0.0000000       0.0000000       0.0000000    
  0.0000000       0.0000000       0.0000000    
  0.0000000       0.0000000       0.0000000    
  0.0000000       0.0000000       0.0000000    
  0.0000000       0.0000000       0.0000000    
  0.0000000       0.0000000       0.0000000    
  0.0000000       0.0000000       0.0000000    
  0.0000000       0.0000000       0.0000000    
  0.0000000       0.0000000       0.0000000    
  0.0000000       0.0000000       0.0000000    
  0.0000000       0.0000000       0.0000000    
  0.0000000       0.0000000       0.0000000    
-0.80934393       0.0000000      0.58733493    
-0.80933267       0.0000000      0.58735043    
-0.80934215       0.0000000      0.58733737    
-0.80771589       0.0000000      0.58957189    
-0.80769682       0.0000000      0.58959794    
-0.80773491       0.0000000      0.58954585    
-0.80769688       0.0000000      0.58959794    
-0.80771595       0.0000000      0.58957189    
-0.80769688       0.0000000      0.58959794    
-0.80771589       0.0000000      0.58957189    
-0.80769694       0.0000000      0.58959794    
-0.80773497       0.0000000      0.58954585    
-0.80773491       0.0000000      0.58954585    
-0.80769688       0.0000000      0.58959794    
-0.80771589       0.0000000      0.58957189    
-0.80934227       0.0000000      0.58733737    
-0.80933267       0.0000000      0.58735043    
-0.80933267       0.0000000      0.58735049    
-0.80934221       0.0000000      0.58733737    
-0.80934227       0.0000000      0.58733737    
-0.80933267       0.0000000      0.58735043    
-0.81050068       0.0000000      0.58573771    
-0.81051469       0.0000000      0.58571845    
-0.81050068       0.0000000      0.58573771    
-0.81051463       0.0000000      0.58571845    
-0.81050068       0.0000000      0.58573765    
-0.81054032       0.0000000      0.58568281    
-0.81049722       0.0000000      0.58574247    
-0.81051093       0.0000000      0.58572352    
-0.81051397       0.0000000      0.58571935    
-0.81051087       0.0000000      0.58572352    
-0.81051397       0.0000000      0.58571935    
-0.81051093       0.0000000      0.58572346    
-0.80771589       0.0000000      0.58957189    
-0.80770642       0.0000000      0.58958495    
-0.80771595       0.0000000      0.58957189    
-0.80770642       0.0000000      0.58958495    
-0.80771595       0.0000000      0.58957189    
-0.80771589       0.0000000      0.58957195    
-0.80934221       0.0000000      0.58733737    
-0.80933273       0.0000000      0.58735049    
-0.80934221       0.0000000      0.58733737    
-0.80933273       0.0000000      0.58735055    
-0.80933273       0.0000000      0.58735049    
-0.80933279       0.0000000      0.58735049    
-0.82624704       0.0000000      0.56330794    
-0.82623613       0.0000000      0.56332397    
-0.82624543       0.0000000      0.56331027    
-0.82623613       0.0000000      0.56332397    
-0.82622844       0.0000000      0.56333524    
-0.82623613       0.0000000      0.56332397    
-0.86169088       0.0000000      0.50743359    
-0.86167300       0.0000000      0.50746399    
-0.86167294       0.0000000      0.50746399    
-0.86170614       0.0000000      0.50740767    
-0.86165506       0.0000000      0.50749439    
-0.86169088       0.0000000      0.50743359    
-0.86167401       0.0000000      0.50746226    
-0.86167902       0.0000000      0.50745374    
-0.86167395       0.0000000      0.50746220    
-0.86169350       0.0000000      0.50742912    
-0.86167651       0.0000000      0.50745797    
-0.86171049       0.0000000      0.50740016    
-0.89098477       0.0000000      0.45403334    
-0.89097655       0.0000000      0.45404917    
-0.89100897       0.0000000      0.45398569    
-0.89099276       0.0000000      0.45401749    
-0.89099282       0.0000000      0.45401746    
-0.89099276       0.0000000      0.45401746    
-0.91827011       0.0000000      0.39595452    
-0.91827017       0.0000000      0.39595452    
-0.91827011       0.0000000      0.39595449    
-0.91825724       0.0000000      0.39598435    
-0.91825724       0.0000000      0.39598432    
-0.91828370       0.0000000      0.39592308    
-0.91823483       0.0000000      0.39603636    
-0.91828591       0.0000000      0.39591786    
-0.91825157       0.0000000      0.39599755    
-0.91826916       0.0000000      0.39595667    
  0.0000000       0.0000000       0.0000000    
  0.0000000       0.0000000       0.0000000    
  0.0000000       0.0000000       0.0000000    
  0.0000000       0.0000000       0.0000000    
  0.0000000       0.0000000       0.0000000    
  0.0000000       0.0000000       0.0000000    
  0.0000000       0.0000000       0.0000000    
  0.0000000       0.0000000       0.0000000    
  0.0000000       0.0000000       0.0000000    
  0.0000000       0.0000000       0.0000000    
  0.0000000       0.0000000       0.0000000    
  0.0000000       0.0000000       0.0000000    
  0.0000000       0.0000000       0.0000000    
  0.0000000       0.0000000       0.0000000    
  0.0000000       0.0000000       0.0000000    
  0.0000000       0.0000000       0.0000000    
  0.0000000       0.0000000       0.0000000    
  0.0000000       0.0000000       0.0000000    
  0.0000000       0.0000000       0.0000000    
  0.0000000       0.0000000       0.0000000    
  0.0000000       0.0000000       0.0000000    
  0.0000000       0.0000000       0.0000000    
  0.0000000       0.0000000       0.0000000    
  0.0000000       0.0000000       0.0000000    
  0.0000000       0.0000000       0.0000000    
  0.0000000       0.0000000       0.0000000    
  0.0000000       0.0000000       0.0000000    
  0.0000000       0.0000000       0.0000000    
  0.0000000       0.0000000       0.0000000    
  0.0000000       0.0000000       0.0000000    
  0.0000000       0.0000000       0.0000000    
  0.0000000       0.0000000       0.0000000    
  0.0000000       0.0000000       0.0000000    
  0.0000000       0.0000000       0.0000000    
  0.0000000       0.0000000       0.0000000    
  0.0000000       0.0000000       0.0000000    
  0.0000000       0.0000000       0.0000000    
  0.0000000       0.0000000       0.0000000    
  0.0000000       0.0000000       0.0000000    
  0.0000000       0.0000000       0.0000000    
  0.0000000       0.0000000       0.0000000    
  0.0000000       0.0000000       0.0000000    
  0.0000000       0.0000000       0.0000000    
  0.0000000       0.0000000       0.0000000    
  0.0000000       0.0000000       0.0000000    
  0.0000000       0.0000000       0.0000000    
  0.0000000       0.0000000       0.0000000    
  0.0000000       0.0000000       0.0000000    
  0.0000000       0.0000000       0.0000000    
  0.0000000       0.0000000       0.0000000    
  0.0000000       0.0000000       0.0000000    
  0.0000000       0.0000000       0.0000000    
  0.0000000       0.0000000       0.0000000    
  0.0000000       0.0000000       0.0000000    
  0.0000000       0.0000000       0.0000000    
  0.0000000       0.0000000       0.0000000    
  0.0000000       0.0000000       0.0000000    
  0.0000000       0.0000000       0.0000000    
  0.0000000       0.0000000       0.0000000    
  0.0000000       0.0000000       0.0000000    
  0.0000000       0.0000000       0.0000000    
  0.0000000       0.0000000       0.0000000    
  0.0000000       0.0000000       0.0000000    
  0.0000000       0.0000000       0.0000000    
  0.0000000       0.0000000       0.0000000    
  0.0000000       0.0000000       0.0000000    
  0.0000000       0.0000000       0.0000000    
  0.0000000       0.0000000       0.0000000    
  0.0000000       0.0000000       0.0000000    
  0.0000000       0.0000000       0.0000000    
  0.0000000       0.0000000       0.0000000    
  0.0000000       0.0000000       0.0000000    
  0.0000000       0.0000000       0.0000000    
  0.0000000       0.0000000       0.0000000    
  0.0000000       0.0000000       0.0000000    
  0.0000000       0.0000000       0.0000000    
  0.0000000       0.0000000       0.0000000    
  0.0000000       0.0000000       0.0000000    
  0.0000000       0.0000000       0.0000000    
  0.0000000       0.0000000       0.0000000    
  0.0000000       0.0000000       0.0000000    
  0.0000000       0.0000000       0.0000000    
  0.0000000       0.0000000       0.0000000    
  0.0000000       0.0000000       0.0000000    
  0.0000000       0.0000000       0.0000000    
  0.0000000       0.0000000       0.0000000    
  0.0000000       0.0000000       0.0000000    
  0.0000000       0.0000000       0.0000000    
  0.0000000       0.0000000       0.0000000    
  0.0000000       0.0000000       0.0000000    
  0.0000000       0.0000000       0.0000000    
  0.0000000       0.0000000       0.0000000    
  0.0000000       0.0000000       0.0000000    
  0.0000000       0.0000000       0.0000000    
  0.0000000       0.0000000       0.0000000    
  0.0000000       0.0000000       0.0000000    
  0.0000000       0.0000000       0.0000000    
  0.0000000       0.0000000       0.0000000    
  0.0000000       0.0000000       0.0000000    
  0.0000000       0.0000000       0.0000000    
  0.0000000       0.0000000       0.0000000    
  0.0000000       0.0000000       0.0000000    
  0.0000000       0.0000000       0.0000000    
  0.0000000       0.0000000       0.0000000    
  0.0000000       0.0000000       0.0000000    
  0.0000000       0.0000000       0.0000000    
  0.0000000       0.0000000       0.0000000    
  0.0000000       0.0000000       0.0000000    
  0.0000000       0.0000000       0.0000000    
  0.0000000       0.0000000       0.0000000    
  0.0000000       0.0000000       0.0000000    
  0.0000000       0.0000000       0.0000000    
  0.0000000       0.0000000       0.0000000    
  0.0000000       0.0000000       0.0000000    
  0.0000000       0.0000000       0.0000000    
-0.90214169       0.0000000     -0.43143988    
-0.87962902       0.0000000     -0.47566047    
  0.0000000       0.0000000       0.0000000    
  0.0000000       0.0000000       0.0000000    
  0.0000000       0.0000000       0.0000000    
  0.0000000       0.0000000       0.0000000    
  0.0000000       0.0000000       0.0000000    
-0.87964392       0.0000000     -0.47563273    
  0.0000000       0.0000000       0.0000000    
-0.87964147       0.0000000     -0.47563735    
-0.87960970       0.0000000     -0.47569609    
-0.87966233       0.0000000     -0.47559878    
  0.0000000       0.0000000       0.0000000    
  0.0000000       0.0000000       0.0000000    
  0.0000000       0.0000000       0.0000000    
  0.0000000       0.0000000       0.0000000    
  0.0000000       0.0000000       0.0000000    
  0.0000000       0.0000000       0.0000000    
  0.0000000       0.0000000       0.0000000    
  0.0000000       0.0000000       0.0000000    
  0.0000000       0.0000000       0.0000000    
  0.0000000       0.0000000       0.0000000    
  0.0000000       0.0000000       0.0000000    
  0.0000000       0.0000000       0.0000000    
  0.0000000       0.0000000       0.0000000    
  0.0000000       0.0000000       0.0000000    
  0.0000000       0.0000000       0.0000000    
  0.0000000       0.0000000       0.0000000    
  0.0000000       0.0000000       0.0000000    
  0.0000000       0.0000000       0.0000000    
  0.0000000       0.0000000       0.0000000    
  0.0000000       0.0000000       0.0000000    
  0.0000000       0.0000000       0.0000000    
  0.0000000       0.0000000       0.0000000    
  0.0000000       0.0000000       0.0000000    
  0.0000000       0.0000000       0.0000000    
  0.0000000       0.0000000       0.0000000    
  0.0000000       0.0000000       0.0000000    
  0.0000000       0.0000000       0.0000000    
  0.0000000       0.0000000       0.0000000    
  0.0000000       0.0000000       0.0000000    
  0.0000000       0.0000000       0.0000000    
  0.0000000       0.0000000       0.0000000    
  0.0000000       0.0000000       0.0000000    
  0.0000000       0.0000000       0.0000000    
  0.0000000       0.0000000       0.0000000    
  0.0000000       0.0000000       0.0000000    
  0.0000000       0.0000000       0.0000000    
  0.0000000       0.0000000       0.0000000    
  0.0000000       0.0000000       0.0000000    
  0.0000000       0.0000000       0.0000000    
  0.0000000       0.0000000       0.0000000    
  0.0000000       0.0000000       0.0000000    
  0.0000000       0.0000000       0.0000000    
  0.0000000       0.0000000       0.0000000    
  0.0000000       0.0000000       0.0000000    
  0.0000000       0.0000000       0.0000000    
  0.0000000       0.0000000       0.0000000    
  0.0000000       0.0000000       0.0000000    
  0.0000000       0.0000000       0.0000000    
  0.0000000       0.0000000       0.0000000    
  0.0000000       0.0000000       0.0000000    
  0.0000000       0.0000000       0.0000000    
  0.0000000       0.0000000       0.0000000    
  0.0000000       0.0000000       0.0000000    
  0.0000000       0.0000000       0.0000000    
  0.0000000       0.0000000       0.0000000    
  0.0000000       0.0000000       0.0000000    
  0.0000000       0.0000000       0.0000000    
  0.0000000       0.0000000       0.0000000    
  0.0000000       0.0000000       0.0000000    
  0.0000000       0.0000000       0.0000000    
  0.0000000       0.0000000       0.0000000    
  0.0000000       0.0000000       0.0000000    
  0.0000000       0.0000000       0.0000000    
  0.0000000       0.0000000       0.0000000    
  0.0000000       0.0000000       0.0000000    
  0.0000000       0.0000000       0.0000000    
  0.0000000       0.0000000       0.0000000    
  0.0000000       0.0000000       0.0000000    
  0.0000000       0.0000000       0.0000000    
  0.0000000       0.0000000       0.0000000    
  0.0000000       0.0000000       0.0000000    
  0.0000000       0.0000000       0.0000000    
  0.0000000       0.0000000       0.0000000    
  0.0000000       0.0000000       0.0000000    
  0.0000000       0.0000000       0.0000000    
  0.0000000       0.0000000       0.0000000    
  0.0000000       0.0000000       0.0000000    
  0.0000000       0.0000000       0.0000000    
  0.0000000       0.0000000       0.0000000    
  0.0000000       0.0000000       0.0000000    
  0.0000000       0.0000000       0.0000000    
  0.0000000       0.0000000       0.0000000    
  0.0000000       0.0000000       0.0000000    
  0.0000000       0.0000000       0.0000000    
  0.0000000       0.0000000       0.0000000    
  0.0000000       0.0000000       0.0000000    
  0.0000000       0.0000000       0.0000000    
  0.0000000       0.0000000       0.0000000    
  0.0000000       0.0000000       0.0000000    
  0.0000000       0.0000000       0.0000000    
  0.0000000       0.0000000       0.0000000    
  0.0000000       0.0000000       0.0000000    
  0.0000000       0.0000000       0.0000000    
  0.0000000       0.0000000       0.0000000    
  0.0000000       0.0000000       0.0000000    
  0.0000000       0.0000000       0.0000000    
  0.0000000       0.0000000       0.0000000    
  0.0000000       0.0000000       0.0000000    
  0.0000000       0.0000000       0.0000000    
  0.0000000       0.0000000       0.0000000    
  0.0000000       0.0000000       0.0000000    
  0.0000000       0.0000000       0.0000000    
  0.0000000       0.0000000       0.0000000    
  0.0000000       0.0000000       0.0000000    
  0.0000000       0.0000000       0.0000000    
  0.0000000       0.0000000       0.0000000    
  0.0000000       0.0000000       0.0000000    
  0.0000000       0.0000000       0.0000000    
  0.0000000       0.0000000       0.0000000    
  0.0000000       0.0000000       0.0000000    
  0.0000000       0.0000000       0.0000000    
  0.0000000       0.0000000       0.0000000    
  0.0000000       0.0000000       0.0000000    
  0.0000000       0.0000000       0.0000000    
  0.0000000       0.0000000       0.0000000    
  0.0000000       0.0000000       0.0000000    
  0.0000000       0.0000000       0.0000000    
  0.0000000       0.0000000       0.0000000    
  0.0000000       0.0000000       0.0000000    
  0.0000000       0.0000000       0.0000000    
  0.0000000       0.0000000       0.0000000    
  0.0000000       0.0000000       0.0000000    
  0.0000000       0.0000000       0.0000000    
  0.0000000       0.0000000       0.0000000    
  0.0000000       0.0000000       0.0000000    
  0.0000000       0.0000000       0.0000000    
  0.0000000       0.0000000       0.0000000    
  0.0000000       0.0000000       0.0000000    
  0.0000000       0.0000000       0.0000000    
  0.0000000       0.0000000       0.0000000    
  0.0000000       0.0000000       0.0000000    
  0.0000000       0.0000000       0.0000000    
  0.0000000       0.0000000       0.0000000    
  0.0000000       0.0000000       0.0000000    
  0.0000000       0.0000000       0.0000000    
  0.0000000       0.0000000       0.0000000    
  0.0000000       0.0000000       0.0000000    
  0.0000000       0.0000000       0.0000000    
  0.0000000       0.0000000       0.0000000    
  0.0000000       0.0000000       0.0000000    
  0.0000000       0.0000000       0.0000000    
  0.0000000       0.0000000       0.0000000    
  0.0000000       0.0000000       0.0000000    
  0.0000000       0.0000000       0.0000000    
  0.0000000       0.0000000       0.0000000    
  0.0000000       0.0000000       0.0000000    
  0.0000000       0.0000000       0.0000000    
  0.0000000       0.0000000       0.0000000    
  0.0000000       0.0000000       0.0000000    
  0.0000000       0.0000000       0.0000000    
  0.0000000       0.0000000       0.0000000    
  0.0000000       0.0000000       0.0000000    
  0.0000000       0.0000000       0.0000000    
  0.0000000       0.0000000       0.0000000    
  0.0000000       0.0000000       0.0000000    
  0.0000000       0.0000000       0.0000000    
  0.0000000       0.0000000       0.0000000    
  0.0000000       0.0000000       0.0000000    
  0.0000000       0.0000000       0.0000000    
  0.0000000       0.0000000       0.0000000    
  0.0000000       0.0000000       0.0000000    
  0.0000000       0.0000000       0.0000000    
  0.0000000       0.0000000       0.0000000    
  0.0000000       0.0000000       0.0000000    
  0.0000000       0.0000000       0.0000000    
  0.0000000       0.0000000       0.0000000    
  0.0000000       0.0000000       0.0000000    
  0.0000000       0.0000000       0.0000000    
  0.0000000       0.0000000       0.0000000    
  0.0000000       0.0000000       0.0000000    
  0.0000000       0.0000000       0.0000000    
  0.0000000       0.0000000       0.0000000    
  0.0000000       0.0000000       0.0000000    
  0.0000000       0.0000000       0.0000000    
  0.0000000       0.0000000       0.0000000    
  0.0000000       0.0000000       0.0000000    
  0.0000000       0.0000000       0.0000000    
  0.0000000       0.0000000       0.0000000    
  0.0000000       0.0000000       0.0000000    
  0.0000000       0.0000000       0.0000000    
  0.0000000       0.0000000       0.0000000    
  0.0000000       0.0000000       0.0000000    
  0.0000000       0.0000000       0.0000000    
  0.0000000       0.0000000       0.0000000    
  0.0000000       0.0000000       0.0000000    
  0.0000000       0.0000000       0.0000000    
  0.0000000       0.0000000       0.0000000    
  0.0000000       0.0000000       0.0000000    
  0.0000000       0.0000000       0.0000000    
  0.0000000       0.0000000       0.0000000    
  0.0000000       0.0000000       0.0000000    
  0.0000000       0.0000000       0.0000000    
  0.0000000       0.0000000       0.0000000    
  0.0000000       0.0000000       0.0000000    
  0.0000000       0.0000000       0.0000000    
  0.0000000       0.0000000       0.0000000    
  0.0000000       0.0000000       0.0000000    
  0.0000000       0.0000000       0.0000000    
  0.0000000       0.0000000       0.0000000    
  0.0000000       0.0000000       0.0000000    
  0.0000000       0.0000000       0.0000000    
  0.0000000       0.0000000       0.0000000    
  0.0000000       0.0000000       0.0000000    
  0.0000000       0.0000000       0.0000000    
  0.0000000       0.0000000       0.0000000    
  0.0000000       0.0000000       0.0000000    
  0.0000000       0.0000000       0.0000000    
  0.0000000       0.0000000       0.0000000    
  0.0000000       0.0000000       0.0000000    
  0.0000000       0.0000000       0.0000000    
  0.0000000       0.0000000       0.0000000    
  0.0000000       0.0000000       0.0000000    
  0.0000000       0.0000000       0.0000000    
  0.0000000       0.0000000       0.0000000    
  0.0000000       0.0000000       0.0000000    
  0.0000000       0.0000000       0.0000000    
 0.99763077       0.0000000     -0.68795867E-01
 0.99762803       0.0000000     -0.68835996E-01
  0.0000000       0.0000000       0.0000000    
  0.0000000       0.0000000       0.0000000    
 0.99761444       0.0000000     -0.69032200E-01
  0.0000000       0.0000000       0.0000000    
  0.0000000       0.0000000       0.0000000    
  0.0000000       0.0000000       0.0000000    
  0.0000000       0.0000000       0.0000000    
  0.0000000       0.0000000       0.0000000    
  0.0000000       0.0000000       0.0000000    
 0.99737030       0.0000000     -0.72473511E-01
  0.0000000       0.0000000       0.0000000    
  0.0000000       0.0000000       0.0000000    
  0.0000000       0.0000000       0.0000000    
  0.0000000       0.0000000       0.0000000    
  0.0000000       0.0000000       0.0000000    
  0.0000000       0.0000000       0.0000000    
  0.0000000       0.0000000       0.0000000    
  0.0000000       0.0000000       0.0000000    
  0.0000000       0.0000000       0.0000000    
  0.0000000       0.0000000       0.0000000    
  0.0000000       0.0000000       0.0000000    
  0.0000000       0.0000000       0.0000000    
  0.0000000       0.0000000       0.0000000    
  0.0000000       0.0000000       0.0000000    
  0.0000000       0.0000000       0.0000000    
  0.0000000       0.0000000       0.0000000    
  0.0000000       0.0000000       0.0000000    
  0.0000000       0.0000000       0.0000000    
  0.0000000       0.0000000       0.0000000    
  0.0000000       0.0000000       0.0000000    
  0.0000000       0.0000000       0.0000000    
  0.0000000       0.0000000       0.0000000    
  0.0000000       0.0000000       0.0000000    
  0.0000000       0.0000000       0.0000000    
  0.0000000       0.0000000       0.0000000    
  0.0000000       0.0000000       0.0000000    
  0.0000000       0.0000000       0.0000000    
  0.0000000       0.0000000       0.0000000    
  0.0000000       0.0000000       0.0000000    
  0.0000000       0.0000000       0.0000000    
  0.0000000       0.0000000       0.0000000    
  0.0000000       0.0000000       0.0000000    
  0.0000000       0.0000000       0.0000000    
  0.0000000       0.0000000       0.0000000    
  0.0000000       0.0000000       0.0000000    
  0.0000000       0.0000000       0.0000000    
  0.0000000       0.0000000       0.0000000    
  0.0000000       0.0000000       0.0000000    
  0.0000000       0.0000000       0.0000000    
  0.0000000       0.0000000       0.0000000    
  0.0000000       0.0000000       0.0000000    
  0.0000000       0.0000000       0.0000000    
  0.0000000       0.0000000       0.0000000    
  0.0000000       0.0000000       0.0000000    
  0.0000000       0.0000000       0.0000000    
  0.0000000       0.0000000       0.0000000    
  0.0000000       0.0000000       0.0000000    
  0.0000000       0.0000000       0.0000000    
  0.0000000       0.0000000       0.0000000    
  0.0000000       0.0000000       0.0000000    
  0.0000000       0.0000000       0.0000000    
  0.0000000       0.0000000       0.0000000    
  0.0000000       0.0000000       0.0000000    
  0.0000000       0.0000000       0.0000000    
 0.99761516       0.0000000     -0.69022313E-01
 0.99761367       0.0000000     -0.69042265E-01
 0.99761438       0.0000000     -0.69032378E-01
 0.99761373       0.0000000     -0.69042437E-01
  1.0000000       0.0000000       0.0000000    
  1.0000000       0.0000000       0.0000000    
  1.0000000       0.0000000       0.0000000    
  1.0000000       0.0000000       0.0000000    
  1.0000000       0.0000000       0.0000000    
  1.0000000       0.0000000       0.0000000    
  1.0000000       0.0000000       0.0000000    
  1.0000000       0.0000000       0.0000000    
  1.0000000       0.0000000       0.0000000    
  1.0000000       0.0000000       0.0000000    
  1.0000000       0.0000000       0.0000000    
  1.0000000       0.0000000       0.0000000    
  1.0000000       0.0000000       0.0000000    
  1.0000000       0.0000000       0.0000000    
  1.0000000       0.0000000       0.0000000    
  1.0000000       0.0000000       0.0000000    
  1.0000000       0.0000000       0.0000000    
  1.0000000       0.0000000       0.0000000    
  1.0000000       0.0000000       0.0000000    
  1.0000000       0.0000000       0.0000000    
  1.0000000       0.0000000       0.0000000    
  1.0000000       0.0000000       0.0000000    
  1.0000000       0.0000000       0.0000000    
  1.0000000       0.0000000       0.0000000    
  1.0000000       0.0000000       0.0000000    
  1.0000000       0.0000000       0.0000000    
  1.0000000       0.0000000       0.0000000    
  1.0000000       0.0000000       0.0000000    
  1.0000000       0.0000000       0.0000000    
  1.0000000       0.0000000       0.0000000    
  1.0000000       0.0000000       0.0000000    
  1.0000000       0.0000000       0.0000000    
  1.0000000       0.0000000       0.0000000    
  1.0000000       0.0000000       0.0000000    
  1.0000000       0.0000000       0.0000000    
  1.0000000       0.0000000       0.0000000    
  1.0000000       0.0000000       0.0000000    
  1.0000000       0.0000000       0.0000000    
  1.0000000       0.0000000       0.0000000    
  1.0000000       0.0000000       0.0000000    
  1.0000000       0.0000000       0.0000000    
  1.0000000       0.0000000       0.0000000    
  1.0000000       0.0000000       0.0000000    
  1.0000000       0.0000000       0.0000000    
  1.0000000       0.0000000       0.0000000    
  1.0000000       0.0000000       0.0000000    
  1.0000000       0.0000000       0.0000000    
  1.0000000       0.0000000       0.0000000    
 0.99470478       0.0000000      0.10277318    
 0.99470258       0.0000000      0.10279530    
 0.99470484       0.0000000      0.10277320    
 0.99470258       0.0000000      0.10279530    
 0.99470484       0.0000000      0.10277319    
 0.99470478       0.0000000      0.10277319    
 0.99470133       0.0000000      0.10280724    
 0.99470478       0.0000000      0.10277323    
 0.99470305       0.0000000      0.10279024    
 0.99470663       0.0000000      0.10275623    
 0.99470305       0.0000000      0.10279024    
 0.99470299       0.0000000      0.10279022    
 0.99432236       0.0000000      0.10640946    
 0.99432141       0.0000000      0.10641856    
 0.99432242       0.0000000      0.10640945    
 0.99432349       0.0000000      0.10639983    
 0.99432147       0.0000000      0.10641883    
 0.99432242       0.0000000      0.10640919    
 0.99470383       0.0000000      0.10278282    
 0.99470383       0.0000000      0.10278282    
 0.99470389       0.0000000      0.10278282    
 0.99470389       0.0000000      0.10278284    
 0.99470484       0.0000000      0.10277321    
 0.99470288       0.0000000      0.10279244    
 0.99436045       0.0000000      0.10605297    
 0.99436033       0.0000000      0.10605388    
 0.99435854       0.0000000      0.10607086    
 0.99435872       0.0000000      0.10606997    
 0.99435860       0.0000000      0.10607088    
 0.99436051       0.0000000      0.10605298    
 0.99435920       0.0000000      0.10606468    
 0.99435908       0.0000000      0.10606587    
 0.99435925       0.0000000      0.10606468    
 0.99435914       0.0000000      0.10606587    
 0.99435925       0.0000000      0.10606470    
 0.99436384       0.0000000      0.10602170    
 0.99466759       0.0000000      0.10313274    
 0.99466962       0.0000000      0.10311294    
 0.99466860       0.0000000      0.10312309    
 0.99466759       0.0000000      0.10313275    
 0.99466974       0.0000000      0.10311296    
 0.99466860       0.0000000      0.10312309    
 0.99435782       0.0000000      0.10607778    
 0.99436188       0.0000000      0.10603938    
 0.99435985       0.0000000      0.10605858    
 0.99435782       0.0000000      0.10607778    
 0.99435985       0.0000000      0.10605859    
 0.99435788       0.0000000      0.10607778    
 0.99436194       0.0000000      0.10603938    
 0.99435991       0.0000000      0.10605858    
 0.99435991       0.0000000      0.10605858    
 0.99435991       0.0000000      0.10605859    
 0.99435991       0.0000000      0.10605858    
 0.99435991       0.0000000      0.10605858    
 0.99466860       0.0000000      0.10312259    
 0.99466860       0.0000000      0.10312309    
 0.99466854       0.0000000      0.10312308    
 0.99466860       0.0000000      0.10312309    
 0.99466866       0.0000000      0.10312259    
 0.99466765       0.0000000      0.10313274    
 0.99435920       0.0000000      0.10606468    
 0.99436152       0.0000000      0.10604379    
 0.99435920       0.0000000      0.10606468    
 0.99435920       0.0000000      0.10606587    
 0.99435914       0.0000000      0.10606586    
  0.0000000       0.0000000       0.0000000    
 0.99436235       0.0000000      0.10603599    
 0.99436045       0.0000000      0.10605298    
  0.0000000       0.0000000       0.0000000    
  0.0000000       0.0000000       0.0000000    
  0.0000000       0.0000000       0.0000000    
  0.0000000       0.0000000       0.0000000    
  0.0000000       0.0000000       0.0000000    
  0.0000000       0.0000000       0.0000000    
  0.0000000       0.0000000       0.0000000    
  0.0000000       0.0000000       0.0000000    
  0.0000000       0.0000000       0.0000000    
  0.0000000       0.0000000       0.0000000    
  0.0000000       0.0000000       0.0000000    
  0.0000000       0.0000000       0.0000000    
  0.0000000       0.0000000       0.0000000    
  0.0000000       0.0000000       0.0000000    
  0.0000000       0.0000000       0.0000000    
  0.0000000       0.0000000       0.0000000    
  0.0000000       0.0000000       0.0000000    
  0.0000000       0.0000000       0.0000000    
  0.0000000       0.0000000       0.0000000    
  0.0000000       0.0000000       0.0000000    
  0.0000000       0.0000000       0.0000000    
  0.0000000       0.0000000       0.0000000    
  0.0000000       0.0000000       0.0000000    
  0.0000000       0.0000000       0.0000000    
  0.0000000       0.0000000       0.0000000    
  0.0000000       0.0000000       0.0000000    
  0.0000000       0.0000000       0.0000000    
  0.0000000       0.0000000       0.0000000    
  0.0000000       0.0000000       0.0000000    
  0.0000000       0.0000000       0.0000000    
  0.0000000       0.0000000       0.0000000    
  0.0000000       0.0000000       0.0000000    
  0.0000000       0.0000000       0.0000000    
  0.0000000       0.0000000       0.0000000    
 0.99451512       0.0000000      0.10459308    
  0.0000000       0.0000000       0.0000000    
  0.0000000       0.0000000       0.0000000    
  0.0000000       0.0000000       0.0000000    
  0.0000000       0.0000000       0.0000000    
  0.0000000       0.0000000       0.0000000    
  0.0000000       0.0000000       0.0000000    
  0.0000000       0.0000000       0.0000000    
  0.0000000       0.0000000       0.0000000    
  0.0000000       0.0000000       0.0000000    
  0.0000000       0.0000000       0.0000000    
  0.0000000       0.0000000       0.0000000    
  0.0000000       0.0000000       0.0000000    
 0.55121493       0.0000000      0.83436328    
 0.55120462       0.0000000      0.83437014    
 0.55121142       0.0000000      0.83436561    
 0.55120456       0.0000000      0.83437008    
 0.55121493       0.0000000      0.83436328    
 0.97531641       0.0000000      0.22081186    
 0.97531289       0.0000000      0.22082759    
 0.97531641       0.0000000      0.22081186    
 0.97531641       0.0000000      0.22081186    
 0.97530997       0.0000000      0.22084041    
 0.97531933       0.0000000      0.22079903    
  0.0000000       0.0000000       0.0000000    
  0.0000000       0.0000000       0.0000000    
  0.0000000       0.0000000       0.0000000    
  0.0000000       0.0000000       0.0000000    
  0.0000000       0.0000000       0.0000000    
  0.0000000       0.0000000       0.0000000    
  0.0000000       0.0000000       0.0000000    
  0.0000000       0.0000000       0.0000000    
  0.0000000       0.0000000       0.0000000    
  0.0000000       0.0000000       0.0000000    
  0.0000000       0.0000000       0.0000000    
  0.0000000       0.0000000       0.0000000    
  0.0000000       0.0000000       0.0000000    
  0.0000000       0.0000000       0.0000000    
  0.0000000       0.0000000       0.0000000    
  0.0000000       0.0000000       0.0000000    
  0.0000000       0.0000000       0.0000000    
  0.0000000       0.0000000       0.0000000    
  0.0000000       0.0000000       0.0000000    
  0.0000000       0.0000000       0.0000000    
  0.0000000       0.0000000       0.0000000    
  0.0000000       0.0000000       0.0000000    
  0.0000000       0.0000000       0.0000000    
  0.0000000       0.0000000       0.0000000    
 0.33715633       0.0000000      0.94144869    
 0.33714950       0.0000000      0.94145107    
 0.33715633       0.0000000      0.94144863    
 0.33714953       0.0000000      0.94145113    
 0.33716312       0.0000000      0.94144619    
 0.33714274       0.0000000      0.94145352    
 0.33716029       0.0000000      0.94144726    
 0.33715612       0.0000000      0.94144875    
 0.33714566       0.0000000      0.94145244    
 0.33715090       0.0000000      0.94145060    
 0.33716029       0.0000000      0.94144732    
 0.33715615       0.0000000      0.94144875    
 0.33714566       0.0000000      0.94145250    
 0.33715093       0.0000000      0.94145066    
 0.33715504       0.0000000      0.94144917    
 0.33716550       0.0000000      0.94144541    
 0.33715090       0.0000000      0.94145066    
 0.33715090       0.0000000      0.94145060    
 0.33713734       0.0000000      0.94145542    
 0.33716172       0.0000000      0.94144672    
 0.33716312       0.0000000      0.94144624    
 0.33715633       0.0000000      0.94144863    
 0.33714956       0.0000000      0.94145113    
 0.33714950       0.0000000      0.94145107    
 0.33998221       0.0000000      0.94043189    
 0.33996326       0.0000000      0.94043875    
 0.33995640       0.0000000      0.94044113    
 0.33995643       0.0000000      0.94044119    
 0.33998218       0.0000000      0.94043183    
  0.0000000       0.0000000       0.0000000    
  0.0000000       0.0000000       0.0000000    
  0.0000000       0.0000000       0.0000000    
  0.0000000       0.0000000       0.0000000    
  0.0000000       0.0000000       0.0000000    
  0.0000000       0.0000000       0.0000000    
  0.0000000       0.0000000       0.0000000    
  0.0000000       0.0000000       0.0000000    
  0.0000000       0.0000000       0.0000000    
  0.0000000       0.0000000       0.0000000    
  0.0000000       0.0000000       0.0000000    
  0.0000000       0.0000000       0.0000000    
  0.0000000       0.0000000       0.0000000    
  0.0000000       0.0000000       0.0000000    
  0.0000000       0.0000000       0.0000000    
  0.0000000       0.0000000       0.0000000    
  0.0000000       0.0000000       0.0000000    
  0.0000000       0.0000000       0.0000000    
  0.0000000       0.0000000       0.0000000    
  0.0000000       0.0000000       0.0000000    
  0.0000000       0.0000000       0.0000000    
  0.0000000       0.0000000       0.0000000    
  0.0000000       0.0000000       0.0000000    
  0.0000000       0.0000000       0.0000000    
  0.0000000       0.0000000       0.0000000    
  0.0000000       0.0000000       0.0000000    
  0.0000000       0.0000000       0.0000000    
  0.0000000       0.0000000       0.0000000    
  0.0000000       0.0000000       0.0000000    
 0.33715391       0.0000000      0.94144952    
 0.33715940       0.0000000      0.94144756    
 0.33996129       0.0000000      0.94043940    
 0.33997184       0.0000000      0.94043559    
 0.33997062       0.0000000      0.94043607    
 0.33996660       0.0000000      0.94043750    
 0.33996135       0.0000000      0.94043946    
 0.33998114       0.0000000      0.94043231    
 0.33996326       0.0000000      0.94043875    
 0.33995643       0.0000000      0.94044119    
 0.33994958       0.0000000      0.94044363    
 0.33998907       0.0000000      0.94042939    
 0.33996326       0.0000000      0.94043875    
 0.33998221       0.0000000      0.94043189    
 0.33714566       0.0000000      0.94145244    
 0.33715090       0.0000000      0.94145066    
 0.33716029       0.0000000      0.94144726    
 0.33717075       0.0000000      0.94144344    
 0.33714041       0.0000000      0.94145435    
 0.33716133       0.0000000      0.94144684    
 0.33712915       0.0000000      0.94145840    
 0.33715633       0.0000000      0.94144869    
  0.0000000       0.0000000       0.0000000    
  0.0000000       0.0000000       0.0000000    
  0.0000000       0.0000000       0.0000000    
  0.0000000       0.0000000       0.0000000    
  0.0000000       0.0000000       0.0000000    
  0.0000000       0.0000000       0.0000000    
  0.0000000       0.0000000       0.0000000    
  0.0000000       0.0000000       0.0000000    
  0.0000000       0.0000000       0.0000000    
  0.0000000       0.0000000       0.0000000    
-0.99056882       0.0000000     -0.13701591    
  0.0000000       0.0000000       0.0000000    
  0.0000000       0.0000000       0.0000000    
  0.0000000       0.0000000       0.0000000    
  0.0000000       0.0000000       0.0000000    
  0.0000000       0.0000000       0.0000000    
  0.0000000       0.0000000       0.0000000    
  0.0000000       0.0000000       0.0000000    
  0.0000000       0.0000000       0.0000000    
  0.0000000       0.0000000       0.0000000    
  0.0000000       0.0000000       0.0000000    
  0.0000000       0.0000000       0.0000000    
  0.0000000       0.0000000       0.0000000    
  0.0000000       0.0000000       0.0000000    
  0.0000000       0.0000000       0.0000000    
  0.0000000       0.0000000       0.0000000    
  0.0000000       0.0000000       0.0000000    
  0.0000000       0.0000000       0.0000000    
  0.0000000       0.0000000       0.0000000    
  0.0000000       0.0000000       0.0000000    
  0.0000000       0.0000000       0.0000000    
  0.0000000       0.0000000       0.0000000    
  0.0000000       0.0000000       0.0000000    
  0.0000000       0.0000000       0.0000000    
  0.0000000       0.0000000       0.0000000    
  0.0000000       0.0000000       0.0000000    
  0.0000000       0.0000000       0.0000000    
  0.0000000       0.0000000       0.0000000    
  0.0000000       0.0000000       0.0000000    
  0.0000000       0.0000000       0.0000000    
SCALARS Msign int 
LOOKUP_TABLE default
        0
        0
        0
        0
        0
        0
        1
        0
        0
        0
        0
        0
        0
        0
        0
        0
        0
        0
        0
        0
        0
        0
        0
        0
        0
        0
        0
        0
        0
        0
        0
        0
        0
        0
        0
        0
        0
        0
        0
        0
        0
        0
        0
        0
        0
        0
        0
        0
        0
        0
        0
        0
        0
        0
        0
        0
        0
        0
        0
        0
        0
        0
        0
        0
        0
        0
        0
        0
        0
        1
        1
        1
        1
        1
        1
        1
        1
        1
        1
        1
        1
        1
        1
        1
        1
        1
        1
        1
        1
        1
        1
        1
        1
        1
        1
        1
        1
        1
        1
        1
        1
        1
        1
        1
        1
        1
        1
        1
        1
        1
        1
        1
        1
        1
        1
        1
        1
        1
        1
        1
        1
        1
        1
        1
        1
        1
        1
        1
        1
        1
        1
        1
        1
        1
        1
        1
        1
        1
        1
        1
        1
        1
        1
        1
        1
        1
        1
        1
        0
        0
        0
        0
        0
        0
        0
        0
        0
        0
        0
        0
        0
        0
        0
        0
        0
        0
        0
        0
        0
        0
        0
        0
        0
        0
        0
        0
        0
        0
        0
        0
        0
        0
        0
        0
        0
        0
        0
        0
        0
        0
        0
        0
        0
        0
        0
        0
        0
        0
        0
        0
        0
        0
        0
        0
        0
        0
        0
        0
        0
        0
        0
        0
        0
        0
        0
        0
        0
        0
        0
        0
        0
        0
        0
        0
        0
        0
        0
        0
        0
        0
        0
        0
        0
        0
        0
        0
        0
        0
        0
        0
        0
        0
        0
        0
        0
        0
        0
        0
        0
        0
        0
        0
        0
        0
        0
        0
        0
        0
        0
        0
        0
        0
        0
        1
       -1
        0
        0
        0
        0
        0
       -1
        0
       -1
       -1
       -1
        0
        0
        0
        0
        0
        0
        0
        0
        0
        0
        0
        0
        0
        0
        0
        0
        0
        0
        0
        0
        0
        0
        0
        0
        0
        0
        0
        0
        0
        0
        0
        0
        0
        0
        0
        0
        0
        0
        0
        0
        0
        0
        0
        0
        0
        0
        0
        0
        0
        0
        0
        0
        0
        0
        0
        0
        0
        0
        0
        0
        0
        0
        0
        0
        0
        0
        0
        0
        0
        0
        0
        0
        0
        0
        0
        0
        0
        0
        0
        0
        0
        0
        0
        0
        0
        0
        0
        0
        0
        0
        0
        0
        0
        0
        0
        0
        0
        0
        0
        0
        0
        0
        0
        0
        0
        0
        0
        0
        0
        0
        0
        0
        0
        0
        0
        0
        0
        0
        0
        0
        0
        0
        0
        0
        0
        0
        0
        0
        0
        0
        0
        0
        0
        0
        0
        0
        0
        0
        0
        0
        0
        0
        0
        0
        0
        0
        0
        0
        0
        0
        0
        0
        0
        0
        0
        0
        0
        0
        0
        0
        0
        0
        0
        0
        0
        0
        0
        0
        0
        0
        0
        0
        0
        0
        0
        0
        0
        0
        0
        0
        0
        0
        0
        0
        0
        0
        0
        0
        0
        0
        0
        0
        0
        0
        0
        0
        0
        0
        0
        0
        0
        0
        0
        0
        0
        0
        0
        0
        0
        0
        0
        0
        0
        0
        0
        0
        1
        1
        0
        0
        1
        0
        0
        0
        0
        0
        0
       -1
        0
        0
        0
        0
        0
        0
        0
        0
        0
        0
        0
        0
        0
        0
        0
        0
        0
        0
        0
        0
        0
        0
        0
        0
        0
        0
        0
        0
        0
        0
        0
        0
        0
        0
        0
        0
        0
        0
        0
        0
        0
        0
        0
        0
        0
        0
        0
        0
        0
        0
        0
        0
        0
        0
       -1
       -1
       -1
       -1
       -1
       -1
       -1
       -1
       -1
       -1
       -1
       -1
       -1
       -1
       -1
       -1
       -1
       -1
       -1
       -1
       -1
       -1
       -1
       -1
       -1
       -1
       -1
       -1
       -1
       -1
       -1
       -1
       -1
       -1
       -1
       -1
       -1
       -1
       -1
       -1
       -1
       -1
       -1
       -1
       -1
       -1
       -1
       -1
       -1
       -1
       -1
       -1
       -1
       -1
       -1
       -1
       -1
       -1
       -1
       -1
       -1
       -1
       -1
       -1
       -1
       -1
       -1
       -1
       -1
       -1
       -1
       -1
       -1
       -1
       -1
       -1
       -1
       -1
       -1
       -1
       -1
       -1
       -1
       -1
       -1
       -1
       -1
       -1
       -1
       -1
       -1
       -1
       -1
       -1
       -1
       -1
       -1
       -1
       -1
       -1
       -1
       -1
       -1
       -1
       -1
       -1
       -1
       -1
       -1
       -1
       -1
       -1
       -1
       -1
       -1
       -1
       -1
        0
       -1
       -1
        0
        0
        0
        0
        0
        0
        0
        0
        0
        0
        0
        0
        0
        0
        0
        0
        0
        0
        0
        0
        0
        0
        0
        0
        0
        0
        0
        0
        0
        0
        0
        0
        0
        0
       -1
        0
        0
        0
        0
        0
        0
        0
        0
        0
        0
        0
        0
       -1
       -1
       -1
       -1
       -1
       -1
       -1
       -1
       -1
       -1
       -1
        0
        0
        0
        0
        0
        0
        0
        0
        0
        0
        0
        0
        0
        0
        0
        0
        0
        0
        0
        0
        0
        0
        0
        0
       -1
       -1
       -1
       -1
       -1
       -1
       -1
       -1
       -1
       -1
       -1
       -1
       -1
       -1
       -1
       -1
       -1
       -1
       -1
       -1
       -1
       -1
       -1
       -1
       -1
       -1
       -1
       -1
       -1
        0
        0
        0
        0
        0
        0
        0
        0
        0
        0
        0
        0
        0
        0
        0
        0
        0
        0
        0
        0
        0
        0
        0
        0
        0
        0
        0
        0
        0
        1
        1
        1
        1
        1
        1
        1
        1
        1
        1
        1
        1
        1
        1
        1
        1
        1
        1
        1
        1
        1
        1
        0
        0
        0
        0
        0
        0
        0
        0
        0
        0
        1
        0
        0
        0
        0
        0
        0
        0
        0
        0
        0
        0
        0
        0
        0
        0
        0
        0
        0
        0
        0
        0
        0
        0
        0
        0
        0
        0
        0
        0
